REPORT_ID,Stats Area,Suburb,Postcode,LGA Name,Total Units,Total Cas,Total Fats,Total SI,Total MI,Year,Month,Day,Time,Area Speed,Position Type,Horizontal Align,Vertical Align,Other Feat,Road Surface,Moisture Cond,Weather Cond,DayNight,Crash Type,Unit Resp,Entity Code,CSEF Severity,Traffic Ctrls,DUI Involved,Drugs Involved,ACCLOC_X,ACCLOC_Y,UNIQUE_LOC
2019-163-8/07/2020,1 City,ADELAIDE,5000,CITY OF ADELAIDE,2,0,0,0,0,2019,January,Tuesday,7:00 AM,50,Not Divided,Straight road,Level,Road hump or Slow point,Sealed,Dry,Not Raining,Daylight,Hit Fixed Object,1,Driver Rider,1: PDO,No Control,,,1328494.91,1670138.66,1.3285E+13
2019-164-8/07/2020,2 Metropolitan,SHEIDOW PARK,5158,CC MARION.                    ,2,0,0,0,0,2019,January,Monday,1:00 PM,50,Not Divided,Straight road,Slope,Driveway or Entrance,Sealed,Dry,Not Raining,Daylight,Hit Fixed Object,1,Driver Rider,1: PDO,No Control,,,1321477.04,1654574.77,1.32148E+13
2019-165-8/07/2020,2 Metropolitan,ALBERT PARK,5014,CITY OF CHARLES STURT,2,0,0,0,0,2019,January,Tuesday,8:23 AM,50,Not Divided,Straight road,Level,Not Applicable,Sealed,Dry,Not Raining,Daylight,Hit Fixed Object,1,Driver Rider,1: PDO,No Control,,,1321274.3,1676675.84,1.32127E+13
2019-166-8/07/2020,2 Metropolitan,URRBRAE,5064,CC MITCHAM.                   ,3,0,0,0,0,2019,January,Monday,12:40 PM,60,Not Divided,Straight road,Slope,Not Applicable,Sealed,Dry,Not Raining,Daylight,Hit Parked Vehicle,1,Driver Rider,1: PDO,No Control,,,1330834.58,1666294.69,1.33084E+13
2019-167-8/07/2020,2 Metropolitan,LINDEN PARK,5065,CITY OF BURNSIDE,2,1,0,0,1,2019,January,Tuesday,8:00 AM,60,T-Junction,Straight road,Level,Not Applicable,Sealed,Dry,Not Raining,Daylight,Rear End,2,Driver Rider,2: MI,No Control,,,1332334.55,1668542.61,1.33234E+13
2019-168-8/07/2020,2 Metropolitan,MAWSON LAKES,5095,CITY OF SALISBURY,2,1,0,0,1,2019,January,Tuesday,9:48 AM,50,Cross Road,Straight road,Level,Not Applicable,Sealed,Dry,Not Raining,Daylight,Right Angle,1,Driver Rider,2: MI,Roundabout,,,1330295.82,1683652.43,1.3303E+13
2019-169-8/07/2020,2 Metropolitan,SEACOMBE GARDENS,5047,CC MARION.                    ,2,0,0,0,0,2019,January,Saturday,3:30 PM,60,Divided Road,Straight road,Level,Driveway or Entrance,Sealed,Dry,Not Raining,Daylight,Hit Pedestrian,2,Driver Rider,1: PDO,No Control,,,1322929.47,1660630.78,1.32293E+13
2019-170-8/07/2020,2 Metropolitan,NORWOOD,5067,"CC OF NORWOOD,PAYNEHAM & ST PETERS",2,0,0,0,0,2019,January,Monday,3:20 PM,60,Multiple,"CURVED, VIEW OPEN",Level,Not Applicable,Sealed,Dry,Not Raining,Daylight,Right Angle,2,Driver Rider,1: PDO,Traffic Signals,,,1330628.16,1671038.76,1.33063E+13
2019-171-8/07/2020,2 Metropolitan,GLENELG NORTH,5045,CITY OF HOLDFAST BAY,2,1,0,0,1,2019,January,Monday,8:30 PM,50,One Way,Straight road,Level,Not Applicable,Sealed,Dry,Not Raining,Daylight,Hit Fixed Object,1,Driver Rider,2: MI,No Control,,,1321236.99,1665857.72,1.32124E+13
2019-172-8/07/2020,2 Metropolitan,HECTORVILLE,5073,CC CAMPBELLTOWN.              ,2,0,0,0,0,2019,January,Tuesday,10:00 AM,60,T-Junction,Straight road,Level,Not Applicable,Sealed,Dry,Not Raining,Daylight,Right Turn,1,Driver Rider,1: PDO,Traffic Signals,,,1334553.69,1674540.35,1.33455E+13
2019-173-8/07/2020,2 Metropolitan,ELIZABETH SOUTH,5112,CITY OF PLAYFORD.,2,0,0,0,0,2019,January,Monday,4:20 PM,60,Divided Road,Straight road,Level,Not Applicable,Sealed,Dry,Not Raining,Daylight,Rear End,1,Driver Rider,1: PDO,No Control,,,1333699.71,1689615.45,1.3337E+13
2019-174-8/07/2020,2 Metropolitan,KILKENNY,5009,CITY OF CHARLES STURT,2,0,0,0,0,2019,January,Tuesday,2:05 PM,60,Cross Road,Straight road,Level,Not Applicable,Sealed,Dry,Not Raining,Daylight,Side Swipe,2,Driver Rider,1: PDO,Stop Sign,,,1324550.61,1676338.68,1.32455E+13
2019-175-8/07/2020,1 City,ADELAIDE,5000,CITY OF ADELAIDE,2,0,0,0,0,2019,January,Tuesday,1:40 PM,60,Divided Road,Straight road,Level,Not Applicable,Sealed,Dry,Not Raining,Daylight,Rear End,2,Driver Rider,1: PDO,No Control,,,1327585.34,1668939.16,1.32759E+13
2019-176-8/07/2020,2 Metropolitan,CRAIGMORE,5114,CITY OF PLAYFORD.,2,1,1,0,0,2019,January,Tuesday,10:50 AM,60,Not Divided,Straight road,Slope,Not Applicable,Sealed,Dry,Not Raining,Daylight,Hit Fixed Object,1,Driver Rider,4: Fatal,No Control,,,1339583.51,1694424.53,1.33958E+13
2019-177-8/07/2020,2 Metropolitan,SOUTH PLYMPTON,5038,CC MARION.                    ,2,0,0,0,0,2019,January,Tuesday,3:00 PM,60,T-Junction,Straight road,Level,Not Applicable,Sealed,Dry,Not Raining,Daylight,Right Angle,2,Passenger,1: PDO,Traffic Signals,,,1325015.4,1666128.63,1.32502E+13
2019-178-8/07/2020,1 City,NORTH ADELAIDE,5006,CITY OF ADELAIDE,2,0,0,0,0,2019,January,Tuesday,3:37 PM,50,Cross Road,Straight road,Level,Not Applicable,Sealed,Dry,Not Raining,Daylight,Right Turn,2,Driver Rider,1: PDO,Traffic Signals,,,1328266.03,1672576.16,1.32827E+13
2019-179-8/07/2020,2 Metropolitan,BEDFORD PARK,5042,CC MITCHAM.                   ,2,0,0,0,0,2019,January,Tuesday,5:10 PM,70,T-Junction,Straight road,Unknown,Not Applicable,Sealed,Dry,Not Raining,Daylight,Side Swipe,2,Driver Rider,1: PDO,Traffic Signals,,,1325149.68,1660407.47,1.32515E+13
2019-180-8/07/2020,2 Metropolitan,KESWICK,5035,CITY OF UNLEY,2,0,0,0,0,2019,January,Tuesday,3:50 PM,60,Divided Road,Straight road,Level,Not Applicable,Sealed,Dry,Not Raining,Daylight,Side Swipe,2,Driver Rider,1: PDO,No Control,,,1326617.45,1668545.99,1.32662E+13
2019-181-8/07/2020,3 Country,NANGKITA,5210,ALEXANDRINA COUNCIL,1,1,0,1,0,2019,January,Tuesday,3:45 PM,100,Not Divided,"CURVED, VIEW OBSCURED",Level,Not Applicable,Sealed,Dry,Not Raining,Daylight,Roll Over,1,Driver Rider,3: SI,No Control,,,1332821.14,1624170.87,1.33282E+13
2019-182-8/07/2020,2 Metropolitan,FULLARTON,5063,CITY OF UNLEY,2,0,0,0,0,2019,January,Tuesday,5:35 PM,50,Not Divided,Straight road,Level,Not Applicable,Sealed,Dry,Not Raining,Daylight,Side Swipe,2,Driver Rider,1: PDO,No Control,,,1331162.75,1667494.87,1.33116E+13
2019-183-8/07/2020,2 Metropolitan,PARAFIELD GARDENS,5107,CITY OF SALISBURY,2,1,0,0,1,2019,January,Tuesday,6:46 PM,60,Cross Road,Straight road,Level,Not Applicable,Sealed,Dry,Not Raining,Daylight,Rear End,1,Driver Rider,2: MI,Roundabout,,,1329779.29,1686588.74,1.32978E+13
2019-184-8/07/2020,3 Country,PORT AUGUSTA,5700,CC PT.AUGUSTA.                ,2,0,0,0,0,2019,January,Tuesday,6:45 PM,50,T-Junction,Straight road,Slope,Not Applicable,Sealed,Dry,Not Raining,Daylight,Right Turn,1,Driver Rider,1: PDO,No Control,,,1259416.11,1942271.73,1.25942E+13
2019-185-8/07/2020,1 City,NORTH ADELAIDE,5006,CITY OF ADELAIDE,2,0,0,0,0,2019,January,Tuesday,6:12 PM,50,Not Divided,Straight road,Level,Not Applicable,Sealed,Dry,Not Raining,Daylight,Right Turn,2,Driver Rider,1: PDO,No Control,,,1328995.47,1672571.76,1.329E+13
2019-186-8/07/2020,2 Metropolitan,HOUGHTON,5131,THE ADELAIDE HILLS COUNCIL,3,0,0,0,0,2019,January,Wednesday,2:00 AM,80,Not Divided,"CURVED, VIEW OBSCURED",Crest of Hill,Not Applicable,Sealed,Dry,Not Raining,Night,Hit Fixed Object,1,Driver Rider,1: PDO,No Control,,,1343370.45,1681300.86,1.34337E+13
2019-187-8/07/2020,3 Country,WALLAROO MINES,5554,COPPER COAST DISTRICT COUNCIL,2,0,0,0,0,2019,January,Tuesday,12:30 PM,60,Not Divided,Straight road,Level,Not Applicable,Sealed,Dry,Not Raining,Daylight,Hit Parked Vehicle,1,Driver Rider,1: PDO,No Control,,,1249411.64,1779806.47,1.24941E+13
2019-188-8/07/2020,3 Country,KEITH,5267,DC TATIARA.                   ,1,1,0,0,1,2019,January,Wednesday,6:30 AM,50,Cross Road,Straight road,Level,Not Applicable,Sealed,Dry,Not Raining,Daylight,Roll Over,9,Other,2: MI,Give Way Sign,,,1482174.76,1533277.65,1.48218E+13
2019-189-8/07/2020,2 Metropolitan,ALDINGA BEACH,5173,CITY OF ONKAPARINGA,2,1,0,0,1,2019,January,Tuesday,11:20 AM,50,T-Junction,Straight road,Level,Not Applicable,Sealed,Dry,Not Raining,Daylight,Hit Pedestrian,2,Pedestrian,2: MI,No Control,,,1313136.88,1632721.68,1.31314E+13
2019-190-8/07/2020,2 Metropolitan,WINDSOR GARDENS,5087,CITY OF PORT ADELAIDE ENFIELD,3,1,0,0,1,2019,January,Wednesday,7:30 AM,60,Divided Road,Straight road,Level,Not Applicable,Sealed,Dry,Not Raining,Daylight,Rear End,1,Driver Rider,2: MI,No Control,,,1332903.22,1677297.33,1.3329E+13
2019-191-8/07/2020,2 Metropolitan,PARAFIELD GARDENS,5107,CITY OF SALISBURY,2,1,0,0,1,2019,January,Wednesday,6:40 AM,60,T-Junction,Straight road,Level,Not Applicable,Sealed,Dry,Not Raining,Daylight,Right Angle,2,Driver Rider,2: MI,No Control,,,1331086.13,1686354.23,1.33109E+13
2019-192-8/07/2020,2 Metropolitan,GAWLER SOUTH,5118,CT GAWLER.                    ,2,0,0,0,0,2019,January,Tuesday,5:45 PM,50,Not Divided,Straight road,Level,Not Applicable,Sealed,Dry,Not Raining,Daylight,Rear End,1,Driver Rider,1: PDO,No Control,,,1343046.79,1705748.5,1.34305E+13
2019-193-8/07/2020,2 Metropolitan,GLENUNGA,5064,CITY OF BURNSIDE,2,0,0,0,0,2019,January,Tuesday,3:30 PM,50,Not Divided,Straight road,Level,Not Applicable,Sealed,Dry,Not Raining,Daylight,Hit Parked Vehicle,2,Driver Rider,1: PDO,No Control,,,1332027.73,1667863.84,1.33203E+13
2019-194-8/07/2020,2 Metropolitan,THORNGATE,5082,CITY OF PROSPECT,2,0,0,0,0,2019,January,Wednesday,8:40 AM,60,Divided Road,Straight road,Level,Not Applicable,Sealed,Dry,Not Raining,Daylight,Hit Parked Vehicle,2,Driver Rider,1: PDO,No Control,,,1328575.51,1673909.25,1.32858E+13
2019-195-8/07/2020,2 Metropolitan,MOUNT BARKER,5251,DC MT.BARKER.                 ,2,0,0,0,0,2019,January,Wednesday,9:30 AM,60,Cross Road,Straight road,Level,Not Applicable,Sealed,Dry,Not Raining,Daylight,Right Angle,2,Driver Rider,1: PDO,Give Way Sign,,,1352235.68,1652736.58,1.35224E+13
2019-196-8/07/2020,3 Country,PORT AUGUSTA,5700,CC PT.AUGUSTA.                ,2,2,0,0,2,2019,January,Wednesday,9:55 AM,50,T-Junction,Straight road,Level,Not Applicable,Sealed,Dry,Not Raining,Daylight,Right Angle,2,Driver Rider,2: MI,No Control,,,1260152.43,1942628.67,1.26015E+13
2019-197-8/07/2020,3 Country,DELAMERE,5204,DC YANKALILLA.                ,2,7,0,0,7,2019,January,Wednesday,8:20 AM,100,Cross Road,Straight road,Level,Not Applicable,Sealed,Dry,Not Raining,Daylight,Right Angle,1,Driver Rider,2: MI,Give Way Sign,,,1290513.35,1601146.57,1.29051E+13
2019-198-8/07/2020,2 Metropolitan,GAWLER,5118,CT GAWLER.                    ,2,1,0,0,1,2019,January,Wednesday,10:32 AM,50,Cross Road,"CURVED, VIEW OPEN",Level,Not Applicable,Sealed,Dry,Not Raining,Daylight,Right Angle,1,Driver Rider,2: MI,Roundabout,,,1343197.11,1706368.53,1.3432E+13
2019-199-8/07/2020,2 Metropolitan,BEAUMONT,5066,CITY OF BURNSIDE,2,1,0,0,1,2019,January,Wednesday,7:40 AM,50,Cross Road,Straight road,Slope,Not Applicable,Sealed,Dry,Not Raining,Daylight,Right Angle,1,Driver Rider,2: MI,Roundabout,,,1333379.83,1667716.32,1.33338E+13
2019-200-8/07/2020,2 Metropolitan,CHRISTIE DOWNS,5164,CITY OF ONKAPARINGA,3,0,0,0,0,2019,January,Wednesday,10:40 AM,50,Not Divided,"CURVED, VIEW OBSCURED",Level,Not Applicable,Sealed,Dry,Not Raining,Daylight,Hit Fixed Object,1,Driver Rider,1: PDO,No Control,,,1318739.65,1647776.81,1.31874E+13
2019-201-8/07/2020,2 Metropolitan,WINGFIELD,5013,CITY OF PORT ADELAIDE ENFIELD,2,0,0,0,0,2019,January,Wednesday,6:59 AM,90,Divided Road,Straight road,Level,Not Applicable,Sealed,Dry,Not Raining,Daylight,Rear End,1,Driver Rider,1: PDO,No Control,,,1324419.14,1681039.55,1.32442E+13
2019-202-8/07/2020,2 Metropolitan,INGLEWOOD,5133,THE ADELAIDE HILLS COUNCIL,1,0,0,0,0,2019,January,Wednesday,9:30 AM,100,Not Divided,"CURVED, VIEW OBSCURED",Slope,Not Applicable,Unsealed,Dry,Not Raining,Daylight,Roll Over,1,Driver Rider,1: PDO,No Control,,,1346968.88,1682422.28,1.34697E+13
2019-203-8/07/2020,3 Country,LINCOLN GAP,5715,CC PT.AUGUSTA.                ,1,0,0,0,0,2019,January,Wednesday,10:40 AM,110,Not Divided,Straight road,Level,Not Applicable,Sealed,Dry,Not Raining,Daylight,Left Road - Out of Control,1,Driver Rider,1: PDO,No Control,,,1249801.61,1938750.6,1.2498E+13
2019-204-8/07/2020,3 Country,HINDMARSH VALLEY,5211,DC VICTOR HARBOR.             ,2,0,0,0,0,2019,January,Wednesday,11:04 AM,80,Not Divided,Straight road,Level,Not Applicable,Sealed,Dry,Not Raining,Daylight,Right Turn,1,Driver Rider,1: PDO,No Control,,,1329220.82,1605122.85,1.32922E+13
2019-205-8/07/2020,2 Metropolitan,OTTOWAY,5013,CITY OF PORT ADELAIDE ENFIELD,2,0,0,0,0,2019,January,Wednesday,12:30 PM,60,Divided Road,Straight road,Level,Not Applicable,Sealed,Dry,Not Raining,Daylight,Rear End,1,Driver Rider,1: PDO,No Control,,,1323410.93,1679141.1,1.32341E+13
2019-206-8/07/2020,2 Metropolitan,PROSPECT,5082,CITY OF PROSPECT,2,0,0,0,0,2019,January,Wednesday,1:55 PM,60,T-Junction,Straight road,Level,Not Applicable,Sealed,Dry,Not Raining,Daylight,Right Angle,1,Driver Rider,1: PDO,No Control,,,1328913.51,1674556.12,1.32891E+13
2019-207-8/07/2020,3 Country,TRURO,5356,MID MURRAY DISTRICT COUNCIL,3,0,0,0,0,2019,January,Wednesday,11:30 AM,110,Not Divided,Straight road,Level,Not Applicable,Sealed,Dry,Not Raining,Daylight,Other,1,Driver Rider,1: PDO,No Control,,,1389256.46,1726473.11,1.38926E+13
2019-208-8/07/2020,2 Metropolitan,CLARENCE GARDENS,5039,CC MITCHAM.                   ,2,1,0,0,1,2019,January,Wednesday,1:55 PM,60,Divided Road,Straight road,Level,Not Applicable,Sealed,Dry,Not Raining,Daylight,Side Swipe,2,Driver Rider,2: MI,No Control,,,1326333.9,1666165.25,1.32633E+13
2019-209-8/07/2020,2 Metropolitan,UNLEY,5061,CITY OF UNLEY,2,0,0,0,0,2019,January,Wednesday,2:30 PM,60,Not Divided,Straight road,Level,Not Applicable,Sealed,Dry,Not Raining,Daylight,Side Swipe,2,Driver Rider,1: PDO,No Control,,,1329094.62,1667698.93,1.3291E+13
2019-210-8/07/2020,2 Metropolitan,KILBURN,5084,CITY OF PORT ADELAIDE ENFIELD,2,0,0,0,0,2019,January,Tuesday,1:54 PM,50,Not Divided,Straight road,Level,Not Applicable,Sealed,Dry,Not Raining,Daylight,Rear End,2,Driver Rider,1: PDO,No Control,,,1328003.82,1678759.19,1.328E+13
2019-211-8/07/2020,2 Metropolitan,WINGFIELD,5013,CITY OF PORT ADELAIDE ENFIELD,2,0,0,0,0,2019,January,Wednesday,4:40 PM,90,Divided Road,Straight road,Level,Not Applicable,Sealed,Dry,Not Raining,Daylight,Rear End,1,Driver Rider,1: PDO,No Control,,,1326036.95,1681084.22,1.32604E+13
2019-212-8/07/2020,2 Metropolitan,FELIXSTOW,5070,"CC OF NORWOOD,PAYNEHAM & ST PETERS",2,1,0,0,1,2019,January,Wednesday,4:50 PM,60,T-Junction,Straight road,Level,Not Applicable,Sealed,Dry,Not Raining,Daylight,Rear End,2,Driver Rider,2: MI,No Control,,,1333832.59,1674592.79,1.33383E+13
2019-213-8/07/2020,2 Metropolitan,HAZELWOOD PARK,5066,CITY OF BURNSIDE,3,0,0,0,0,2019,January,Wednesday,3:20 PM,60,Not Divided,Straight road,Level,Driveway or Entrance,Sealed,Dry,Not Raining,Daylight,Rear End,2,Driver Rider,1: PDO,No Control,,,1333934.04,1669163.5,1.33393E+13
2019-214-8/07/2020,2 Metropolitan,MITCHELL PARK,5043,CC MARION.                    ,1,1,0,0,1,2019,January,Wednesday,6:35 PM,50,Cross Road,Straight road,Level,Not Applicable,Sealed,Dry,Not Raining,Daylight,Roll Over,1,Driver Rider,2: MI,Roundabout,,,1325086.53,1661634.86,1.32509E+13
2019-215-8/07/2020,2 Metropolitan,THORNGATE,5082,CITY OF PROSPECT,2,0,0,0,0,2019,January,Wednesday,6:20 PM,60,Cross Road,Straight road,Level,Not Applicable,Sealed,Dry,Not Raining,Daylight,Right Turn,2,Driver Rider,1: PDO,Traffic Signals,,,1328116.31,1673675.73,1.32812E+13
2019-216-8/07/2020,2 Metropolitan,HAWTHORN,5062,CC MITCHAM.                   ,2,1,0,0,1,2019,January,Wednesday,6:30 PM,40,Cross Road,Straight road,Level,Not Applicable,Sealed,Dry,Not Raining,Daylight,Right Angle,1,Driver Rider,2: MI,Roundabout,,,1328284.52,1665318.96,1.32829E+13
2019-217-8/07/2020,2 Metropolitan,BEDFORD PARK,5042,CC MITCHAM.                   ,2,1,0,0,1,2019,January,Wednesday,7:10 PM,60,T-Junction,Straight road,Slope,Not Applicable,Sealed,Dry,Not Raining,Daylight,Hit Fixed Object,1,Driver Rider,2: MI,No Control,,,1326033.9,1660738.82,1.32603E+13
2019-218-8/07/2020,2 Metropolitan,FINDON,5023,CITY OF CHARLES STURT,2,0,0,0,0,2019,January,Wednesday,8:20 AM,60,T-Junction,Straight road,Level,Not Applicable,Sealed,Dry,Not Raining,Daylight,Side Swipe,1,Driver Rider,1: PDO,No Control,,,1323806.21,1673160.7,1.32381E+13
2019-219-8/07/2020,3 Country,MOONTA,5558,COPPER COAST DISTRICT COUNCIL,2,0,0,0,0,2019,January,Wednesday,4:20 PM,50,Cross Road,Straight road,Level,Not Applicable,Sealed,Dry,Not Raining,Daylight,Right Angle,1,Driver Rider,1: PDO,Give Way Sign,,,1238015.38,1768570.17,1.23802E+13
2019-220-8/07/2020,2 Metropolitan,STIRLING,5152,THE ADELAIDE HILLS COUNCIL,1,1,0,1,0,2019,January,Wednesday,7:32 PM,50,Not Divided,Straight road,Bottom of Hill,Driveway or Entrance,Sealed,Dry,Not Raining,Daylight,Roll Over,1,Driver Rider,3: SI,No Control,,,1337995.4,1661884.62,1.338E+13
2019-221-8/07/2020,2 Metropolitan,MAWSON LAKES,5095,CITY OF SALISBURY,2,0,0,0,0,2019,January,Wednesday,6:20 PM,70,Cross Road,Straight road,Level,Not Applicable,Sealed,Dry,Not Raining,Daylight,Rear End,2,Driver Rider,1: PDO,Traffic Signals,,,1329549.75,1684430.78,1.32955E+13
2019-222-8/07/2020,2 Metropolitan,ROYSTON PARK,5070,"CC OF NORWOOD,PAYNEHAM & ST PETERS",2,0,0,0,0,2019,January,Wednesday,7:50 PM,60,Not Divided,Straight road,Level,Not Applicable,Sealed,Dry,Not Raining,Daylight,Right Angle,2,Driver Rider,1: PDO,No Control,,,1331937.92,1673498.79,1.33194E+13
2019-223-8/07/2020,2 Metropolitan,CLELAND,5152,THE ADELAIDE HILLS COUNCIL,2,0,0,0,0,2019,January,Wednesday,6:45 PM,80,Not Divided,"CURVED, VIEW OBSCURED",Level,Not Applicable,Sealed,Dry,Not Raining,Daylight,Head On,1,Driver Rider,1: PDO,No Control,,,1338743.73,1666405.14,1.33874E+13
2019-224-8/07/2020,2 Metropolitan,DOVER GARDENS,5048,CC MARION.                    ,2,0,0,0,0,2019,January,Wednesday,9:35 PM,60,Divided Road,Straight road,Level,Not Applicable,Sealed,Dry,Not Raining,Night,Hit Parked Vehicle,2,Driver Rider,1: PDO,No Control,,,1322653.71,1660606.59,1.32265E+13
2019-225-8/07/2020,3 Country,BURRA,5417,REGIONAL COUNCIL OF GOYDER,3,5,0,0,5,2019,January,Wednesday,7:40 PM,110,Not Divided,Straight road,Level,Not Applicable,Sealed,Dry,Not Raining,Daylight,Side Swipe,2,Driver Rider,2: MI,No Control,,,1361455.47,1813078.92,1.36146E+13
2019-226-8/07/2020,2 Metropolitan,VALE PARK,5081,WALKERVILLE TOWN COUNCIL,4,0,0,0,0,2019,January,Thursday,4:20 AM,60,Divided Road,Straight road,Level,Not Applicable,Sealed,Dry,Not Raining,Night,Hit Fixed Object,1,Driver Rider,1: PDO,No Control,,,1331051.28,1675698.92,1.33105E+13
2019-227-8/07/2020,1 City,ADELAIDE,5000,CITY OF ADELAIDE,2,1,0,0,1,2019,January,Wednesday,5:00 PM,50,T-Junction,Straight road,Level,Not Applicable,Sealed,Dry,Not Raining,Daylight,Rear End,2,Driver Rider,2: MI,Traffic Signals,,,1329012.45,1671149.03,1.32901E+13
2019-228-8/07/2020,2 Metropolitan,EDWARDSTOWN,5039,CC MARION.                    ,2,0,0,0,0,2019,January,Thursday,8:50 AM,50,Cross Road,Straight road,Level,Not Applicable,Sealed,Dry,Not Raining,Daylight,Right Angle,1,Driver Rider,1: PDO,Give Way Sign,,,1325274.8,1665626.77,1.32528E+13
2019-229-8/07/2020,2 Metropolitan,PARA HILLS,5096,CITY OF SALISBURY,2,0,0,0,0,2019,January,Wednesday,3:15 PM,60,T-Junction,Straight road,Level,Not Applicable,Sealed,Dry,Not Raining,Daylight,Right Angle,2,Driver Rider,1: PDO,No Control,,,1333843.85,1682274.86,1.33384E+13
2019-230-8/07/2020,2 Metropolitan,SALISBURY HEIGHTS,5109,CITY OF SALISBURY,2,0,0,0,0,2019,January,Thursday,8:50 AM,50,T-Junction,Straight road,Slope,Not Applicable,Sealed,Dry,Not Raining,Daylight,Hit Fixed Object,1,Driver Rider,1: PDO,No Control,,,1336809.18,1688542.18,1.33681E+13
2019-231-8/07/2020,2 Metropolitan,PARALOWIE,5108,CITY OF SALISBURY,2,1,0,0,1,2019,January,Thursday,10:08 AM,50,Not Divided,"CURVED, VIEW OPEN",Level,Not Applicable,Sealed,Dry,Not Raining,Daylight,Hit Fixed Object,1,Driver Rider,2: MI,No Control,,,1329525.22,1689612.71,1.32953E+13
2019-232-8/07/2020,2 Metropolitan,WEST BEACH,5024,CITY OF WEST TORRENS,2,0,0,0,0,2019,January,Wednesday,3:00 PM,50,T-Junction,Straight road,Level,Not Applicable,Sealed,Dry,Not Raining,Daylight,Side Swipe,2,Driver Rider,1: PDO,No Control,,,1320384.05,1667040.77,1.32038E+13
2019-233-8/07/2020,2 Metropolitan,ELIZABETH EAST,5112,CITY OF PLAYFORD.,2,1,0,0,1,2019,January,Wednesday,9:10 PM,50,T-Junction,Straight road,Level,Not Applicable,Sealed,Dry,Not Raining,Night,Rear End,2,Driver Rider,2: MI,No Control,,,1336226.02,1691547.3,1.33623E+13
2019-234-8/07/2020,2 Metropolitan,COROMANDEL VALLEY,5051,CC MITCHAM.                   ,2,0,0,0,0,2019,January,Wednesday,1:08 PM,50,Not Divided,Straight road,Slope,Not Applicable,Sealed,Dry,Not Raining,Daylight,Hit Fixed Object,1,Driver Rider,1: PDO,No Control,,,1329470.85,1657286.91,1.32947E+13
2019-235-8/07/2020,3 Country,MOUNT GAMBIER,5290,CC MT.GAMBIER.                ,2,0,0,0,0,2019,January,Wednesday,9:45 PM,50,Not Divided,Straight road,Level,Not Applicable,Sealed,Dry,Not Raining,Night,Hit Parked Vehicle,2,Driver Rider,1: PDO,No Control,,,1509586.52,1340880.06,1.50959E+13
2019-236-8/07/2020,2 Metropolitan,MANNINGHAM,5086,CITY OF PORT ADELAIDE ENFIELD,5,4,0,0,4,2019,January,Thursday,11:00 AM,60,T-Junction,Straight road,Level,Not Applicable,Sealed,Dry,Not Raining,Daylight,Rear End,1,Driver Rider,2: MI,Traffic Signals,,,1330468.73,1675456.59,1.33047E+13
2019-237-8/07/2020,2 Metropolitan,PROSPECT,5082,CITY OF PROSPECT,2,0,0,0,0,2019,January,Thursday,10:00 AM,60,T-Junction,Straight road,Level,Driveway or Entrance,Sealed,Dry,Not Raining,Daylight,Right Angle,2,Driver Rider,1: PDO,No Control,,,1327808.3,1676415.64,1.32781E+13
2019-238-8/07/2020,2 Metropolitan,FORRESTON,5233,THE ADELAIDE HILLS COUNCIL,1,1,0,1,0,2019,January,Wednesday,11:30 AM,80,Not Divided,"CURVED, VIEW OPEN",Slope,Not Applicable,Unsealed,Dry,Not Raining,Daylight,Roll Over,1,Driver Rider,3: SI,No Control,,,1358586.91,1688018.38,1.35859E+13
2019-239-8/07/2020,2 Metropolitan,HINDMARSH,5007,CITY OF CHARLES STURT,1,1,0,0,1,2019,January,Thursday,10:40 AM,60,T-Junction,Straight road,Level,Not Applicable,Sealed,Dry,Not Raining,Daylight,Roll Over,1,Driver Rider,2: MI,Give Way Sign,,,1326196.45,1672840.38,1.3262E+13
2019-240-8/07/2020,2 Metropolitan,PASADENA,5042,CC MITCHAM.                   ,2,0,0,0,0,2019,January,Thursday,10:35 AM,60,Divided Road,"CURVED, VIEW OPEN",Slope,Not Applicable,Sealed,Dry,Not Raining,Daylight,Hit Fixed Object,1,Driver Rider,1: PDO,No Control,,,1327580.7,1662505.76,1.32758E+13
2019-241-8/07/2020,2 Metropolitan,BRIGHTON,5048,CITY OF HOLDFAST BAY,2,0,0,0,0,2019,January,Tuesday,5:45 PM,40,Not Divided,Straight road,Level,Not Applicable,Sealed,Dry,Not Raining,Daylight,Hit Parked Vehicle,2,Driver Rider,1: PDO,No Control,,,1320370.98,1660821.56,1.32037E+13
2019-242-8/07/2020,2 Metropolitan,GLENELG EAST,5045,CITY OF HOLDFAST BAY,2,0,0,0,0,2019,January,Wednesday,8:10 AM,60,Divided Road,Straight road,Level,Not Applicable,Sealed,Dry,Not Raining,Daylight,Side Swipe,1,Driver Rider,1: PDO,No Control,,,1321019.04,1664985.88,1.32102E+13
2019-243-8/07/2020,2 Metropolitan,MALVERN,5061,CITY OF UNLEY,2,1,0,0,1,2019,January,Thursday,1:50 PM,50,T-Junction,Straight road,Level,Not Applicable,Sealed,Dry,Not Raining,Daylight,Right Angle,2,Driver Rider,2: MI,No Control,,,1329162.35,1667328.16,1.32916E+13