REPORT_ID,Stats Area,Suburb,Postcode,LGA Name,Total Units,Total Cas,Total Fats,Total SI,Total MI,Year,Month,Day,Time,Area Speed,Position Type,Horizontal Align,Vertical Align,Other Feat,Road Surface,Moisture Cond,Weather Cond,DayNight,Crash Type,Unit Resp,Entity Code,CSEF Severity,Traffic Ctrls,DUI Involved,Drugs Involved,ACCLOC_X,ACCLOC_Y,UNIQUE_LOC
2019-405-8/07/2020,2 Metropolitan,VERDUN,5245,THE ADELAIDE HILLS COUNCIL,3,1,0,1,0,2019,January,Wednesday,7:30 AM,110,Freeway,"CURVED, VIEW OPEN",Slope,Not Applicable,Sealed,Dry,Not Raining,Daylight,Roll Over,9,Other,3: SI,No Control,,,1344758.11,1660730.44,1.34476E+13
2019-406-8/07/2020,2 Metropolitan,ROSSLYN PARK,5072,CITY OF BURNSIDE,2,1,0,0,1,2019,January,Wednesday,7:55 AM,60,T-Junction,Straight road,Slope,Not Applicable,Sealed,Dry,Not Raining,Daylight,Right Turn,1,Driver Rider,2: MI,No Control,,,1335356.5,1671160.52,1.33536E+13
2019-407-8/07/2020,2 Metropolitan,MANSFIELD PARK,5012,CITY OF PORT ADELAIDE ENFIELD,5,3,0,1,2,2019,January,Wednesday,8:40 AM,60,T-Junction,Straight road,Level,Not Applicable,Sealed,Dry,Not Raining,Daylight,Rear End,1,Driver Rider,3: SI,No Control,,,1324115.22,1679157.85,1.32412E+13
2019-408-8/07/2020,2 Metropolitan,HENLEY BEACH,5022,CITY OF CHARLES STURT,2,0,0,0,0,2019,January,Wednesday,8:20 AM,40,Not Divided,Straight road,Level,Not Applicable,Sealed,Dry,Not Raining,Daylight,Side Swipe,2,Driver Rider,1: PDO,No Control,,,1318833.72,1671912.6,1.31883E+13
2019-409-8/07/2020,2 Metropolitan,EVANSTON SOUTH,5116,CT GAWLER.                    ,2,1,0,0,1,2019,January,Wednesday,9:22 AM,80,Cross Road,Straight road,Level,Not Applicable,Sealed,Dry,Not Raining,Daylight,Rear End,1,Driver Rider,2: MI,Stop Sign,,Y,1339556.76,1700119.96,1.33956E+13
2019-410-8/07/2020,2 Metropolitan,WINGFIELD,5013,CITY OF PORT ADELAIDE ENFIELD,2,0,0,0,0,2019,January,Wednesday,10:50 AM,60,Cross Road,Straight road,Level,Not Applicable,Sealed,Dry,Not Raining,Daylight,Side Swipe,2,Driver Rider,1: PDO,Traffic Signals,,,1323910.63,1679162.4,1.32391E+13
2019-411-8/07/2020,1 City,NORTH ADELAIDE,5006,CITY OF ADELAIDE,2,0,0,0,0,2019,January,Wednesday,10:10 AM,50,Not Divided,Straight road,Unknown,Driveway or Entrance,Sealed,Dry,Not Raining,Daylight,Hit Parked Vehicle,2,Driver Rider,1: PDO,No Control,,,1329050.8,1672607.22,1.32905E+13
2019-412-8/07/2020,2 Metropolitan,SEATON,5023,CITY OF CHARLES STURT,2,0,0,0,0,2019,January,Monday,2:45 PM,60,Divided Road,Straight road,Level,Not Applicable,Sealed,Dry,Not Raining,Daylight,Hit Parked Vehicle,2,Driver Rider,1: PDO,No Control,,,1320727.2,1675537.7,1.32073E+13
2019-413-8/07/2020,2 Metropolitan,BLAIR ATHOL,5084,CITY OF PORT ADELAIDE ENFIELD,2,0,0,0,0,2019,January,Wednesday,10:30 AM,50,Not Divided,Straight road,Level,Unknown,Sealed,Dry,Not Raining,Daylight,Hit Parked Vehicle,1,Driver Rider,1: PDO,No Control,,,1328479.78,1677264.8,1.32848E+13
2019-414-8/07/2020,1 City,ADELAIDE,5000,CITY OF ADELAIDE,2,1,0,0,1,2019,January,Wednesday,8:15 AM,50,Not Divided,Straight road,Level,Driveway or Entrance,Sealed,Dry,Not Raining,Daylight,Hit Pedestrian,2,Driver Rider,2: MI,No Control,,,1329314.26,1670540.21,1.32931E+13
2019-415-8/07/2020,3 Country,DEEP CREEK,5204,DC YANKALILLA.                ,2,0,0,0,0,2019,January,Wednesday,12:15 PM,100,Not Divided,"CURVED, VIEW OBSCURED",Level,Not Applicable,Unsealed,Dry,Not Raining,Daylight,Hit Fixed Object,1,Driver Rider,1: PDO,No Control,,,1289482.85,1594921.23,1.28948E+13
2019-416-8/07/2020,2 Metropolitan,KENT TOWN,5067,"CC OF NORWOOD,PAYNEHAM & ST PETERS",3,0,0,0,0,2019,January,Monday,11:45 AM,60,Not Divided,Straight road,Slope,Not Applicable,Sealed,Dry,Not Raining,Daylight,Rear End,1,Driver Rider,1: PDO,No Control,,,1330566.3,1671695.09,1.33057E+13
2019-417-8/07/2020,2 Metropolitan,WINGFIELD,5013,CITY OF PORT ADELAIDE ENFIELD,2,1,1,0,0,2019,January,Wednesday,10:40 AM,50,Cross Road,Straight road,Level,Not Applicable,Sealed,Dry,Not Raining,Daylight,Hit Pedestrian,1,Driver Rider,4: Fatal,Traffic Signals,,,1323910.63,1679162.4,1.32391E+13
2019-418-8/07/2020,2 Metropolitan,KENSINGTON PARK,5068,CITY OF BURNSIDE,2,1,0,0,1,2019,January,Wednesday,11:20 AM,60,Cross Road,Straight road,Level,Not Applicable,Sealed,Dry,Not Raining,Daylight,Right Turn,1,Driver Rider,2: MI,Traffic Signals,,,1333879.5,1671121.63,1.33388E+13
2019-419-8/07/2020,2 Metropolitan,MAWSON LAKES,5095,CITY OF SALISBURY,3,1,0,0,1,2019,January,Wednesday,2:15 PM,70,Cross Road,Straight road,Level,Not Applicable,Sealed,Dry,Not Raining,Daylight,Side Swipe,1,Driver Rider,2: MI,Traffic Signals,Y,,1329549.75,1684430.78,1.32955E+13
2019-420-8/07/2020,3 Country,MENINGIE,5264,COORONG DISTRICT COUNCIL,2,0,0,0,0,2019,January,Tuesday,8:30 PM,100,Not Divided,"CURVED, VIEW OPEN",Crest of Hill,Not Applicable,Sealed,Dry,Not Raining,Daylight,Hit Fixed Object,1,Driver Rider,1: PDO,No Control,,,1391750.91,1574082.65,1.39175E+13
2019-421-8/07/2020,3 Country,VICTOR HARBOR,5211,DC VICTOR HARBOR.             ,2,1,0,0,1,2019,January,Wednesday,4:00 PM,50,Not Divided,Straight road,Level,Not Applicable,Sealed,Dry,Not Raining,Daylight,Right Angle,1,Driver Rider,2: MI,No Control,,,1327544.52,1600434.72,1.32755E+13
2019-422-8/07/2020,2 Metropolitan,ELIZABETH SOUTH,5112,CITY OF PLAYFORD.,2,0,0,0,0,2019,January,Wednesday,5:40 PM,50,Cross Road,Straight road,Level,Not Applicable,Sealed,Dry,Not Raining,Daylight,Head On,1,Driver Rider,1: PDO,Roundabout,,,1334997.68,1692665.3,1.335E+13
2019-423-8/07/2020,2 Metropolitan,JOSLIN,5070,"CC OF NORWOOD,PAYNEHAM & ST PETERS",3,2,0,0,2,2019,January,Wednesday,5:35 PM,60,Not Divided,Straight road,Level,Not Applicable,Sealed,Dry,Not Raining,Daylight,Rear End,1,Driver Rider,2: MI,No Control,,Y,1331668.75,1673139.86,1.33167E+13
2019-424-8/07/2020,1 City,ADELAIDE,5000,CITY OF ADELAIDE,2,1,0,0,1,2019,January,Sunday,4:50 AM,50,Not Divided,Straight road,Level,Not Applicable,Sealed,Dry,Not Raining,Night,Hit Pedestrian,1,Pedestrian,2: MI,No Control,,,1327837.83,1670962.06,1.32784E+13
2019-425-8/07/2020,2 Metropolitan,MODBURY HEIGHTS,5092,CITY OF TEA TREE GULLY,2,1,0,0,1,2019,January,Wednesday,8:35 PM,50,Not Divided,Straight road,Slope,Not Applicable,Sealed,Dry,Not Raining,Night,Hit Fixed Object,1,Driver Rider,2: MI,No Control,,,1337277.1,1683255.11,1.33728E+13
2019-426-8/07/2020,2 Metropolitan,PARAFIELD GARDENS,5107,CITY OF SALISBURY,2,0,0,0,0,2019,January,Wednesday,9:40 PM,60,Not Divided,Straight road,Level,Not Applicable,Sealed,Dry,Not Raining,Night,Hit Fixed Object,1,Driver Rider,1: PDO,No Control,,,1329706.23,1685189.63,1.32971E+13
2019-427-8/07/2020,2 Metropolitan,WOODVILLE NORTH,5012,CITY OF CHARLES STURT,2,0,0,0,0,2019,January,Thursday,6:21 AM,60,Cross Road,Straight road,Level,Not Applicable,Sealed,Dry,Not Raining,Daylight,Rear End,1,Driver Rider,1: PDO,Traffic Signals,,,1323944.81,1677840.39,1.32395E+13
2019-428-8/07/2020,2 Metropolitan,CUDLEE CREEK,5232,THE ADELAIDE HILLS COUNCIL,1,0,0,0,0,2019,January,Tuesday,10:38 AM,80,Not Divided,"CURVED, VIEW OBSCURED",Slope,Not Applicable,Sealed,Dry,Not Raining,Daylight,Roll Over,1,Driver Rider,1: PDO,No Control,,,1346217.93,1678363.41,1.34622E+13
2019-429-8/07/2020,2 Metropolitan,GLENELG,5045,CITY OF HOLDFAST BAY,2,1,0,0,1,2019,January,Thursday,5:50 AM,50,T-Junction,Straight road,Level,Not Applicable,Sealed,Dry,Not Raining,Night,Right Angle,2,Driver Rider,2: MI,Roundabout,,,1320301.15,1665294.06,1.3203E+13
2019-430-8/07/2020,2 Metropolitan,MORPHETT VALE,5162,CITY OF ONKAPARINGA,2,0,0,0,0,2019,January,Thursday,9:05 AM,50,Not Divided,Straight road,Level,Not Applicable,Sealed,Dry,Not Raining,Daylight,Hit Parked Vehicle,1,Driver Rider,1: PDO,No Control,,,1322987.92,1650491.41,1.32299E+13
2019-431-8/07/2020,3 Country,YORKETOWN,5576,YORKE PENINSULA COUNCIL,1,1,0,0,1,2019,January,Monday,7:50 PM,100,Not Divided,Straight road,Slope,Not Applicable,Unsealed,Dry,Not Raining,Daylight,Roll Over,1,Driver Rider,2: MI,No Control,,,1239553.72,1659352.37,1.23955E+13
2019-432-8/07/2020,2 Metropolitan,WATERLOO CORNER,5110,CITY OF SALISBURY,2,1,0,0,1,2019,January,Thursday,10:00 AM,90,Divided Road,Straight road,Level,Not Applicable,Sealed,Dry,Not Raining,Daylight,Rear End,2,Driver Rider,2: MI,No Control,,,1327502.68,1692577.7,1.3275E+13
2019-433-8/07/2020,2 Metropolitan,WINGFIELD,5013,CITY OF PORT ADELAIDE ENFIELD,2,0,0,0,0,2019,January,Wednesday,9:50 AM,60,Divided Road,Straight road,Level,Not Applicable,Sealed,Dry,Not Raining,Daylight,Side Swipe,2,Driver Rider,1: PDO,No Control,,,1324468.19,1679166.88,1.32447E+13
2019-434-8/07/2020,2 Metropolitan,BIRKENHEAD,5015,CITY OF PORT ADELAIDE ENFIELD,2,0,0,0,0,2019,January,Thursday,10:30 AM,60,T-Junction,Straight road,Level,Not Applicable,Sealed,Dry,Not Raining,Daylight,Rear End,1,Driver Rider,1: PDO,Traffic Signals,,,1319948.63,1680690.42,1.31995E+13
2019-435-8/07/2020,3 Country,TEMPLERS,5371,LIGHT REGIONAL COUNCIL,2,1,0,0,1,2019,January,Thursday,9:46 AM,100,Not Divided,Straight road,Level,Not Applicable,Sealed,Dry,Not Raining,Daylight,Side Swipe,2,Driver Rider,2: MI,No Control,,,1343886.47,1718175.88,1.34389E+13
2019-436-8/07/2020,2 Metropolitan,ELIZABETH PARK,5113,CITY OF PLAYFORD.,2,1,0,0,1,2019,January,Thursday,11:10 AM,60,T-Junction,Straight road,Level,Driveway or Entrance,Sealed,Dry,Not Raining,Daylight,Right Angle,2,Driver Rider,2: MI,No Control,,,1337000.28,1694339.27,1.337E+13
2019-437-8/07/2020,2 Metropolitan,SKYE,5072,CITY OF BURNSIDE,3,0,0,0,0,2019,January,Thursday,11:00 AM,60,Not Divided,"CURVED, VIEW OPEN",Level,Not Applicable,Sealed,Dry,Not Raining,Daylight,Hit Fixed Object,1,Driver Rider,1: PDO,No Control,,,1337037.25,1670124.7,1.33704E+13
2019-438-8/07/2020,2 Metropolitan,CROYDON PARK,5008,CITY OF PORT ADELAIDE ENFIELD,2,0,0,0,0,2019,January,Thursday,6:58 AM,60,Divided Road,Straight road,Level,Not Applicable,Sealed,Dry,Not Raining,Daylight,Rear End,2,Driver Rider,1: PDO,No Control,,,1326071.13,1675621.33,1.32607E+13
2019-439-8/07/2020,2 Metropolitan,ROSE PARK,5067,CITY OF BURNSIDE,2,0,0,0,0,2019,January,Thursday,10:45 AM,60,T-Junction,Straight road,Level,Not Applicable,Sealed,Dry,Not Raining,Daylight,Right Turn,2,Driver Rider,1: PDO,Traffic Signals,,,1330659.98,1669865.61,1.33066E+13
2019-440-8/07/2020,2 Metropolitan,ROSEWATER,5013,CITY OF PORT ADELAIDE ENFIELD,2,0,0,0,0,2019,January,Tuesday,1:00 PM,60,T-Junction,Straight road,Level,Unknown,Sealed,Dry,Not Raining,Daylight,Rear End,1,Driver Rider,1: PDO,Stop Sign,,,1321186.97,1679093.91,1.32119E+13
2019-441-8/07/2020,3 Country,COORONG,5264,DC KINGSTON.,2,1,1,0,0,2019,January,Thursday,7:30 AM,110,Not Divided,Straight road,Level,Not Applicable,Sealed,Dry,Not Raining,Daylight,Rear End,1,Driver Rider,4: Fatal,No Control,,,1432520.34,1492465.83,1.43252E+13
2019-442-8/07/2020,2 Metropolitan,REGENCY PARK,5010,CITY OF PORT ADELAIDE ENFIELD,2,1,0,0,1,2019,January,Wednesday,3:20 PM,60,T-Junction,Straight road,Level,Not Applicable,Sealed,Dry,Not Raining,Daylight,Rear End,2,Driver Rider,2: MI,Traffic Signals,,Y,1326449.2,1676384.02,1.32645E+13
2019-443-8/07/2020,2 Metropolitan,GEPPS CROSS,5094,CITY OF PORT ADELAIDE ENFIELD,2,0,0,0,0,2019,January,Wednesday,4:30 PM,70,Divided Road,Straight road,Level,Driveway or Entrance,Sealed,Dry,Not Raining,Daylight,Hit Fixed Object,1,Driver Rider,1: PDO,No Control,,,1327920.31,1679936.85,1.32792E+13
2019-444-8/07/2020,2 Metropolitan,CLARENCE GARDENS,5039,CC MITCHAM.                   ,4,0,0,0,0,2019,January,Thursday,2:09 PM,60,Divided Road,Straight road,Level,Not Applicable,Sealed,Dry,Not Raining,Daylight,Rear End,2,Driver Rider,1: PDO,No Control,,,1325923.69,1666153.68,1.32592E+13
2019-445-8/07/2020,2 Metropolitan,MYRTLE BANK,5064,CITY OF UNLEY,2,1,0,0,1,2019,January,Thursday,1:58 PM,60,T-Junction,Straight road,Level,Not Applicable,Sealed,Dry,Not Raining,Daylight,Right Angle,1,Driver Rider,2: MI,Traffic Signals,,,1330752.74,1666735.72,1.33075E+13
2019-446-8/07/2020,2 Metropolitan,HINDMARSH,5007,CITY OF CHARLES STURT,2,1,0,0,1,2019,January,Thursday,1:00 PM,60,Divided Road,Straight road,Level,Not Applicable,Sealed,Dry,Not Raining,Daylight,Hit Parked Vehicle,1,Driver Rider,2: MI,No Control,,,1325963.89,1673041.46,1.32596E+13
2019-447-8/07/2020,3 Country,KAINTON,5552,YORKE PENINSULA COUNCIL,2,0,0,0,0,2019,January,Thursday,12:30 PM,100,Not Divided,Straight road,Level,Not Applicable,Sealed,Dry,Not Raining,Daylight,Hit Fixed Object,1,Driver Rider,1: PDO,No Control,,,1267404.06,1761887.55,1.2674E+13
2019-448-8/07/2020,2 Metropolitan,ENFIELD,5085,CITY OF PORT ADELAIDE ENFIELD,2,0,0,0,0,2019,January,Thursday,3:20 PM,60,T-Junction,Straight road,Level,Not Applicable,Sealed,Dry,Not Raining,Daylight,Right Angle,1,Driver Rider,1: PDO,No Control,,,1329039.94,1679271.97,1.32904E+13
2019-449-8/07/2020,3 Country,VICTOR HARBOR,5211,DC VICTOR HARBOR.             ,2,0,0,0,0,2019,January,Monday,8:25 AM,50,Not Divided,"CURVED, VIEW OPEN",Slope,Not Applicable,Sealed,Dry,Not Raining,Daylight,Hit Parked Vehicle,1,Driver Rider,1: PDO,No Control,,,1327446.17,1600959.62,1.32745E+13
2019-450-8/07/2020,2 Metropolitan,WARRADALE,5046,CC MARION.                    ,3,1,0,0,1,2019,January,Thursday,9:15 AM,60,Cross Road,Straight road,Level,Roadworks,Sealed,Dry,Not Raining,Daylight,Rear End,2,Driver Rider,2: MI,Traffic Signals,,,1322708.54,1661544.9,1.32271E+13
2019-451-8/07/2020,2 Metropolitan,MAWSON LAKES,5095,CITY OF SALISBURY,2,2,0,0,2,2019,January,Thursday,4:00 PM,80,Divided Road,Straight road,Level,Not Applicable,Sealed,Dry,Not Raining,Daylight,Rear End,1,Driver Rider,2: MI,No Control,,,1328680.37,1683016.05,1.32868E+13
2019-452-8/07/2020,2 Metropolitan,URRBRAE,5064,CC MITCHAM.                   ,3,3,0,0,3,2019,January,Thursday,2:50 PM,60,Cross Road,Straight road,Slope,Not Applicable,Sealed,Dry,Not Raining,Daylight,Side Swipe,1,Driver Rider,2: MI,Traffic Signals,,,1332373.16,1666370.92,1.33237E+13
2019-453-8/07/2020,3 Country,WANGOLINA,5275,DC KINGSTON.,1,1,0,0,1,2019,January,Thursday,7:00 AM,110,Not Divided,Straight road,Level,Not Applicable,Sealed,Dry,Not Raining,Daylight,Roll Over,1,Driver Rider,2: MI,No Control,,,1427640.73,1435533.54,1.42764E+13
2019-454-8/07/2020,2 Metropolitan,MAWSON LAKES,5095,CITY OF SALISBURY,2,0,0,0,0,2019,January,Thursday,5:00 PM,70,Divided Road,Straight road,Slope,"Bridge, Culvert, Causeway",Sealed,Dry,Unknown,Daylight,Rear End,2,Driver Rider,1: PDO,No Control,,,1329786.61,1684325.05,1.32979E+13
2019-455-8/07/2020,2 Metropolitan,ADELAIDE,5000,CITY OF UNLEY,2,2,0,0,2,2019,January,Thursday,3:00 PM,60,Cross Road,Straight road,Level,Not Applicable,Sealed,Dry,Not Raining,Daylight,Right Turn,2,Driver Rider,2: MI,Traffic Signals,,,1329603.35,1668996.84,1.3296E+13
2019-456-8/07/2020,2 Metropolitan,KILBURN,5084,CITY OF PORT ADELAIDE ENFIELD,2,1,0,0,1,2019,January,Thursday,5:34 PM,60,Divided Road,Straight road,Level,Not Applicable,Sealed,Dry,Not Raining,Daylight,Rear End,1,Driver Rider,2: MI,No Control,,,1327212.7,1677565.49,1.32721E+13
2019-457-8/07/2020,2 Metropolitan,UNLEY PARK,5061,CITY OF UNLEY,2,0,0,0,0,2019,January,Thursday,3:33 PM,50,T-Junction,Straight road,Level,Not Applicable,Sealed,Dry,Not Raining,Daylight,Right Angle,1,Driver Rider,1: PDO,Give Way Sign,,,1328404.17,1666818.61,1.3284E+13
2019-458-8/07/2020,2 Metropolitan,MORPHETT VALE,5162,CITY OF ONKAPARINGA,2,0,0,0,0,2019,January,Thursday,4:25 PM,60,T-Junction,Straight road,Level,Not Applicable,Sealed,Dry,Not Raining,Daylight,Hit Fixed Object,1,Driver Rider,1: PDO,No Control,,,1322728.72,1649912.06,1.32273E+13
2019-459-8/07/2020,2 Metropolitan,MCLAREN VALE,5171,CITY OF ONKAPARINGA,2,1,0,0,1,2019,January,Thursday,6:00 PM,50,Not Divided,Straight road,Level,Not Applicable,Sealed,Dry,Not Raining,Daylight,Rear End,1,Driver Rider,2: MI,No Control,,,1321716.3,1638841.4,1.32172E+13
2019-460-8/07/2020,2 Metropolitan,GEPPS CROSS,5094,CITY OF PORT ADELAIDE ENFIELD,2,2,0,0,2,2019,January,Thursday,7:05 PM,60,Divided Road,Straight road,Level,Driveway or Entrance,Sealed,Dry,Not Raining,Daylight,Right Angle,1,Driver Rider,2: MI,No Control,,,1330406.63,1679369.35,1.33041E+13
2019-461-8/07/2020,3 Country,MIDDLE BEACH,5501,DC MALLALA.                   ,2,1,0,0,1,2019,January,Thursday,7:10 PM,100,Not Divided,Straight road,Level,Not Applicable,Unsealed,Dry,Not Raining,Daylight,Hit Fixed Object,1,Driver Rider,2: MI,No Control,,,1318950.29,1708839.18,1.31895E+13
2019-462-8/07/2020,2 Metropolitan,SHEIDOW PARK,5158,CC MARION.                    ,3,1,0,0,1,2019,January,Thursday,5:15 PM,80,Divided Road,Straight road,Level,Not Applicable,Sealed,Dry,Not Raining,Daylight,Rear End,1,Driver Rider,2: MI,No Control,,,1320445.46,1653988.16,1.32045E+13
2019-463-8/07/2020,2 Metropolitan,KLEMZIG,5087,CITY OF PORT ADELAIDE ENFIELD,2,2,0,0,2,2019,January,Thursday,6:48 PM,60,Not Divided,Straight road,Level,Driveway or Entrance,Sealed,Dry,Not Raining,Daylight,Right Angle,2,Driver Rider,2: MI,No Control,,,1331705.1,1676207.53,1.33171E+13
2019-464-8/07/2020,2 Metropolitan,NORWOOD,5067,"CC OF NORWOOD,PAYNEHAM & ST PETERS",2,0,0,0,0,2019,January,Thursday,6:20 PM,60,Cross Road,Straight road,Level,Not Applicable,Sealed,Dry,Not Raining,Daylight,Right Angle,1,Driver Rider,1: PDO,Roundabout,,,1330623.32,1670361.88,1.33062E+13
2019-465-8/07/2020,2 Metropolitan,FULHAM GARDENS,5024,CITY OF CHARLES STURT,2,0,0,0,0,2019,January,Thursday,12:00 PM,50,Not Divided,Straight road,Level,Not Applicable,Sealed,Dry,Not Raining,Daylight,Hit Parked Vehicle,1,Driver Rider,1: PDO,No Control,,,1320649.17,1671315.69,1.32065E+13
2019-466-8/07/2020,2 Metropolitan,STURT,5047,CC MARION.                    ,2,0,0,0,0,2019,January,Thursday,6:30 PM,60,Divided Road,Straight road,Slope,Not Applicable,Sealed,Dry,Not Raining,Daylight,Hit Fixed Object,1,Driver Rider,1: PDO,No Control,,,1324029.87,1659548.93,1.32403E+13
2019-467-8/07/2020,2 Metropolitan,FLAGSTAFF HILL,5159,CITY OF ONKAPARINGA,2,0,0,0,0,2019,January,Thursday,3:30 PM,60,T-Junction,Straight road,Level,Not Applicable,Sealed,Dry,Not Raining,Daylight,Right Angle,2,Driver Rider,1: PDO,No Control,,,1327781.88,1656261.38,1.32778E+13
2019-468-8/07/2020,3 Country,BRAY,5276,DC ROBE.                      ,2,1,0,0,1,2019,January,Thursday,3:10 PM,110,T-Junction,Straight road,Level,Not Applicable,Sealed,Dry,Not Raining,Daylight,Hit Fixed Object,1,Driver Rider,2: MI,No Control,,Y,1448245.27,1403500.7,1.44825E+13
2019-469-8/07/2020,3 Country,CAROLINE,5291,DISTRICT COUNCIL OF GRANT,2,1,0,1,0,2019,January,Friday,6:30 AM,100,Not Divided,Straight road,Level,Not Applicable,Sealed,Dry,Not Raining,Daylight,Hit Animal,2,Animal,3: SI,No Control,,,1522968.39,1330766.81,1.52297E+13
2019-470-8/07/2020,2 Metropolitan,PAYNEHAM,5070,"CC OF NORWOOD,PAYNEHAM & ST PETERS",2,1,0,0,1,2019,January,Friday,8:00 AM,50,Not Divided,Straight road,Level,Not Applicable,Sealed,Dry,Not Raining,Daylight,Hit Parked Vehicle,1,Driver Rider,2: MI,No Control,,,1332770.97,1673554.63,1.33277E+13
2019-471-8/07/2020,3 Country,WIRRAMINNA,5719,,2,2,0,2,0,2019,January,Thursday,4:00 PM,110,Not Divided,Straight road,Level,Not Applicable,Sealed,Dry,Not Raining,Daylight,Side Swipe,2,Driver Rider,3: SI,No Control,,,1107717.7,2091098.54,1.10772E+13
2019-472-8/07/2020,2 Metropolitan,SOUTH PLYMPTON,5038,CC MARION.                    ,2,1,0,0,1,2019,January,Thursday,1:45 PM,60,Divided Road,Straight road,Level,Driveway or Entrance,Sealed,Dry,Not Raining,Daylight,Side Swipe,2,Driver Rider,2: MI,No Control,,,1324249.06,1666072.69,1.32425E+13
2019-473-8/07/2020,1 City,ADELAIDE,5000,CITY OF ADELAIDE,2,0,0,0,0,2019,January,Thursday,12:45 PM,50,T-Junction,Straight road,Level,Not Applicable,Sealed,Dry,Not Raining,Daylight,Side Swipe,1,Driver Rider,1: PDO,No Control,,,1328800.44,1670042.17,1.3288E+13
2019-474-8/07/2020,2 Metropolitan,BRAHMA LODGE,5109,CITY OF SALISBURY,2,0,0,0,0,2019,January,Thursday,4:00 PM,80,Divided Road,Straight road,Level,Not Applicable,Sealed,Dry,Not Raining,Daylight,Rear End,2,Driver Rider,1: PDO,No Control,,,1334675.39,1687176.25,1.33468E+13
2019-475-8/07/2020,2 Metropolitan,NEWTON,5074,CC CAMPBELLTOWN.              ,1,1,0,0,1,2019,January,Friday,10:25 AM,60,Not Divided,Straight road,Slope,Not Applicable,Sealed,Dry,Not Raining,Daylight,Roll Over,1,Driver Rider,2: MI,No Control,,,1336569.26,1674584.51,1.33657E+13
2019-476-8/07/2020,2 Metropolitan,SALISBURY,5108,CITY OF SALISBURY,2,0,0,0,0,2019,January,Friday,10:30 AM,60,T-Junction,Straight road,Level,Not Applicable,Sealed,Dry,Not Raining,Daylight,Right Turn,1,Driver Rider,1: PDO,No Control,,,1333600.19,1688085.5,1.3336E+13
2019-477-8/07/2020,2 Metropolitan,KILKENNY,5009,CITY OF CHARLES STURT,2,0,0,0,0,2019,January,Friday,10:45 AM,60,T-Junction,Straight road,Level,Not Applicable,Sealed,Dry,Not Raining,Daylight,Right Angle,2,Driver Rider,1: PDO,No Control,,,1323973.6,1676658.54,1.32397E+13
2019-478-8/07/2020,2 Metropolitan,ELIZABETH VALE,5112,CITY OF PLAYFORD.,2,1,0,0,1,2019,January,Friday,9:30 AM,60,Not Divided,Straight road,Level,Driveway or Entrance,Sealed,Dry,Not Raining,Daylight,Side Swipe,1,Driver Rider,2: MI,No Control,,,1335405.17,1690101.39,1.33541E+13
2019-479-8/07/2020,2 Metropolitan,MOUNT BARKER,5251,DC MT.BARKER.                 ,2,0,0,0,0,2019,January,Friday,11:30 AM,60,Divided Road,Straight road,Level,Not Applicable,Sealed,Dry,Not Raining,Daylight,Side Swipe,2,Driver Rider,1: PDO,No Control,,,1351108.28,1654638.91,1.35111E+13
2019-480-8/07/2020,3 Country,STRATHALBYN,5255,ALEXANDRINA COUNCIL,2,1,0,1,0,2019,January,Friday,8:40 AM,50,T-Junction,Straight road,Level,Not Applicable,Sealed,Dry,Not Raining,Daylight,Rear End,2,Driver Rider,3: SI,No Control,,,1353570.71,1632655.1,1.35357E+13
2019-481-8/07/2020,2 Metropolitan,DRY CREEK,5094,CITY OF PORT ADELAIDE ENFIELD,2,0,0,0,0,2019,January,Friday,8:15 AM,60,T-Junction,Straight road,Level,Not Applicable,Sealed,Dry,Not Raining,Daylight,Side Swipe,1,Driver Rider,1: PDO,No Control,,,1327321.79,1680197.21,1.32732E+13
2019-482-8/07/2020,2 Metropolitan,ENFIELD,5085,CITY OF PORT ADELAIDE ENFIELD,2,0,0,0,0,2019,January,Friday,9:30 AM,50,Not Divided,Straight road,Level,Not Applicable,Sealed,Dry,Not Raining,Daylight,Hit Parked Vehicle,2,Driver Rider,1: PDO,No Control,,,1329226.93,1677881.16,1.32923E+13
2019-483-8/07/2020,2 Metropolitan,KURRALTA PARK,5037,CITY OF WEST TORRENS,2,0,0,0,0,2019,January,Friday,10:30 AM,60,Cross Road,Straight road,Level,Not Applicable,Sealed,Dry,Not Raining,Daylight,Rear End,2,Driver Rider,1: PDO,Traffic Signals,,,1325808.51,1668480.07,1.32581E+13
2019-484-8/07/2020,3 Country,NANGKITA,5210,ALEXANDRINA COUNCIL,2,2,0,0,2,2019,January,Friday,10:33 AM,100,Not Divided,Straight road,Level,Not Applicable,Sealed,Dry,Not Raining,Daylight,Rear End,2,Driver Rider,2: MI,No Control,,,1331954.73,1624630.94,1.33196E+13
2019-485-8/07/2020,3 Country,MOUNT GAMBIER,5290,CC MT.GAMBIER.                ,2,0,0,0,0,2019,January,Friday,1:30 PM,50,Not Divided,Straight road,Level,Driveway or Entrance,Sealed,Dry,Not Raining,Daylight,Rear End,2,Driver Rider,1: PDO,No Control,,,1508029.09,1340353.91,1.50803E+13