REPORT_ID,Stats Area,Suburb,Postcode,LGA Name,Total Units,Total Cas,Total Fats,Total SI,Total MI,Year,Month,Day,Time,Area Speed,Position Type,Horizontal Align,Vertical Align,Other Feat,Road Surface,Moisture Cond,Weather Cond,DayNight,Crash Type,Unit Resp,Entity Code,CSEF Severity,Traffic Ctrls,DUI Involved,Drugs Involved,ACCLOC_X,ACCLOC_Y,UNIQUE_LOC
2019-486-8/07/2020,2 Metropolitan,NEWTON,5074,CC CAMPBELLTOWN.              ,2,0,0,0,0,2019,January,Friday,1:15 PM,50,T-Junction,Straight road,Slope,Not Applicable,Sealed,Dry,Not Raining,Daylight,Rear End,2,Driver Rider,1: PDO,No Control,,,1336249.21,1675587.44,1.33625E+13
2019-487-8/07/2020,2 Metropolitan,HOLDEN HILL,5088,CITY OF TEA TREE GULLY,2,0,0,0,0,2019,January,Friday,1:10 PM,60,Divided Road,Straight road,Slope,Not Applicable,Sealed,Dry,Not Raining,Daylight,Side Swipe,2,Driver Rider,1: PDO,No Control,,,1334995.51,1678792.44,1.335E+13
2019-488-8/07/2020,3 Country,MINGBOOL,5291,DISTRICT COUNCIL OF GRANT,2,0,0,0,0,2019,January,Thursday,5:10 AM,110,Not Divided,Straight road,Level,Not Applicable,Sealed,Dry,Not Raining,Night,Hit Animal,2,Animal,1: PDO,No Control,,,1512043.03,1353932.59,1.51204E+13
2019-489-8/07/2020,2 Metropolitan,PARKSIDE,5063,CITY OF UNLEY,2,0,0,0,0,2019,January,Friday,2:15 PM,60,Not Divided,Straight road,Level,Not Applicable,Sealed,Dry,Not Raining,Daylight,Side Swipe,2,Driver Rider,1: PDO,No Control,,,1329070.07,1668545.9,1.32907E+13
2019-490-8/07/2020,2 Metropolitan,HAPPY VALLEY,5159,CITY OF ONKAPARINGA,2,0,0,0,0,2019,January,Saturday,12:30 PM,50,Not Divided,Straight road,Level,Driveway or Entrance,Sealed,Dry,Not Raining,Daylight,Right Angle,1,Driver Rider,1: PDO,No Control,,,1327008.82,1652894.15,1.32701E+13
2019-491-8/07/2020,3 Country,PORT AUGUSTA,5700,CC PT.AUGUSTA.                ,2,0,0,0,0,2019,January,Friday,2:50 PM,60,T-Junction,Straight road,Level,Not Applicable,Sealed,Dry,Not Raining,Daylight,Right Angle,2,Driver Rider,1: PDO,No Control,,,1260428.87,1941346.06,1.26043E+13
2019-492-8/07/2020,2 Metropolitan,ATHELSTONE,5076,CC CAMPBELLTOWN.              ,2,1,0,0,1,2019,January,Friday,2:30 PM,60,Not Divided,Straight road,Level,Not Applicable,Sealed,Dry,Not Raining,Daylight,Side Swipe,1,Driver Rider,2: MI,No Control,,,1338913.41,1677113.18,1.33891E+13
2019-493-8/07/2020,2 Metropolitan,SEACLIFF,5049,CITY OF HOLDFAST BAY,2,0,0,0,0,2019,January,Friday,2:45 PM,50,Not Divided,Straight road,Level,Not Applicable,Sealed,Dry,Not Raining,Daylight,Rear End,2,Driver Rider,1: PDO,No Control,,,1320828.15,1659176.62,1.32083E+13
2019-494-8/07/2020,2 Metropolitan,ST MARYS,5042,CC MITCHAM.                   ,2,0,0,0,0,2019,January,Friday,4:07 PM,60,T-Junction,Straight road,Level,Not Applicable,Sealed,Dry,Not Raining,Daylight,Right Angle,2,Driver Rider,1: PDO,Stop Sign,,,1326615.61,1663335.37,1.32662E+13
2019-495-8/07/2020,2 Metropolitan,NORTON SUMMIT,5136,THE ADELAIDE HILLS COUNCIL,2,0,0,0,0,2019,January,Friday,9:15 AM,60,T-Junction,"CURVED, VIEW OBSCURED",Slope,Not Applicable,Sealed,Dry,Not Raining,Daylight,Rear End,2,Driver Rider,1: PDO,Stop Sign,,,1340485.89,1669906.99,1.34049E+13
2019-496-8/07/2020,2 Metropolitan,GUMERACHA,5233,THE ADELAIDE HILLS COUNCIL,2,1,0,0,1,2019,January,Friday,4:38 PM,50,Not Divided,Straight road,Slope,Driveway or Entrance,Sealed,Dry,Not Raining,Daylight,Rear End,1,Driver Rider,2: MI,No Control,,,1355575.56,1681341.84,1.35558E+13
2019-497-8/07/2020,2 Metropolitan,WINGFIELD,5013,CITY OF PORT ADELAIDE ENFIELD,2,0,0,0,0,2019,January,Friday,1:20 PM,60,T-Junction,Straight road,Level,Not Applicable,Sealed,Dry,Not Raining,Daylight,Side Swipe,1,Driver Rider,1: PDO,Give Way Sign,,,1325127.17,1679192.45,1.32513E+13
2019-498-8/07/2020,2 Metropolitan,HENLEY BEACH,5022,CITY OF CHARLES STURT,3,1,0,0,1,2019,January,Friday,5:05 PM,40,T-Junction,Straight road,Level,Not Applicable,Sealed,Dry,Not Raining,Daylight,Right Turn,1,Driver Rider,2: MI,No Control,,,1319380.55,1672409.71,1.31938E+13
2019-499-8/07/2020,2 Metropolitan,HIGHBURY,5089,CITY OF TEA TREE GULLY,2,1,0,0,1,2019,January,Friday,5:19 PM,60,T-Junction,Straight road,Level,Not Applicable,Sealed,Dry,Not Raining,Daylight,Rear End,2,Driver Rider,2: MI,No Control,,,1339482.42,1679125.95,1.33948E+13
2019-500-8/07/2020,2 Metropolitan,GAWLER SOUTH,5118,CT GAWLER.                    ,2,0,0,0,0,2019,January,Friday,6:15 PM,50,Not Divided,Straight road,Level,Not Applicable,Sealed,Dry,Not Raining,Daylight,Rear End,2,Driver Rider,1: PDO,No Control,,,1343003.18,1705688.54,1.343E+13
2019-501-8/07/2020,1 City,ADELAIDE,5000,CITY OF ADELAIDE,2,0,0,0,0,2019,January,Friday,6:15 PM,50,Cross Road,Straight road,Level,Not Applicable,Sealed,Dry,Not Raining,Daylight,Rear End,2,Driver Rider,1: PDO,Traffic Signals,,,1329020.91,1670834.63,1.32902E+13
2019-502-8/07/2020,2 Metropolitan,ATHELSTONE,5076,CC CAMPBELLTOWN.              ,2,1,0,1,0,2019,January,Friday,5:00 PM,60,T-Junction,"CURVED, VIEW OPEN",Bottom of Hill,Not Applicable,Sealed,Dry,Not Raining,Daylight,Side Swipe,1,Driver Rider,3: SI,Stop Sign,Y,,1337850.41,1674764.6,1.33785E+13
2019-503-8/07/2020,2 Metropolitan,DERNANCOURT,5075,CITY OF TEA TREE GULLY,1,1,0,1,0,2019,January,Friday,4:55 PM,60,Divided Road,Straight road,Slope,Not Applicable,Sealed,Dry,Not Raining,Daylight,Roll Over,1,Driver Rider,3: SI,No Control,,,1336002.84,1677168.16,1.336E+13
2019-504-8/07/2020,2 Metropolitan,WYNN VALE,5127,CITY OF TEA TREE GULLY,2,0,0,0,0,2019,January,Friday,5:30 PM,70,T-Junction,Straight road,Level,Not Applicable,Sealed,Dry,Not Raining,Daylight,Right Angle,2,Driver Rider,1: PDO,No Control,,,1336316.01,1683630.76,1.33632E+13
2019-505-8/07/2020,2 Metropolitan,REYNELLA,5161,CITY OF ONKAPARINGA,2,0,0,0,0,2019,January,Friday,6:15 PM,50,Not Divided,Straight road,Slope,Not Applicable,Sealed,Dry,Not Raining,Daylight,Hit Parked Vehicle,1,Driver Rider,1: PDO,No Control,,,1320727.58,1651490.68,1.32073E+13
2019-506-8/07/2020,2 Metropolitan,PARK HOLME,5043,CC MARION.                    ,2,0,0,0,0,2019,January,Friday,6:15 PM,60,Divided Road,Straight road,Level,Not Applicable,Sealed,Dry,Not Raining,Daylight,Rear End,2,Driver Rider,1: PDO,No Control,,,1324327.13,1663492.63,1.32433E+13
2019-507-8/07/2020,2 Metropolitan,HINDMARSH,5007,CITY OF CHARLES STURT,2,0,0,0,0,2019,January,Friday,6:35 PM,60,Divided Road,Straight road,Level,Not Applicable,Sealed,Dry,Not Raining,Daylight,Hit Fixed Object,1,Driver Rider,1: PDO,No Control,,,1325728.75,1673244.61,1.32573E+13
2019-508-8/07/2020,2 Metropolitan,MAGILL,5072,CC CAMPBELLTOWN.              ,2,0,0,0,0,2019,January,Friday,4:20 PM,60,Not Divided,Straight road,Level,Not Applicable,Sealed,Dry,Not Raining,Daylight,Rear End,2,Driver Rider,1: PDO,No Control,,,1335964.53,1671884.94,1.33597E+13
2019-509-8/07/2020,2 Metropolitan,ST KILDA,5110,CITY OF SALISBURY,2,0,0,0,0,2019,January,Friday,12:30 PM,80,Not Divided,"CURVED, VIEW OPEN",Level,Not Applicable,Sealed,Wet,Not Raining,Daylight,Hit Fixed Object,1,Driver Rider,1: PDO,No Control,,,1324333.08,1691768.13,1.32433E+13
2019-510-8/07/2020,2 Metropolitan,BURTON,5110,CITY OF SALISBURY,2,1,0,0,1,2019,January,Friday,11:45 PM,60,Cross Road,Straight road,Level,Not Applicable,Sealed,Dry,Not Raining,Night,Right Angle,2,Driver Rider,2: MI,Roundabout,,,1330155.51,1690824.15,1.33016E+13
2019-511-8/07/2020,3 Country,THEVENARD,5690,DC CEDUNA                     ,2,1,0,0,1,2019,January,Saturday,2:43 AM,50,Not Divided,Straight road,Level,Not Applicable,Sealed,Dry,Not Raining,Night,Hit Pedestrian,1,Pedestrian,2: MI,No Control,,,874225.19,1983518.77,8.74225E+12
2019-512-8/07/2020,3 Country,RENMARK WEST,5341,DC RENMARK PARINGA            ,2,0,0,0,0,2019,January,Saturday,7:00 AM,80,Cross Road,Straight road,Level,Not Applicable,Sealed,Dry,Not Raining,Daylight,Right Angle,2,Driver Rider,1: PDO,Stop Sign,,,1525431.81,1747326.71,1.52543E+13
2019-513-8/07/2020,2 Metropolitan,PORT ADELAIDE,5015,CITY OF PORT ADELAIDE ENFIELD,2,0,0,0,0,2019,January,Saturday,7:40 AM,50,Cross Road,Straight road,Level,Not Applicable,Sealed,Dry,Not Raining,Daylight,Right Angle,2,Driver Rider,1: PDO,Traffic Signals,,,1320156.36,1679977.47,1.32016E+13
2019-514-8/07/2020,2 Metropolitan,HINDMARSH,5007,CITY OF CHARLES STURT,3,2,0,0,2,2019,January,Saturday,8:30 AM,60,Divided Road,Straight road,Level,Not Applicable,Sealed,Dry,Not Raining,Daylight,Hit Parked Vehicle,1,Driver Rider,2: MI,No Control,,,1325883.81,1673110.24,1.32588E+13
2019-515-8/07/2020,2 Metropolitan,BELAIR,5052,CC MITCHAM.                   ,2,0,0,0,0,2019,January,Friday,8:35 PM,60,T-Junction,Straight road,Level,Not Applicable,Sealed,Dry,Not Raining,Night,Right Angle,1,Driver Rider,1: PDO,No Control,,,1330347.17,1662511.22,1.33035E+13
2019-516-8/07/2020,2 Metropolitan,SELLICKS HILL,5174,CITY OF ONKAPARINGA,2,0,0,0,0,2019,January,Saturday,8:05 AM,90,Cross Road,Straight road,Level,Not Applicable,Sealed,Dry,Not Raining,Daylight,Rear End,2,Driver Rider,1: PDO,Stop Sign,,,1315579.2,1628763.99,1.31558E+13
2019-517-8/07/2020,2 Metropolitan,STURT,5047,CC MARION.                    ,2,0,0,0,0,2019,January,Friday,6:20 PM,50,Not Divided,Straight road,Level,Not Applicable,Sealed,Dry,Not Raining,Daylight,Hit Parked Vehicle,2,Driver Rider,1: PDO,No Control,,,1323744.84,1660114.71,1.32375E+13
2019-518-8/07/2020,3 Country,WILLUNGA,5172,ALEXANDRINA COUNCIL,2,2,0,0,2,2019,January,Saturday,9:55 AM,80,T-Junction,Straight road,Level,Not Applicable,Sealed,Dry,Not Raining,Daylight,Right Angle,2,Driver Rider,2: MI,No Control,,,1325323,1630180.95,1.32532E+13
2019-519-8/07/2020,2 Metropolitan,CAMPBELLTOWN,5074,CC CAMPBELLTOWN.              ,2,0,0,0,0,2019,January,Saturday,10:30 AM,60,Divided Road,Straight road,Level,Not Applicable,Sealed,Dry,Not Raining,Daylight,Rear End,1,Driver Rider,1: PDO,No Control,,,1333825.04,1674579.39,1.33383E+13
2019-520-8/07/2020,3 Country,LOWER INMAN VALLEY,5211,DC VICTOR HARBOR.             ,4,3,0,0,3,2019,January,Saturday,9:40 AM,100,Not Divided,Straight road,Slope,Not Applicable,Sealed,Dry,Not Raining,Daylight,Side Swipe,1,Driver Rider,2: MI,No Control,,,1322651.03,1603887.38,1.32265E+13
2019-521-8/07/2020,2 Metropolitan,EDINBURGH NORTH,5113,CITY OF PLAYFORD.,3,1,0,0,1,2019,January,Friday,5:00 PM,60,Not Divided,Straight road,Level,Not Applicable,Sealed,Dry,Not Raining,Daylight,Hit Parked Vehicle,1,Driver Rider,2: MI,No Control,,,1334554.68,1695517.42,1.33456E+13
2019-522-8/07/2020,3 Country,VEITCH,5311,LOXTON WAIKERIE DISTRICT COUNCIL,3,1,0,0,1,2019,January,Saturday,11:16 AM,110,Rail Crossing,"CURVED, VIEW OBSCURED",Level,Not Applicable,Sealed,Dry,Not Raining,Daylight,Hit Fixed Object,1,Driver Rider,2: MI,Rail Xing - Flashing,,,1504285.41,1693112.79,1.50429E+13
2019-523-8/07/2020,2 Metropolitan,ADELAIDE AIRPORT,5950,CITY OF WEST TORRENS,3,0,0,0,0,2019,January,Saturday,1:00 PM,25,Divided Road,Straight road,Level,Not Applicable,Sealed,Dry,Not Raining,Daylight,Rear End,1,Driver Rider,1: PDO,No Control,,,1320928.67,1668421.08,1.32093E+13
2019-524-8/07/2020,2 Metropolitan,ELIZABETH EAST,5112,CITY OF PLAYFORD.,2,1,0,0,1,2019,January,Saturday,1:20 PM,60,Divided Road,"CURVED, VIEW OPEN",Level,Driveway or Entrance,Sealed,Dry,Not Raining,Daylight,Rear End,1,Driver Rider,2: MI,No Control,,,1336434.19,1693303.42,1.33643E+13
2019-525-8/07/2020,1 City,ADELAIDE,5000,CITY OF ADELAIDE,2,0,0,0,0,2019,January,Saturday,1:50 PM,50,Divided Road,Straight road,Level,Not Applicable,Sealed,Dry,Not Raining,Daylight,Side Swipe,1,Driver Rider,1: PDO,No Control,,,1328874.11,1670832.68,1.32887E+13
2019-526-8/07/2020,1 City,ADELAIDE,5000,CITY OF ADELAIDE,2,0,0,0,0,2019,January,Friday,5:45 PM,50,Cross Road,Straight road,Level,Not Applicable,Sealed,Dry,Not Raining,Daylight,Side Swipe,2,Driver Rider,1: PDO,Traffic Signals,,,1328497.71,1670187.74,1.3285E+13
2019-527-8/07/2020,2 Metropolitan,SALISBURY EAST,5109,CITY OF SALISBURY,3,1,1,0,0,2019,January,Saturday,11:40 AM,60,Not Divided,Straight road,Level,Not Applicable,Sealed,Dry,Not Raining,Daylight,Hit Fixed Object,1,Driver Rider,4: Fatal,No Control,,,1334552.28,1685124.09,1.33455E+13
2019-528-8/07/2020,3 Country,SADDLEWORTH,5413,CLARE AND GILBERT VALLEYS DISTRICT COUNCIL,3,1,0,1,0,2019,January,Saturday,1:50 PM,80,Not Divided,Straight road,Level,Not Applicable,Sealed,Dry,Not Raining,Daylight,Hit Fixed Object,1,Driver Rider,3: SI,No Control,,Y,1348735.5,1764176.08,1.34874E+13
2019-529-8/07/2020,3 Country,MOUNT COMPASS,5210,ALEXANDRINA COUNCIL,2,1,0,0,1,2019,January,Saturday,3:45 PM,100,Not Divided,"CURVED, VIEW OBSCURED",Level,Not Applicable,Sealed,Dry,Not Raining,Daylight,Hit Fixed Object,1,Driver Rider,2: MI,No Control,,,1329469.31,1622009.81,1.32947E+13
2019-530-8/07/2020,3 Country,MOUNT JAGGED,5211,ALEXANDRINA COUNCIL,3,0,0,0,0,2019,January,Saturday,3:00 PM,100,Cross Road,"CURVED, VIEW OPEN",Slope,Not Applicable,Sealed,Dry,Not Raining,Daylight,Rear End,2,Driver Rider,1: PDO,Give Way Sign,,,1330523.09,1612041.39,1.33052E+13
2019-531-8/07/2020,2 Metropolitan,NOARLUNGA DOWNS,5168,CITY OF ONKAPARINGA,2,0,0,0,0,2019,January,Saturday,4:46 PM,50,Not Divided,Straight road,Slope,Driveway or Entrance,Sealed,Dry,Not Raining,Daylight,Hit Fixed Object,1,Driver Rider,1: PDO,No Control,,,1318783.56,1645539.81,1.31878E+13
2019-532-8/07/2020,1 City,ADELAIDE,5000,CITY OF ADELAIDE,2,0,0,0,0,2019,January,Saturday,1:47 PM,25,One Way,Straight road,Level,Not Applicable,Sealed,Dry,Not Raining,Daylight,Hit Parked Vehicle,2,Driver Rider,1: PDO,No Control,,,1329326.09,1670955.36,1.32933E+13
2019-533-8/07/2020,2 Metropolitan,NORWOOD,5067,"CC OF NORWOOD,PAYNEHAM & ST PETERS",2,0,0,0,0,2019,January,Friday,4:20 PM,60,Cross Road,Straight road,Level,Not Applicable,Sealed,Dry,Not Raining,Daylight,Right Angle,1,Driver Rider,1: PDO,Roundabout,,,1330623.32,1670361.88,1.33062E+13
2019-534-8/07/2020,2 Metropolitan,MOUNT BARKER,5251,DC MT.BARKER.                 ,4,0,0,0,0,2019,January,Saturday,4:50 PM,80,Not Divided,Straight road,Level,Not Applicable,Sealed,Dry,Not Raining,Daylight,Rear End,1,Driver Rider,1: PDO,No Control,,,1352728.93,1652006.08,1.35273E+13
2019-535-8/07/2020,2 Metropolitan,THORNGATE,5082,CITY OF PROSPECT,2,0,0,0,0,2019,January,Saturday,5:38 PM,60,Cross Road,Straight road,Level,Not Applicable,Sealed,Dry,Not Raining,Daylight,Rear End,2,Driver Rider,1: PDO,Traffic Signals,,,1328116.31,1673675.73,1.32812E+13
2019-536-8/07/2020,3 Country,SHERINGA,5607,DC ELLISTON.                  ,1,1,0,0,1,2019,January,Saturday,5:20 PM,110,Not Divided,Straight road,Level,Not Applicable,Sealed,Dry,Not Raining,Daylight,Left Road - Out of Control,1,Driver Rider,2: MI,No Control,,,1023645.8,1790712.24,1.02365E+13
2019-537-8/07/2020,2 Metropolitan,PORT ADELAIDE,5015,CITY OF PORT ADELAIDE ENFIELD,3,0,0,0,0,2019,January,Saturday,8:00 PM,60,Divided Road,"CURVED, VIEW OPEN",Level,Not Applicable,Sealed,Dry,Not Raining,Daylight,Hit Fixed Object,1,Driver Rider,1: PDO,No Control,,,1320576.15,1680535.15,1.32058E+13
2019-538-8/07/2020,2 Metropolitan,YATTALUNGA,5114,CITY OF PLAYFORD.,2,0,0,0,0,2019,January,Saturday,8:35 PM,100,Not Divided,Straight road,Slope,Not Applicable,Sealed,Dry,Not Raining,Night,Hit Fixed Object,1,Driver Rider,1: PDO,No Control,,,1348818.86,1695632.65,1.34882E+13
2019-539-8/07/2020,3 Country,WHYALLA NORRIE,5608,CC WHYALLA.                   ,2,1,0,0,1,2019,January,Saturday,9:25 PM,60,Cross Road,Straight road,Level,Not Applicable,Sealed,Dry,Not Raining,Night,Right Angle,1,Driver Rider,2: MI,Give Way Sign,,Y,1237754.32,1882679.46,1.23775E+13
2019-540-8/07/2020,3 Country,ROWLAND FLAT,5352,THE BAROSSA COUNCIL.,2,0,0,0,0,2019,January,Saturday,7:35 PM,90,Not Divided,"CURVED, VIEW OBSCURED",Slope,Not Applicable,Sealed,Dry,Not Raining,Daylight,Hit Fixed Object,1,Driver Rider,1: PDO,No Control,,,1359650.43,1706662.73,1.35965E+13
2019-541-8/07/2020,3 Country,TAILEM BEND,5260,COORONG DISTRICT COUNCIL,2,0,0,0,0,2019,January,Sunday,1:30 AM,50,Rail Crossing,"CURVED, VIEW OPEN",Level,Not Applicable,Sealed,Dry,Not Raining,Night,Hit Fixed Object,1,Driver Rider,1: PDO,Rail Xing - Boom,Y,,1405374.91,1630989.57,1.40538E+13
2019-542-8/07/2020,2 Metropolitan,NETLEY,5037,CITY OF WEST TORRENS,2,0,0,0,0,2019,January,Sunday,7:35 AM,60,T-Junction,Straight road,Level,Not Applicable,Sealed,Dry,Not Raining,Daylight,Side Swipe,2,Driver Rider,1: PDO,No Control,,,1324204.71,1667710.34,1.32421E+13
2019-543-8/07/2020,2 Metropolitan,TWO WELLS,5501,DC MALLALA.                   ,2,1,0,0,1,2019,January,Sunday,10:40 AM,80,Cross Road,Straight road,Level,Not Applicable,Sealed,Dry,Not Raining,Daylight,Right Angle,1,Driver Rider,2: MI,Give Way Sign,,,1325633.59,1705430.23,1.32563E+13
2019-544-8/07/2020,3 Country,MIDDLETON,5213,ALEXANDRINA COUNCIL,2,0,0,0,0,2019,January,Sunday,8:40 AM,50,Cross Road,"CURVED, VIEW OPEN",Level,Not Applicable,Sealed,Dry,Not Raining,Daylight,Right Angle,1,Driver Rider,1: PDO,Give Way Sign,,,1335873.03,1605558.27,1.33587E+13
2019-545-8/07/2020,2 Metropolitan,LIGHTSVIEW,5085,CITY OF PORT ADELAIDE ENFIELD,2,0,0,0,0,2019,January,Saturday,11:09 AM,40,Divided Road,"CURVED, VIEW OPEN",Level,Not Applicable,Sealed,Dry,Not Raining,Daylight,Hit Fixed Object,1,Driver Rider,1: PDO,No Control,,,1330858.4,1677567.76,1.33086E+13
2019-546-8/07/2020,2 Metropolitan,ALDINGA,5173,CITY OF ONKAPARINGA,2,0,0,0,0,2019,January,Sunday,10:40 AM,60,Divided Road,Straight road,Level,Driveway or Entrance,Sealed,Dry,Not Raining,Daylight,Right Angle,1,Driver Rider,1: PDO,No Control,,,1316744.8,1633156.12,1.31675E+13
2019-547-8/07/2020,2 Metropolitan,ROSEWATER,5013,CITY OF PORT ADELAIDE ENFIELD,4,0,0,0,0,2019,January,Sunday,2:25 PM,50,Not Divided,Straight road,Level,Not Applicable,Sealed,Dry,Not Raining,Daylight,Hit Parked Vehicle,1,Driver Rider,1: PDO,No Control,,,1321569.93,1678985.56,1.32157E+13
2019-548-8/07/2020,2 Metropolitan,MOUNT BARKER,5251,DC MT.BARKER.                 ,3,1,0,0,1,2019,January,Sunday,2:05 PM,50,Cross Road,Straight road,Level,Not Applicable,Sealed,Dry,Not Raining,Daylight,Right Angle,2,Driver Rider,2: MI,Stop Sign,,,1351413.86,1654498.06,1.35141E+13
2019-549-8/07/2020,3 Country,STRATHALBYN,5255,ALEXANDRINA COUNCIL,2,1,0,1,0,2019,January,Sunday,1:37 PM,80,Not Divided,"CURVED, VIEW OPEN",Level,Not Applicable,Sealed,Dry,Not Raining,Daylight,Hit Fixed Object,1,Driver Rider,3: SI,No Control,,,1352840.79,1631831.98,1.35284E+13
2019-550-8/07/2020,3 Country,MURRAY BRIDGE,5253,RC MURRAY BRIDGE.             ,4,0,0,0,0,2019,January,Saturday,10:45 PM,25,Not Divided,"CURVED, VIEW OPEN",Level,Not Applicable,Sealed,Dry,Not Raining,Night,Hit Fixed Object,1,Driver Rider,1: PDO,No Control,,,1389993.17,1646837.46,1.38999E+13
2019-551-8/07/2020,2 Metropolitan,ELIZABETH VALE,5112,CITY OF PLAYFORD.,3,1,0,0,1,2019,January,Sunday,3:40 PM,50,T-Junction,Straight road,Level,Not Applicable,Unsealed,Dry,Not Raining,Daylight,Hit Parked Vehicle,1,Driver Rider,2: MI,No Control,,Y,1335322.12,1690485.95,1.33532E+13
2019-552-8/07/2020,2 Metropolitan,KENSINGTON,5068,"CC OF NORWOOD,PAYNEHAM & ST PETERS",4,0,0,0,0,2019,January,Sunday,3:50 PM,60,Cross Road,Straight road,Level,Not Applicable,Sealed,Dry,Not Raining,Daylight,Other,1,Driver Rider,1: PDO,Traffic Signals,,,1332255.7,1671076.68,1.33226E+13
2019-553-8/07/2020,2 Metropolitan,ELIZABETH VALE,5112,CITY OF PLAYFORD.,2,0,0,0,0,2019,January,Sunday,3:50 PM,50,Not Divided,Straight road,Level,Not Applicable,Unsealed,Dry,Not Raining,Daylight,Hit Fixed Object,1,Driver Rider,1: PDO,No Control,,,1335116.32,1689581.71,1.33512E+13
2019-554-8/07/2020,3 Country,MIDDLE BEACH,5501,DC MALLALA.                   ,2,0,0,0,0,2019,January,Sunday,4:00 PM,100,Not Divided,Straight road,Crest of Hill,Not Applicable,Unsealed,Dry,Not Raining,Daylight,Hit Fixed Object,1,Driver Rider,1: PDO,No Control,,,1318675.99,1708836.17,1.31868E+13
2019-555-8/07/2020,1 City,NORTH ADELAIDE,5006,CITY OF ADELAIDE,3,0,0,0,0,2019,January,Sunday,4:20 PM,50,T-Junction,Straight road,Level,Not Applicable,Sealed,Dry,Not Raining,Daylight,Rear End,1,Driver Rider,1: PDO,No Control,,,1328179.06,1672953.9,1.32818E+13
2019-556-8/07/2020,2 Metropolitan,WOODVILLE PARK,5011,CITY OF CHARLES STURT,3,1,0,0,1,2019,January,Sunday,5:01 PM,60,T-Junction,Straight road,Level,Not Applicable,Sealed,Dry,Not Raining,Daylight,Right Angle,1,Driver Rider,2: MI,Traffic Signals,,,1323911.52,1674880.86,1.32391E+13
2019-557-8/07/2020,2 Metropolitan,WESTBOURNE PARK,5041,CC MITCHAM.                   ,3,1,0,0,1,2019,January,Friday,4:00 PM,60,Not Divided,Straight road,Level,Not Applicable,Sealed,Dry,Not Raining,Daylight,Rear End,1,Driver Rider,2: MI,No Control,,,1327516.29,1665888.46,1.32752E+13
2019-558-8/07/2020,2 Metropolitan,NORWOOD,5067,"CC OF NORWOOD,PAYNEHAM & ST PETERS",2,0,0,0,0,2019,January,Sunday,3:45 PM,50,Cross Road,Straight road,Level,Not Applicable,Sealed,Dry,Not Raining,Daylight,Right Turn,1,Driver Rider,1: PDO,Traffic Signals,,,1331433.35,1671060.9,1.33143E+13
2019-559-8/07/2020,2 Metropolitan,ELIZABETH EAST,5112,CITY OF PLAYFORD.,2,1,0,0,1,2019,January,Sunday,5:58 PM,60,T-Junction,Straight road,Slope,Not Applicable,Sealed,Dry,Not Raining,Daylight,Right Angle,1,Driver Rider,2: MI,No Control,,,1336770.65,1692817.6,1.33677E+13
2019-560-8/07/2020,2 Metropolitan,BROADVIEW,5083,CITY OF PORT ADELAIDE ENFIELD,2,1,0,0,1,2019,January,Sunday,6:00 PM,50,Not Divided,Straight road,Level,Not Applicable,Sealed,Dry,Not Raining,Daylight,Hit Parked Vehicle,2,Driver Rider,2: MI,No Control,Y,,1330057.62,1676968.67,1.33006E+13
2019-561-8/07/2020,2 Metropolitan,HAWTHORN,5062,CC MITCHAM.                   ,2,0,0,0,0,2019,January,Sunday,5:55 PM,40,Cross Road,Straight road,Level,Not Applicable,Sealed,Dry,Not Raining,Daylight,Hit Fixed Object,1,Driver Rider,1: PDO,Give Way Sign,,,1329006.97,1665810.71,1.32901E+13
2019-562-8/07/2020,2 Metropolitan,WOODCROFT,5162,CITY OF ONKAPARINGA,2,1,0,1,0,2019,January,Sunday,8:10 PM,50,T-Junction,Straight road,Level,Not Applicable,Sealed,Dry,Not Raining,Daylight,Right Angle,2,Driver Rider,3: SI,Roundabout,,,1323990.54,1652270.41,1.32399E+13
2019-563-8/07/2020,2 Metropolitan,ST MARYS,5042,CC MITCHAM.                   ,2,0,0,0,0,2019,January,Sunday,9:30 AM,70,Cross Road,Straight road,Level,Not Applicable,Sealed,Dry,Not Raining,Daylight,Rear End,2,Driver Rider,1: PDO,Traffic Signals,,,1326004.51,1661277.67,1.32601E+13
2019-564-8/07/2020,2 Metropolitan,CRAFERS,5152,THE ADELAIDE HILLS COUNCIL,2,1,0,0,1,2019,January,Sunday,9:03 PM,50,T-Junction,Straight road,Level,Not Applicable,Sealed,Dry,Not Raining,Night,Hit Fixed Object,1,Driver Rider,2: MI,No Control,Y,,1339565.31,1662485.43,1.33957E+13
2019-565-8/07/2020,2 Metropolitan,PETWOOD,5254,DC MT.BARKER.                 ,3,1,0,1,0,2019,January,Sunday,10:01 PM,110,Freeway,Straight road,Slope,Not Applicable,Sealed,Dry,Not Raining,Night,Roll Over,1,Driver Rider,3: SI,No Control,Y,Y,1359157.57,1653889.96,1.35916E+13
2019-566-8/07/2020,3 Country,MOUNT GAMBIER,5290,CC MT.GAMBIER.                ,2,2,0,2,0,2019,January,Monday,12:01 AM,50,T-Junction,Straight road,Bottom of Hill,Not Applicable,Sealed,Dry,Not Raining,Night,Hit Fixed Object,1,Driver Rider,3: SI,No Control,,Y,1510905.43,1338058.5,1.51091E+13