REPORT_ID,Stats Area,Suburb,Postcode,LGA Name,Total Units,Total Cas,Total Fats,Total SI,Total MI,Year,Month,Day,Time,Area Speed,Position Type,Horizontal Align,Vertical Align,Other Feat,Road Surface,Moisture Cond,Weather Cond,DayNight,Crash Type,Unit Resp,Entity Code,CSEF Severity,Traffic Ctrls,DUI Involved,Drugs Involved,ACCLOC_X,ACCLOC_Y,UNIQUE_LOC
2019-567-8/07/2020,2 Metropolitan,ELIZABETH NORTH,5113,CITY OF PLAYFORD.,2,1,0,0,1,2019,January,Monday,5:00 AM,50,Not Divided,"CURVED, VIEW OPEN",Level,Not Applicable,Sealed,Dry,Not Raining,Night,Hit Parked Vehicle,1,Driver Rider,2: MI,No Control,,Y,1336055.52,1694770.35,1.33606E+13
2019-568-8/07/2020,2 Metropolitan,STEPNEY,5069,"CC OF NORWOOD,PAYNEHAM & ST PETERS",2,0,0,0,0,2019,January,Saturday,8:45 AM,50,Not Divided,Straight road,Level,Not Applicable,Sealed,Dry,Not Raining,Daylight,Hit Parked Vehicle,2,Driver Rider,1: PDO,No Control,,,1330907.04,1671939.32,1.33091E+13
2019-569-8/07/2020,2 Metropolitan,DARLINGTON,5047,CITY OF ONKAPARINGA,2,2,0,0,2,2019,January,Monday,8:20 AM,70,T-Junction,Straight road,Level,Not Applicable,Sealed,Dry,Not Raining,Daylight,Right Angle,2,Driver Rider,2: MI,Traffic Signals,,,1324685.2,1659905.51,1.32469E+13
2019-570-8/07/2020,2 Metropolitan,SEACLIFF PARK,5049,CITY OF HOLDFAST BAY,2,1,0,0,1,2019,January,Monday,8:47 AM,60,T-Junction,Straight road,Slope,Not Applicable,Sealed,Dry,Not Raining,Daylight,Right Turn,2,Driver Rider,2: MI,Traffic Signals,,,1321185.13,1659325.68,1.32119E+13
2019-571-8/07/2020,3 Country,PASKEVILLE,5552,COPPER COAST DISTRICT COUNCIL,2,0,0,0,0,2019,January,Sunday,8:15 PM,100,Not Divided,Straight road,Level,Not Applicable,Sealed,Dry,Not Raining,Daylight,Hit Fixed Object,1,Driver Rider,1: PDO,No Control,,,1265392.05,1773582.24,1.26539E+13
2019-572-8/07/2020,2 Metropolitan,KENT TOWN,5067,"CC OF NORWOOD,PAYNEHAM & ST PETERS",2,0,0,0,0,2019,January,Monday,9:38 AM,50,Cross Road,Straight road,Level,Not Applicable,Sealed,Dry,Not Raining,Daylight,Right Angle,1,Driver Rider,1: PDO,Stop Sign,,,1330378.42,1671304.28,1.33038E+13
2019-573-8/07/2020,2 Metropolitan,ELIZABETH NORTH,5113,CITY OF PLAYFORD.,2,2,0,0,2,2019,January,Monday,10:06 AM,60,Divided Road,Straight road,Level,Not Applicable,Sealed,Dry,Not Raining,Daylight,Hit Fixed Object,1,Driver Rider,2: MI,No Control,,,1336462.67,1694643.68,1.33646E+13
2019-574-8/07/2020,3 Country,TRURO,5356,MID MURRAY DISTRICT COUNCIL,1,0,0,0,0,2019,January,Monday,9:30 AM,100,Not Divided,"CURVED, VIEW OBSCURED",Crest of Hill,Not Applicable,Unsealed,Dry,Not Raining,Daylight,Roll Over,1,Driver Rider,1: PDO,No Control,,,1388913.89,1723385.01,1.38891E+13
2019-575-8/07/2020,2 Metropolitan,HENLEY BEACH SOUTH,5022,CITY OF CHARLES STURT,2,1,0,0,1,2019,January,Monday,7:35 AM,60,Divided Road,"CURVED, VIEW OPEN",Level,Not Applicable,Sealed,Dry,Not Raining,Daylight,Hit Fixed Object,1,Driver Rider,2: MI,No Control,,Y,1319931.59,1670967.06,1.31993E+13
2019-576-8/07/2020,2 Metropolitan,CRAFERS,5152,THE ADELAIDE HILLS COUNCIL,2,0,0,0,0,2019,January,Sunday,5:00 PM,50,Not Divided,Straight road,Slope,Not Applicable,Sealed,Dry,Not Raining,Daylight,Side Swipe,1,Driver Rider,1: PDO,No Control,,,1337775.59,1662393.46,1.33778E+13
2019-577-8/07/2020,2 Metropolitan,SALISBURY PLAIN,5109,CITY OF SALISBURY,2,0,0,0,0,2019,January,Monday,7:40 AM,60,Cross Road,Straight road,Level,Not Applicable,Sealed,Dry,Not Raining,Daylight,Side Swipe,2,Driver Rider,1: PDO,Roundabout,,,1333807.7,1687916.19,1.33381E+13
2019-578-8/07/2020,3 Country,LUCINDALE,5272,DC NARACOORTE & LUCINDALE.,1,0,0,0,0,2019,January,Monday,4:30 AM,110,Not Divided,Straight road,Level,"Bridge, Culvert, Causeway",Sealed,Dry,Not Raining,Night,Left Road - Out of Control,1,Driver Rider,1: PDO,No Control,,,1486045.95,1431272.14,1.48605E+13
2019-579-8/07/2020,2 Metropolitan,HILLCREST,5086,CITY OF PORT ADELAIDE ENFIELD,2,0,0,0,0,2019,January,Monday,11:15 AM,60,T-Junction,Straight road,Level,Not Applicable,Sealed,Dry,Not Raining,Daylight,Right Angle,1,Driver Rider,1: PDO,Stop Sign,,,1332189.08,1676680.17,1.33219E+13
2019-580-8/07/2020,2 Metropolitan,NORTH PLYMPTON,5037,CITY OF WEST TORRENS,2,0,0,0,0,2019,January,Monday,11:08 AM,50,Not Divided,Straight road,Level,Driveway or Entrance,Sealed,Dry,Not Raining,Daylight,Hit Parked Vehicle,1,Driver Rider,1: PDO,No Control,,,1322999.55,1667062.45,1.323E+13
2019-581-8/07/2020,2 Metropolitan,SEAFORD MEADOWS,5169,CITY OF ONKAPARINGA,3,0,0,0,0,2019,January,Saturday,12:00 PM,60,Not Divided,Straight road,Level,Not Applicable,Sealed,Dry,Not Raining,Daylight,Rear End,1,Driver Rider,1: PDO,No Control,,,1317550.85,1642796.62,1.31755E+13
2019-582-8/07/2020,2 Metropolitan,WOODSIDE,5244,THE ADELAIDE HILLS COUNCIL,2,0,0,0,0,2019,January,Monday,1:30 PM,60,T-Junction,Straight road,Level,Not Applicable,Sealed,Dry,Not Raining,Daylight,Rear End,2,Driver Rider,1: PDO,No Control,,,1354212.91,1668518.08,1.35421E+13
2019-583-8/07/2020,2 Metropolitan,GLANVILLE,5015,CITY OF PORT ADELAIDE ENFIELD,2,1,0,0,1,2019,January,Monday,12:24 PM,50,Cross Road,Straight road,Level,Not Applicable,Sealed,Dry,Not Raining,Daylight,Right Angle,2,Driver Rider,2: MI,Stop Sign,,,1318875.27,1679811.7,1.31888E+13
2019-584-8/07/2020,3 Country,MURRAY BRIDGE,5253,RC MURRAY BRIDGE.             ,2,0,0,0,0,2019,January,Monday,9:47 AM,50,T-Junction,Straight road,Level,Not Applicable,Sealed,Dry,Not Raining,Daylight,Right Angle,2,Driver Rider,1: PDO,No Control,,,1388495.45,1646648.79,1.3885E+13
2019-585-8/07/2020,2 Metropolitan,BOWDEN,5007,CITY OF CHARLES STURT,2,1,0,0,1,2019,January,Monday,6:45 AM,60,Divided Road,Straight road,Level,Not Applicable,Sealed,Dry,Not Raining,Daylight,Side Swipe,1,Driver Rider,2: MI,No Control,,,1326756.27,1672932.39,1.32676E+13
2019-586-8/07/2020,2 Metropolitan,MITCHELL PARK,5043,CC MARION.                    ,2,0,0,0,0,2019,January,Monday,3:10 PM,60,Divided Road,Straight road,Level,Not Applicable,Sealed,Dry,Not Raining,Daylight,Side Swipe,2,Driver Rider,1: PDO,No Control,,,1324384.12,1661417.67,1.32438E+13
2019-587-8/07/2020,3 Country,BULL CREEK,5157,ALEXANDRINA COUNCIL,2,0,0,0,0,2019,January,Monday,12:06 PM,25,Not Divided,Straight road,Level,Roadworks,Sealed,Dry,Not Raining,Daylight,Hit Parked Vehicle,1,Driver Rider,1: PDO,No Control,,,1341800.13,1633536.5,1.3418E+13
2019-588-8/07/2020,2 Metropolitan,VIRGINIA,5120,CITY OF PLAYFORD.,2,1,0,0,1,2019,January,Monday,3:30 PM,90,T-Junction,Straight road,Level,Not Applicable,Sealed,Dry,Not Raining,Daylight,Hit Fixed Object,1,Driver Rider,2: MI,Give Way Sign,,,1326421.71,1696569.21,1.32642E+13
2019-589-8/07/2020,2 Metropolitan,WINGFIELD,5013,CITY OF PORT ADELAIDE ENFIELD,2,0,0,0,0,2019,January,Monday,4:25 PM,60,Cross Road,Straight road,Level,Not Applicable,Sealed,Dry,Not Raining,Daylight,Right Angle,1,Driver Rider,1: PDO,Give Way Sign,,,1325115.68,1679699.32,1.32512E+13
2019-590-8/07/2020,1 City,ADELAIDE,5000,CITY OF ADELAIDE,2,0,0,0,0,2019,January,Monday,4:10 PM,50,Cross Road,Straight road,Level,Not Applicable,Sealed,Dry,Not Raining,Daylight,Side Swipe,1,Driver Rider,1: PDO,Traffic Signals,,,1328463.96,1670516.22,1.32846E+13
2019-591-8/07/2020,2 Metropolitan,SALISBURY,5108,CITY OF SALISBURY,2,0,0,0,0,2019,January,Monday,4:40 PM,60,Divided Road,Straight road,Level,Not Applicable,Sealed,Dry,Not Raining,Daylight,Rear End,2,Driver Rider,1: PDO,No Control,,,1332686.63,1688388.79,1.33269E+13
2019-592-8/07/2020,2 Metropolitan,OLD NOARLUNGA,5168,CITY OF ONKAPARINGA,2,0,0,0,0,2019,January,Friday,3:30 PM,60,Divided Road,"CURVED, VIEW OPEN",Level,Not Applicable,Sealed,Dry,Not Raining,Daylight,Side Swipe,1,Driver Rider,1: PDO,No Control,,,1317971.83,1642415.01,1.31797E+13
2019-593-8/07/2020,3 Country,CLARE,5453,CLARE AND GILBERT VALLEYS DISTRICT COUNCIL,2,0,0,0,0,2019,January,Monday,5:05 PM,50,Cross Road,Straight road,Level,Not Applicable,Sealed,Dry,Not Raining,Daylight,Right Angle,1,Driver Rider,1: PDO,Give Way Sign,,,1334044.48,1792121.89,1.33404E+13
2019-594-8/07/2020,2 Metropolitan,WINGFIELD,5013,CITY OF PORT ADELAIDE ENFIELD,3,0,0,0,0,2019,January,Monday,5:45 PM,90,Divided Road,Straight road,Level,Not Applicable,Sealed,Dry,Not Raining,Daylight,Rear End,1,Driver Rider,1: PDO,No Control,,,1325506.46,1680105.76,1.32551E+13
2019-595-8/07/2020,2 Metropolitan,KILBURN,5084,CITY OF PORT ADELAIDE ENFIELD,2,0,0,0,0,2019,January,Monday,3:40 PM,50,Not Divided,Straight road,Level,Not Applicable,Sealed,Dry,Not Raining,Daylight,Rear End,2,Driver Rider,1: PDO,No Control,,,1327992.79,1678635.76,1.32799E+13
2019-596-8/07/2020,3 Country,WILLUNGA HILL,5172,ALEXANDRINA COUNCIL,1,0,0,0,0,2019,January,Monday,6:30 AM,80,Not Divided,Straight road,Level,Not Applicable,Sealed,Dry,Not Raining,Daylight,Left Road - Out of Control,1,Driver Rider,1: PDO,No Control,,,1325519.52,1629689.68,1.32552E+13
2019-597-8/07/2020,2 Metropolitan,TROTT PARK,5158,CC MARION.                    ,2,0,0,0,0,2019,January,Monday,6:21 PM,70,T-Junction,Straight road,Level,Not Applicable,Sealed,Dry,Not Raining,Daylight,Rear End,2,Driver Rider,1: PDO,Give Way Sign,,,1322900.83,1656577.1,1.3229E+13
2019-598-8/07/2020,2 Metropolitan,OLD NOARLUNGA,5168,CITY OF ONKAPARINGA,2,1,0,0,1,2019,January,Sunday,4:15 PM,60,T-Junction,Straight road,Slope,Not Applicable,Sealed,Dry,Not Raining,Daylight,Right Angle,1,Driver Rider,2: MI,No Control,,,1318300.61,1641707.54,1.3183E+13
2019-599-8/07/2020,2 Metropolitan,NETHERBY,5062,CC MITCHAM.                   ,2,0,0,0,0,2019,January,Monday,4:30 PM,60,Cross Road,Straight road,Level,Not Applicable,Sealed,Dry,Not Raining,Daylight,Right Angle,2,Driver Rider,1: PDO,Give Way Sign,,,1330794.79,1665332.13,1.3308E+13
2019-600-8/07/2020,3 Country,DUBLIN,5501,DC MALLALA.                   ,2,1,1,0,0,2019,January,Monday,3:05 PM,110,T-Junction,Straight road,Level,Not Applicable,Sealed,Dry,Not Raining,Daylight,Rear End,1,Driver Rider,4: Fatal,Give Way Sign,,,1310008.48,1721053.77,1.31001E+13
2019-601-8/07/2020,2 Metropolitan,HILTON,5033,CITY OF WEST TORRENS,3,0,0,0,0,2019,January,Sunday,4:10 PM,60,Divided Road,Straight road,Level,Not Applicable,Sealed,Dry,Not Raining,Daylight,Rear End,1,Driver Rider,1: PDO,No Control,,,1325737.76,1670083.88,1.32574E+13
2019-602-8/07/2020,2 Metropolitan,PASADENA,5042,CC MITCHAM.                   ,2,0,0,0,0,2019,January,Monday,7:10 PM,60,T-Junction,Straight road,Crest of Hill,Not Applicable,Sealed,Dry,Not Raining,Daylight,Right Angle,1,Driver Rider,1: PDO,No Control,,,1327550.91,1662472.99,1.32755E+13
2019-603-8/07/2020,2 Metropolitan,WINDSOR GARDENS,5087,CITY OF PORT ADELAIDE ENFIELD,2,2,0,0,2,2019,January,Monday,7:00 PM,60,Cross Road,Straight road,Level,Not Applicable,Sealed,Dry,Not Raining,Daylight,Right Angle,1,Driver Rider,2: MI,Give Way Sign,,,1333312.76,1677650.73,1.33331E+13
2019-604-8/07/2020,3 Country,HINDMARSH VALLEY,5211,DC VICTOR HARBOR.             ,2,1,0,0,1,2019,January,Monday,8:00 PM,100,Not Divided,Straight road,Bottom of Hill,Not Applicable,Sealed,Dry,Not Raining,Daylight,Hit Fixed Object,1,Driver Rider,2: MI,No Control,,,1329653.01,1609630.12,1.32965E+13
2019-605-8/07/2020,2 Metropolitan,BEDFORD PARK,5042,CC MITCHAM.                   ,2,0,0,0,0,2019,January,Monday,10:40 PM,70,Cross Road,Straight road,Level,Not Applicable,Sealed,Dry,Not Raining,Night,Right Angle,1,Driver Rider,1: PDO,Traffic Signals,,,1325149.68,1660407.47,1.32515E+13
2019-606-8/07/2020,3 Country,WHYALLA BARSON,5601,CC WHYALLA.                   ,2,0,0,0,0,2019,January,Tuesday,12:00 AM,110,Divided Road,Straight road,Level,Not Applicable,Sealed,Dry,Not Raining,Night,Hit Animal,4,Animal,1: PDO,No Control,,,1240495.52,1887318.93,1.2405E+13
2019-607-8/07/2020,3 Country,NILDOTTIE,5238,MID MURRAY DISTRICT COUNCIL,1,1,0,0,1,2019,January,Tuesday,3:00 AM,110,Not Divided,Straight road,Level,Not Applicable,Sealed,Dry,Not Raining,Night,Roll Over,1,Driver Rider,2: MI,No Control,,,1418670.17,1688777.59,1.41867E+13
2019-608-8/07/2020,2 Metropolitan,PARALOWIE,5108,CITY OF SALISBURY,3,0,0,0,0,2019,January,Tuesday,8:40 AM,90,Divided Road,Straight road,Level,Not Applicable,Sealed,Dry,Not Raining,Daylight,Rear End,1,Driver Rider,1: PDO,No Control,,,1328413.97,1688872.69,1.32841E+13
2019-609-8/07/2020,3 Country,MOUNT GAMBIER,5290,CC MT.GAMBIER.                ,1,1,0,1,0,2019,January,Tuesday,1:00 PM,60,Divided Road,Straight road,Slope,Not Applicable,Sealed,Dry,Not Raining,Daylight,Roll Over,1,Driver Rider,3: SI,No Control,,,1510609.64,1341338.84,1.51061E+13
2019-610-8/07/2020,2 Metropolitan,BROADVIEW,5083,CITY OF PORT ADELAIDE ENFIELD,2,0,0,0,0,2019,January,Monday,11:10 AM,50,Not Divided,Straight road,Level,Driveway or Entrance,Sealed,Dry,Not Raining,Daylight,Hit Parked Vehicle,1,Driver Rider,1: PDO,No Control,,,1330256.96,1676604.21,1.33026E+13
2019-611-8/07/2020,2 Metropolitan,WALKERVILLE,5081,WALKERVILLE TOWN COUNCIL,2,0,0,0,0,2019,January,Tuesday,8:10 AM,60,Cross Road,Straight road,Level,Not Applicable,Sealed,Dry,Not Raining,Daylight,Side Swipe,2,Driver Rider,1: PDO,Traffic Signals,,,1329488.84,1674243.03,1.32949E+13
2019-612-8/07/2020,2 Metropolitan,ELIZABETH,5112,CITY OF PLAYFORD.,3,0,0,0,0,2019,January,Tuesday,9:30 AM,50,Divided Road,"CURVED, VIEW OPEN",Level,Not Applicable,Sealed,Dry,Not Raining,Daylight,Rear End,1,Driver Rider,1: PDO,No Control,,,1335605.74,1693792.49,1.33561E+13
2019-613-8/07/2020,2 Metropolitan,PENNINGTON,5013,CITY OF CHARLES STURT,2,0,0,0,0,2019,January,Monday,4:30 PM,50,Not Divided,Straight road,Level,Not Applicable,Sealed,Dry,Not Raining,Daylight,Side Swipe,2,Driver Rider,1: PDO,No Control,,,1321863.19,1678346.23,1.32186E+13
2019-614-8/07/2020,2 Metropolitan,PARKSIDE,5063,CITY OF UNLEY,2,0,0,0,0,2019,January,Saturday,11:00 AM,60,Cross Road,Straight road,Level,Not Applicable,Sealed,Dry,Not Raining,Daylight,Rear End,2,Driver Rider,1: PDO,Traffic Signals,,,1329603.35,1668996.84,1.3296E+13
2019-615-8/07/2020,2 Metropolitan,GEPPS CROSS,5094,CITY OF PORT ADELAIDE ENFIELD,2,0,0,0,0,2019,January,Tuesday,10:10 AM,60,T-Junction,Straight road,Level,Not Applicable,Sealed,Dry,Not Raining,Daylight,Right Angle,1,Driver Rider,1: PDO,No Control,,,1327776.51,1679250.62,1.32778E+13
2019-616-8/07/2020,2 Metropolitan,PROSPECT,5082,CITY OF PROSPECT,2,1,0,0,1,2019,January,Monday,5:00 AM,60,Divided Road,Straight road,Level,Not Applicable,Sealed,Dry,Not Raining,Night,Rear End,2,Driver Rider,2: MI,No Control,,,1327237.09,1676365.83,1.32724E+13
2019-617-8/07/2020,2 Metropolitan,MILE END,5031,CITY OF WEST TORRENS,4,2,0,0,2,2019,January,Tuesday,10:55 AM,60,Not Divided,Straight road,Level,Not Applicable,Sealed,Dry,Not Raining,Daylight,Rear End,1,Driver Rider,2: MI,No Control,,,1325741.43,1670938.04,1.32574E+13
2019-618-8/07/2020,2 Metropolitan,GLENELG SOUTH,5045,CITY OF HOLDFAST BAY,2,1,0,1,0,2019,January,Tuesday,11:35 AM,60,T-Junction,Straight road,Level,Not Applicable,Sealed,Dry,Not Raining,Daylight,Right Angle,2,Driver Rider,3: SI,Stop Sign,,,1321040.2,1664020.39,1.32104E+13
2019-619-8/07/2020,2 Metropolitan,ONKAPARINGA HILLS,5163,CITY OF ONKAPARINGA,2,2,0,0,2,2019,January,Tuesday,11:20 AM,80,Not Divided,Straight road,Slope,Not Applicable,Sealed,Dry,Not Raining,Daylight,Head On,1,Driver Rider,2: MI,No Control,,,1325820.11,1649791.61,1.32582E+13
2019-620-8/07/2020,2 Metropolitan,GAWLER SOUTH,5118,CT GAWLER.                    ,2,1,0,0,1,2019,January,Tuesday,1:00 PM,50,Cross Road,Straight road,Level,Not Applicable,Sealed,Dry,Not Raining,Daylight,Rear End,1,Driver Rider,2: MI,Roundabout,,,1342934.62,1705594.27,1.34294E+13
2019-621-8/07/2020,2 Metropolitan,PANORAMA,5041,CC MITCHAM.                   ,2,1,0,0,1,2019,January,Monday,4:00 PM,60,Not Divided,Straight road,Level,Not Applicable,Sealed,Dry,Not Raining,Daylight,Rear End,2,Driver Rider,2: MI,No Control,,,1327617.91,1663488.13,1.32762E+13
2019-622-8/07/2020,1 City,NORTH ADELAIDE,5006,CITY OF ADELAIDE,2,1,0,0,1,2019,January,Tuesday,1:30 PM,50,Cross Road,Straight road,Level,Not Applicable,Sealed,Dry,Not Raining,Daylight,Right Turn,2,Driver Rider,2: MI,Traffic Signals,,,1328435.22,1672204.38,1.32844E+13
2019-623-8/07/2020,2 Metropolitan,DRY CREEK,5094,CITY OF PORT ADELAIDE ENFIELD,2,1,0,1,0,2019,January,Tuesday,6:22 AM,60,Not Divided,Straight road,Level,Not Applicable,Sealed,Dry,Not Raining,Night,Hit Fixed Object,1,Driver Rider,3: SI,No Control,,,1327753.3,1680596.69,1.32775E+13
2019-624-8/07/2020,2 Metropolitan,BOLIVAR,5110,CITY OF SALISBURY,3,0,0,0,0,2019,January,Tuesday,11:34 AM,40,Divided Road,Straight road,Level,Roadworks,Sealed,Dry,Not Raining,Daylight,Rear End,2,Driver Rider,1: PDO,No Control,,,1328449.06,1688647.21,1.32845E+13
2019-625-8/07/2020,2 Metropolitan,SALISBURY,5108,CITY OF SALISBURY,2,0,0,0,0,2019,January,Tuesday,1:53 PM,50,Not Divided,Straight road,Level,Not Applicable,Sealed,Dry,Not Raining,Daylight,Rear End,2,Driver Rider,1: PDO,No Control,,,1333728.43,1688595.26,1.33373E+13
2019-626-8/07/2020,2 Metropolitan,STEPNEY,5069,"CC OF NORWOOD,PAYNEHAM & ST PETERS",2,1,0,0,1,2019,January,Tuesday,1:30 PM,60,Cross Road,Straight road,Level,Not Applicable,Sealed,Dry,Not Raining,Daylight,Rear End,2,Driver Rider,2: MI,Traffic Signals,,,1331106.72,1672391.46,1.33111E+13
2019-627-8/07/2020,2 Metropolitan,KIDMAN PARK,5025,CITY OF CHARLES STURT,2,0,0,0,0,2019,January,Tuesday,2:10 PM,60,Not Divided,Straight road,Level,Not Applicable,Sealed,Dry,Not Raining,Daylight,Hit Parked Vehicle,1,Driver Rider,1: PDO,No Control,,,1322307.18,1673117.09,1.32231E+13
2019-628-8/07/2020,2 Metropolitan,NORTH HAVEN,5018,CITY OF PORT ADELAIDE ENFIELD,2,0,0,0,0,2019,January,Monday,6:00 PM,50,Not Divided,Straight road,Level,Not Applicable,Sealed,Dry,Not Raining,Daylight,Hit Fixed Object,1,Driver Rider,1: PDO,No Control,,,1319557.4,1685949.48,1.31956E+13
2019-629-8/07/2020,3 Country,RENMARK WEST,5341,DC RENMARK PARINGA            ,2,2,0,0,2,2019,January,Tuesday,2:00 PM,80,Cross Road,Straight road,Level,Not Applicable,Sealed,Dry,Not Raining,Daylight,Right Angle,2,Driver Rider,2: MI,Stop Sign,,,1525198.73,1745983.12,1.5252E+13
2019-630-8/07/2020,1 City,NORTH ADELAIDE,5006,CITY OF ADELAIDE,2,0,0,0,0,2019,January,Tuesday,8:45 AM,50,Not Divided,Straight road,Level,Not Applicable,Sealed,Dry,Not Raining,Daylight,Hit Parked Vehicle,1,Driver Rider,1: PDO,No Control,,,1328337.43,1672387.69,1.32834E+13
2019-631-8/07/2020,2 Metropolitan,WILLUNGA,5172,CITY OF ONKAPARINGA,1,0,0,0,0,2019,January,Tuesday,3:13 PM,100,Not Divided,Straight road,Slope,Not Applicable,Sealed,Dry,Not Raining,Daylight,Roll Over,1,Driver Rider,1: PDO,No Control,,,1321305.62,1633286.04,1.32131E+13
2019-632-8/07/2020,2 Metropolitan,MODBURY,5092,CITY OF TEA TREE GULLY,2,0,0,0,0,2019,January,Tuesday,12:40 PM,60,Divided Road,Straight road,Level,Not Applicable,Sealed,Dry,Not Raining,Daylight,Rear End,1,Driver Rider,1: PDO,No Control,,,1335805.9,1680016.92,1.33581E+13
2019-633-8/07/2020,2 Metropolitan,SHEIDOW PARK,5158,CC MARION.                    ,3,1,0,0,1,2019,January,Tuesday,4:00 PM,80,Divided Road,Straight road,Level,Not Applicable,Sealed,Dry,Not Raining,Daylight,Rear End,1,Driver Rider,2: MI,No Control,,,1320458.74,1653999.05,1.32046E+13
2019-634-8/07/2020,2 Metropolitan,COLLINSWOOD,5081,CITY OF PROSPECT,2,0,0,0,0,2019,January,Tuesday,4:30 PM,60,T-Junction,Straight road,Level,Not Applicable,Sealed,Dry,Not Raining,Daylight,Right Angle,1,Driver Rider,1: PDO,Traffic Signals,,,1330007.92,1674808.61,1.33001E+13
2019-635-8/07/2020,2 Metropolitan,GEPPS CROSS,5094,CITY OF PORT ADELAIDE ENFIELD,2,0,0,0,0,2019,January,Tuesday,4:40 PM,60,Multiple,Straight road,Level,Not Applicable,Sealed,Dry,Not Raining,Daylight,Rear End,2,Driver Rider,1: PDO,Traffic Signals,,,1328797.53,1679280.27,1.3288E+13
2019-636-8/07/2020,2 Metropolitan,KURRALTA PARK,5037,CITY OF WEST TORRENS,2,1,0,0,1,2019,January,Tuesday,5:30 PM,60,Cross Road,Straight road,Level,Not Applicable,Sealed,Dry,Not Raining,Daylight,Rear End,1,Driver Rider,2: MI,Traffic Signals,,,1325808.51,1668480.07,1.32581E+13
2019-637-8/07/2020,2 Metropolitan,UNLEY,5061,CITY OF UNLEY,3,0,0,0,0,2019,January,Tuesday,5:43 PM,60,Cross Road,Straight road,Level,Not Applicable,Sealed,Dry,Not Raining,Daylight,Rear End,1,Driver Rider,1: PDO,Traffic Signals,,,1328494.76,1668964.99,1.3285E+13
2019-638-8/07/2020,2 Metropolitan,WINDSOR GARDENS,5087,CITY OF PORT ADELAIDE ENFIELD,2,0,0,0,0,2019,January,Tuesday,4:30 PM,50,Not Divided,"CURVED, VIEW OPEN",Level,Not Applicable,Sealed,Dry,Not Raining,Daylight,Hit Parked Vehicle,1,Driver Rider,1: PDO,No Control,,,1333072.55,1676755.62,1.33307E+13
2019-639-8/07/2020,2 Metropolitan,BEDFORD PARK,5042,CC MARION.                    ,2,0,0,0,0,2019,January,Tuesday,9:30 AM,70,Divided Road,Straight road,Level,Not Applicable,Sealed,Dry,Not Raining,Daylight,Side Swipe,1,Driver Rider,1: PDO,No Control,,,1325190.72,1660538.4,1.32519E+13
2019-640-8/07/2020,2 Metropolitan,POORAKA,5095,CITY OF SALISBURY,2,0,0,0,0,2019,January,Monday,4:20 PM,70,Divided Road,Straight road,Level,Not Applicable,Sealed,Dry,Not Raining,Daylight,Rear End,1,Driver Rider,1: PDO,No Control,,,1330524.11,1681862.61,1.33052E+13
2019-641-8/07/2020,2 Metropolitan,WALKERVILLE,5081,CITY OF PROSPECT,4,0,0,0,0,2019,January,Tuesday,6:30 PM,60,Divided Road,Straight road,Level,Not Applicable,Sealed,Dry,Not Raining,Daylight,Rear End,1,Driver Rider,1: PDO,No Control,,,1330445.29,1675187.58,1.33045E+13
2019-642-8/07/2020,2 Metropolitan,WESTBOURNE PARK,5041,CC MITCHAM.                   ,2,0,0,0,0,2019,January,Tuesday,9:15 AM,60,Cross Road,Straight road,Level,Not Applicable,Sealed,Dry,Not Raining,Daylight,Rear End,2,Driver Rider,1: PDO,Traffic Signals,,,1327507.74,1666207.56,1.32751E+13
2019-643-8/07/2020,2 Metropolitan,BROOKLYN PARK,5032,CITY OF WEST TORRENS,2,1,0,0,1,2019,January,Tuesday,5:00 PM,60,T-Junction,Straight road,Level,Not Applicable,Sealed,Dry,Not Raining,Daylight,Right Angle,1,Driver Rider,2: MI,No Control,,,1324141.55,1669861.03,1.32414E+13
2019-644-8/07/2020,2 Metropolitan,OVINGHAM,5082,CITY OF CHARLES STURT,2,0,0,0,0,2019,January,Tuesday,8:10 PM,40,T-Junction,Straight road,Level,Not Applicable,Sealed,Dry,Not Raining,Daylight,Right Angle,1,Driver Rider,1: PDO,No Control,,,1327048.37,1673346.53,1.32705E+13
2019-645-8/07/2020,2 Metropolitan,MEDINDIE,5081,WALKERVILLE TOWN COUNCIL,2,1,0,0,1,2019,January,Wednesday,5:55 AM,60,Multiple,"CURVED, VIEW OPEN",Level,Not Applicable,Sealed,Dry,Not Raining,Night,Right Angle,1,Driver Rider,2: MI,Traffic Signals,,,1329427.23,1673281.86,1.32943E+13
2019-646-8/07/2020,2 Metropolitan,KURRALTA PARK,5037,CITY OF WEST TORRENS,2,0,0,0,0,2019,January,Tuesday,10:00 PM,50,Not Divided,Straight road,Level,Not Applicable,Sealed,Dry,Not Raining,Night,Hit Parked Vehicle,2,Driver Rider,1: PDO,No Control,,,1325640.27,1668291.7,1.32564E+13
2019-647-8/07/2020,2 Metropolitan,THEBARTON,5031,CITY OF WEST TORRENS,2,1,0,0,1,2019,January,Wednesday,7:55 AM,60,T-Junction,Straight road,Level,Not Applicable,Sealed,Dry,Not Raining,Daylight,Right Angle,2,Driver Rider,2: MI,No Control,,,1326533.08,1671892.4,1.32653E+13