REPORT_ID,Stats Area,Suburb,Postcode,LGA Name,Total Units,Total Cas,Total Fats,Total SI,Total MI,Year,Month,Day,Time,Area Speed,Position Type,Horizontal Align,Vertical Align,Other Feat,Road Surface,Moisture Cond,Weather Cond,DayNight,Crash Type,Unit Resp,Entity Code,CSEF Severity,Traffic Ctrls,DUI Involved,Drugs Involved,ACCLOC_X,ACCLOC_Y,UNIQUE_LOC
2019-648-8/07/2020,2 Metropolitan,ELIZABETH,5112,CITY OF PLAYFORD.,2,0,0,0,0,2019,January,Wednesday,8:55 AM,50,Not Divided,Straight road,Level,Not Applicable,Sealed,Dry,Not Raining,Daylight,Hit Fixed Object,1,Driver Rider,1: PDO,No Control,,,1335374.24,1692947.97,1.33537E+13
2019-649-8/07/2020,3 Country,WIRRAMINNA,5719,,1,1,0,1,0,2019,January,Tuesday,8:20 PM,110,Not Divided,Straight road,Level,Not Applicable,Sealed,Dry,Not Raining,Daylight,Roll Over,1,Driver Rider,3: SI,No Control,Y,,1108557.62,2090882,1.10856E+13
2019-650-8/07/2020,2 Metropolitan,EVERARD PARK,5035,CITY OF UNLEY,2,0,0,0,0,2019,January,Tuesday,11:15 AM,60,Cross Road,Straight road,Level,Not Applicable,Sealed,Dry,Not Raining,Daylight,Side Swipe,2,Driver Rider,1: PDO,Traffic Signals,,,1325838.75,1667742.18,1.32584E+13
2019-651-8/07/2020,3 Country,LOWBANK,5330,LOXTON WAIKERIE DISTRICT COUNCIL,2,0,0,0,0,2019,January,Tuesday,4:20 PM,110,Not Divided,Straight road,Level,Not Applicable,Sealed,Dry,Not Raining,Daylight,Rear End,2,Driver Rider,1: PDO,No Control,,,1470614.73,1746660.46,1.47062E+13
2019-652-8/07/2020,3 Country,GREENWAYS,5272,DC ROBE.                      ,2,0,0,0,0,2019,January,Saturday,11:30 PM,110,Not Divided,Straight road,Level,Not Applicable,Sealed,Dry,Not Raining,Night,Hit Animal,2,Animal,1: PDO,No Control,,,1459092.3,1412446.81,1.45909E+13
2019-653-8/07/2020,2 Metropolitan,THORNGATE,5082,WALKERVILLE TOWN COUNCIL,3,1,0,0,1,2019,January,Wednesday,10:25 AM,60,Divided Road,Straight road,Level,Not Applicable,Sealed,Dry,Not Raining,Daylight,Rear End,1,Driver Rider,2: MI,No Control,,,1328417.88,1673744.53,1.32842E+13
2019-654-8/07/2020,2 Metropolitan,ULEYBURY,5114,CITY OF PLAYFORD.,2,1,0,0,1,2019,January,Wednesday,9:00 AM,80,Not Divided,"CURVED, VIEW OBSCURED",Level,Not Applicable,Sealed,Dry,Not Raining,Daylight,Hit Fixed Object,1,Driver Rider,2: MI,No Control,,,1340924.82,1697858.52,1.34093E+13
2019-655-8/07/2020,2 Metropolitan,DRY CREEK,5094,CITY OF PORT ADELAIDE ENFIELD,2,1,0,0,1,2019,January,Wednesday,12:05 PM,60,Not Divided,Straight road,Level,Not Applicable,Sealed,Dry,Not Raining,Daylight,Rear End,1,Driver Rider,2: MI,No Control,,,1327908.93,1680740.75,1.32791E+13
2019-656-8/07/2020,2 Metropolitan,WAYVILLE,5034,CITY OF UNLEY,2,0,0,0,0,2019,January,Wednesday,1:08 PM,60,Divided Road,Straight road,Level,Not Applicable,Sealed,Dry,Not Raining,Daylight,Side Swipe,1,Driver Rider,1: PDO,No Control,,,1327271.2,1668909.03,1.32727E+13
2019-657-8/07/2020,2 Metropolitan,PLYMPTON PARK,5038,CC MARION.                    ,2,0,0,0,0,2019,January,Wednesday,2:00 PM,50,T-Junction,Straight road,Level,Not Applicable,Sealed,Dry,Not Raining,Daylight,Right Angle,1,Driver Rider,1: PDO,No Control,,,1323694.99,1664737.77,1.3237E+13
2019-658-8/07/2020,2 Metropolitan,POORAKA,5095,CITY OF SALISBURY,2,1,0,0,1,2019,January,Wednesday,6:30 AM,70,Cross Road,Straight road,Level,Not Applicable,Sealed,Dry,Not Raining,Daylight,Rear End,2,Driver Rider,2: MI,Traffic Signals,,,1330499.62,1681832.25,1.3305E+13
2019-659-8/07/2020,2 Metropolitan,MILE END,5031,CITY OF WEST TORRENS,2,0,0,0,0,2019,January,Wednesday,2:45 PM,50,Not Divided,Straight road,Level,Not Applicable,Unsealed,Dry,Not Raining,Daylight,Side Swipe,2,Driver Rider,1: PDO,No Control,,,1326177.03,1670948.26,1.32618E+13
2019-660-8/07/2020,2 Metropolitan,GLENELG EAST,5045,CITY OF HOLDFAST BAY,3,0,0,0,0,2019,January,Wednesday,3:30 PM,60,Not Divided,Straight road,Level,Not Applicable,Sealed,Dry,Not Raining,Daylight,Rear End,1,Driver Rider,1: PDO,No Control,,,1321018.38,1665009.89,1.32102E+13
2019-661-8/07/2020,2 Metropolitan,TUSMORE,5065,CITY OF BURNSIDE,2,0,0,0,0,2019,January,Wednesday,2:47 PM,50,Not Divided,Straight road,Level,Not Applicable,Sealed,Dry,Not Raining,Daylight,Head On,1,Driver Rider,1: PDO,No Control,,,1333180.86,1669568.18,1.33318E+13
2019-662-8/07/2020,2 Metropolitan,EVANSTON,5116,CT GAWLER.                    ,2,0,0,0,0,2019,January,Wednesday,4:40 PM,50,T-Junction,Straight road,Level,Not Applicable,Sealed,Dry,Not Raining,Daylight,Right Angle,2,Driver Rider,1: PDO,No Control,,,1342341.41,1704106.77,1.34234E+13
2019-663-8/07/2020,2 Metropolitan,SALISBURY,5108,CITY OF SALISBURY,2,0,0,0,0,2019,January,Tuesday,10:30 PM,50,Not Divided,Straight road,Level,Not Applicable,Sealed,Dry,Not Raining,Night,Hit Fixed Object,1,Driver Rider,1: PDO,No Control,,,1332215.82,1688458.04,1.33222E+13
2019-664-8/07/2020,1 City,ADELAIDE,5000,CITY OF ADELAIDE,2,1,0,0,1,2019,January,Tuesday,4:30 PM,50,Not Divided,Straight road,Level,Not Applicable,Sealed,Dry,Not Raining,Daylight,Rear End,2,Driver Rider,2: MI,No Control,,,1327487.64,1670489.44,1.32749E+13
2019-665-8/07/2020,2 Metropolitan,BROMPTON,5007,CITY OF CHARLES STURT,2,0,0,0,0,2019,January,Wednesday,4:17 PM,40,Cross Road,Straight road,Level,Not Applicable,Sealed,Dry,Not Raining,Daylight,Right Angle,1,Driver Rider,1: PDO,Give Way Sign,,,1326730.05,1674007.6,1.32673E+13
2019-666-8/07/2020,2 Metropolitan,GLENELG,5045,CITY OF HOLDFAST BAY,2,0,0,0,0,2019,January,Wednesday,5:55 PM,40,T-Junction,Straight road,Level,Not Applicable,Sealed,Dry,Not Raining,Daylight,Side Swipe,2,Driver Rider,1: PDO,Stop Sign,,,1320375.75,1664881.97,1.32038E+13
2019-667-8/07/2020,2 Metropolitan,ROSE PARK,5067,CITY OF BURNSIDE,2,1,0,0,1,2019,January,Wednesday,8:50 AM,60,T-Junction,Straight road,Level,Not Applicable,Sealed,Dry,Not Raining,Daylight,Rear End,1,Driver Rider,2: MI,Stop Sign,,,1330642.1,1670244.74,1.33064E+13
2019-668-8/07/2020,2 Metropolitan,ASCOT PARK,5043,CC MARION.                    ,2,1,0,1,0,2019,January,Wednesday,6:15 PM,60,T-Junction,Straight road,Level,Not Applicable,Sealed,Dry,Not Raining,Daylight,Right Turn,2,Driver Rider,3: SI,No Control,Y,,1324323.65,1663648.09,1.32432E+13
2019-669-8/07/2020,2 Metropolitan,SURREY DOWNS,5126,CITY OF TEA TREE GULLY,2,1,0,0,1,2019,January,Wednesday,7:31 PM,50,Not Divided,"CURVED, VIEW OPEN",Level,Not Applicable,Sealed,Dry,Not Raining,Daylight,Head On,2,Driver Rider,2: MI,No Control,,,1339534.67,1683946.5,1.33954E+13
2019-670-8/07/2020,2 Metropolitan,PARALOWIE,5108,CITY OF SALISBURY,3,1,0,0,1,2019,January,Wednesday,4:25 PM,60,T-Junction,Straight road,Level,Not Applicable,Sealed,Dry,Not Raining,Daylight,Rear End,1,Driver Rider,2: MI,Traffic Signals,,,1331067.07,1690098.86,1.33107E+13
2019-671-8/07/2020,2 Metropolitan,PARKSIDE,5063,CITY OF UNLEY,2,0,0,0,0,2019,January,Wednesday,7:39 PM,60,Cross Road,Straight road,Level,Not Applicable,Sealed,Dry,Not Raining,Daylight,Right Angle,1,Driver Rider,1: PDO,Stop Sign,,,1329069.58,1668563.26,1.32907E+13
2019-672-8/07/2020,3 Country,VEITCH,5311,LOXTON WAIKERIE DISTRICT COUNCIL,1,0,0,0,0,2019,January,Wednesday,5:30 PM,110,Not Divided,Straight road,Level,Not Applicable,Sealed,Dry,Not Raining,Daylight,Roll Over,1,Driver Rider,1: PDO,No Control,,,1504660.35,1691158.1,1.50466E+13
2019-673-8/07/2020,3 Country,PORT BONYTHON,5601,CC WHYALLA.                   ,3,1,0,0,1,2019,January,Wednesday,11:10 PM,80,Not Divided,"CURVED, VIEW OPEN",Level,Not Applicable,Sealed,Dry,Not Raining,Night,Hit Animal,2,Animal,2: MI,No Control,,,1258821.43,1887496.22,1.25882E+13
2019-674-8/07/2020,1 City,ADELAIDE,5000,CITY OF ADELAIDE,2,0,0,0,0,2019,January,Thursday,3:02 AM,50,Cross Road,"CURVED, VIEW OPEN",Slope,Not Applicable,Sealed,Dry,Not Raining,Night,Rear End,2,Driver Rider,1: PDO,Traffic Signals,,,1327977.06,1670816.13,1.32798E+13
2019-675-8/07/2020,2 Metropolitan,ROSEWATER,5013,CITY OF PORT ADELAIDE ENFIELD,2,0,0,0,0,2019,January,Thursday,7:45 AM,50,Not Divided,Straight road,Level,Not Applicable,Sealed,Dry,Not Raining,Daylight,Side Swipe,2,Driver Rider,1: PDO,No Control,,,1321152.56,1679204.96,1.32115E+13
2019-676-8/07/2020,2 Metropolitan,PAYNEHAM,5070,"CC OF NORWOOD,PAYNEHAM & ST PETERS",2,1,0,0,1,2019,January,Thursday,8:53 AM,60,Cross Road,Straight road,Level,Not Applicable,Sealed,Dry,Not Raining,Daylight,Right Turn,2,Driver Rider,2: MI,Traffic Signals,,,1332169.16,1673780.95,1.33217E+13
2019-677-8/07/2020,3 Country,MILLICENT,5280,WATTLE RANGE COUNCIL,2,1,0,1,0,2019,January,Thursday,8:15 AM,80,Not Divided,Straight road,Level,Not Applicable,Sealed,Dry,Not Raining,Daylight,Side Swipe,1,Driver Rider,3: SI,No Control,,,1469765.19,1369391.65,1.46977E+13
2019-678-8/07/2020,2 Metropolitan,O'HALLORAN HILL,5158,CC MARION.                    ,2,1,0,0,1,2019,January,Thursday,9:13 AM,100,Freeway,Straight road,Level,Not Applicable,Sealed,Dry,Not Raining,Daylight,Hit Fixed Object,1,Driver Rider,2: MI,No Control,,,1323008.58,1655578.88,1.32301E+13
2019-679-8/07/2020,2 Metropolitan,LONSDALE,5160,CITY OF ONKAPARINGA,3,0,0,0,0,2019,January,Thursday,9:25 AM,50,Not Divided,Straight road,Level,Driveway or Entrance,Sealed,Dry,Not Raining,Daylight,Right Angle,2,Driver Rider,1: PDO,No Control,,,1318749.68,1650191.68,1.31875E+13
2019-680-8/07/2020,2 Metropolitan,HIGHGATE,5063,CITY OF UNLEY,2,0,0,0,0,2019,January,Thursday,8:30 AM,40,T-Junction,Straight road,Level,Not Applicable,Sealed,Dry,Not Raining,Daylight,Right Angle,1,Driver Rider,1: PDO,No Control,,,1330517.89,1666417.48,1.33052E+13
2019-681-8/07/2020,2 Metropolitan,ADELAIDE AIRPORT,5950,CITY OF WEST TORRENS,2,0,0,0,0,2019,January,Thursday,9:50 AM,20,Not Divided,Straight road,Level,Not Applicable,Sealed,Dry,Not Raining,Daylight,Rear End,2,Driver Rider,1: PDO,No Control,,,1322814.54,1669640.69,1.32282E+13
2019-682-8/07/2020,3 Country,FURNER,5280,WATTLE RANGE COUNCIL,2,0,0,0,0,2019,January,Wednesday,8:00 AM,100,T-Junction,Straight road,Level,Not Applicable,Unsealed,Dry,Not Raining,Daylight,Side Swipe,2,Driver Rider,1: PDO,No Control,,,1477003.3,1389254.14,1.477E+13
2019-683-8/07/2020,2 Metropolitan,REDWOOD PARK,5097,CITY OF TEA TREE GULLY,2,1,0,0,1,2019,January,Thursday,10:44 AM,70,Divided Road,Straight road,Slope,Not Applicable,Sealed,Dry,Not Raining,Daylight,Hit Fixed Object,1,Driver Rider,2: MI,No Control,,,1337641.91,1683014.99,1.33764E+13
2019-684-8/07/2020,2 Metropolitan,CHANDLERS HILL,5159,CITY OF ONKAPARINGA,2,0,0,0,0,2019,January,Thursday,12:45 PM,60,T-Junction,Straight road,Slope,Not Applicable,Sealed,Dry,Not Raining,Daylight,Right Angle,1,Driver Rider,1: PDO,No Control,,,1328795.87,1652854.18,1.3288E+13
2019-685-8/07/2020,2 Metropolitan,ELIZABETH,5112,CITY OF PLAYFORD.,2,0,0,0,0,2019,January,Thursday,12:00 PM,50,Cross Road,Straight road,Level,Not Applicable,Sealed,Dry,Not Raining,Daylight,Rear End,2,Driver Rider,1: PDO,Give Way Sign,,,1335358.25,1693627.52,1.33536E+13
2019-686-8/07/2020,2 Metropolitan,WINGFIELD,5013,CITY OF PORT ADELAIDE ENFIELD,2,0,0,0,0,2019,January,Thursday,12:35 PM,60,T-Junction,Straight road,Level,Not Applicable,Sealed,Dry,Not Raining,Daylight,Right Angle,1,Driver Rider,1: PDO,Give Way Sign,,,1325127.39,1679183.29,1.32513E+13
2019-687-8/07/2020,1 City,ADELAIDE,5000,CITY OF ADELAIDE,2,0,0,0,0,2019,January,Thursday,12:55 PM,50,Not Divided,Straight road,Level,Not Applicable,Sealed,Dry,Not Raining,Daylight,Right Turn,1,Driver Rider,1: PDO,No Control,,,1328340.74,1670029.09,1.32834E+13
2019-688-8/07/2020,2 Metropolitan,NORTHFIELD,5085,CITY OF PORT ADELAIDE ENFIELD,2,0,0,0,0,2019,January,Thursday,11:05 AM,60,T-Junction,Straight road,Level,Not Applicable,Sealed,Dry,Not Raining,Daylight,Right Angle,2,Driver Rider,1: PDO,Traffic Signals,,,1330407.78,1678042.15,1.33041E+13
2019-689-8/07/2020,2 Metropolitan,GLENELG NORTH,5045,CITY OF HOLDFAST BAY,2,0,0,0,0,2019,January,Thursday,1:10 PM,50,Not Divided,Straight road,Level,Not Applicable,Sealed,Dry,Not Raining,Daylight,Hit Pedestrian,1,Driver Rider,1: PDO,No Control,,,1320142.6,1666275.97,1.32014E+13
2019-690-8/07/2020,3 Country,BARMERA,5345,THE BERRI BARMERA COUNCIL,2,0,0,0,0,2019,January,Wednesday,9:30 PM,80,Not Divided,Straight road,Level,Not Applicable,Sealed,Dry,Not Raining,Night,Hit Fixed Object,1,Driver Rider,1: PDO,No Control,,,1504981.26,1734275.97,1.50498E+13
2019-691-8/07/2020,2 Metropolitan,HAZELWOOD PARK,5066,CITY OF BURNSIDE,2,1,0,0,1,2019,January,Thursday,6:40 PM,60,Cross Road,Straight road,Slope,Not Applicable,Sealed,Dry,Not Raining,Daylight,Rear End,2,Driver Rider,2: MI,Roundabout,,,1333935.99,1669099.19,1.33394E+13
2019-692-8/07/2020,2 Metropolitan,GLENELG EAST,5045,CITY OF HOLDFAST BAY,4,1,0,0,1,2019,January,Thursday,2:30 PM,60,Not Divided,Straight road,Level,Not Applicable,Sealed,Dry,Not Raining,Daylight,Rear End,2,Driver Rider,2: MI,No Control,,,1321050.29,1663834.64,1.32105E+13
2019-693-8/07/2020,3 Country,ASHBOURNE,5157,ALEXANDRINA COUNCIL,2,0,0,0,0,2019,January,Thursday,12:00 PM,100,Not Divided,Straight road,Slope,Not Applicable,Unsealed,Dry,Not Raining,Daylight,Hit Fixed Object,1,Driver Rider,1: PDO,No Control,,,1343167.39,1627820.97,1.34317E+13
2019-694-8/07/2020,2 Metropolitan,TRANMERE,5073,CC CAMPBELLTOWN.              ,2,1,0,0,1,2019,January,Thursday,2:36 PM,60,T-Junction,Straight road,Level,Not Applicable,Sealed,Dry,Not Raining,Daylight,Right Angle,1,Driver Rider,2: MI,Give Way Sign,,,1333845.24,1672457.61,1.33385E+13
2019-695-8/07/2020,2 Metropolitan,CHRISTIES BEACH,5165,CITY OF ONKAPARINGA,2,1,0,0,1,2019,January,Thursday,2:55 PM,60,T-Junction,Straight road,Level,Not Applicable,Sealed,Dry,Not Raining,Daylight,Right Angle,2,Driver Rider,2: MI,No Control,,,1316826.22,1647414.37,1.31683E+13
2019-696-8/07/2020,3 Country,MOUNT GAMBIER,5290,CC MT.GAMBIER.                ,2,0,0,0,0,2019,January,Thursday,3:05 PM,50,Not Divided,Straight road,Level,Not Applicable,Sealed,Dry,Not Raining,Daylight,Hit Parked Vehicle,2,Driver Rider,1: PDO,No Control,,,1509824.48,1339626.27,1.50982E+13
2019-697-8/07/2020,3 Country,RENMARK WEST,5341,DC RENMARK PARINGA            ,2,1,0,0,1,2019,February,Monday,8:40 AM,100,Cross Road,Straight road,Bottom of Hill,Not Applicable,Sealed,Dry,Not Raining,Daylight,Right Angle,2,Driver Rider,2: MI,Give Way Sign,,,1525809.84,1745877.14,1.52581E+13
2019-698-8/07/2020,2 Metropolitan,WOODVILLE PARK,5011,CITY OF CHARLES STURT,3,0,0,0,0,2019,January,Thursday,3:40 PM,50,Not Divided,"CURVED, VIEW OBSCURED",Level,Not Applicable,Sealed,Dry,Not Raining,Daylight,Hit Parked Vehicle,2,Driver Rider,1: PDO,No Control,,,1323795.57,1675627.8,1.3238E+13
2019-699-8/07/2020,2 Metropolitan,SALISBURY EAST,5109,CITY OF SALISBURY,2,0,0,0,0,2019,January,Thursday,4:58 PM,80,Divided Road,Straight road,Level,Not Applicable,Sealed,Dry,Not Raining,Daylight,Rear End,2,Driver Rider,1: PDO,No Control,,,1333354.57,1685445.76,1.33336E+13
2019-700-8/07/2020,2 Metropolitan,KLEMZIG,5087,CITY OF PORT ADELAIDE ENFIELD,2,0,0,0,0,2019,January,Thursday,7:45 AM,60,Cross Road,Straight road,Level,Not Applicable,Unsealed,Dry,Not Raining,Daylight,Rear End,2,Driver Rider,1: PDO,Traffic Signals,,,1332080.32,1676585.35,1.33208E+13
2019-701-8/07/2020,2 Metropolitan,EVANSTON PARK,5116,CT GAWLER.                    ,2,1,0,0,1,2019,January,Thursday,3:50 PM,60,Divided Road,Straight road,Level,Driveway or Entrance,Sealed,Dry,Not Raining,Daylight,Right Angle,1,Driver Rider,2: MI,No Control,,,1342264.71,1703738.18,1.34227E+13
2019-702-8/07/2020,2 Metropolitan,PROSPECT,5082,CITY OF PROSPECT,2,0,0,0,0,2019,January,Thursday,5:05 PM,50,Divided Road,Straight road,Level,Not Applicable,Sealed,Dry,Not Raining,Daylight,Hit Parked Vehicle,1,Driver Rider,1: PDO,No Control,,,1328109.25,1674484.02,1.32811E+13
2019-703-8/07/2020,2 Metropolitan,MODBURY,5092,CITY OF TEA TREE GULLY,2,2,0,0,2,2019,January,Thursday,3:45 PM,60,T-Junction,"CURVED, VIEW OPEN",Level,Not Applicable,Sealed,Dry,Not Raining,Daylight,Right Turn,1,Driver Rider,2: MI,Traffic Signals,,,1337309.47,1681192.91,1.33731E+13
2019-704-8/07/2020,1 City,ADELAIDE,5000,CITY OF ADELAIDE,3,0,0,0,0,2019,January,Thursday,5:30 PM,60,Not Divided,Straight road,Level,Not Applicable,Sealed,Dry,Not Raining,Daylight,Rear End,1,Driver Rider,1: PDO,No Control,,,1329817.91,1671265.59,1.32982E+13
2019-705-8/07/2020,2 Metropolitan,TROTT PARK,5158,CC MARION.                    ,2,0,0,0,0,2019,January,Wednesday,9:50 PM,60,Not Divided,Straight road,Slope,Not Applicable,Sealed,Dry,Not Raining,Night,Hit Parked Vehicle,1,Driver Rider,1: PDO,No Control,,,1322441.22,1654203.75,1.32244E+13
2019-706-8/07/2020,2 Metropolitan,SOUTH PLYMPTON,5038,CC MARION.                    ,2,2,0,0,2,2019,January,Thursday,6:10 PM,60,Cross Road,Straight road,Level,Not Applicable,Sealed,Dry,Not Raining,Daylight,Rear End,1,Driver Rider,2: MI,Traffic Signals,,,1324281.85,1664736.96,1.32428E+13
2019-707-8/07/2020,2 Metropolitan,OVINGHAM,5082,CITY OF PROSPECT,3,0,0,0,0,2019,January,Thursday,5:10 PM,60,Divided Road,Straight road,Slope,Not Applicable,Sealed,Dry,Not Raining,Daylight,Rear End,1,Driver Rider,1: PDO,No Control,Y,,1327300.54,1673828.8,1.3273E+13
2019-708-8/07/2020,2 Metropolitan,HINDMARSH,5007,CITY OF CHARLES STURT,2,0,0,0,0,2019,January,Thursday,7:55 PM,60,T-Junction,Straight road,Level,Not Applicable,Sealed,Dry,Not Raining,Daylight,Right Angle,1,Driver Rider,1: PDO,Traffic Signals,,,1326056.45,1673028.42,1.32606E+13
2019-709-8/07/2020,2 Metropolitan,HINDMARSH,5007,CITY OF CHARLES STURT,2,0,0,0,0,2019,January,Thursday,3:50 PM,60,T-Junction,Straight road,Level,Not Applicable,Sealed,Dry,Not Raining,Daylight,Right Turn,1,Driver Rider,1: PDO,Traffic Signals,,,1326056.45,1673028.42,1.32606E+13
2019-710-8/07/2020,2 Metropolitan,ST AGNES,5097,CITY OF TEA TREE GULLY,2,0,0,0,0,2019,January,Thursday,5:40 PM,60,Divided Road,Straight road,Level,Not Applicable,Sealed,Dry,Not Raining,Daylight,Rear End,1,Driver Rider,1: PDO,No Control,,,1338206.58,1681266.57,1.33821E+13
2019-711-8/07/2020,1 City,ADELAIDE,5000,CITY OF ADELAIDE,2,0,0,0,0,2019,January,Thursday,10:40 PM,50,Cross Road,Straight road,Level,Not Applicable,Sealed,Dry,Not Raining,Night,Right Turn,2,Driver Rider,1: PDO,Traffic Signals,,,1327930.12,1670340.86,1.32793E+13
2019-712-8/07/2020,3 Country,WILLALOOKA,5267,DC TATIARA.                   ,2,1,0,0,1,2019,January,Friday,4:00 AM,110,Not Divided,Straight road,Level,Not Applicable,Sealed,Dry,Not Raining,Night,Head On,1,Driver Rider,2: MI,No Control,,Y,1480563.66,1509555.07,1.48056E+13
2019-713-8/07/2020,3 Country,STOCKYARD PLAIN,5330,LOXTON WAIKERIE DISTRICT COUNCIL,2,0,0,0,0,2019,January,Thursday,2:00 PM,110,Not Divided,Straight road,Slope,Not Applicable,Sealed,Dry,Not Raining,Daylight,Hit Fixed Object,1,Driver Rider,1: PDO,No Control,,,1439325.78,1738494.12,1.43933E+13
2019-714-8/07/2020,2 Metropolitan,WINGFIELD,5013,CITY OF PORT ADELAIDE ENFIELD,2,0,0,0,0,2019,January,Thursday,12:30 PM,50,Not Divided,"CURVED, VIEW OPEN",Level,Not Applicable,Sealed,Dry,Not Raining,Daylight,Hit Parked Vehicle,1,Driver Rider,1: PDO,No Control,,,1326249.62,1679696.32,1.32625E+13
2019-715-8/07/2020,3 Country,PENRICE,5353,THE BAROSSA COUNCIL.,2,0,0,0,0,2019,January,Friday,7:45 AM,80,Not Divided,"CURVED, VIEW OPEN",Slope,Not Applicable,Sealed,Dry,Not Raining,Daylight,Head On,2,Driver Rider,1: PDO,No Control,,,1370420.26,1718511.24,1.37042E+13
2019-716-8/07/2020,2 Metropolitan,GLEN OSMOND,5064,CITY OF BURNSIDE,2,0,0,0,0,2019,January,Friday,8:05 AM,60,T-Junction,Straight road,Slope,Not Applicable,Sealed,Dry,Not Raining,Daylight,Right Angle,2,Driver Rider,1: PDO,Stop Sign,,,1332625.25,1666201,1.33263E+13
2019-717-8/07/2020,1 City,ADELAIDE,5000,CITY OF ADELAIDE,2,0,0,0,0,2019,January,Thursday,5:20 PM,50,Not Divided,Straight road,Level,Not Applicable,Sealed,Dry,Not Raining,Daylight,Side Swipe,2,Driver Rider,1: PDO,No Control,,,1329612.15,1669446.85,1.32961E+13
2019-718-8/07/2020,2 Metropolitan,GLYNDE,5070,"CC OF NORWOOD,PAYNEHAM & ST PETERS",2,3,0,0,3,2019,January,Friday,9:37 AM,60,Cross Road,Straight road,Level,Not Applicable,Sealed,Dry,Not Raining,Daylight,Right Turn,2,Driver Rider,2: MI,Traffic Signals,,,1333785.54,1674516.59,1.33379E+13
2019-719-8/07/2020,2 Metropolitan,MAGILL,5072,CC CAMPBELLTOWN.              ,2,1,0,0,1,2019,January,Friday,10:45 AM,60,T-Junction,"CURVED, VIEW OPEN",Bottom of Hill,Not Applicable,Sealed,Dry,Not Raining,Daylight,Right Angle,2,Driver Rider,2: MI,Stop Sign,,,1336296.35,1672154.98,1.3363E+13
2019-720-8/07/2020,2 Metropolitan,ALBERTON,5014,CITY OF PORT ADELAIDE ENFIELD,2,0,0,0,0,2019,January,Friday,10:15 AM,60,T-Junction,Straight road,Level,Not Applicable,Sealed,Dry,Not Raining,Daylight,Right Angle,1,Driver Rider,1: PDO,Stop Sign,,,1320866.47,1678132.35,1.32087E+13
2019-721-8/07/2020,2 Metropolitan,ENFIELD,5085,CITY OF PORT ADELAIDE ENFIELD,2,0,0,0,0,2019,January,Friday,10:57 AM,60,Divided Road,Straight road,Level,Not Applicable,Sealed,Dry,Not Raining,Daylight,Rear End,1,Driver Rider,1: PDO,No Control,,,1328818.47,1678716.46,1.32882E+13
2019-722-8/07/2020,2 Metropolitan,CLARENCE PARK,5034,CITY OF UNLEY,4,0,0,0,0,2019,January,Friday,10:39 AM,60,T-Junction,Straight road,Level,Not Applicable,Sealed,Dry,Not Raining,Daylight,Rear End,1,Driver Rider,1: PDO,No Control,,,1326576.17,1666180.71,1.32658E+13
2019-723-8/07/2020,2 Metropolitan,DRY CREEK,5094,CITY OF PORT ADELAIDE ENFIELD,2,0,0,0,0,2019,January,Friday,10:50 AM,60,Not Divided,Straight road,Level,Not Applicable,Sealed,Dry,Not Raining,Daylight,Hit Parked Vehicle,2,Driver Rider,1: PDO,No Control,,,1327530.2,1680390.15,1.32753E+13
2019-724-8/07/2020,2 Metropolitan,UNDERDALE,5032,CITY OF WEST TORRENS,2,0,0,0,0,2019,January,Friday,11:55 AM,60,T-Junction,Straight road,Level,Not Applicable,Sealed,Dry,Not Raining,Daylight,Rear End,1,Driver Rider,1: PDO,Traffic Signals,,,1323855.47,1670942.23,1.32386E+13
2019-725-8/07/2020,2 Metropolitan,HAWTHORN,5062,CC MITCHAM.                   ,3,0,0,0,0,2019,January,Friday,9:15 AM,60,Divided Road,Straight road,Level,Not Applicable,Sealed,Dry,Not Raining,Daylight,Rear End,1,Driver Rider,1: PDO,No Control,,,1328146.34,1666217.2,1.32815E+13
2019-726-8/07/2020,2 Metropolitan,ENFIELD,5085,CITY OF PORT ADELAIDE ENFIELD,3,1,0,0,1,2019,January,Friday,12:31 PM,60,Divided Road,Straight road,Level,Not Applicable,Sealed,Dry,Not Raining,Daylight,Hit Fixed Object,1,Driver Rider,2: MI,No Control,,,1328858.94,1677103.26,1.32886E+13
2019-727-8/07/2020,2 Metropolitan,PAYNEHAM SOUTH,5070,"CC OF NORWOOD,PAYNEHAM & ST PETERS",2,1,0,0,1,2019,January,Friday,12:31 PM,50,Not Divided,Straight road,Level,Not Applicable,Sealed,Dry,Not Raining,Daylight,Hit Pedestrian,2,Pedestrian,2: MI,No Control,,,1332231.88,1672856.53,1.33223E+13
2019-728-8/07/2020,2 Metropolitan,EVANSTON SOUTH,5116,CT GAWLER.                    ,2,0,0,0,0,2019,January,Friday,9:30 AM,50,Not Divided,Straight road,Level,Driveway or Entrance,Sealed,Dry,Not Raining,Daylight,Side Swipe,2,Driver Rider,1: PDO,No Control,,,1341393.64,1701655.52,1.34139E+13