REPORT_ID,Stats Area,Suburb,Postcode,LGA Name,Total Units,Total Cas,Total Fats,Total SI,Total MI,Year,Month,Day,Time,Area Speed,Position Type,Horizontal Align,Vertical Align,Other Feat,Road Surface,Moisture Cond,Weather Cond,DayNight,Crash Type,Unit Resp,Entity Code,CSEF Severity,Traffic Ctrls,DUI Involved,Drugs Involved,ACCLOC_X,ACCLOC_Y,UNIQUE_LOC
2019-729-8/07/2020,3 Country,COORONG,5264,COORONG DISTRICT COUNCIL,1,4,0,2,2,2019,January,Friday,7:25 AM,100,Not Divided,"CURVED, VIEW OPEN",Slope,Not Applicable,Sealed,Dry,Not Raining,Daylight,Roll Over,1,Driver Rider,3: SI,No Control,,,1409324.51,1549307.67,1.40933E+13
2019-730-8/07/2020,1 City,ADELAIDE,5000,CITY OF ADELAIDE,2,0,0,0,0,2019,January,Friday,11:00 AM,50,T-Junction,Straight road,Level,Not Applicable,Sealed,Dry,Not Raining,Daylight,Rear End,1,Driver Rider,1: PDO,Traffic Signals,,,1327369.29,1670156.24,1.32737E+13
2019-731-8/07/2020,2 Metropolitan,MORPHETT VALE,5162,CITY OF ONKAPARINGA,2,0,0,0,0,2019,January,Friday,1:30 PM,60,T-Junction,Straight road,Level,Not Applicable,Sealed,Dry,Not Raining,Daylight,Right Angle,2,Driver Rider,1: PDO,No Control,,,1320765.02,1650137.37,1.32077E+13
2019-732-8/07/2020,2 Metropolitan,SEFTON PARK,5083,CITY OF PROSPECT,2,1,0,0,1,2019,January,Friday,1:40 PM,60,Divided Road,Straight road,Level,Not Applicable,Sealed,Dry,Not Raining,Daylight,Side Swipe,2,Driver Rider,2: MI,No Control,,,1328874.24,1676411.95,1.32887E+13
2019-733-8/07/2020,2 Metropolitan,PARALOWIE,5108,CITY OF SALISBURY,2,0,0,0,0,2019,January,Friday,6:00 AM,50,Cross Road,Straight road,Level,Not Applicable,Sealed,Dry,Not Raining,Night,Right Angle,2,Driver Rider,1: PDO,Roundabout,,,1330340.62,1689180.17,1.33034E+13
2019-734-8/07/2020,2 Metropolitan,TRANMERE,5073,CC CAMPBELLTOWN.              ,2,1,0,0,1,2019,January,Thursday,7:00 PM,50,Cross Road,Straight road,Level,Not Applicable,Sealed,Dry,Not Raining,Daylight,Right Angle,2,Driver Rider,2: MI,Give Way Sign,,,1334632.1,1672905.41,1.33463E+13
2019-735-8/07/2020,2 Metropolitan,PARA HILLS WEST,5096,CITY OF SALISBURY,3,1,0,0,1,2019,January,Friday,7:54 AM,80,Divided Road,Straight road,Level,Not Applicable,Sealed,Dry,Not Raining,Daylight,Rear End,1,Driver Rider,2: MI,No Control,,,1332680.11,1684587,1.33268E+13
2019-736-8/07/2020,2 Metropolitan,SEAFORD,5169,CITY OF ONKAPARINGA,2,0,0,0,0,2019,January,Friday,11:15 AM,50,T-Junction,Straight road,Level,Not Applicable,Sealed,Dry,Not Raining,Daylight,Right Angle,1,Driver Rider,1: PDO,No Control,,,1316637.3,1642092.68,1.31664E+13
2019-737-8/07/2020,2 Metropolitan,THORNGATE,5082,WALKERVILLE TOWN COUNCIL,4,1,0,0,1,2019,January,Friday,10:00 AM,60,Divided Road,Straight road,Level,Not Applicable,Sealed,Dry,Not Raining,Daylight,Rear End,1,Driver Rider,2: MI,No Control,,,1328398.38,1673724.36,1.3284E+13
2019-738-8/07/2020,2 Metropolitan,MITCHELL PARK,5043,CC MARION.                    ,2,1,0,0,1,2019,January,Friday,3:26 PM,60,Divided Road,Straight road,Level,Not Applicable,Sealed,Dry,Not Raining,Daylight,Hit Pedestrian,2,Pedestrian,2: MI,No Control,Y,,1324360.4,1662176.68,1.32436E+13
2019-739-8/07/2020,2 Metropolitan,WESTBOURNE PARK,5041,CC MITCHAM.                   ,2,0,0,0,0,2019,January,Friday,2:49 PM,50,Not Divided,Straight road,Level,Not Applicable,Sealed,Dry,Not Raining,Daylight,Hit Fixed Object,1,Driver Rider,1: PDO,No Control,,,1327657.21,1665683.42,1.32766E+13
2019-740-8/07/2020,3 Country,FLAXMAN VALLEY,5235,THE BAROSSA COUNCIL.,2,0,0,0,0,2019,January,Friday,1:45 PM,80,Not Divided,"CURVED, VIEW OBSCURED",Level,Not Applicable,Sealed,Dry,Not Raining,Daylight,Hit Fixed Object,1,Driver Rider,1: PDO,No Control,,,1368542.79,1707852.71,1.36854E+13
2019-741-8/07/2020,2 Metropolitan,GEPPS CROSS,5094,CITY OF PORT ADELAIDE ENFIELD,3,0,0,0,0,2019,January,Friday,4:35 PM,60,Multiple,Straight road,Level,Not Applicable,Sealed,Dry,Not Raining,Daylight,Right Turn,1,Driver Rider,1: PDO,Traffic Signals,,,1328802.51,1679265.44,1.3288E+13
2019-742-8/07/2020,2 Metropolitan,EDWARDSTOWN,5039,CC MARION.                    ,2,0,0,0,0,2019,January,Friday,4:52 PM,50,T-Junction,Straight road,Level,Not Applicable,Sealed,Dry,Not Raining,Daylight,Right Angle,2,Driver Rider,1: PDO,No Control,,,1325344.67,1664488.68,1.32535E+13
2019-743-8/07/2020,2 Metropolitan,ELIZABETH VALE,5112,CITY OF PLAYFORD.,2,0,0,0,0,2019,January,Friday,4:45 PM,60,T-Junction,"CURVED, VIEW OPEN",Level,Not Applicable,Sealed,Dry,Not Raining,Daylight,Right Angle,2,Driver Rider,1: PDO,Traffic Signals,,,1336141.79,1690279.18,1.33614E+13
2019-744-8/07/2020,2 Metropolitan,BLAIR ATHOL,5084,CITY OF PORT ADELAIDE ENFIELD,2,0,0,0,0,2019,January,Friday,5:20 PM,60,T-Junction,Straight road,Level,Not Applicable,Sealed,Dry,Not Raining,Daylight,Hit Fixed Object,1,Driver Rider,1: PDO,No Control,,,1328579.54,1679271.67,1.32858E+13
2019-745-8/07/2020,2 Metropolitan,MCLAREN VALE,5171,CITY OF ONKAPARINGA,2,5,0,0,5,2019,January,Friday,3:10 PM,80,Cross Road,Straight road,Slope,Not Applicable,Sealed,Dry,Not Raining,Daylight,Right Angle,2,Driver Rider,2: MI,Give Way Sign,,,1322188.53,1641792.06,1.32219E+13
2019-746-8/07/2020,2 Metropolitan,SOUTH PLYMPTON,5038,CC MARION.                    ,2,0,0,0,0,2019,January,Friday,4:50 PM,60,Cross Road,Straight road,Level,Not Applicable,Sealed,Dry,Not Raining,Daylight,Rear End,2,Driver Rider,1: PDO,Traffic Signals,,,1324280.88,1665110.12,1.32428E+13
2019-747-8/07/2020,2 Metropolitan,MILLSWOOD,5034,CITY OF UNLEY,2,0,0,0,0,2019,January,Tuesday,10:00 PM,50,Not Divided,Straight road,Level,Not Applicable,Sealed,Dry,Not Raining,Night,Hit Parked Vehicle,1,Driver Rider,1: PDO,No Control,,,1327993.07,1667217.34,1.32799E+13
2019-748-8/07/2020,2 Metropolitan,SALISBURY EAST,5109,CITY OF SALISBURY,2,0,0,0,0,2019,January,Friday,7:00 PM,50,Not Divided,Straight road,Level,Not Applicable,Sealed,Dry,Not Raining,Daylight,Hit Parked Vehicle,2,Driver Rider,1: PDO,No Control,,,1334405.69,1685683.24,1.33441E+13
2019-749-8/07/2020,2 Metropolitan,VIRGINIA,5120,CITY OF PLAYFORD.,2,2,0,0,2,2019,January,Friday,8:40 PM,80,T-Junction,Straight road,Level,Not Applicable,Sealed,Dry,Not Raining,Night,Rear End,2,Driver Rider,2: MI,No Control,Y,,1326238.42,1697784.51,1.32624E+13
2019-750-8/07/2020,2 Metropolitan,LOBETHAL,5241,THE ADELAIDE HILLS COUNCIL,2,1,0,0,1,2019,January,Friday,3:00 PM,60,Not Divided,Straight road,Slope,Not Applicable,Sealed,Dry,Not Raining,Daylight,Hit Fixed Object,1,Driver Rider,2: MI,No Control,,,1353860.79,1672693.7,1.35386E+13
2019-751-8/07/2020,3 Country,FISHER,5354,MID MURRAY DISTRICT COUNCIL,1,0,0,0,0,2019,January,Friday,7:15 PM,100,Not Divided,"CURVED, VIEW OPEN",Level,Not Applicable,Unsealed,Dry,Not Raining,Daylight,Left Road - Out of Control,1,Driver Rider,1: PDO,No Control,,,1418473.41,1713068.99,1.41847E+13
2019-752-8/07/2020,3 Country,RENMARK WEST,5341,DC RENMARK PARINGA            ,2,0,0,0,0,2019,January,Friday,5:45 PM,80,Cross Road,Straight road,Slope,Not Applicable,Sealed,Dry,Not Raining,Daylight,Right Angle,2,Driver Rider,1: PDO,Give Way Sign,,,1525286.05,1750119.77,1.52529E+13
2019-753-8/07/2020,3 Country,WORROLONG,5291,DISTRICT COUNCIL OF GRANT,2,3,0,0,3,2019,January,Friday,5:27 PM,80,Cross Road,Straight road,Bottom of Hill,Not Applicable,Sealed,Dry,Not Raining,Daylight,Right Angle,1,Driver Rider,2: MI,Give Way Sign,,,1512927.2,1342115.52,1.51293E+13
2019-754-8/07/2020,2 Metropolitan,NORWOOD,5067,"CC OF NORWOOD,PAYNEHAM & ST PETERS",2,0,0,0,0,2019,January,Friday,10:55 PM,60,Multiple,Straight road,Level,Not Applicable,Sealed,Dry,Not Raining,Night,Right Angle,1,Driver Rider,1: PDO,Roundabout,,,1330623.32,1670361.88,1.33062E+13
2019-755-8/07/2020,2 Metropolitan,ANDREWS FARM,5114,CITY OF PLAYFORD.,2,5,1,0,4,2019,January,Saturday,12:37 AM,60,Not Divided,"CURVED, VIEW OPEN",Level,Not Applicable,Sealed,Dry,Not Raining,Night,Roll Over,1,Driver Rider,4: Fatal,No Control,Y,Y,1334995.2,1699195.41,1.335E+13
2019-756-8/07/2020,2 Metropolitan,GLENELG SOUTH,5045,CITY OF HOLDFAST BAY,2,0,0,0,0,2019,January,Saturday,3:00 AM,60,Cross Road,Straight road,Level,Not Applicable,Sealed,Dry,Not Raining,Night,Hit Fixed Object,1,Driver Rider,1: PDO,Traffic Signals,,,1321038.91,1664346.95,1.32104E+13
2019-757-8/07/2020,3 Country,DINGABLEDINGA,5172,ALEXANDRINA COUNCIL,2,0,0,0,0,2019,January,Saturday,5:40 AM,100,Not Divided,Straight road,Bottom of Hill,Not Applicable,Sealed,Wet,Raining,Night,Hit Fixed Object,1,Driver Rider,1: PDO,No Control,,,1330463.29,1632622.38,1.33046E+13
2019-758-8/07/2020,2 Metropolitan,STIRLING,5152,THE ADELAIDE HILLS COUNCIL,2,0,0,0,0,2019,January,Saturday,6:10 AM,110,Divided Road,"CURVED, VIEW OPEN",Level,Not Applicable,Sealed,Dry,Not Raining,Night,Hit Fixed Object,1,Driver Rider,1: PDO,No Control,,,1340582.34,1662644.76,1.34058E+13
2019-759-8/07/2020,3 Country,KEITH,5267,DC TATIARA.                   ,2,1,0,0,1,2019,January,Saturday,5:15 AM,110,Not Divided,"CURVED, VIEW OPEN",Slope,Not Applicable,Sealed,Dry,Not Raining,Night,Hit Fixed Object,1,Driver Rider,2: MI,No Control,,,1488203.56,1527797.03,1.4882E+13
2019-760-8/07/2020,2 Metropolitan,BROOKLYN PARK,5032,CITY OF WEST TORRENS,2,0,0,0,0,2019,January,Friday,5:40 PM,60,Divided Road,Straight road,Level,Not Applicable,Sealed,Dry,Not Raining,Daylight,Side Swipe,1,Driver Rider,1: PDO,No Control,,,1323226.65,1670326.73,1.32323E+13
2019-761-8/07/2020,3 Country,HINDMARSH VALLEY,5211,DC VICTOR HARBOR.             ,1,1,0,0,1,2019,January,Saturday,11:25 AM,100,Not Divided,"CURVED, VIEW OBSCURED",Level,Not Applicable,Sealed,Dry,Not Raining,Daylight,Roll Over,1,Driver Rider,2: MI,No Control,,,1325032.56,1615108.38,1.32503E+13
2019-762-8/07/2020,2 Metropolitan,SMITHFIELD,5114,CITY OF PLAYFORD.,2,0,0,0,0,2019,January,Saturday,11:30 AM,80,T-Junction,Straight road,Level,Not Applicable,Sealed,Dry,Not Raining,Daylight,Hit Pedestrian,1,Driver Rider,1: PDO,Traffic Signals,,,1337904.44,1697173.62,1.3379E+13
2019-763-8/07/2020,2 Metropolitan,HIGHBURY,5089,CITY OF TEA TREE GULLY,2,0,0,0,0,2019,January,Saturday,12:25 PM,60,T-Junction,Straight road,Level,Not Applicable,Sealed,Dry,Not Raining,Daylight,Hit Fixed Object,1,Driver Rider,1: PDO,Traffic Signals,,,1338113.79,1678452.77,1.33811E+13
2019-764-8/07/2020,2 Metropolitan,VALLEY VIEW,5093,CITY OF TEA TREE GULLY,2,1,0,0,1,2019,January,Friday,1:20 PM,60,Cross Road,Straight road,Level,Not Applicable,Sealed,Dry,Not Raining,Daylight,Rear End,2,Driver Rider,2: MI,Traffic Signals,,,1335279.25,1679398.78,1.33528E+13
2019-765-8/07/2020,2 Metropolitan,ELIZABETH PARK,5113,CITY OF PLAYFORD.,2,0,0,0,0,2019,January,Saturday,12:50 PM,50,Not Divided,Straight road,Level,Not Applicable,Sealed,Dry,Not Raining,Daylight,Hit Object on Road,1,Driver Rider,1: PDO,No Control,,,1338005.76,1694072.23,1.33801E+13
2019-766-8/07/2020,2 Metropolitan,PENFIELD,5121,CITY OF PLAYFORD.,2,1,0,0,1,2019,January,Saturday,5:20 PM,80,Not Divided,"CURVED, VIEW OPEN",Level,Not Applicable,Sealed,Dry,Not Raining,Daylight,Hit Fixed Object,1,Driver Rider,2: MI,No Control,,,1331595.94,1697406.91,1.3316E+13
2019-767-8/07/2020,2 Metropolitan,SOUTH BRIGHTON,5048,CITY OF HOLDFAST BAY,2,1,0,0,1,2019,January,Saturday,2:45 PM,50,T-Junction,Straight road,Level,Not Applicable,Sealed,Dry,Not Raining,Daylight,Rear End,2,Driver Rider,2: MI,Roundabout,Y,,1320540.01,1660154.02,1.32054E+13
2019-768-8/07/2020,3 Country,COBDOGLA,5346,THE BERRI BARMERA COUNCIL,3,1,0,0,1,2019,January,Saturday,7:05 PM,100,Not Divided,Straight road,Level,Not Applicable,Sealed,Dry,Not Raining,Daylight,Hit Fixed Object,1,Driver Rider,2: MI,No Control,Y,,1497277.71,1739863.79,1.49728E+13
2019-769-8/07/2020,2 Metropolitan,ONKAPARINGA HILLS,5163,CITY OF ONKAPARINGA,2,0,0,0,0,2019,January,Saturday,7:35 PM,50,Not Divided,Straight road,Slope,Not Applicable,Sealed,Dry,Not Raining,Daylight,Hit Fixed Object,1,Driver Rider,1: PDO,No Control,,,1323674.45,1646272.15,1.32367E+13
2019-770-8/07/2020,3 Country,BERRI,5343,THE BERRI BARMERA COUNCIL,2,0,0,0,0,2019,January,Friday,10:50 PM,50,Not Divided,Straight road,Slope,Not Applicable,Sealed,Dry,Not Raining,Night,Hit Fixed Object,1,Driver Rider,1: PDO,No Control,,,1515224.49,1734206.48,1.51522E+13
2019-771-8/07/2020,2 Metropolitan,CLARENDON,5157,CITY OF ONKAPARINGA,2,1,0,0,1,2019,January,Saturday,9:05 PM,60,Not Divided,"CURVED, VIEW OBSCURED",Slope,Driveway or Entrance,Sealed,Dry,Not Raining,Night,Hit Fixed Object,1,Driver Rider,2: MI,No Control,Y,Y,1329772.96,1650351.5,1.32977E+13
2019-772-8/07/2020,3 Country,MINLATON,5575,YORKE PENINSULA COUNCIL,2,0,0,0,0,2019,January,Saturday,4:40 PM,100,Not Divided,Straight road,Level,Not Applicable,Unsealed,Dry,Not Raining,Daylight,Hit Fixed Object,1,Driver Rider,1: PDO,No Control,,,1228089.23,1687766.99,1.22809E+13
2019-773-8/07/2020,2 Metropolitan,GRANGE,5022,CITY OF CHARLES STURT,3,0,0,0,0,2019,January,Saturday,11:30 PM,50,Rail Crossing,Straight road,Level,Not Applicable,Sealed,Dry,Not Raining,Night,Hit Fixed Object,1,Driver Rider,1: PDO,Rail Xing - Boom,,,1318763.77,1673884.3,1.31876E+13
2019-774-8/07/2020,2 Metropolitan,GLENELG NORTH,5045,CITY OF HOLDFAST BAY,3,0,0,0,0,2019,January,Saturday,11:52 PM,50,Not Divided,Straight road,Level,Not Applicable,Sealed,Dry,Not Raining,Night,Head On,1,Driver Rider,1: PDO,No Control,,,1320868.25,1665428.9,1.32087E+13
2019-775-8/07/2020,2 Metropolitan,OTTOWAY,5013,CITY OF PORT ADELAIDE ENFIELD,2,0,0,0,0,2019,January,Sunday,3:20 AM,60,T-Junction,Straight road,Level,Not Applicable,Sealed,Dry,Not Raining,Night,Hit Pedestrian,2,Pedestrian,1: PDO,Traffic Signals,,,1323003.13,1679140.86,1.323E+13
2019-776-8/07/2020,2 Metropolitan,BEAUMONT,5066,CITY OF BURNSIDE,2,0,0,0,0,2019,January,Sunday,5:50 AM,20,Not Divided,"CURVED, VIEW OBSCURED",Slope,Not Applicable,Sealed,Dry,Not Raining,Night,Hit Parked Vehicle,2,Driver Rider,1: PDO,No Control,,,1334169.72,1668379.76,1.33417E+13
2019-777-8/07/2020,2 Metropolitan,ELIZABETH DOWNS,5113,CITY OF PLAYFORD.,4,0,0,0,0,2019,January,Saturday,12:00 PM,50,Not Divided,"CURVED, VIEW OPEN",Level,Not Applicable,Sealed,Dry,Not Raining,Daylight,Hit Fixed Object,1,Driver Rider,1: PDO,No Control,,,1338212.88,1694899.61,1.33821E+13
2019-778-8/07/2020,2 Metropolitan,HECTORVILLE,5073,CC CAMPBELLTOWN.              ,2,0,0,0,0,2019,January,Saturday,9:20 AM,60,T-Junction,Straight road,Level,Not Applicable,Sealed,Dry,Not Raining,Daylight,Right Turn,2,Driver Rider,1: PDO,Traffic Signals,,,1334554.18,1674532.6,1.33455E+13
2019-779-8/07/2020,2 Metropolitan,ELIZABETH SOUTH,5112,CITY OF PLAYFORD.,2,0,0,0,0,2019,January,Saturday,8:30 AM,60,Divided Road,Straight road,Level,Not Applicable,Sealed,Dry,Not Raining,Daylight,Rear End,2,Driver Rider,1: PDO,No Control,,,1334418.79,1690261.87,1.33442E+13
2019-780-8/07/2020,3 Country,TAILEM BEND,5260,RC MURRAY BRIDGE.             ,1,0,0,0,0,2019,January,Saturday,9:00 AM,100,Not Divided,"CURVED, VIEW OBSCURED",Level,Not Applicable,Unsealed,Dry,Not Raining,Daylight,Roll Over,1,Driver Rider,1: PDO,No Control,,,1398999.97,1639518.61,1.399E+13
2019-781-8/07/2020,3 Country,CAPE JERVIS,5204,DC YANKALILLA.                ,3,1,0,1,0,2019,January,Saturday,1:00 PM,100,Not Divided,"CURVED, VIEW OBSCURED",Slope,Not Applicable,Sealed,Dry,Not Raining,Daylight,Roll Over,1,Driver Rider,3: SI,No Control,,,1284219.09,1596472.65,1.28422E+13
2019-782-8/07/2020,2 Metropolitan,FINDON,5023,CITY OF CHARLES STURT,2,0,0,0,0,2019,January,Saturday,6:30 AM,10,Not Divided,Straight road,Level,Not Applicable,Sealed,Dry,Not Raining,Daylight,Hit Parked Vehicle,2,Driver Rider,1: PDO,No Control,,,1322212.44,1673271.19,1.32221E+13
2019-783-8/07/2020,2 Metropolitan,VIRGINIA,5120,CITY OF PLAYFORD.,2,0,0,0,0,2019,January,Sunday,10:21 AM,90,Not Divided,Straight road,Level,Not Applicable,Sealed,Unknown,Unknown,Daylight,Hit Fixed Object,1,Driver Rider,1: PDO,No Control,,,1326969.07,1701565.63,1.32697E+13
2019-784-8/07/2020,2 Metropolitan,REGENCY PARK,5010,CITY OF PORT ADELAIDE ENFIELD,3,0,0,0,0,2019,January,Sunday,10:08 AM,90,Divided Road,Straight road,Level,Not Applicable,Sealed,Dry,Not Raining,Daylight,Rear End,1,Driver Rider,1: PDO,No Control,,,1326025.44,1677178.05,1.32603E+13
2019-785-8/07/2020,2 Metropolitan,TORRENS PARK,5062,CC MITCHAM.                   ,2,1,0,0,1,2019,January,Saturday,1:30 PM,60,T-Junction,Straight road,Level,Not Applicable,Sealed,Dry,Not Raining,Daylight,Rear End,1,Driver Rider,2: MI,Traffic Signals,,,1329171.51,1665029.05,1.32917E+13
2019-786-8/07/2020,2 Metropolitan,NEW PORT,5015,CITY OF PORT ADELAIDE ENFIELD,2,0,0,0,0,2019,January,Saturday,1:00 PM,60,Divided Road,Straight road,Level,Not Applicable,Sealed,Dry,Not Raining,Daylight,Side Swipe,1,Driver Rider,1: PDO,No Control,,,1319821.92,1680457.42,1.31982E+13
2019-787-8/07/2020,2 Metropolitan,TERINGIE,5072,THE ADELAIDE HILLS COUNCIL,2,1,0,0,1,2019,January,Saturday,10:00 AM,60,Not Divided,"CURVED, VIEW OBSCURED",Slope,Not Applicable,Sealed,Dry,Not Raining,Daylight,Hit Fixed Object,1,Driver Rider,2: MI,No Control,,,1337298.07,1672051.6,1.3373E+13
2019-788-8/07/2020,2 Metropolitan,LIGHTSVIEW,5085,CITY OF PORT ADELAIDE ENFIELD,2,1,0,0,1,2019,January,Wednesday,6:00 PM,50,Not Divided,Straight road,Level,Not Applicable,Sealed,Dry,Not Raining,Daylight,Hit Pedestrian,1,Driver Rider,2: MI,No Control,,,1331553.73,1677377.89,1.33155E+13
2019-789-8/07/2020,2 Metropolitan,GOLDEN GROVE,5125,CITY OF TEA TREE GULLY,2,0,0,0,0,2019,January,Sunday,12:48 PM,50,T-Junction,Straight road,Level,Not Applicable,Sealed,Dry,Not Raining,Daylight,Right Angle,2,Driver Rider,1: PDO,No Control,,,1337326.67,1685420.79,1.33733E+13
2019-790-8/07/2020,3 Country,BUTE,5560,BARUNGA WEST DISTRICT COUNCIL,1,0,0,0,0,2019,January,Sunday,1:03 PM,80,Not Divided,Straight road,Unknown,Not Applicable,Unsealed,Dry,Not Raining,Daylight,Roll Over,1,Driver Rider,1: PDO,No Control,,,1268716.61,1786778.37,1.26872E+13
2019-791-8/07/2020,2 Metropolitan,MUNNO PARA,5115,CITY OF PLAYFORD.,2,0,0,0,0,2019,January,Sunday,2:20 PM,60,T-Junction,Straight road,Level,Not Applicable,Sealed,Dry,Not Raining,Daylight,Right Angle,1,Driver Rider,1: PDO,Give Way Sign,,,1336950.84,1698382,1.33695E+13
2019-792-8/07/2020,2 Metropolitan,NETLEY,5037,CITY OF WEST TORRENS,2,0,0,0,0,2019,January,Sunday,2:50 PM,60,Cross Road,Straight road,Level,Not Applicable,Sealed,Dry,Not Raining,Daylight,Rear End,2,Driver Rider,1: PDO,Traffic Signals,,,1324175.41,1668902.48,1.32418E+13
2019-793-8/07/2020,2 Metropolitan,EDINBURGH NORTH,5113,CITY OF PLAYFORD.,2,0,0,0,0,2019,January,Sunday,5:30 PM,80,Cross Road,Straight road,Level,Not Applicable,Sealed,Dry,Not Raining,Daylight,Hit Fixed Object,1,Driver Rider,1: PDO,Roundabout,,,1333888.71,1694789.04,1.33389E+13
2019-794-8/07/2020,2 Metropolitan,WOODVILLE PARK,5011,CITY OF CHARLES STURT,2,0,0,0,0,2019,January,Sunday,3:30 PM,60,Not Divided,Straight road,Level,Median Opening (not at I/S),Sealed,Dry,Not Raining,Daylight,Side Swipe,2,Driver Rider,1: PDO,No Control,,,1324065.67,1675647.24,1.32407E+13
2019-795-8/07/2020,2 Metropolitan,SEAFORD RISE,5169,CITY OF ONKAPARINGA,2,0,0,0,0,2019,January,Sunday,5:20 PM,60,Cross Road,Straight road,Level,Not Applicable,Sealed,Dry,Not Raining,Daylight,Right Turn,2,Driver Rider,1: PDO,Traffic Signals,,,1317537.2,1641650.26,1.31754E+13
2019-796-8/07/2020,2 Metropolitan,ELIZABETH EAST,5112,CITY OF PLAYFORD.,2,1,1,0,0,2019,January,Sunday,4:00 PM,60,Not Divided,Straight road,Level,Not Applicable,Sealed,Dry,Not Raining,Daylight,Hit Pedestrian,2,Pedestrian,4: Fatal,No Control,Y,,1336804.9,1692867.99,1.33681E+13
2019-797-8/07/2020,3 Country,CARPENTER ROCKS,5291,DISTRICT COUNCIL OF GRANT,2,2,0,0,2,2019,January,Sunday,2:00 PM,50,Not Divided,"CURVED, VIEW OBSCURED",Slope,Not Applicable,Unsealed,Dry,Not Raining,Daylight,Roll Over,1,Driver Rider,2: MI,No Control,,,1475492.23,1333724.15,1.47549E+13
2019-798-8/07/2020,2 Metropolitan,ENFIELD,5085,CITY OF PORT ADELAIDE ENFIELD,2,1,0,1,0,2019,January,Sunday,9:32 PM,60,Divided Road,Straight road,Slope,Not Applicable,Sealed,Dry,Not Raining,Night,Hit Pedestrian,2,Pedestrian,3: SI,No Control,,,1328853.46,1677323.26,1.32885E+13
2019-799-8/07/2020,2 Metropolitan,SEAFORD,5169,CITY OF ONKAPARINGA,2,0,0,0,0,2019,January,Sunday,12:07 AM,50,Not Divided,"CURVED, VIEW OPEN",Level,Not Applicable,Sealed,Dry,Not Raining,Night,Hit Fixed Object,1,Driver Rider,1: PDO,No Control,Y,,1317463.57,1641719.9,1.31746E+13
2019-800-8/07/2020,3 Country,ROBE,5276,DC ROBE.                      ,2,1,0,0,1,2019,January,Monday,12:30 AM,50,Not Divided,Straight road,Level,Not Applicable,Sealed,Dry,Not Raining,Night,Hit Pedestrian,2,Pedestrian,2: MI,No Control,,,1423517.1,1418285.96,1.42352E+13
2019-801-8/07/2020,3 Country,MYPONGA,5202,DC YANKALILLA.                ,4,1,0,0,1,2019,January,Monday,6:00 AM,100,Cross Road,Straight road,Slope,Not Applicable,Sealed,Dry,Not Raining,Night,Hit Fixed Object,1,Driver Rider,2: MI,Give Way Sign,Y,,1314634.66,1621167.45,1.31464E+13
2019-802-8/07/2020,2 Metropolitan,DRY CREEK,5094,CITY OF PORT ADELAIDE ENFIELD,2,0,0,0,0,2019,January,Monday,7:15 AM,60,Not Divided,Straight road,Level,Not Applicable,Sealed,Dry,Not Raining,Daylight,Hit Parked Vehicle,1,Driver Rider,1: PDO,No Control,,,1327577.21,1680433.67,1.32758E+13
2019-803-8/07/2020,2 Metropolitan,BEDFORD PARK,5042,CC MITCHAM.                   ,2,0,0,0,0,2019,January,Monday,6:45 AM,50,Cross Road,Straight road,Level,Roadworks,Sealed,Dry,Not Raining,Daylight,Right Angle,2,Driver Rider,1: PDO,Traffic Signals,,,1325156.2,1660414.38,1.32516E+13
2019-804-8/07/2020,2 Metropolitan,CHELTENHAM,5014,CITY OF CHARLES STURT,2,1,0,0,1,2019,January,Sunday,5:30 PM,60,Divided Road,Straight road,Level,Not Applicable,Sealed,Dry,Not Raining,Daylight,Rear End,2,Driver Rider,2: MI,No Control,,,1322213.95,1677210.92,1.32221E+13
2019-805-8/07/2020,2 Metropolitan,TEA TREE GULLY,5091,CITY OF TEA TREE GULLY,2,0,0,0,0,2019,January,Monday,1:10 PM,60,Not Divided,Straight road,Level,Not Applicable,Sealed,Dry,Not Raining,Daylight,Hit Fixed Object,1,Driver Rider,1: PDO,No Control,,,1340303.05,1682447.58,1.3403E+13
2019-806-8/07/2020,2 Metropolitan,WINDSOR GARDENS,5087,CITY OF PORT ADELAIDE ENFIELD,2,0,0,0,0,2019,January,Monday,2:04 PM,50,T-Junction,Straight road,Slope,Not Applicable,Sealed,Dry,Not Raining,Daylight,Hit Fixed Object,1,Driver Rider,1: PDO,No Control,,,1333819.36,1677170.14,1.33382E+13
2019-807-8/07/2020,3 Country,MOUNT JAGGED,5211,ALEXANDRINA COUNCIL,2,0,0,0,0,2019,January,Saturday,4:38 PM,100,Not Divided,"CURVED, VIEW OBSCURED",Slope,Not Applicable,Sealed,Dry,Not Raining,Daylight,Hit Fixed Object,1,Driver Rider,1: PDO,No Control,,,1330444.85,1611759.87,1.33045E+13
2019-808-8/07/2020,1 City,ADELAIDE,5000,CITY OF ADELAIDE,2,0,0,0,0,2019,January,Monday,2:16 PM,50,Cross Road,Straight road,Level,Not Applicable,Sealed,Dry,Not Raining,Daylight,Side Swipe,2,Driver Rider,1: PDO,Traffic Signals,,,1328680.43,1671149.34,1.32868E+13
2019-809-8/07/2020,2 Metropolitan,ALBERT PARK,5014,CITY OF CHARLES STURT,2,0,0,0,0,2019,January,Monday,1:50 PM,60,Cross Road,Straight road,Level,Not Applicable,Sealed,Dry,Not Raining,Daylight,Rear End,1,Driver Rider,1: PDO,Traffic Signals,,,1321444.17,1675569.1,1.32144E+13