REPORT_ID,Stats Area,Suburb,Postcode,LGA Name,Total Units,Total Cas,Total Fats,Total SI,Total MI,Year,Month,Day,Time,Area Speed,Position Type,Horizontal Align,Vertical Align,Other Feat,Road Surface,Moisture Cond,Weather Cond,DayNight,Crash Type,Unit Resp,Entity Code,CSEF Severity,Traffic Ctrls,DUI Involved,Drugs Involved,ACCLOC_X,ACCLOC_Y,UNIQUE_LOC
2019-1535-8/07/2020,3 Country,PENOLA,5277,WATTLE RANGE COUNCIL,2,0,0,0,0,2019,February,Monday,12:30 PM,110,Not Divided,Straight road,Level,Driveway or Entrance,Sealed,Dry,Not Raining,Daylight,Hit Fixed Object,1,Driver Rider,1: PDO,No Control,,,1516788.17,1380653.95,1.51679E+13
2019-1536-8/07/2020,1 City,ADELAIDE,5000,CITY OF ADELAIDE,2,1,0,0,1,2019,February,Monday,1:09 PM,50,Cross Road,Straight road,Level,Not Applicable,Sealed,Dry,Not Raining,Daylight,Right Turn,1,Driver Rider,2: MI,Give Way Sign,,,1329449.79,1669905.58,1.32945E+13
2019-1537-8/07/2020,3 Country,WHYALLA NORRIE,5608,CC WHYALLA.                   ,2,0,0,0,0,2019,February,Sunday,12:30 PM,50,T-Junction,Straight road,Level,Not Applicable,Sealed,Dry,Not Raining,Daylight,Hit Pedestrian,2,Driver Rider,1: PDO,No Control,,,1237485.93,1883841.82,1.23749E+13
2019-1538-8/07/2020,3 Country,PINNAROO,5304,SOUTHERN MALLEE DISTRICT COUNCIL,2,1,0,0,1,2019,February,Sunday,9:30 PM,100,Not Divided,Straight road,Bottom of Hill,Not Applicable,Sealed,Dry,Not Raining,Night,Hit Fixed Object,1,Driver Rider,2: MI,No Control,,,1526945.6,1608303.72,1.52695E+13
2019-1539-8/07/2020,2 Metropolitan,HENLEY BEACH,5022,CITY OF CHARLES STURT,2,1,0,1,0,2019,February,Monday,1:10 PM,40,Not Divided,Straight road,Level,Not Applicable,Sealed,Dry,Not Raining,Daylight,Side Swipe,1,Driver Rider,3: SI,No Control,,,1318891.13,1671618.93,1.31889E+13
2019-1540-8/07/2020,2 Metropolitan,PARKSIDE,5063,CITY OF UNLEY,2,0,0,0,0,2019,February,Monday,10:25 AM,60,Divided Road,Straight road,Level,Not Applicable,Sealed,Dry,Not Raining,Daylight,Hit Parked Vehicle,2,Driver Rider,1: PDO,No Control,,,1329458.78,1668974.82,1.32946E+13
2019-1541-8/07/2020,2 Metropolitan,TORRENS PARK,5062,CC MITCHAM.                   ,2,1,0,0,1,2019,February,Monday,3:45 PM,60,Not Divided,Straight road,Level,Not Applicable,Sealed,Dry,Not Raining,Daylight,Head On,2,Driver Rider,2: MI,No Control,,,1329167.24,1665189.24,1.32917E+13
2019-1542-8/07/2020,1 City,ADELAIDE,5000,CITY OF ADELAIDE,2,1,0,0,1,2019,January,Tuesday,4:30 PM,50,Not Divided,Straight road,Level,Driveway or Entrance,Sealed,Dry,Not Raining,Daylight,Side Swipe,2,Driver Rider,2: MI,No Control,,,1329238.9,1670739.76,1.32924E+13
2019-1543-8/07/2020,2 Metropolitan,WESTBOURNE PARK,5041,CC MITCHAM.                   ,3,0,0,0,0,2019,February,Monday,5:05 PM,50,Not Divided,Straight road,Level,Not Applicable,Sealed,Dry,Not Raining,Daylight,Hit Fixed Object,1,Driver Rider,1: PDO,No Control,,,1328083.52,1666054.99,1.32808E+13
2019-1544-8/07/2020,2 Metropolitan,GULFVIEW HEIGHTS,5096,CITY OF SALISBURY,2,0,0,0,0,2019,February,Monday,8:00 AM,50,T-Junction,Straight road,Slope,Not Applicable,Sealed,Dry,Not Raining,Daylight,Right Angle,2,Driver Rider,1: PDO,No Control,,,1335321.52,1685863.59,1.33532E+13
2019-1545-8/07/2020,2 Metropolitan,SALISBURY PLAIN,5109,CITY OF SALISBURY,2,0,0,0,0,2019,February,Monday,9:00 AM,50,T-Junction,Straight road,Level,Not Applicable,Sealed,Dry,Not Raining,Daylight,Rear End,1,Driver Rider,1: PDO,Give Way Sign,,,1334012.31,1688182.39,1.33401E+13
2019-1546-8/07/2020,2 Metropolitan,SALISBURY,5108,CITY OF SALISBURY,2,0,0,0,0,2019,February,Monday,3:50 PM,60,T-Junction,Straight road,Level,Not Applicable,Sealed,Dry,Not Raining,Daylight,Right Angle,2,Driver Rider,1: PDO,Stop Sign,,,1333598.3,1688752.7,1.3336E+13
2019-1547-8/07/2020,2 Metropolitan,OAKDEN,5086,CITY OF PORT ADELAIDE ENFIELD,3,1,0,0,1,2019,February,Monday,5:50 PM,70,Divided Road,Straight road,Level,Not Applicable,Sealed,Dry,Not Raining,Daylight,Rear End,1,Driver Rider,2: MI,No Control,,,1333316.1,1679063.45,1.33332E+13
2019-1548-8/07/2020,2 Metropolitan,NOARLUNGA CENTRE,5168,CITY OF ONKAPARINGA,2,1,0,0,1,2019,February,Monday,5:30 PM,50,Multiple,Straight road,Level,Driveway or Entrance,Sealed,Dry,Not Raining,Daylight,Right Angle,1,Driver Rider,2: MI,Roundabout,,Y,1318000.68,1647334.49,1.318E+13
2019-1549-8/07/2020,2 Metropolitan,FIRLE,5070,"CC OF NORWOOD,PAYNEHAM & ST PETERS",2,0,0,0,0,2019,February,Monday,6:57 PM,60,T-Junction,Straight road,Level,Not Applicable,Sealed,Dry,Not Raining,Daylight,Hit Fixed Object,1,Driver Rider,1: PDO,Stop Sign,,,1333828.96,1672697.56,1.33383E+13
2019-1550-8/07/2020,2 Metropolitan,GLENELG,5045,CITY OF HOLDFAST BAY,2,0,0,0,0,2019,February,Monday,6:30 PM,50,T-Junction,Straight road,Level,Not Applicable,Sealed,Dry,Not Raining,Daylight,Right Angle,1,Driver Rider,1: PDO,No Control,,,1320435.16,1665288.46,1.32044E+13
2019-1551-8/07/2020,2 Metropolitan,ENFIELD,5085,CITY OF PORT ADELAIDE ENFIELD,2,0,0,0,0,2019,February,Monday,4:30 PM,60,Divided Road,Straight road,Level,Driveway or Entrance,Sealed,Dry,Not Raining,Daylight,Right Turn,1,Driver Rider,1: PDO,No Control,,,1328817.15,1678767.14,1.32882E+13
2019-1552-8/07/2020,2 Metropolitan,MORPHETT VALE,5162,CITY OF ONKAPARINGA,2,0,0,0,0,2019,February,Monday,8:32 PM,60,Divided Road,Straight road,Slope,Not Applicable,Sealed,Dry,Not Raining,Night,Hit Fixed Object,1,Driver Rider,1: PDO,No Control,,,1320765.04,1649726.97,1.32077E+13
2019-1553-8/07/2020,2 Metropolitan,MUNNO PARA,5115,CITY OF PLAYFORD.,2,1,0,0,1,2019,February,Monday,8:56 PM,60,T-Junction,Straight road,Level,Not Applicable,Sealed,Dry,Not Raining,Night,Right Angle,1,Driver Rider,2: MI,Give Way Sign,,,1336535.34,1698636.39,1.33654E+13
2019-1554-8/07/2020,3 Country,SANDERSTON,5237,MID MURRAY DISTRICT COUNCIL,1,1,0,0,1,2019,February,Sunday,1:30 PM,100,Not Divided,"CURVED, VIEW OBSCURED",Slope,Not Applicable,Sealed,Dry,Not Raining,Daylight,Roll Over,1,Driver Rider,2: MI,No Control,,,1383733.4,1687089.74,1.38373E+13
2019-1555-8/07/2020,2 Metropolitan,MOUNT GEORGE,5155,THE ADELAIDE HILLS COUNCIL,2,0,0,0,0,2019,February,Monday,11:09 PM,80,Not Divided,"CURVED, VIEW OBSCURED",Crest of Hill,Not Applicable,Sealed,Dry,Not Raining,Night,Hit Fixed Object,1,Driver Rider,1: PDO,No Control,Y,,1343308.96,1663885.12,1.34331E+13
2019-1556-8/07/2020,2 Metropolitan,GAWLER,5118,CT GAWLER.                    ,2,0,0,0,0,2019,February,Monday,11:20 PM,50,T-Junction,Straight road,Level,Not Applicable,Sealed,Dry,Not Raining,Night,Hit Fixed Object,1,Driver Rider,1: PDO,Give Way Sign,,,1343352.02,1706953.24,1.34335E+13
2019-1557-8/07/2020,3 Country,INMAN VALLEY,5211,DC VICTOR HARBOR.             ,2,0,0,0,0,2019,February,Tuesday,5:20 AM,100,Not Divided,"CURVED, VIEW OPEN",Level,Not Applicable,Sealed,Dry,Not Raining,Night,Hit Animal,2,Animal,1: PDO,No Control,,,1315949.41,1608263.28,1.31595E+13
2019-1558-8/07/2020,2 Metropolitan,ROSTREVOR,5073,CC CAMPBELLTOWN.              ,2,1,0,0,1,2019,February,Monday,12:45 PM,50,Not Divided,Straight road,Slope,Not Applicable,Sealed,Dry,Not Raining,Daylight,Hit Parked Vehicle,1,Driver Rider,2: MI,No Control,,Y,1335508.13,1672992.41,1.33551E+13
2019-1559-8/07/2020,2 Metropolitan,POORAKA,5095,CITY OF SALISBURY,2,2,0,0,2,2019,February,Tuesday,7:20 AM,70,Divided Road,Straight road,Level,Not Applicable,Sealed,Dry,Not Raining,Daylight,Side Swipe,2,Driver Rider,2: MI,No Control,,,1330360.76,1681819.98,1.33036E+13
2019-1560-8/07/2020,2 Metropolitan,NOARLUNGA CENTRE,5168,CITY OF ONKAPARINGA,2,0,0,0,0,2019,February,Tuesday,8:55 AM,60,Divided Road,Straight road,Level,Not Applicable,Sealed,Dry,Not Raining,Daylight,Rear End,1,Driver Rider,1: PDO,No Control,,,1318836.88,1647473.88,1.31884E+13
2019-1561-8/07/2020,2 Metropolitan,SEATON,5023,CITY OF CHARLES STURT,2,0,0,0,0,2019,February,Tuesday,8:30 AM,40,Not Divided,Straight road,Level,Not Applicable,Sealed,Dry,Not Raining,Daylight,Hit Parked Vehicle,1,Driver Rider,1: PDO,No Control,,,1321015.73,1673577.75,1.32102E+13
2019-1562-8/07/2020,3 Country,FARRELL FLAT,5416,REGIONAL COUNCIL OF GOYDER,2,1,0,0,1,2019,February,Tuesday,7:10 AM,110,Not Divided,Straight road,Level,Not Applicable,Sealed,Dry,Not Raining,Daylight,Hit Fixed Object,1,Driver Rider,2: MI,No Control,,,1351425.6,1793268.41,1.35143E+13
2019-1563-8/07/2020,3 Country,PAISLEY,5357,LOXTON WAIKERIE DISTRICT COUNCIL,2,0,0,0,0,2019,February,Tuesday,5:30 AM,110,Not Divided,Straight road,Level,Not Applicable,Sealed,Dry,Not Raining,Night,Hit Animal,2,Animal,1: PDO,No Control,,,1423484.74,1721876.22,1.42349E+13
2019-1564-8/07/2020,2 Metropolitan,HENLEY BEACH,5022,CITY OF CHARLES STURT,2,0,0,0,0,2019,February,Saturday,8:30 PM,40,Cross Road,Straight road,Level,Not Applicable,Sealed,Dry,Not Raining,Night,Side Swipe,2,Driver Rider,1: PDO,Give Way Sign,,,1318817.37,1671996.21,1.31882E+13
2019-1565-8/07/2020,3 Country,KEYNETON,5353,MID MURRAY DISTRICT COUNCIL,2,0,0,0,0,2019,February,Tuesday,6:30 AM,100,Not Divided,"CURVED, VIEW OPEN",Level,Not Applicable,Sealed,Dry,Not Raining,Night,Hit Animal,2,Animal,1: PDO,No Control,,,1380534.36,1708251.73,1.38053E+13
2019-1566-8/07/2020,3 Country,TANUNDA,5352,THE BAROSSA COUNCIL.,3,0,0,0,0,2019,February,Monday,4:00 PM,80,Not Divided,Straight road,Level,Not Applicable,Sealed,Dry,Not Raining,Daylight,Hit Object on Road,1,Driver Rider,1: PDO,No Control,,,1365188.49,1716376.26,1.36519E+13
2019-1567-8/07/2020,2 Metropolitan,SALISBURY,5108,CITY OF SALISBURY,2,0,0,0,0,2019,February,Thursday,7:40 AM,60,Divided Road,Straight road,Level,Not Applicable,Sealed,Dry,Not Raining,Daylight,Rear End,2,Driver Rider,1: PDO,No Control,,,1332452.39,1688077.82,1.33245E+13
2019-1568-8/07/2020,2 Metropolitan,CLARENCE GARDENS,5039,CC MITCHAM.                   ,2,0,0,0,0,2019,February,Tuesday,9:00 AM,60,Divided Road,Straight road,Level,Not Applicable,Sealed,Dry,Not Raining,Daylight,Rear End,2,Driver Rider,1: PDO,No Control,,,1325916.2,1664981.72,1.32592E+13
2019-1569-8/07/2020,2 Metropolitan,TORRENSVILLE,5031,CITY OF WEST TORRENS,2,0,0,0,0,2019,June,Monday,5:20 PM,50,T-Junction,Straight road,Level,Not Applicable,Sealed,Dry,Not Raining,Night,Rear End,1,Driver Rider,1: PDO,No Control,,,1324579.34,1672025.69,1.32458E+13
2019-1570-8/07/2020,2 Metropolitan,ELIZABETH SOUTH,5112,CITY OF PLAYFORD.,2,1,0,0,1,2019,February,Tuesday,6:00 AM,60,Cross Road,Straight road,Level,Not Applicable,Sealed,Dry,Not Raining,Night,Right Angle,2,Driver Rider,2: MI,Traffic Signals,,,1334568.88,1691271.22,1.33457E+13
2019-1571-8/07/2020,2 Metropolitan,ECHUNGA,5153,DC MT.BARKER.                 ,2,0,0,0,0,2019,February,Tuesday,1:35 PM,100,T-Junction,Straight road,Slope,Not Applicable,Sealed,Dry,Not Raining,Daylight,Rear End,2,Driver Rider,1: PDO,Give Way Sign,,,1345370.65,1648747.3,1.34537E+13
2019-1572-8/07/2020,2 Metropolitan,SALISBURY PLAIN,5109,CITY OF SALISBURY,2,0,0,0,0,2019,February,Tuesday,3:06 PM,60,Not Divided,Straight road,Level,Driveway or Entrance,Sealed,Dry,Not Raining,Daylight,Side Swipe,2,Driver Rider,1: PDO,No Control,,,1334837.29,1687531.13,1.33484E+13
2019-1573-8/07/2020,2 Metropolitan,MODBURY,5092,CITY OF TEA TREE GULLY,2,0,0,0,0,2019,February,Tuesday,3:40 PM,60,Divided Road,Straight road,Level,Not Applicable,Sealed,Dry,Not Raining,Daylight,Side Swipe,2,Driver Rider,1: PDO,No Control,,,1337182.7,1680636.54,1.33718E+13
2019-1574-8/07/2020,2 Metropolitan,GLENELG NORTH,5045,CITY OF WEST TORRENS,3,0,0,0,0,2019,February,Tuesday,3:48 PM,60,Divided Road,"CURVED, VIEW OPEN",Crest of Hill,Not Applicable,Sealed,Dry,Not Raining,Daylight,Hit Fixed Object,1,Driver Rider,1: PDO,No Control,,,1320759.88,1666915.34,1.32076E+13
2019-1575-8/07/2020,2 Metropolitan,MILE END SOUTH,5031,CITY OF WEST TORRENS,2,0,0,0,0,2019,February,Tuesday,3:25 PM,60,T-Junction,Straight road,Level,Not Applicable,Sealed,Dry,Not Raining,Daylight,Rear End,2,Driver Rider,1: PDO,No Control,,,1326376.74,1669477.09,1.32638E+13
2019-1576-8/07/2020,2 Metropolitan,THEBARTON,5031,CITY OF WEST TORRENS,4,0,0,0,0,2019,February,Tuesday,5:00 PM,60,Divided Road,Straight road,Level,Not Applicable,Sealed,Dry,Not Raining,Daylight,Rear End,1,Driver Rider,1: PDO,No Control,,,1326518.68,1672033.57,1.32652E+13
2019-1577-8/07/2020,2 Metropolitan,O'HALLORAN HILL,5158,CC MARION.                    ,2,0,0,0,0,2019,February,Tuesday,4:35 PM,100,Freeway,Straight road,Level,Not Applicable,Sealed,Dry,Not Raining,Daylight,Rear End,2,Driver Rider,1: PDO,No Control,,,1323008.96,1655659.11,1.32301E+13
2019-1578-8/07/2020,3 Country,WHYALLA NORRIE,5608,CC WHYALLA.                   ,2,0,0,0,0,2019,February,Tuesday,3:50 PM,60,T-Junction,Straight road,Level,Not Applicable,Sealed,Dry,Not Raining,Daylight,Right Turn,1,Driver Rider,1: PDO,No Control,,,1235731.13,1885127,1.23573E+13
2019-1579-8/07/2020,2 Metropolitan,WATERLOO CORNER,5110,CITY OF SALISBURY,2,0,0,0,0,2019,February,Tuesday,4:30 PM,90,Divided Road,Straight road,Level,Not Applicable,Sealed,Dry,Not Raining,Daylight,Side Swipe,2,Driver Rider,1: PDO,No Control,,,1327293.81,1693393.55,1.32729E+13
2019-1580-8/07/2020,2 Metropolitan,ELIZABETH VALE,5112,CITY OF PLAYFORD.,3,1,0,0,1,2019,February,Tuesday,5:25 PM,80,Divided Road,Straight road,Level,Not Applicable,Sealed,Dry,Not Raining,Daylight,Rear End,1,Driver Rider,2: MI,No Control,,,1336130.39,1690642.98,1.33613E+13
2019-1581-8/07/2020,2 Metropolitan,ASCOT PARK,5043,CC MARION.                    ,3,0,0,0,0,2019,February,Tuesday,5:25 PM,60,Divided Road,Straight road,Level,Not Applicable,Sealed,Dry,Not Raining,Daylight,Rear End,1,Driver Rider,1: PDO,No Control,,,1324327.27,1663483.39,1.32433E+13
2019-1582-8/07/2020,2 Metropolitan,ELIZABETH SOUTH,5112,CITY OF PLAYFORD.,2,0,0,0,0,2019,February,Tuesday,6:10 PM,60,T-Junction,Straight road,Level,Not Applicable,Sealed,Dry,Not Raining,Daylight,Hit Object on Road,1,Driver Rider,1: PDO,No Control,,,1334409.43,1690569.36,1.33441E+13
2019-1583-8/07/2020,3 Country,INMAN VALLEY,5211,DC YANKALILLA.                ,1,1,0,0,1,2019,February,Tuesday,6:30 PM,100,Not Divided,"CURVED, VIEW OBSCURED",Slope,Not Applicable,Unsealed,Dry,Not Raining,Daylight,Roll Over,1,Driver Rider,2: MI,No Control,,,1314133.85,1613205.77,1.31413E+13
2019-1584-8/07/2020,2 Metropolitan,EDWARDSTOWN,5039,CC MARION.                    ,2,0,0,0,0,2019,February,Tuesday,9:40 AM,60,Divided Road,Straight road,Level,Not Applicable,Sealed,Dry,Not Raining,Daylight,Rear End,1,Driver Rider,1: PDO,No Control,,,1325953.41,1663384.59,1.32595E+13
2019-1585-8/07/2020,2 Metropolitan,FELIXSTOW,5070,"CC OF NORWOOD,PAYNEHAM & ST PETERS",2,1,0,0,1,2019,February,Tuesday,2:30 PM,60,T-Junction,Straight road,Level,Not Applicable,Sealed,Dry,Not Raining,Daylight,Rear End,2,Driver Rider,2: MI,Stop Sign,,,1333039.08,1674194.29,1.33304E+13
2019-1586-8/07/2020,3 Country,MURRAY BRIDGE,5253,RC MURRAY BRIDGE.             ,2,0,0,0,0,2019,February,Tuesday,7:00 PM,50,Not Divided,Straight road,Level,Driveway or Entrance,Sealed,Dry,Not Raining,Daylight,Rear End,2,Driver Rider,1: PDO,No Control,,,1388360.97,1646589.64,1.38836E+13
2019-1587-8/07/2020,1 City,ADELAIDE,5000,CITY OF ADELAIDE,2,1,0,0,1,2019,February,Tuesday,7:35 PM,50,Divided Road,Straight road,Level,Not Applicable,Sealed,Dry,Not Raining,Daylight,Hit Fixed Object,1,Driver Rider,2: MI,No Control,,,1327727.45,1670800.03,1.32773E+13
2019-1588-8/07/2020,2 Metropolitan,HAWTHORNDENE,5051,CC MITCHAM.                   ,2,0,0,0,0,2019,February,Tuesday,11:56 PM,50,T-Junction,Straight road,Bottom of Hill,Not Applicable,Sealed,Dry,Not Raining,Night,Hit Fixed Object,1,Driver Rider,1: PDO,No Control,,,1330298.98,1660501.63,1.3303E+13
2019-1589-8/07/2020,3 Country,MERRITON,5523,PT.PIRIE CITY & DIST. COUNCIL ,1,1,0,1,0,2019,February,Wednesday,12:01 AM,40,Not Divided,"CURVED, VIEW OBSCURED",Slope,Roadworks,Sealed,Dry,Not Raining,Night,Left Road - Out of Control,1,Driver Rider,3: SI,No Control,,,1292505.63,1836846.82,1.29251E+13
2019-1590-8/07/2020,2 Metropolitan,PROSPECT,5082,CITY OF PROSPECT,2,2,0,0,2,2019,February,Wednesday,5:20 AM,60,Cross Road,Straight road,Level,Not Applicable,Sealed,Dry,Not Raining,Night,Right Turn,2,Driver Rider,2: MI,Traffic Signals,,,1328862.6,1676432.75,1.32886E+13
2019-1591-8/07/2020,3 Country,YOUNGHUSBAND,5238,MID MURRAY DISTRICT COUNCIL,2,0,0,0,0,2019,February,Wednesday,6:30 AM,100,Not Divided,"CURVED, VIEW OPEN",Level,Not Applicable,Sealed,Dry,Not Raining,Night,Hit Fixed Object,1,Driver Rider,1: PDO,No Control,Y,,1400242.49,1673721.71,1.40024E+13
2019-1592-8/07/2020,2 Metropolitan,MAWSON LAKES,5095,CITY OF SALISBURY,2,0,0,0,0,2019,February,Wednesday,8:15 AM,60,T-Junction,Straight road,Level,Not Applicable,Sealed,Dry,Not Raining,Daylight,Right Angle,2,Driver Rider,1: PDO,Give Way Sign,,,1329157.81,1684834.48,1.32916E+13
2019-1593-8/07/2020,2 Metropolitan,ENFIELD,5085,CITY OF PORT ADELAIDE ENFIELD,2,1,0,0,1,2019,February,Wednesday,8:30 AM,60,T-Junction,Straight road,Level,Not Applicable,Sealed,Dry,Not Raining,Daylight,Right Angle,1,Driver Rider,2: MI,No Control,,,1329344.72,1679278.76,1.32935E+13
2019-1594-8/07/2020,2 Metropolitan,REYNELLA EAST,5161,CITY OF ONKAPARINGA,2,0,0,0,0,2019,February,Tuesday,3:10 PM,50,Not Divided,Straight road,Level,Not Applicable,Sealed,Dry,Not Raining,Daylight,Side Swipe,1,Driver Rider,1: PDO,No Control,,,1323757.27,1652514.24,1.32376E+13
2019-1595-8/07/2020,2 Metropolitan,MEDINDIE,5081,WALKERVILLE TOWN COUNCIL,2,0,0,0,0,2019,February,Wednesday,8:57 AM,60,T-Junction,Straight road,Slope,Not Applicable,Sealed,Dry,Not Raining,Daylight,Right Angle,2,Driver Rider,1: PDO,No Control,,,1329461.78,1673999.12,1.32946E+13
2019-1596-8/07/2020,2 Metropolitan,PARALOWIE,5108,CITY OF SALISBURY,2,1,0,0,1,2019,February,Wednesday,12:10 PM,60,Not Divided,Straight road,Level,Driveway or Entrance,Sealed,Dry,Not Raining,Daylight,Rear End,2,Driver Rider,2: MI,No Control,,,1329794.98,1688483.33,1.3298E+13
2019-1597-8/07/2020,2 Metropolitan,TORRENSVILLE,5031,CITY OF WEST TORRENS,2,0,0,0,0,2019,February,Wednesday,10:40 AM,50,Divided Road,Straight road,Level,Not Applicable,Sealed,Dry,Not Raining,Daylight,Hit Pedestrian,1,Pedestrian,1: PDO,No Control,,,1325119.55,1670973.94,1.32512E+13
2019-1598-8/07/2020,3 Country,STREAKY BAY,5680,DC STREAKY BAY.               ,2,0,0,0,0,2019,February,Wednesday,8:00 AM,110,Not Divided,"CURVED, VIEW OPEN",Level,Not Applicable,Sealed,Dry,Not Raining,Daylight,Hit Animal,2,Animal,1: PDO,No Control,,,949854.53,1895927.71,9.49855E+12
2019-1599-8/07/2020,2 Metropolitan,GLENELG NORTH,5045,CITY OF HOLDFAST BAY,2,1,0,1,0,2019,January,Saturday,12:30 PM,40,T-Junction,Straight road,Level,Driveway or Entrance,Sealed,Dry,Not Raining,Daylight,Side Swipe,2,Driver Rider,3: SI,Give Way Sign,,,1320246.15,1665651.63,1.32025E+13
2019-1600-8/07/2020,2 Metropolitan,VIRGINIA,5120,CITY OF PLAYFORD.,2,0,0,0,0,2019,February,Wednesday,12:30 PM,80,Not Divided,Straight road,Level,Driveway or Entrance,Sealed,Dry,Not Raining,Daylight,Right Angle,2,Driver Rider,1: PDO,No Control,,,1327870.07,1699511.65,1.32787E+13
2019-1601-8/07/2020,2 Metropolitan,BEAUMONT,5066,CITY OF BURNSIDE,2,1,0,0,1,2019,February,Tuesday,2:00 PM,50,Cross Road,"CURVED, VIEW OPEN",Level,Not Applicable,Sealed,Dry,Not Raining,Daylight,Right Angle,2,Driver Rider,2: MI,Roundabout,,,1333184.09,1667441.29,1.33318E+13
2019-1602-8/07/2020,2 Metropolitan,PROSPECT,5082,CITY OF PROSPECT,2,1,0,0,1,2019,February,Tuesday,7:40 AM,60,Not Divided,Straight road,Level,Not Applicable,Sealed,Dry,Not Raining,Daylight,Rear End,2,Driver Rider,2: MI,No Control,,,1327259.9,1675485.1,1.32726E+13
2019-1603-8/07/2020,3 Country,KADINA,5554,COPPER COAST DISTRICT COUNCIL,2,1,0,0,1,2019,February,Tuesday,3:30 PM,60,Multiple,Straight road,Level,Not Applicable,Sealed,Dry,Not Raining,Daylight,Right Angle,1,Driver Rider,2: MI,Roundabout,,,1249885.85,1779546.26,1.24989E+13
2019-1604-8/07/2020,2 Metropolitan,GREEN FIELDS,5107,CITY OF SALISBURY,2,0,0,0,0,2019,February,Wednesday,2:05 PM,80,T-Junction,Straight road,Level,Not Applicable,Sealed,Dry,Not Raining,Daylight,Rear End,1,Driver Rider,1: PDO,Traffic Signals,,,1328689.4,1685255.52,1.32869E+13
2019-1605-8/07/2020,2 Metropolitan,PORT NOARLUNGA,5167,CITY OF ONKAPARINGA,2,0,0,0,0,2019,February,Wednesday,12:31 PM,60,Divided Road,"CURVED, VIEW OPEN",Level,Not Applicable,Sealed,Dry,Not Raining,Daylight,Side Swipe,1,Driver Rider,1: PDO,No Control,,,1316379.46,1646483.28,1.31638E+13
2019-1606-8/07/2020,2 Metropolitan,PROSPECT,5082,CITY OF PROSPECT,2,1,0,0,1,2019,February,Wednesday,2:36 PM,60,T-Junction,Straight road,Level,Not Applicable,Sealed,Dry,Not Raining,Daylight,Right Turn,1,Driver Rider,2: MI,No Control,,,1328705.93,1674031.9,1.32871E+13
2019-1607-8/07/2020,2 Metropolitan,SALISBURY,5108,CITY OF SALISBURY,2,1,0,0,1,2019,February,Wednesday,3:00 PM,60,T-Junction,Straight road,Level,Not Applicable,Sealed,Dry,Not Raining,Daylight,Right Angle,1,Driver Rider,2: MI,Give Way Sign,,,1332728.57,1688571.7,1.33273E+13
2019-1608-8/07/2020,2 Metropolitan,POORAKA,5095,CITY OF SALISBURY,2,0,0,0,0,2019,February,Tuesday,4:00 PM,50,Not Divided,Straight road,Level,Not Applicable,Sealed,Dry,Not Raining,Daylight,Hit Parked Vehicle,2,Driver Rider,1: PDO,No Control,,,1330658.62,1681294.72,1.33066E+13
2019-1609-8/07/2020,2 Metropolitan,PAYNEHAM,5070,"CC OF NORWOOD,PAYNEHAM & ST PETERS",2,0,0,0,0,2019,February,Wednesday,3:30 PM,60,Divided Road,Straight road,Level,Not Applicable,Sealed,Dry,Not Raining,Daylight,Side Swipe,2,Driver Rider,1: PDO,No Control,,,1332178.15,1673720.46,1.33218E+13
2019-1610-8/07/2020,2 Metropolitan,GEPPS CROSS,5094,CITY OF PORT ADELAIDE ENFIELD,3,0,0,0,0,2019,May,Tuesday,7:30 PM,60,Divided Road,Straight road,Slope,Not Applicable,Sealed,Dry,Not Raining,Night,Hit Fixed Object,1,Driver Rider,1: PDO,No Control,,,1329905.92,1679308.52,1.32991E+13
2019-1611-8/07/2020,2 Metropolitan,BLAIR ATHOL,5084,CITY OF PORT ADELAIDE ENFIELD,2,0,0,0,0,2019,February,Wednesday,4:20 PM,50,T-Junction,Straight road,Level,Not Applicable,Sealed,Dry,Not Raining,Daylight,Right Angle,1,Driver Rider,1: PDO,No Control,,,1328032.12,1677878.7,1.32803E+13
2019-1612-8/07/2020,2 Metropolitan,PARK HOLME,5043,CC MARION.                    ,2,1,0,0,1,2019,February,Wednesday,5:00 PM,60,Cross Road,Straight road,Level,Not Applicable,Sealed,Dry,Not Raining,Daylight,Rear End,2,Driver Rider,2: MI,Traffic Signals,,,1324312.05,1664025.1,1.32431E+13
2019-1613-8/07/2020,2 Metropolitan,FINDON,5023,CITY OF CHARLES STURT,3,2,0,0,2,2019,February,Wednesday,4:49 PM,60,T-Junction,Straight road,Level,Not Applicable,Sealed,Dry,Not Raining,Daylight,Rear End,1,Driver Rider,2: MI,No Control,,,1323806.21,1673160.7,1.32381E+13
2019-1614-8/07/2020,2 Metropolitan,COROMANDEL VALLEY,5051,CITY OF ONKAPARINGA,3,1,0,0,1,2019,February,Wednesday,4:58 PM,50,T-Junction,"CURVED, VIEW OPEN",Bottom of Hill,Not Applicable,Sealed,Dry,Not Raining,Daylight,Hit Fixed Object,1,Driver Rider,2: MI,No Control,,,1329350.72,1657133.21,1.32935E+13