REPORT_ID,Stats Area,Suburb,Postcode,LGA Name,Total Units,Total Cas,Total Fats,Total SI,Total MI,Year,Month,Day,Time,Area Speed,Position Type,Horizontal Align,Vertical Align,Other Feat,Road Surface,Moisture Cond,Weather Cond,DayNight,Crash Type,Unit Resp,Entity Code,CSEF Severity,Traffic Ctrls,DUI Involved,Drugs Involved,ACCLOC_X,ACCLOC_Y,UNIQUE_LOC
2019-1615-8/07/2020,2 Metropolitan,MYRTLE BANK,5064,CITY OF UNLEY,4,3,0,0,3,2019,February,Wednesday,5:25 PM,60,T-Junction,Straight road,Level,Not Applicable,Sealed,Dry,Not Raining,Daylight,Rear End,1,Driver Rider,2: MI,No Control,,,1331882.99,1666324.51,1.33188E+13
2019-1616-8/07/2020,2 Metropolitan,PARALOWIE,5108,CITY OF SALISBURY,2,1,0,0,1,2019,February,Wednesday,5:50 PM,50,T-Junction,Straight road,Level,Not Applicable,Sealed,Dry,Not Raining,Daylight,Right Turn,1,Driver Rider,2: MI,No Control,Y,,1329227.42,1689264.14,1.32923E+13
2019-1617-8/07/2020,2 Metropolitan,MEDINDIE,5081,WALKERVILLE TOWN COUNCIL,2,0,0,0,0,2019,February,Wednesday,5:45 PM,50,T-Junction,Straight road,Level,Not Applicable,Sealed,Dry,Not Raining,Daylight,Right Angle,2,Driver Rider,1: PDO,Give Way Sign,,,1328972.25,1673468.01,1.32897E+13
2019-1618-8/07/2020,2 Metropolitan,DARLINGTON,5047,CITY OF ONKAPARINGA,2,1,0,0,1,2019,February,Tuesday,9:00 PM,70,Cross Road,"CURVED, VIEW OPEN",Level,Not Applicable,Sealed,Dry,Not Raining,Night,Side Swipe,2,Driver Rider,2: MI,Traffic Signals,,,1324432.96,1659694.42,1.32443E+13
2019-1619-8/07/2020,2 Metropolitan,GAWLER SOUTH,5118,CT GAWLER.                    ,2,0,0,0,0,2019,February,Wednesday,4:15 PM,50,Cross Road,Straight road,Level,Not Applicable,Sealed,Dry,Not Raining,Daylight,Right Angle,1,Driver Rider,1: PDO,Roundabout,,,1342934.62,1705594.27,1.34294E+13
2019-1620-8/07/2020,2 Metropolitan,GILBERTON,5081,WALKERVILLE TOWN COUNCIL,2,1,0,1,0,2019,February,Monday,4:55 PM,50,T-Junction,Straight road,Level,Not Applicable,Sealed,Dry,Not Raining,Daylight,Right Angle,1,Driver Rider,3: SI,No Control,,,1329786.61,1673641.88,1.32979E+13
2019-1621-8/07/2020,2 Metropolitan,EVANSTON GARDENS,5116,CT GAWLER.                    ,2,0,0,0,0,2019,February,Wednesday,7:30 PM,80,Not Divided,Straight road,Level,Driveway or Entrance,Sealed,Dry,Not Raining,Daylight,Rear End,2,Driver Rider,1: PDO,No Control,,,1339423.06,1703275.18,1.33942E+13
2019-1622-8/07/2020,2 Metropolitan,ROSE PARK,5067,CITY OF BURNSIDE,2,0,0,0,0,2019,February,Tuesday,7:05 PM,60,T-Junction,Straight road,Level,Not Applicable,Sealed,Dry,Not Raining,Daylight,Rear End,2,Driver Rider,1: PDO,No Control,,,1330656.15,1670127.6,1.33066E+13
2019-1623-8/07/2020,3 Country,MIL-LEL,5291,DISTRICT COUNCIL OF GRANT,1,0,0,0,0,2019,February,Wednesday,7:50 PM,100,Cross Road,Straight road,Level,Not Applicable,Unsealed,Dry,Not Raining,Daylight,Roll Over,1,Driver Rider,1: PDO,No Control,,,1517740.48,1343746.3,1.51774E+13
2019-1624-8/07/2020,2 Metropolitan,PARAFIELD GARDENS,5107,CITY OF SALISBURY,2,0,0,0,0,2019,February,Wednesday,2:20 PM,50,T-Junction,Straight road,Level,Not Applicable,Sealed,Dry,Not Raining,Daylight,Hit Fixed Object,1,Driver Rider,1: PDO,No Control,,,1330454.89,1685069.66,1.33046E+13
2019-1625-8/07/2020,2 Metropolitan,BROADVIEW,5083,CITY OF PORT ADELAIDE ENFIELD,2,0,0,0,0,2019,February,Tuesday,5:50 PM,60,Divided Road,Straight road,Level,Not Applicable,Sealed,Dry,Not Raining,Daylight,Rear End,2,Driver Rider,1: PDO,No Control,,,1330444.05,1676377.85,1.33044E+13
2019-1626-8/07/2020,2 Metropolitan,ALDINGA,5173,CITY OF ONKAPARINGA,3,0,0,0,0,2019,February,Thursday,4:50 AM,90,Divided Road,Straight road,Slope,Not Applicable,Sealed,Dry,Not Raining,Night,Hit Fixed Object,1,Driver Rider,1: PDO,No Control,,,1317070.58,1633560.28,1.31707E+13
2019-1627-8/07/2020,2 Metropolitan,GREEN FIELDS,5107,CITY OF SALISBURY,2,2,0,0,2,2019,February,Thursday,6:50 AM,70,T-Junction,Straight road,Level,Not Applicable,Sealed,Dry,Not Raining,Night,Rear End,1,Driver Rider,2: MI,Traffic Signals,,,1328689.4,1685255.52,1.32869E+13
2019-1628-8/07/2020,2 Metropolitan,FITZROY,5082,CITY OF PROSPECT,2,1,1,0,0,2019,February,Thursday,2:00 AM,40,Cross Road,Straight road,Level,Not Applicable,Sealed,Dry,Not Raining,Night,Hit Fixed Object,1,Driver Rider,4: Fatal,Roundabout,Y,,1327715.1,1673916.13,1.32772E+13
2019-1629-8/07/2020,2 Metropolitan,ENFIELD,5085,CITY OF PORT ADELAIDE ENFIELD,2,1,0,1,0,2019,February,Thursday,8:20 AM,60,T-Junction,Straight road,Slope,Not Applicable,Sealed,Dry,Not Raining,Daylight,Right Turn,2,Driver Rider,3: SI,No Control,,,1329344.72,1679278.76,1.32935E+13
2019-1630-8/07/2020,2 Metropolitan,ELIZABETH EAST,5112,CITY OF PLAYFORD.,3,0,0,0,0,2019,February,Thursday,8:50 AM,50,Not Divided,"CURVED, VIEW OPEN",Level,Not Applicable,Sealed,Dry,Not Raining,Daylight,Hit Fixed Object,1,Driver Rider,1: PDO,No Control,,,1336816.62,1692708.22,1.33682E+13
2019-1631-8/07/2020,2 Metropolitan,WAYVILLE,5034,CITY OF UNLEY,2,0,0,0,0,2019,February,Thursday,9:20 AM,60,T-Junction,Straight road,Level,Not Applicable,Sealed,Dry,Not Raining,Daylight,Right Angle,1,Driver Rider,1: PDO,No Control,,,1327440.06,1668517.65,1.32744E+13
2019-1632-8/07/2020,2 Metropolitan,GREENACRES,5086,CITY OF PORT ADELAIDE ENFIELD,2,1,0,0,1,2019,February,Wednesday,5:15 PM,60,Divided Road,Straight road,Level,Not Applicable,Sealed,Dry,Not Raining,Daylight,Side Swipe,2,Driver Rider,2: MI,No Control,,,1330449.84,1676582.69,1.33045E+13
2019-1633-8/07/2020,2 Metropolitan,PENFIELD,5121,CITY OF PLAYFORD.,2,0,0,0,0,2019,February,Thursday,9:00 AM,80,Multiple,"CURVED, VIEW OPEN",Level,Not Applicable,Sealed,Dry,Not Raining,Daylight,Right Angle,1,Driver Rider,1: PDO,Roundabout,,,1331401.54,1697660.52,1.3314E+13
2019-1634-8/07/2020,2 Metropolitan,MOUNT BARKER,5251,DC MT.BARKER.                 ,2,1,0,0,1,2019,February,Thursday,10:40 AM,50,Cross Road,"CURVED, VIEW OBSCURED",Level,Not Applicable,Sealed,Dry,Not Raining,Daylight,Right Angle,1,Driver Rider,2: MI,Give Way Sign,,,1351805.3,1654191.41,1.35181E+13
2019-1635-8/07/2020,3 Country,GOOLWA,5214,ALEXANDRINA COUNCIL,2,0,0,0,0,2019,February,Thursday,8:30 AM,50,Cross Road,Straight road,Level,Not Applicable,Sealed,Dry,Not Raining,Daylight,Right Angle,2,Driver Rider,1: PDO,Stop Sign,,,1342807.66,1605913.91,1.34281E+13
2019-1636-8/07/2020,1 City,ADELAIDE,5000,CITY OF ADELAIDE,3,1,0,0,1,2019,February,Thursday,8:34 AM,25,One Way,Straight road,Level,Not Applicable,Sealed,Dry,Not Raining,Daylight,Hit Parked Vehicle,1,Driver Rider,2: MI,No Control,,,1328795.3,1670314.04,1.3288E+13
2019-1637-8/07/2020,2 Metropolitan,KLEMZIG,5087,CITY OF PORT ADELAIDE ENFIELD,2,0,0,0,0,2019,February,Thursday,10:05 AM,60,Not Divided,Straight road,Level,Driveway or Entrance,Sealed,Dry,Not Raining,Daylight,Right Turn,1,Driver Rider,1: PDO,No Control,,,1331712.41,1676185.52,1.33171E+13
2019-1638-8/07/2020,3 Country,COONAWARRA,5263,WATTLE RANGE COUNCIL,2,0,0,0,0,2019,February,Thursday,10:00 AM,110,Cross Road,Straight road,Level,Not Applicable,Sealed,Dry,Not Raining,Daylight,Side Swipe,1,Driver Rider,1: PDO,Give Way Sign,,,1518468.99,1401237.49,1.51847E+13
2019-1639-8/07/2020,2 Metropolitan,MODBURY HEIGHTS,5092,CITY OF TEA TREE GULLY,3,0,0,0,0,2019,February,Thursday,10:20 AM,60,T-Junction,Straight road,Slope,Not Applicable,Sealed,Dry,Not Raining,Daylight,Rear End,1,Driver Rider,1: PDO,Roundabout,,,1336902.77,1682369.02,1.3369E+13
2019-1640-8/07/2020,2 Metropolitan,SALISBURY,5108,CITY OF SALISBURY,2,1,0,0,1,2019,February,Thursday,7:30 AM,60,T-Junction,Straight road,Level,Not Applicable,Sealed,Dry,Not Raining,Daylight,Rear End,2,Driver Rider,2: MI,Traffic Signals,,,1333126.64,1688469.42,1.33313E+13
2019-1641-8/07/2020,2 Metropolitan,TORRENSVILLE,5031,CITY OF WEST TORRENS,2,0,0,0,0,2019,February,Thursday,8:37 AM,50,T-Junction,Straight road,Level,Not Applicable,Sealed,Dry,Not Raining,Daylight,Side Swipe,1,Driver Rider,1: PDO,No Control,,,1324757.26,1670966.19,1.32476E+13
2019-1642-8/07/2020,2 Metropolitan,URRBRAE,5064,CC MITCHAM.                   ,2,1,0,0,1,2019,February,Wednesday,3:50 PM,60,Divided Road,Straight road,Slope,Not Applicable,Sealed,Dry,Not Raining,Daylight,Rear End,2,Driver Rider,2: MI,No Control,,,1332286.1,1666337.3,1.33229E+13
2019-1643-8/07/2020,3 Country,BORDERTOWN,5268,DC TATIARA.                   ,1,1,0,1,0,2019,February,Wednesday,8:40 PM,100,Not Divided,Straight road,Level,"Bridge, Culvert, Causeway",Sealed,Dry,Not Raining,Night,Left Road - Out of Control,1,Driver Rider,3: SI,No Control,Y,,1516246.31,1507967.73,1.51625E+13
2019-1644-8/07/2020,2 Metropolitan,MARLESTON,5033,CITY OF WEST TORRENS,2,0,0,0,0,2019,February,Thursday,10:28 AM,60,T-Junction,Straight road,Level,Not Applicable,Sealed,Dry,Not Raining,Daylight,Right Angle,1,Driver Rider,1: PDO,Give Way Sign,,,1324516.85,1668911.14,1.32452E+13
2019-1645-8/07/2020,2 Metropolitan,MAGILL,5072,CITY OF BURNSIDE,2,1,0,0,1,2019,February,Wednesday,9:00 PM,60,T-Junction,Straight road,Level,Not Applicable,Sealed,Dry,Not Raining,Night,Rear End,2,Driver Rider,2: MI,No Control,,,1335491.3,1671534.09,1.33549E+13
2019-1646-8/07/2020,2 Metropolitan,BROADVIEW,5083,CITY OF PORT ADELAIDE ENFIELD,2,0,0,0,0,2019,February,Thursday,8:15 AM,50,Not Divided,Straight road,Level,Not Applicable,Sealed,Dry,Not Raining,Daylight,Hit Parked Vehicle,2,Driver Rider,1: PDO,No Control,,,1329693.82,1676110.91,1.32969E+13
2019-1647-8/07/2020,2 Metropolitan,ALBERTON,5014,CITY OF PORT ADELAIDE ENFIELD,2,1,0,0,1,2019,February,Thursday,1:30 PM,60,T-Junction,Straight road,Level,Not Applicable,Sealed,Dry,Not Raining,Daylight,Right Angle,1,Driver Rider,2: MI,Give Way Sign,,,1321064.25,1677693.21,1.32106E+13
2019-1648-8/07/2020,2 Metropolitan,MAWSON LAKES,5095,CITY OF SALISBURY,2,1,0,0,1,2019,February,Monday,12:52 PM,50,Not Divided,Straight road,Level,Not Applicable,Sealed,Dry,Not Raining,Daylight,Hit Pedestrian,2,Driver Rider,2: MI,No Control,,,1329783.52,1684155.58,1.32978E+13
2019-1649-8/07/2020,2 Metropolitan,LOBETHAL,5241,THE ADELAIDE HILLS COUNCIL,2,0,0,0,0,2019,February,Thursday,1:10 PM,60,T-Junction,Straight road,Level,Not Applicable,Sealed,Dry,Not Raining,Daylight,Side Swipe,2,Driver Rider,1: PDO,No Control,,,1353946,1672827.32,1.35395E+13
2019-1650-8/07/2020,2 Metropolitan,TORRENSVILLE,5031,CITY OF WEST TORRENS,2,0,0,0,0,2019,February,Wednesday,3:20 PM,60,Cross Road,Straight road,Level,Not Applicable,Sealed,Dry,Not Raining,Daylight,Side Swipe,2,Driver Rider,1: PDO,Traffic Signals,,,1325436.2,1672006.42,1.32544E+13
2019-1651-8/07/2020,3 Country,QUORN,5433,THE FLINDERS RANGES COUNCIL.,2,0,0,0,0,2019,February,Wednesday,10:15 PM,110,Not Divided,Straight road,Level,Not Applicable,Sealed,Dry,Not Raining,Night,Hit Animal,2,Animal,1: PDO,No Control,,,1293302.15,1945757.98,1.2933E+13
2019-1652-8/07/2020,1 City,ADELAIDE,5000,CITY OF ADELAIDE,2,0,0,0,0,2019,February,Thursday,10:16 AM,50,Not Divided,Straight road,Level,Not Applicable,Sealed,Dry,Not Raining,Daylight,Hit Pedestrian,2,Pedestrian,1: PDO,No Control,,,1327842.91,1670962.19,1.32784E+13
2019-1653-8/07/2020,3 Country,ROXBY DOWNS,5725,MC ROXBY DOWNS                ,2,1,0,1,0,2019,February,Thursday,6:17 AM,110,Not Divided,Straight road,Level,Not Applicable,Sealed,Dry,Not Raining,Night,Hit Animal,2,Animal,3: SI,No Control,,,1181201.36,2161040.13,1.1812E+13
2019-1654-8/07/2020,2 Metropolitan,PARAFIELD GARDENS,5107,CITY OF SALISBURY,2,0,0,0,0,2019,February,Monday,3:50 PM,60,Cross Road,Straight road,Level,Not Applicable,Sealed,Dry,Not Raining,Daylight,Rear End,2,Driver Rider,1: PDO,Roundabout,,,1329779.29,1686588.74,1.32978E+13
2019-1655-8/07/2020,2 Metropolitan,VALLEY VIEW,5093,CITY OF PORT ADELAIDE ENFIELD,2,2,0,0,2,2019,February,Thursday,3:43 PM,60,T-Junction,Straight road,Slope,Not Applicable,Sealed,Dry,Not Raining,Daylight,Right Turn,1,Driver Rider,2: MI,Traffic Signals,,,1333829.11,1679364.63,1.33383E+13
2019-1656-8/07/2020,2 Metropolitan,MOUNT BARKER,5251,DC MT.BARKER.                 ,2,1,0,0,1,2019,February,Thursday,4:33 PM,80,Not Divided,"CURVED, VIEW OBSCURED",Slope,Driveway or Entrance,Sealed,Dry,Not Raining,Daylight,Rear End,2,Driver Rider,2: MI,No Control,,,1349634.25,1651426.75,1.34963E+13
2019-1657-8/07/2020,2 Metropolitan,ELIZABETH,5112,CITY OF PLAYFORD.,2,0,0,0,0,2019,February,Thursday,4:30 PM,60,Cross Road,Straight road,Level,Not Applicable,Sealed,Dry,Not Raining,Daylight,Rear End,2,Driver Rider,1: PDO,Roundabout,,,1335676.1,1693854.14,1.33568E+13
2019-1658-8/07/2020,2 Metropolitan,QUEENSTOWN,5014,CITY OF PORT ADELAIDE ENFIELD,2,1,0,0,1,2019,February,Thursday,4:55 PM,60,T-Junction,"CURVED, VIEW OPEN",Level,Not Applicable,Sealed,Dry,Not Raining,Daylight,Right Angle,2,Driver Rider,2: MI,Traffic Signals,,,1320944.93,1677835.48,1.32095E+13
2019-1659-8/07/2020,2 Metropolitan,ALBERT PARK,5014,CITY OF CHARLES STURT,2,0,0,0,0,2019,February,Thursday,6:30 AM,60,Cross Road,Straight road,Level,Not Applicable,Sealed,Dry,Not Raining,Night,Side Swipe,2,Driver Rider,1: PDO,Traffic Signals,,,1321444.17,1675569.1,1.32144E+13
2019-1660-8/07/2020,2 Metropolitan,KENT TOWN,5067,"CC OF NORWOOD,PAYNEHAM & ST PETERS",3,1,0,0,1,2019,February,Thursday,5:15 PM,60,T-Junction,"CURVED, VIEW OPEN",Level,Not Applicable,Sealed,Dry,Not Raining,Daylight,Rear End,2,Driver Rider,2: MI,Give Way Sign,,,1330022.65,1670910,1.33002E+13
2019-1661-8/07/2020,2 Metropolitan,BROADVIEW,5083,CITY OF PORT ADELAIDE ENFIELD,2,1,0,0,1,2019,February,Thursday,5:38 PM,60,T-Junction,Straight road,Level,Not Applicable,Sealed,Dry,Not Raining,Daylight,Right Angle,1,Driver Rider,2: MI,No Control,,,1329706.14,1676463.39,1.32971E+13
2019-1662-8/07/2020,2 Metropolitan,HOLDEN HILL,5088,CITY OF TEA TREE GULLY,3,0,0,0,0,2019,February,Thursday,5:20 PM,60,Divided Road,Straight road,Level,Not Applicable,Sealed,Dry,Not Raining,Daylight,Rear End,2,Driver Rider,1: PDO,No Control,,,1334668.89,1678533.21,1.33467E+13
2019-1663-8/07/2020,2 Metropolitan,PANORAMA,5041,CC MITCHAM.                   ,2,1,0,0,1,2019,February,Thursday,6:18 PM,60,Not Divided,Straight road,Level,Not Applicable,Sealed,Dry,Not Raining,Daylight,Rear End,2,Driver Rider,2: MI,No Control,,,1327625.28,1663488.36,1.32763E+13
2019-1664-8/07/2020,3 Country,PORT AUGUSTA,5700,CC PT.AUGUSTA.                ,1,1,0,0,1,2019,February,Thursday,6:06 PM,60,Not Divided,Straight road,Level,Not Applicable,Unsealed,Dry,Not Raining,Daylight,Roll Over,1,Driver Rider,2: MI,No Control,,,1260639.88,1943676.91,1.26064E+13
2019-1665-8/07/2020,2 Metropolitan,RICHMOND,5033,CITY OF WEST TORRENS,2,2,0,0,2,2019,February,Thursday,2:31 PM,50,T-Junction,Straight road,Level,Not Applicable,Sealed,Dry,Not Raining,Daylight,Rear End,2,Driver Rider,2: MI,No Control,,,1324975.54,1669690.11,1.32498E+13
2019-1666-8/07/2020,2 Metropolitan,NETLEY,5037,CITY OF WEST TORRENS,4,1,0,0,1,2019,February,Wednesday,3:35 PM,60,Divided Road,Straight road,Level,Not Applicable,Sealed,Dry,Not Raining,Daylight,Rear End,1,Driver Rider,2: MI,No Control,,,1324192.85,1668289.25,1.32419E+13
2019-1667-8/07/2020,2 Metropolitan,ANGLE VALE,5117,CITY OF PLAYFORD.,2,0,0,0,0,2019,February,Thursday,7:56 PM,60,Not Divided,Straight road,Level,Not Applicable,Sealed,Dry,Not Raining,Daylight,Hit Fixed Object,1,Driver Rider,1: PDO,No Control,,,1333815.29,1702332.73,1.33382E+13
2019-1668-8/07/2020,2 Metropolitan,PROSPECT,5082,CITY OF PROSPECT,3,1,0,0,1,2019,February,Thursday,8:50 PM,60,Cross Road,"CURVED, VIEW OPEN",Level,Not Applicable,Sealed,Dry,Not Raining,Night,Right Turn,1,Driver Rider,2: MI,Traffic Signals,,,1327235.97,1676403.16,1.32724E+13
2019-1669-8/07/2020,2 Metropolitan,BIRDWOOD,5234,THE ADELAIDE HILLS COUNCIL,2,1,0,1,0,2019,February,Thursday,7:25 PM,100,Not Divided,Straight road,Level,Not Applicable,Sealed,Dry,Not Raining,Daylight,Hit Fixed Object,1,Driver Rider,3: SI,No Control,,,1364668.4,1682868.24,1.36467E+13
2019-1670-8/07/2020,2 Metropolitan,PENNINGTON,5013,CITY OF CHARLES STURT,2,0,0,0,0,2019,February,Thursday,11:42 PM,60,T-Junction,Straight road,Level,Driveway or Entrance,Sealed,Dry,Not Raining,Night,Rear End,1,Driver Rider,1: PDO,No Control,,,1322284.75,1678815.59,1.32229E+13
2019-1671-8/07/2020,3 Country,MOUNT COMPASS,5210,ALEXANDRINA COUNCIL,1,0,0,0,0,2019,February,Friday,12:20 AM,100,Not Divided,Straight road,Level,Not Applicable,Sealed,Dry,Not Raining,Night,Roll Over,1,Driver Rider,1: PDO,No Control,,,1326672.37,1624994.62,1.32667E+13
2019-1672-8/07/2020,2 Metropolitan,BASKET RANGE,5138,THE ADELAIDE HILLS COUNCIL,1,0,0,0,0,2019,February,Friday,12:30 AM,80,Not Divided,"CURVED, VIEW OPEN",Slope,Not Applicable,Sealed,Dry,Not Raining,Night,Roll Over,1,Driver Rider,1: PDO,No Control,,,1344779.67,1668421.53,1.34478E+13
2019-1673-8/07/2020,3 Country,HALBURY,5461,WAKEFIELD REGIONAL COUNCIL,1,0,0,0,0,2019,February,Sunday,9:45 AM,100,Not Divided,Straight road,Slope,Not Applicable,Sealed,Dry,Not Raining,Daylight,Left Road - Out of Control,1,Driver Rider,1: PDO,No Control,,,1322689.44,1766886.95,1.32269E+13
2019-1674-8/07/2020,2 Metropolitan,ALDGATE,5154,THE ADELAIDE HILLS COUNCIL,2,0,0,0,0,2019,February,Friday,7:30 AM,110,Freeway,Straight road,Level,Not Applicable,Sealed,Dry,Not Raining,Daylight,Rear End,1,Driver Rider,1: PDO,No Control,,,1341884.11,1662014.77,1.34188E+13
2019-1675-8/07/2020,2 Metropolitan,PARADISE,5075,CC CAMPBELLTOWN.              ,4,1,0,0,1,2019,February,Friday,8:50 AM,60,Not Divided,Straight road,Level,Not Applicable,Sealed,Dry,Not Raining,Daylight,Rear End,1,Driver Rider,2: MI,No Control,,,1336296.17,1676656.37,1.3363E+13
2019-1676-8/07/2020,2 Metropolitan,SALISBURY EAST,5109,CITY OF SALISBURY,2,1,0,0,1,2019,February,Friday,8:45 AM,80,Cross Road,Straight road,Level,Not Applicable,Sealed,Dry,Not Raining,Daylight,Rear End,1,Driver Rider,2: MI,Traffic Signals,,,1333298.13,1685374.25,1.3333E+13
2019-1677-8/07/2020,2 Metropolitan,ELIZABETH EAST,5112,CITY OF PLAYFORD.,2,1,0,0,1,2019,February,Friday,7:40 AM,60,Not Divided,Straight road,Level,Driveway or Entrance,Sealed,Dry,Not Raining,Daylight,Hit Pedestrian,2,Driver Rider,2: MI,No Control,,,1336685.03,1693153.88,1.33669E+13
2019-1678-8/07/2020,2 Metropolitan,OAKDEN,5086,CITY OF PORT ADELAIDE ENFIELD,3,1,0,0,1,2019,February,Friday,8:59 AM,60,T-Junction,Straight road,Level,Not Applicable,Sealed,Dry,Not Raining,Daylight,Right Angle,2,Driver Rider,2: MI,Traffic Signals,,,1333383.58,1678562.84,1.33338E+13
2019-1679-8/07/2020,2 Metropolitan,REGENCY PARK,5010,CITY OF PORT ADELAIDE ENFIELD,3,1,0,0,1,2019,February,Friday,9:02 AM,60,Cross Road,Straight road,Level,Not Applicable,Sealed,Dry,Not Raining,Daylight,Side Swipe,1,Driver Rider,2: MI,Traffic Signals,,,1326068.01,1676366.04,1.32607E+13
2019-1680-8/07/2020,3 Country,MAITLAND,5573,YORKE PENINSULA COUNCIL,2,0,0,0,0,2019,February,Friday,3:30 AM,100,Not Divided,Straight road,Level,Not Applicable,Sealed,Dry,Not Raining,Night,Hit Fixed Object,1,Driver Rider,1: PDO,No Control,,,1243522.35,1739827.32,1.24352E+13
2019-1681-8/07/2020,2 Metropolitan,GLENELG NORTH,5045,CITY OF HOLDFAST BAY,2,0,0,0,0,2019,February,Thursday,9:55 PM,50,Cross Road,Straight road,Level,Not Applicable,Sealed,Dry,Not Raining,Night,Hit Parked Vehicle,2,Driver Rider,1: PDO,Give Way Sign,,,1320612.76,1665484.38,1.32061E+13
2019-1682-8/07/2020,1 City,ADELAIDE,5000,CITY OF ADELAIDE,2,0,0,0,0,2019,February,Friday,7:55 AM,60,Cross Road,Straight road,Level,Not Applicable,Sealed,Dry,Not Raining,Daylight,Right Turn,1,Driver Rider,1: PDO,Traffic Signals,,,1327363.85,1670321.47,1.32736E+13
2019-1683-8/07/2020,2 Metropolitan,NORWOOD,5067,"CC OF NORWOOD,PAYNEHAM & ST PETERS",2,0,0,0,0,2019,February,Thursday,9:58 AM,60,Cross Road,Straight road,Level,Not Applicable,Sealed,Dry,Not Raining,Daylight,Right Angle,2,Driver Rider,1: PDO,Roundabout,,,1330623.32,1670361.88,1.33062E+13
2019-1684-8/07/2020,2 Metropolitan,GLENELG,5045,CITY OF HOLDFAST BAY,3,1,0,0,1,2019,February,Friday,8:54 AM,50,Not Divided,Straight road,Level,Not Applicable,Sealed,Dry,Not Raining,Daylight,Hit Parked Vehicle,1,Driver Rider,2: MI,No Control,,,1320799.84,1664804.96,1.3208E+13
2019-1685-8/07/2020,2 Metropolitan,MONTACUTE,5134,THE ADELAIDE HILLS COUNCIL,1,0,0,0,0,2019,February,Friday,8:00 AM,80,Not Divided,"CURVED, VIEW OPEN",Slope,Not Applicable,Sealed,Dry,Not Raining,Daylight,Left Road - Out of Control,1,Driver Rider,1: PDO,No Control,,,1340874.23,1673823.49,1.34087E+13
2019-1686-8/07/2020,2 Metropolitan,LEABROOK,5068,CITY OF BURNSIDE,2,1,0,0,1,2019,February,Friday,9:30 AM,50,Not Divided,Straight road,Level,Not Applicable,Sealed,Dry,Not Raining,Daylight,Hit Parked Vehicle,1,Driver Rider,2: MI,No Control,,,1333573.82,1670023.45,1.33357E+13
2019-1687-8/07/2020,2 Metropolitan,FERRYDEN PARK,5010,CITY OF PORT ADELAIDE ENFIELD,2,0,0,0,0,2019,February,Thursday,4:00 PM,50,T-Junction,Straight road,Level,Not Applicable,Sealed,Dry,Not Raining,Daylight,Right Angle,1,Driver Rider,1: PDO,No Control,,,1325597.55,1676768.37,1.3256E+13
2019-1688-8/07/2020,2 Metropolitan,MCLAREN VALE,5171,CITY OF ONKAPARINGA,2,1,0,0,1,2019,February,Friday,8:30 AM,50,Not Divided,Straight road,Level,Driveway or Entrance,Sealed,Dry,Not Raining,Daylight,Right Angle,1,Driver Rider,2: MI,No Control,,,1322305.2,1638058.44,1.32231E+13
2019-1689-8/07/2020,2 Metropolitan,DRY CREEK,5094,CITY OF PORT ADELAIDE ENFIELD,2,1,0,0,1,2019,February,Thursday,4:00 PM,90,Freeway,Straight road,Level,Not Applicable,Sealed,Dry,Not Raining,Daylight,Rear End,2,Driver Rider,2: MI,No Control,,,1325061.61,1681068.4,1.32506E+13
2019-1690-8/07/2020,2 Metropolitan,SEMAPHORE,5019,CITY OF PORT ADELAIDE ENFIELD,1,1,0,0,1,2019,February,Friday,11:40 AM,50,Not Divided,Straight road,Level,Roadworks,Sealed,Wet,Not Raining,Daylight,Roll Over,1,Driver Rider,2: MI,No Control,,,1317781.11,1680388.56,1.31778E+13
2019-1691-8/07/2020,2 Metropolitan,EDEN HILLS,5050,CC MITCHAM.                   ,2,1,0,0,1,2019,February,Friday,11:58 AM,60,Divided Road,Straight road,Slope,Not Applicable,Sealed,Dry,Not Raining,Daylight,Roll Over,1,Driver Rider,2: MI,No Control,,Y,1327910.91,1659370.42,1.32791E+13
2019-1692-8/07/2020,2 Metropolitan,MALVERN,5061,CITY OF UNLEY,2,0,0,0,0,2019,February,Thursday,1:10 PM,50,Cross Road,Straight road,Level,Not Applicable,Sealed,Dry,Not Raining,Daylight,Hit Pedestrian,1,Driver Rider,1: PDO,Traffic Signals,,,1329732.38,1667123.38,1.32973E+13
2019-1693-8/07/2020,2 Metropolitan,CLOVELLY PARK,5042,CC MARION.                    ,2,0,0,0,0,2019,February,Friday,10:30 AM,60,T-Junction,Straight road,Level,Not Applicable,Sealed,Dry,Not Raining,Daylight,Right Angle,2,Driver Rider,1: PDO,No Control,,,1325248.86,1663303.35,1.32525E+13
2019-1694-8/07/2020,2 Metropolitan,PARKSIDE,5063,CITY OF UNLEY,2,0,0,0,0,2019,February,Wednesday,5:10 PM,60,T-Junction,Straight road,Level,Not Applicable,Sealed,Dry,Not Raining,Daylight,Side Swipe,1,Driver Rider,1: PDO,No Control,,,1329511.6,1668976.32,1.32951E+13
2019-1695-8/07/2020,2 Metropolitan,CLEARVIEW,5085,CITY OF PORT ADELAIDE ENFIELD,2,0,0,0,0,2019,February,Friday,10:22 AM,50,Cross Road,Straight road,Level,Not Applicable,Sealed,Dry,Not Raining,Daylight,Head On,2,Driver Rider,1: PDO,Give Way Sign,,Y,1330300.86,1677748.99,1.3303E+13