REPORT_ID,Stats Area,Suburb,Postcode,LGA Name,Total Units,Total Cas,Total Fats,Total SI,Total MI,Year,Month,Day,Time,Area Speed,Position Type,Horizontal Align,Vertical Align,Other Feat,Road Surface,Moisture Cond,Weather Cond,DayNight,Crash Type,Unit Resp,Entity Code,CSEF Severity,Traffic Ctrls,DUI Involved,Drugs Involved,ACCLOC_X,ACCLOC_Y,UNIQUE_LOC
2019-1696-8/07/2020,2 Metropolitan,URRBRAE,5064,CITY OF UNLEY,2,0,0,0,0,2019,February,Friday,9:00 AM,60,Divided Road,Straight road,Level,Not Applicable,Sealed,Dry,Not Raining,Daylight,Side Swipe,1,Driver Rider,1: PDO,No Control,,,1332233.96,1666335.63,1.33223E+13
2019-1697-8/07/2020,1 City,ADELAIDE,5000,CITY OF ADELAIDE,2,1,0,0,1,2019,February,Friday,9:00 AM,50,Not Divided,Straight road,Level,Not Applicable,Sealed,Dry,Not Raining,Daylight,Right Angle,1,Driver Rider,2: MI,No Control,,,1329940.07,1669917.98,1.32994E+13
2019-1698-8/07/2020,2 Metropolitan,GAWLER,5118,CT GAWLER.                    ,1,1,0,1,0,2019,February,Friday,1:20 PM,50,Not Divided,"CURVED, VIEW OPEN",Level,Not Applicable,Sealed,Dry,Not Raining,Daylight,Left Road - Out of Control,1,Driver Rider,3: SI,No Control,,,1343359.75,1706925.02,1.34336E+13
2019-1699-8/07/2020,3 Country,SOLOMONTOWN,5540,PT.PIRIE CITY & DIST. COUNCIL ,2,1,0,0,1,2019,February,Friday,2:30 PM,50,Not Divided,Straight road,Level,Driveway or Entrance,Sealed,Dry,Not Raining,Daylight,Right Angle,2,Driver Rider,2: MI,No Control,,,1280867.08,1865112.67,1.28087E+13
2019-1700-8/07/2020,2 Metropolitan,MITCHELL PARK,5043,CC MARION.                    ,3,2,0,0,2,2019,February,Friday,3:13 PM,60,Divided Road,Straight road,Level,Driveway or Entrance,Sealed,Dry,Not Raining,Daylight,Rear End,1,Driver Rider,2: MI,No Control,,,1324360.88,1662163.32,1.32436E+13
2019-1701-8/07/2020,2 Metropolitan,GULFVIEW HEIGHTS,5096,CITY OF SALISBURY,2,0,0,0,0,2019,February,Friday,3:37 PM,60,Divided Road,Straight road,Slope,Not Applicable,Sealed,Dry,Not Raining,Daylight,Rear End,1,Driver Rider,1: PDO,No Control,,,1334390.64,1684404.96,1.33439E+13
2019-1702-8/07/2020,2 Metropolitan,KLEMZIG,5087,CITY OF PORT ADELAIDE ENFIELD,3,1,0,0,1,2019,February,Friday,2:20 PM,60,Divided Road,Straight road,Level,Not Applicable,Sealed,Dry,Not Raining,Daylight,Rear End,1,Driver Rider,2: MI,No Control,,,1331712.06,1676269.65,1.33171E+13
2019-1703-8/07/2020,2 Metropolitan,PARADISE,5075,CC CAMPBELLTOWN.              ,2,1,0,0,1,2019,February,Friday,3:43 PM,60,Not Divided,Straight road,Level,Driveway or Entrance,Sealed,Dry,Not Raining,Daylight,Side Swipe,2,Driver Rider,2: MI,No Control,,,1336098.75,1675937.35,1.3361E+13
2019-1704-8/07/2020,2 Metropolitan,EVERARD PARK,5035,CITY OF UNLEY,2,0,0,0,0,2019,February,Friday,3:50 PM,60,Cross Road,Straight road,Level,Not Applicable,Sealed,Dry,Not Raining,Daylight,Right Turn,2,Driver Rider,1: PDO,Traffic Signals,,,1325838.75,1667742.18,1.32584E+13
2019-1705-8/07/2020,1 City,NORTH ADELAIDE,5006,CITY OF ADELAIDE,2,1,0,0,1,2019,February,Friday,1:35 PM,50,Not Divided,Straight road,Level,Not Applicable,Sealed,Dry,Not Raining,Daylight,Side Swipe,2,Driver Rider,2: MI,No Control,,,1328589.4,1672064.31,1.32859E+13
2019-1706-8/07/2020,2 Metropolitan,PARKSIDE,5063,CITY OF UNLEY,2,0,0,0,0,2019,February,Friday,11:10 AM,60,Not Divided,Straight road,Level,Driveway or Entrance,Sealed,Dry,Not Raining,Daylight,Hit Pedestrian,2,Driver Rider,1: PDO,No Control,,,1330347.2,1668605.06,1.33035E+13
2019-1707-8/07/2020,2 Metropolitan,PARAFIELD GARDENS,5107,CITY OF SALISBURY,4,1,0,0,1,2019,February,Friday,5:30 PM,50,Not Divided,Straight road,Level,Not Applicable,Sealed,Dry,Not Raining,Daylight,Hit Parked Vehicle,1,Driver Rider,2: MI,No Control,,,1330234.53,1685547.13,1.33024E+13
2019-1708-8/07/2020,2 Metropolitan,ELIZABETH NORTH,5113,CITY OF PLAYFORD.,2,0,0,0,0,2019,February,Friday,4:55 PM,80,Divided Road,Straight road,Level,Not Applicable,Sealed,Dry,Not Raining,Daylight,Side Swipe,2,Driver Rider,1: PDO,No Control,,,1336544.83,1694743.45,1.33655E+13
2019-1709-8/07/2020,2 Metropolitan,OAKLANDS PARK,5046,CC MARION.                    ,2,1,0,0,1,2019,February,Friday,2:20 PM,60,T-Junction,Straight road,Level,Not Applicable,Sealed,Dry,Not Raining,Daylight,Rear End,2,Driver Rider,2: MI,Traffic Signals,,,1323162.31,1661049.36,1.32316E+13
2019-1710-8/07/2020,3 Country,SEVENHILL,5453,CLARE AND GILBERT VALLEYS DISTRICT COUNCIL,3,1,0,1,0,2019,February,Friday,3:45 PM,100,T-Junction,"CURVED, VIEW OPEN",Slope,Not Applicable,Sealed,Dry,Not Raining,Daylight,Hit Fixed Object,1,Driver Rider,3: SI,Give Way Sign,,,1335465.82,1784484.85,1.33547E+13
2019-1711-8/07/2020,2 Metropolitan,WEST BEACH,5024,CITY OF WEST TORRENS,4,1,0,0,1,2019,February,Friday,5:40 PM,80,Cross Road,Straight road,Level,Not Applicable,Sealed,Dry,Not Raining,Daylight,Rear End,1,Driver Rider,2: MI,Traffic Signals,,,1320929.56,1668827.66,1.32093E+13
2019-1712-8/07/2020,2 Metropolitan,SEACOMBE GARDENS,5047,CC MARION.                    ,2,0,0,0,0,2019,February,Friday,6:10 PM,50,T-Junction,Straight road,Level,Not Applicable,Sealed,Dry,Not Raining,Daylight,Hit Fixed Object,1,Driver Rider,1: PDO,No Control,,,1323033.7,1659619.58,1.32303E+13
2019-1713-8/07/2020,2 Metropolitan,BOLIVAR,5110,CITY OF SALISBURY,3,0,0,0,0,2019,February,Friday,5:17 PM,60,Divided Road,Straight road,Level,Roadworks,Sealed,Dry,Not Raining,Daylight,Rear End,1,Driver Rider,1: PDO,No Control,,,1328239.31,1689509.7,1.32824E+13
2019-1714-8/07/2020,2 Metropolitan,SEAFORD RISE,5169,CITY OF ONKAPARINGA,2,0,0,0,0,2019,February,Friday,4:30 PM,70,Cross Road,Straight road,Level,Not Applicable,Sealed,Dry,Not Raining,Daylight,Right Turn,2,Driver Rider,1: PDO,Traffic Signals,,,1316386.82,1641371.18,1.31639E+13
2019-1715-8/07/2020,2 Metropolitan,NORWOOD,5067,"CC OF NORWOOD,PAYNEHAM & ST PETERS",2,1,0,0,1,2019,February,Friday,6:01 PM,60,Cross Road,Straight road,Level,Not Applicable,Sealed,Dry,Not Raining,Daylight,Hit Pedestrian,1,Driver Rider,2: MI,Traffic Signals,,,1331433.35,1671060.9,1.33143E+13
2019-1716-8/07/2020,2 Metropolitan,EVANSTON SOUTH,5116,CT GAWLER.                    ,3,1,0,0,1,2019,February,Friday,5:32 PM,90,Cross Road,Straight road,Level,Not Applicable,Sealed,Dry,Not Raining,Daylight,Rear End,1,Driver Rider,2: MI,Traffic Signals,,,1340950.19,1701985.72,1.34095E+13
2019-1717-8/07/2020,2 Metropolitan,DRY CREEK,5094,CITY OF SALISBURY,2,0,0,0,0,2019,February,Friday,6:06 PM,90,Divided Road,Straight road,Level,Not Applicable,Sealed,Dry,Not Raining,Daylight,Side Swipe,2,Driver Rider,1: PDO,No Control,,,1328233.27,1682776.42,1.32823E+13
2019-1718-8/07/2020,2 Metropolitan,WEST CROYDON,5008,CITY OF CHARLES STURT,2,0,0,0,0,2019,February,Thursday,7:30 PM,50,T-Junction,Straight road,Level,Not Applicable,Sealed,Dry,Not Raining,Daylight,Right Angle,1,Driver Rider,1: PDO,No Control,,,1325007.28,1675453.27,1.32501E+13
2019-1719-8/07/2020,2 Metropolitan,KILBURN,5084,CITY OF PORT ADELAIDE ENFIELD,2,1,0,1,0,2019,February,Friday,8:30 PM,50,T-Junction,Straight road,Level,Not Applicable,Sealed,Dry,Not Raining,Night,Hit Pedestrian,2,Pedestrian,3: SI,Stop Sign,,,1328028.6,1678026.87,1.32803E+13
2019-1720-8/07/2020,2 Metropolitan,PARKSIDE,5063,CITY OF UNLEY,2,0,0,0,0,2019,February,Friday,8:55 PM,60,Cross Road,Straight road,Level,Not Applicable,Sealed,Dry,Not Raining,Night,Right Turn,2,Driver Rider,1: PDO,Traffic Signals,,,1329603.75,1668978.88,1.3296E+13
2019-1721-8/07/2020,2 Metropolitan,WALKERVILLE,5081,WALKERVILLE TOWN COUNCIL,3,1,0,0,1,2019,February,Friday,11:10 PM,60,Cross Road,Straight road,Level,Not Applicable,Sealed,Dry,Not Raining,Night,Rear End,1,Driver Rider,2: MI,Traffic Signals,,,1329485.93,1674238,1.32949E+13
2019-1722-8/07/2020,3 Country,VICTOR HARBOR,5211,DC VICTOR HARBOR.             ,3,2,0,1,1,2019,February,Saturday,12:20 AM,80,Not Divided,"CURVED, VIEW OPEN",Slope,Not Applicable,Sealed,Dry,Not Raining,Night,Hit Fixed Object,1,Driver Rider,3: SI,No Control,Y,,1327537.29,1603407.85,1.32754E+13
2019-1723-8/07/2020,2 Metropolitan,REDWOOD PARK,5097,CITY OF TEA TREE GULLY,2,1,0,0,1,2019,February,Friday,10:35 PM,50,T-Junction,Straight road,Level,Not Applicable,Sealed,Dry,Not Raining,Night,Side Swipe,2,Driver Rider,2: MI,No Control,,,1338474.15,1682826.96,1.33847E+13
2019-1724-8/07/2020,2 Metropolitan,LOCKLEYS,5032,CITY OF WEST TORRENS,2,1,0,0,1,2019,February,Saturday,3:35 AM,50,Not Divided,Straight road,Level,Not Applicable,Sealed,Dry,Not Raining,Night,Hit Parked Vehicle,1,Driver Rider,2: MI,No Control,,,1322507.8,1670162.93,1.32251E+13
2019-1725-8/07/2020,2 Metropolitan,NORWOOD,5067,"CC OF NORWOOD,PAYNEHAM & ST PETERS",2,0,0,0,0,2019,February,Friday,6:19 AM,60,Cross Road,Straight road,Level,Not Applicable,Sealed,Dry,Not Raining,Night,Right Angle,2,Driver Rider,1: PDO,Roundabout,,,1330623.32,1670361.88,1.33062E+13
2019-1726-8/07/2020,2 Metropolitan,CAMPBELLTOWN,5074,CC CAMPBELLTOWN.              ,2,0,0,0,0,2019,February,Saturday,6:20 AM,50,Not Divided,Straight road,Level,Not Applicable,Sealed,Dry,Not Raining,Night,Hit Parked Vehicle,1,Driver Rider,1: PDO,No Control,,,1333543.26,1675529.31,1.33354E+13
2019-1727-8/07/2020,2 Metropolitan,FELIXSTOW,5070,"CC OF NORWOOD,PAYNEHAM & ST PETERS",2,0,0,0,0,2019,February,Saturday,8:50 AM,60,Divided Road,Straight road,Level,Not Applicable,Sealed,Dry,Not Raining,Daylight,Side Swipe,1,Driver Rider,1: PDO,No Control,,,1333687.2,1674483.19,1.33369E+13
2019-1728-8/07/2020,2 Metropolitan,GEPPS CROSS,5094,CITY OF PORT ADELAIDE ENFIELD,2,0,0,0,0,2019,February,Friday,4:00 PM,50,T-Junction,Straight road,Level,Not Applicable,Sealed,Dry,Not Raining,Daylight,Right Angle,2,Driver Rider,1: PDO,No Control,,,1327764.35,1679605.94,1.32776E+13
2019-1729-8/07/2020,2 Metropolitan,MELROSE PARK,5039,CC MITCHAM.                   ,2,1,0,0,1,2019,February,Saturday,9:24 AM,60,T-Junction,Straight road,Level,Not Applicable,Sealed,Dry,Not Raining,Daylight,Right Angle,2,Driver Rider,2: MI,Traffic Signals,,,1325938.63,1664190.98,1.32594E+13
2019-1730-8/07/2020,2 Metropolitan,HACKHAM,5163,CITY OF ONKAPARINGA,3,1,0,0,1,2019,February,Saturday,9:35 AM,60,T-Junction,Straight road,Level,Not Applicable,Sealed,Dry,Not Raining,Daylight,Hit Fixed Object,1,Driver Rider,2: MI,No Control,,,1321666.97,1646395.45,1.32167E+13
2019-1731-8/07/2020,2 Metropolitan,BURNSIDE,5066,CITY OF BURNSIDE,1,1,0,0,1,2019,February,Saturday,10:34 AM,60,T-Junction,Straight road,Slope,Not Applicable,Sealed,Dry,Not Raining,Daylight,Roll Over,9,Other,2: MI,No Control,,,1334586.7,1669118.3,1.33459E+13
2019-1732-8/07/2020,2 Metropolitan,CAMPBELLTOWN,5074,CC CAMPBELLTOWN.              ,2,0,0,0,0,2019,February,Friday,9:00 PM,60,T-Junction,Straight road,Level,Not Applicable,Sealed,Dry,Not Raining,Night,Side Swipe,2,Driver Rider,1: PDO,No Control,,,1334354.79,1675514.1,1.33436E+13
2019-1733-8/07/2020,2 Metropolitan,REDWOOD PARK,5097,CITY OF TEA TREE GULLY,2,1,0,0,1,2019,February,Saturday,10:47 AM,50,Divided Road,"CURVED, VIEW OBSCURED",Level,Not Applicable,Sealed,Dry,Not Raining,Daylight,Hit Fixed Object,1,Driver Rider,2: MI,No Control,,,1339106.93,1682928.62,1.33911E+13
2019-1734-8/07/2020,3 Country,RHYNIE,5412,CLARE AND GILBERT VALLEYS DISTRICT COUNCIL,1,1,0,0,1,2019,February,Friday,3:10 PM,100,Not Divided,"CURVED, VIEW OPEN",Slope,Not Applicable,Sealed,Dry,Not Raining,Daylight,Roll Over,1,Driver Rider,2: MI,No Control,,,1340192.06,1755296.71,1.34019E+13
2019-1735-8/07/2020,2 Metropolitan,KURRALTA PARK,5037,CITY OF WEST TORRENS,2,0,0,0,0,2019,February,Saturday,11:35 AM,60,Cross Road,Straight road,Level,Not Applicable,Sealed,Dry,Not Raining,Daylight,Right Turn,1,Driver Rider,1: PDO,Traffic Signals,,,1325819.1,1668480.34,1.32582E+13
2019-1736-8/07/2020,3 Country,MOUNT DRUMMOND,5607,DC LOWER EYRE PENINSULA       ,1,0,0,0,0,2019,February,Friday,6:00 PM,110,Not Divided,Straight road,Level,Not Applicable,Sealed,Dry,Not Raining,Daylight,Roll Over,1,Driver Rider,1: PDO,No Control,,,1038547.84,1751520.83,1.03855E+13
2019-1737-8/07/2020,2 Metropolitan,WYNN VALE,5127,CITY OF TEA TREE GULLY,2,0,0,0,0,2019,February,Saturday,12:29 PM,60,Cross Road,Straight road,Slope,Not Applicable,Sealed,Dry,Not Raining,Daylight,Hit Fixed Object,1,Driver Rider,1: PDO,Traffic Signals,,,1338912.98,1684761.61,1.33891E+13
2019-1738-8/07/2020,3 Country,GOOLWA,5214,ALEXANDRINA COUNCIL,2,2,0,0,2,2019,February,Saturday,10:45 AM,60,T-Junction,Straight road,Level,Not Applicable,Sealed,Dry,Not Raining,Daylight,Right Angle,2,Driver Rider,2: MI,Give Way Sign,,,1341816.38,1605953.15,1.34182E+13
2019-1739-8/07/2020,3 Country,PINNAROO,5304,SOUTHERN MALLEE DISTRICT COUNCIL,2,0,0,0,0,2019,February,Saturday,5:55 AM,100,Not Divided,"CURVED, VIEW OBSCURED",Crest of Hill,Not Applicable,Sealed,Dry,Not Raining,Night,Hit Animal,2,Animal,1: PDO,No Control,,,1524297.43,1603817.32,1.5243E+13
2019-1740-8/07/2020,2 Metropolitan,BASKET RANGE,5138,THE ADELAIDE HILLS COUNCIL,2,0,0,0,0,2019,February,Tuesday,11:20 AM,80,Not Divided,"CURVED, VIEW OPEN",Slope,Not Applicable,Sealed,Dry,Not Raining,Daylight,Hit Fixed Object,1,Driver Rider,1: PDO,No Control,,,1343435.65,1668231.01,1.34344E+13
2019-1741-8/07/2020,2 Metropolitan,CLAPHAM,5062,CC MITCHAM.                   ,3,1,0,0,1,2019,February,Saturday,3:00 PM,60,Not Divided,Straight road,Slope,Not Applicable,Sealed,Dry,Not Raining,Daylight,Hit Fixed Object,1,Driver Rider,2: MI,No Control,,,1328555.52,1663515.39,1.32856E+13
2019-1742-8/07/2020,1 City,ADELAIDE,5000,CITY OF ADELAIDE,2,1,0,1,0,2019,February,Saturday,3:00 PM,50,Cross Road,"CURVED, VIEW OPEN",Level,Not Applicable,Sealed,Dry,Not Raining,Daylight,Hit Pedestrian,1,Driver Rider,3: SI,Traffic Signals,,,1329597.52,1669755.03,1.3296E+13
2019-1743-8/07/2020,2 Metropolitan,PLYMPTON,5038,CITY OF WEST TORRENS,2,1,0,0,1,2019,February,Tuesday,10:56 AM,60,Cross Road,Straight road,Level,Not Applicable,Sealed,Dry,Not Raining,Daylight,Right Angle,1,Driver Rider,2: MI,Traffic Signals,,,1323607.6,1666121.69,1.32361E+13
2019-1744-8/07/2020,2 Metropolitan,UNDERDALE,5032,CITY OF WEST TORRENS,3,0,0,0,0,2019,February,Thursday,8:28 PM,60,Divided Road,Straight road,Level,Not Applicable,Sealed,Dry,Not Raining,Night,Rear End,1,Driver Rider,1: PDO,No Control,,,1323837.97,1670941.68,1.32384E+13
2019-1745-8/07/2020,2 Metropolitan,SEMAPHORE SOUTH,5019,CITY OF PORT ADELAIDE ENFIELD,3,1,0,0,1,2019,February,Saturday,5:30 PM,60,Not Divided,Straight road,Level,Driveway or Entrance,Sealed,Dry,Not Raining,Daylight,Right Angle,1,Driver Rider,2: MI,No Control,,,1317880.08,1679689.02,1.31788E+13
2019-1746-8/07/2020,2 Metropolitan,HAWTHORNDENE,5051,CC MITCHAM.                   ,1,0,0,0,0,2019,February,Saturday,4:15 PM,60,Not Divided,Straight road,Slope,Not Applicable,Sealed,Dry,Not Raining,Daylight,Left Road - Out of Control,1,Driver Rider,1: PDO,No Control,Y,,1330350.46,1659364.51,1.33035E+13
2019-1747-8/07/2020,2 Metropolitan,MANNINGHAM,5086,CITY OF PORT ADELAIDE ENFIELD,2,1,0,0,1,2019,February,Saturday,5:22 PM,60,Not Divided,Straight road,Crest of Hill,Not Applicable,Sealed,Dry,Not Raining,Daylight,Rear End,2,Driver Rider,2: MI,No Control,,,1330588.55,1675390.57,1.33059E+13
2019-1748-8/07/2020,2 Metropolitan,BROADVIEW,5083,CITY OF PORT ADELAIDE ENFIELD,2,0,0,0,0,2019,February,Saturday,4:56 PM,60,Multiple,Straight road,Level,Not Applicable,Sealed,Dry,Not Raining,Daylight,Right Turn,1,Driver Rider,1: PDO,Traffic Signals,,,1329973.8,1676460.9,1.32997E+13
2019-1749-8/07/2020,2 Metropolitan,POORAKA,5095,CITY OF SALISBURY,2,0,0,0,0,2019,February,Saturday,8:15 PM,50,T-Junction,Straight road,Level,Not Applicable,Sealed,Dry,Not Raining,Night,Right Angle,1,Driver Rider,1: PDO,No Control,,,1330725.12,1681024.57,1.33073E+13
2019-1750-8/07/2020,2 Metropolitan,HAHNDORF,5245,DC MT.BARKER.                 ,2,0,0,0,0,2019,February,Saturday,3:57 PM,50,Not Divided,Straight road,Level,Not Applicable,Sealed,Dry,Not Raining,Daylight,Head On,2,Driver Rider,1: PDO,No Control,,,1347997.73,1657576.4,1.348E+13
2019-1751-8/07/2020,2 Metropolitan,BEDFORD PARK,5042,CC MITCHAM.                   ,2,1,0,0,1,2019,February,Saturday,8:49 PM,70,Cross Road,Straight road,Level,Not Applicable,Sealed,Dry,Not Raining,Night,Hit Fixed Object,1,Driver Rider,2: MI,Traffic Signals,,,1325149.68,1660407.47,1.32515E+13
2019-1752-8/07/2020,3 Country,FRANCES,5262,DC NARACOORTE & LUCINDALE.,2,1,0,0,1,2019,February,Saturday,6:20 PM,100,Not Divided,Straight road,Level,Not Applicable,Sealed,Dry,Not Raining,Daylight,Hit Fixed Object,1,Driver Rider,2: MI,No Control,,,1531907.93,1462750.12,1.53191E+13
2019-1753-8/07/2020,3 Country,EAST MOONTA,5558,COPPER COAST DISTRICT COUNCIL,1,1,0,0,1,2019,February,Saturday,8:59 PM,100,Not Divided,Straight road,Level,Not Applicable,Unsealed,Dry,Not Raining,Night,Roll Over,1,Driver Rider,2: MI,No Control,,,1241477.04,1765577.47,1.24148E+13
2019-1754-8/07/2020,3 Country,SHEA-OAK LOG,5371,LIGHT REGIONAL COUNCIL,1,0,0,0,0,2019,February,Saturday,5:20 PM,90,Not Divided,"CURVED, VIEW OBSCURED",Slope,Not Applicable,Sealed,Dry,Not Raining,Daylight,Left Road - Out of Control,1,Driver Rider,1: PDO,No Control,,,1353357.85,1714388.58,1.35336E+13
2019-1755-8/07/2020,3 Country,NANGWARRY,5277,WATTLE RANGE COUNCIL,3,0,0,0,0,2019,February,Saturday,8:45 PM,50,Not Divided,Straight road,Level,Not Applicable,Sealed,Dry,Not Raining,Night,Hit Fixed Object,1,Driver Rider,1: PDO,No Control,,,1514944.54,1372155.09,1.51495E+13
2019-1756-8/07/2020,1 City,ADELAIDE,5000,CITY OF ADELAIDE,2,0,0,0,0,2019,February,Saturday,10:30 AM,50,T-Junction,"CURVED, VIEW OBSCURED",Level,Not Applicable,Sealed,Dry,Not Raining,Daylight,Hit Parked Vehicle,2,Driver Rider,1: PDO,Give Way Sign,,,1327938.96,1670017.4,1.32794E+13
2019-1757-8/07/2020,2 Metropolitan,ALDINGA BEACH,5173,CITY OF ONKAPARINGA,2,0,0,0,0,2019,February,Saturday,10:40 PM,90,Not Divided,Straight road,Level,Not Applicable,Sealed,Dry,Not Raining,Night,Right Angle,1,Driver Rider,1: PDO,No Control,Y,,1315553.52,1629616.5,1.31555E+13
2019-1758-8/07/2020,2 Metropolitan,SMITHFIELD,5114,CITY OF PLAYFORD.,2,2,0,0,2,2019,February,Sunday,1:23 AM,80,Cross Road,Straight road,Level,Not Applicable,Sealed,Dry,Not Raining,Night,Rear End,2,Driver Rider,2: MI,Traffic Signals,,,1337612.7,1696654.75,1.33761E+13
2019-1759-8/07/2020,1 City,ADELAIDE,5000,CITY OF ADELAIDE,2,0,0,0,0,2019,February,Sunday,1:00 AM,50,Cross Road,Straight road,Level,Not Applicable,Sealed,Dry,Not Raining,Night,Right Turn,1,Driver Rider,1: PDO,Traffic Signals,,,1329016.2,1670995.07,1.32902E+13
2019-1760-8/07/2020,2 Metropolitan,KENSINGTON PARK,5068,CITY OF BURNSIDE,2,0,0,0,0,2019,February,Sunday,12:45 AM,60,Not Divided,Straight road,Level,Not Applicable,Sealed,Dry,Not Raining,Night,Hit Fixed Object,1,Driver Rider,1: PDO,No Control,Y,,1333290.41,1670443.24,1.33329E+13
2019-1761-8/07/2020,2 Metropolitan,BURNSIDE,5066,CITY OF BURNSIDE,2,0,0,0,0,2019,February,Sunday,12:18 AM,50,T-Junction,"CURVED, VIEW OPEN",Crest of Hill,Not Applicable,Sealed,Dry,Not Raining,Night,Hit Fixed Object,1,Driver Rider,1: PDO,No Control,Y,,1334297.06,1668339.02,1.3343E+13
2019-1762-8/07/2020,2 Metropolitan,OAKBANK,5243,THE ADELAIDE HILLS COUNCIL,2,0,0,0,0,2019,February,Saturday,1:50 PM,60,Cross Road,Straight road,Level,Not Applicable,Sealed,Dry,Not Raining,Daylight,Rear End,2,Driver Rider,1: PDO,Give Way Sign,,,1350610.28,1663533,1.35061E+13
2019-1763-8/07/2020,2 Metropolitan,GEPPS CROSS,5094,CITY OF PORT ADELAIDE ENFIELD,2,0,0,0,0,2019,February,Sunday,8:01 AM,60,Multiple,Straight road,Level,Not Applicable,Sealed,Dry,Not Raining,Daylight,Right Turn,1,Driver Rider,1: PDO,Traffic Signals,,,1328802.51,1679265.44,1.3288E+13
2019-1764-8/07/2020,3 Country,KAPUNDA,5373,LIGHT REGIONAL COUNCIL,2,1,0,0,1,2019,February,Sunday,5:31 AM,100,Not Divided,"CURVED, VIEW OBSCURED",Slope,Not Applicable,Sealed,Dry,Not Raining,Night,Hit Fixed Object,1,Driver Rider,2: MI,No Control,Y,,1352998.95,1739404.29,1.353E+13
2019-1765-8/07/2020,2 Metropolitan,CAMDEN PARK,5038,CITY OF WEST TORRENS,2,1,0,0,1,2019,February,Saturday,3:20 PM,60,T-Junction,Straight road,Level,Not Applicable,Sealed,Dry,Not Raining,Daylight,Right Angle,2,Driver Rider,2: MI,Roundabout,,,1322615.66,1666104.64,1.32262E+13
2019-1766-8/07/2020,1 City,ADELAIDE,5000,CITY OF ADELAIDE,2,0,0,0,0,2019,February,Saturday,7:15 PM,50,Cross Road,Straight road,Level,Not Applicable,Sealed,Dry,Not Raining,Daylight,Rear End,2,Driver Rider,1: PDO,Traffic Signals,,,1327977.06,1670816.13,1.32798E+13
2019-1767-8/07/2020,3 Country,MURRAY BRIDGE,5253,RC MURRAY BRIDGE.             ,2,1,0,0,1,2019,February,Sunday,10:45 AM,50,Cross Road,Straight road,Level,Not Applicable,Sealed,Dry,Not Raining,Daylight,Hit Pedestrian,2,Pedestrian,2: MI,Give Way Sign,,,1389008.59,1645717.19,1.38901E+13
2019-1768-8/07/2020,2 Metropolitan,PARA HILLS,5096,CITY OF SALISBURY,2,0,0,0,0,2019,February,Sunday,10:45 AM,50,Not Divided,Straight road,Level,Not Applicable,Sealed,Dry,Not Raining,Daylight,Hit Parked Vehicle,1,Driver Rider,1: PDO,No Control,,,1333970.99,1682821.9,1.33397E+13
2019-1769-8/07/2020,2 Metropolitan,BIRDWOOD,5234,THE ADELAIDE HILLS COUNCIL,2,0,0,0,0,2019,February,Sunday,7:45 AM,80,Not Divided,Straight road,Level,Not Applicable,Sealed,Dry,Not Raining,Daylight,Head On,2,Driver Rider,1: PDO,No Control,,,1363160.14,1681946.1,1.36316E+13
2019-1770-8/07/2020,2 Metropolitan,WARRADALE,5046,CC MARION.                    ,2,0,0,0,0,2019,February,Sunday,11:55 AM,60,Cross Road,Straight road,Level,Not Applicable,Sealed,Dry,Not Raining,Daylight,Rear End,2,Driver Rider,1: PDO,Traffic Signals,,,1322708.54,1661544.9,1.32271E+13
2019-1771-8/07/2020,2 Metropolitan,BIRKENHEAD,5015,CITY OF PORT ADELAIDE ENFIELD,1,1,0,0,1,2019,February,Sunday,10:10 AM,60,T-Junction,Straight road,Level,Not Applicable,Sealed,Dry,Not Raining,Daylight,Roll Over,1,Driver Rider,2: MI,Traffic Signals,,,1319948.63,1680690.42,1.31995E+13
2019-1772-8/07/2020,2 Metropolitan,ABERFOYLE PARK,5159,CITY OF ONKAPARINGA,2,1,0,0,1,2019,February,Sunday,10:35 AM,60,T-Junction,"CURVED, VIEW OPEN",Level,Not Applicable,Sealed,Dry,Not Raining,Daylight,Right Angle,1,Driver Rider,2: MI,No Control,,,1328127.75,1655214.79,1.32813E+13
2019-1773-8/07/2020,2 Metropolitan,SELLICKS BEACH,5174,CITY OF ONKAPARINGA,2,0,0,0,0,2019,February,Saturday,8:29 PM,50,T-Junction,Straight road,Level,Not Applicable,Sealed,Dry,Not Raining,Night,Hit Fixed Object,1,Driver Rider,1: PDO,No Control,Y,,1313997.02,1626509.95,1.314E+13
2019-1774-8/07/2020,2 Metropolitan,PROSPECT,5082,CITY OF PROSPECT,2,4,0,0,4,2019,February,Sunday,1:08 PM,60,Cross Road,Straight road,Level,Not Applicable,Sealed,Dry,Not Raining,Daylight,Right Turn,2,Driver Rider,2: MI,Traffic Signals,,,1328873.3,1676432.66,1.32887E+13
2019-1775-8/07/2020,2 Metropolitan,PARA HILLS WEST,5096,CITY OF SALISBURY,2,0,0,0,0,2019,February,Sunday,1:30 PM,50,Not Divided,Straight road,Level,Not Applicable,Sealed,Dry,Not Raining,Daylight,Hit Parked Vehicle,2,Driver Rider,1: PDO,No Control,,,1332750.62,1684649.26,1.33275E+13