REPORT_ID,Stats Area,Suburb,Postcode,LGA Name,Total Units,Total Cas,Total Fats,Total SI,Total MI,Year,Month,Day,Time,Area Speed,Position Type,Horizontal Align,Vertical Align,Other Feat,Road Surface,Moisture Cond,Weather Cond,DayNight,Crash Type,Unit Resp,Entity Code,CSEF Severity,Traffic Ctrls,DUI Involved,Drugs Involved,ACCLOC_X,ACCLOC_Y,UNIQUE_LOC
2019-1857-8/07/2020,2 Metropolitan,BROOKLYN PARK,5032,CITY OF WEST TORRENS,2,1,0,1,0,2019,February,Tuesday,3:48 PM,60,T-Junction,Straight road,Level,Not Applicable,Sealed,Wet,Not Raining,Daylight,Side Swipe,1,Driver Rider,3: SI,No Control,,,1324146.15,1669859.4,1.32415E+13
2019-1858-8/07/2020,2 Metropolitan,CRAFERS WEST,5152,THE ADELAIDE HILLS COUNCIL,2,1,0,0,1,2019,February,Tuesday,4:15 PM,60,Not Divided,Straight road,Slope,Not Applicable,Sealed,Dry,Not Raining,Daylight,Hit Parked Vehicle,1,Driver Rider,2: MI,No Control,,,1337416.15,1661775.37,1.33742E+13
2019-1859-8/07/2020,3 Country,WOOLUNDUNGA,5701,CC PT.AUGUSTA.                ,2,0,0,0,0,2019,February,Saturday,4:00 AM,110,Not Divided,Straight road,Level,Not Applicable,Sealed,Dry,Not Raining,Night,Hit Animal,2,Animal,1: PDO,No Control,,,1269633.1,1932814.22,1.26963E+13
2019-1860-8/07/2020,2 Metropolitan,COROMANDEL EAST,5157,CITY OF ONKAPARINGA,3,1,0,0,1,2019,February,Monday,7:33 PM,80,Not Divided,Straight road,Slope,Not Applicable,Sealed,Dry,Not Raining,Daylight,Head On,1,Driver Rider,2: MI,No Control,,,1331250.46,1657612.07,1.33125E+13
2019-1861-8/07/2020,2 Metropolitan,MARDEN,5070,"CC OF NORWOOD,PAYNEHAM & ST PETERS",2,1,0,0,1,2019,February,Tuesday,4:30 PM,60,T-Junction,Straight road,Level,Not Applicable,Sealed,Dry,Not Raining,Daylight,Rear End,2,Driver Rider,2: MI,Traffic Signals,,,1332501.04,1673941.48,1.3325E+13
2019-1862-8/07/2020,2 Metropolitan,MYRTLE BANK,5064,CITY OF UNLEY,2,0,0,0,0,2019,February,Tuesday,6:20 PM,60,T-Junction,Straight road,Level,Not Applicable,Sealed,Dry,Not Raining,Daylight,Rear End,2,Driver Rider,1: PDO,No Control,,,1332090.89,1666331.03,1.33209E+13
2019-1863-8/07/2020,2 Metropolitan,PARK HOLME,5043,CC MARION.                    ,3,0,0,0,0,2019,February,Tuesday,4:00 PM,60,Divided Road,Straight road,Level,Not Applicable,Sealed,Dry,Not Raining,Daylight,Rear End,1,Driver Rider,1: PDO,No Control,,,1324311.28,1664054.26,1.32431E+13
2019-1864-8/07/2020,2 Metropolitan,SALISBURY,5108,CITY OF SALISBURY,2,0,0,0,0,2019,February,Tuesday,3:50 PM,60,Not Divided,Straight road,Level,Not Applicable,Sealed,Dry,Not Raining,Daylight,Side Swipe,2,Driver Rider,1: PDO,No Control,,,1333543.25,1688868.27,1.33354E+13
2019-1865-8/07/2020,2 Metropolitan,ALDINGA,5173,CITY OF ONKAPARINGA,3,0,0,0,0,2019,February,Tuesday,9:05 PM,90,Not Divided,Straight road,Slope,Not Applicable,Sealed,Dry,Not Raining,Night,Hit Animal,2,Animal,1: PDO,No Control,,,1317736.87,1635160.01,1.31774E+13
2019-1866-8/07/2020,2 Metropolitan,HALLETT COVE,5158,CC MARION.                    ,2,1,0,0,1,2019,February,Tuesday,10:41 PM,50,Not Divided,"CURVED, VIEW OPEN",Crest of Hill,Not Applicable,Sealed,Dry,Not Raining,Night,Roll Over,1,Driver Rider,2: MI,No Control,,,1319494.6,1655344.73,1.3195E+13
2019-1867-8/07/2020,2 Metropolitan,GAWLER SOUTH,5118,CT GAWLER.                    ,2,1,0,0,1,2019,February,Wednesday,4:30 AM,50,Not Divided,Straight road,Level,Not Applicable,Sealed,Dry,Not Raining,Night,Hit Fixed Object,1,Driver Rider,2: MI,No Control,Y,,1342774.41,1705255.13,1.34277E+13
2019-1868-8/07/2020,2 Metropolitan,PORT ADELAIDE,5015,CITY OF PORT ADELAIDE ENFIELD,2,0,0,0,0,2019,February,Wednesday,6:40 AM,50,Cross Road,Straight road,Level,Not Applicable,Sealed,Dry,Not Raining,Night,Right Angle,1,Driver Rider,1: PDO,Give Way Sign,,,1320284.98,1679992.97,1.32029E+13
2019-1869-8/07/2020,2 Metropolitan,SOMERTON PARK,5044,CITY OF HOLDFAST BAY,2,1,0,1,0,2019,February,Wednesday,6:15 AM,60,Cross Road,Straight road,Level,Not Applicable,Sealed,Dry,Not Raining,Night,Right Turn,1,Driver Rider,3: SI,Give Way Sign,,,1321083.06,1662790.4,1.32108E+13
2019-1870-8/07/2020,1 City,NORTH ADELAIDE,5006,CITY OF ADELAIDE,2,0,0,0,0,2019,February,Wednesday,8:35 AM,50,Not Divided,Straight road,Level,Not Applicable,Sealed,Dry,Not Raining,Daylight,Rear End,1,Driver Rider,1: PDO,No Control,,,1328652.89,1673419.88,1.32865E+13
2019-1871-8/07/2020,3 Country,NURIOOTPA,5355,THE BAROSSA COUNCIL.,2,1,0,0,1,2019,February,Wednesday,7:40 AM,50,Not Divided,Straight road,Level,Not Applicable,Sealed,Dry,Not Raining,Daylight,Hit Parked Vehicle,1,Driver Rider,2: MI,No Control,,,1365978.57,1720297.66,1.36598E+13
2019-1872-8/07/2020,2 Metropolitan,WINDSOR GARDENS,5087,CITY OF PORT ADELAIDE ENFIELD,3,0,0,0,0,2019,February,Wednesday,8:45 AM,60,Divided Road,Straight road,Level,Not Applicable,Sealed,Dry,Not Raining,Daylight,Rear End,1,Driver Rider,1: PDO,No Control,,,1333488.81,1677802.72,1.33349E+13
2019-1873-8/07/2020,2 Metropolitan,DAW PARK,5041,CC MITCHAM.                   ,2,2,0,0,2,2019,February,Wednesday,8:40 AM,60,T-Junction,Straight road,Level,Not Applicable,Sealed,Dry,Not Raining,Daylight,Right Turn,1,Driver Rider,2: MI,Stop Sign,,Y,1327547.13,1664745.26,1.32755E+13
2019-1874-8/07/2020,1 City,ADELAIDE,5000,CITY OF ADELAIDE,2,1,0,0,1,2019,February,Tuesday,4:40 PM,60,Divided Road,Straight road,Level,Not Applicable,Sealed,Dry,Not Raining,Daylight,Side Swipe,2,Driver Rider,2: MI,No Control,,,1326746.23,1671414.17,1.32675E+13
2019-1875-8/07/2020,2 Metropolitan,WOODVILLE SOUTH,5011,CITY OF CHARLES STURT,2,0,0,0,0,2019,February,Wednesday,9:50 AM,50,Cross Road,Straight road,Level,Not Applicable,Sealed,Dry,Not Raining,Daylight,Right Angle,1,Driver Rider,1: PDO,Give Way Sign,,,1322631.74,1675303.95,1.32263E+13
2019-1876-8/07/2020,2 Metropolitan,ST PETERS,5069,"CC OF NORWOOD,PAYNEHAM & ST PETERS",2,1,0,0,1,2019,February,Tuesday,4:40 PM,60,Cross Road,Straight road,Level,Not Applicable,Sealed,Dry,Not Raining,Daylight,Rear End,2,Driver Rider,2: MI,Stop Sign,,,1330333.37,1673326.06,1.33033E+13
2019-1877-8/07/2020,2 Metropolitan,MAWSON LAKES,5095,CITY OF SALISBURY,2,0,0,0,0,2019,February,Tuesday,6:45 PM,50,Not Divided,Straight road,Level,Not Applicable,Sealed,Dry,Not Raining,Daylight,Hit Parked Vehicle,1,Driver Rider,1: PDO,No Control,,,1329618.14,1682874.25,1.32962E+13
2019-1878-8/07/2020,2 Metropolitan,KENT TOWN,5067,"CC OF NORWOOD,PAYNEHAM & ST PETERS",2,1,0,0,1,2019,February,Wednesday,9:05 AM,50,Not Divided,Straight road,Level,Driveway or Entrance,Sealed,Dry,Not Raining,Daylight,Right Turn,1,Driver Rider,2: MI,No Control,,,1330135.84,1671164.09,1.33014E+13
2019-1879-8/07/2020,2 Metropolitan,HYDE PARK,5061,CITY OF UNLEY,2,0,0,0,0,2019,February,Wednesday,8:05 AM,50,Cross Road,Straight road,Level,Not Applicable,Sealed,Dry,Not Raining,Daylight,Rear End,2,Driver Rider,1: PDO,Traffic Signals,,,1328396.66,1667405.46,1.3284E+13
2019-1880-8/07/2020,2 Metropolitan,MOUNT BARKER,5251,DC MT.BARKER.                 ,2,1,0,0,1,2019,February,Wednesday,9:00 AM,50,Not Divided,Straight road,Level,Not Applicable,Sealed,Dry,Not Raining,Daylight,Rear End,2,Driver Rider,2: MI,No Control,,,1350948.7,1652705.43,1.35095E+13
2019-1881-8/07/2020,2 Metropolitan,WINDSOR GARDENS,5087,CITY OF PORT ADELAIDE ENFIELD,2,0,0,0,0,2019,February,Wednesday,11:30 AM,60,Divided Road,Straight road,Level,Not Applicable,Sealed,Dry,Not Raining,Daylight,Rear End,2,Driver Rider,1: PDO,No Control,,,1333477.92,1677793.36,1.33348E+13
2019-1882-8/07/2020,2 Metropolitan,HACKNEY,5069,"CC OF NORWOOD,PAYNEHAM & ST PETERS",2,0,0,0,0,2019,February,Wednesday,10:15 AM,60,Divided Road,Straight road,Level,Not Applicable,Sealed,Dry,Not Raining,Daylight,Side Swipe,1,Driver Rider,1: PDO,No Control,,,1329871.27,1671510.94,1.32987E+13
2019-1883-8/07/2020,2 Metropolitan,PROSPECT,5082,CITY OF PROSPECT,2,0,0,0,0,2019,February,Sunday,2:40 PM,60,Not Divided,Straight road,Level,Median Opening (not at I/S),Sealed,Wet,Raining,Daylight,Side Swipe,1,Driver Rider,1: PDO,No Control,,,1327279.24,1674631.29,1.32728E+13
2019-1884-8/07/2020,1 City,ADELAIDE,5000,CITY OF ADELAIDE,2,1,0,0,1,2019,February,Wednesday,6:50 AM,50,Not Divided,Straight road,Level,Not Applicable,Sealed,Dry,Not Raining,Night,Side Swipe,2,Driver Rider,2: MI,No Control,,,1329752.03,1671012.57,1.32975E+13
2019-1885-8/07/2020,2 Metropolitan,NORWOOD,5067,"CC OF NORWOOD,PAYNEHAM & ST PETERS",2,1,0,0,1,2019,February,Tuesday,5:00 PM,50,Cross Road,Straight road,Level,Not Applicable,Sealed,Dry,Not Raining,Daylight,Right Angle,2,Driver Rider,2: MI,Roundabout,,,1331241.45,1670715.28,1.33124E+13
2019-1886-8/07/2020,2 Metropolitan,SALISBURY,5108,CITY OF SALISBURY,2,0,0,0,0,2019,February,Wednesday,12:35 PM,60,T-Junction,"CURVED, VIEW OPEN",Level,Not Applicable,Sealed,Dry,Not Raining,Daylight,Rear End,1,Driver Rider,1: PDO,Traffic Signals,,,1333161.27,1689061.81,1.33316E+13
2019-1887-8/07/2020,2 Metropolitan,CONCORDIA,5118,THE BAROSSA COUNCIL.,3,0,0,0,0,2019,February,Wednesday,12:20 PM,80,Not Divided,"CURVED, VIEW OPEN",Level,Not Applicable,Sealed,Dry,Not Raining,Daylight,Other,2,Driver Rider,1: PDO,No Control,,,1345819.09,1706573.8,1.34582E+13
2019-1888-8/07/2020,2 Metropolitan,BROOKLYN PARK,5032,CITY OF WEST TORRENS,2,1,0,0,1,2019,February,Wednesday,1:10 PM,60,T-Junction,Straight road,Level,Not Applicable,Sealed,Dry,Not Raining,Daylight,Right Turn,2,Driver Rider,2: MI,Traffic Signals,,,1324118.14,1670938.65,1.32412E+13
2019-1889-8/07/2020,3 Country,VICTOR HARBOR,5211,DC VICTOR HARBOR.             ,5,2,0,2,0,2019,February,Wednesday,8:35 AM,60,Cross Road,Straight road,Level,Not Applicable,Sealed,Dry,Not Raining,Daylight,Right Angle,1,Driver Rider,3: SI,Give Way Sign,,,1328086.29,1601415.55,1.32809E+13
2019-1890-8/07/2020,2 Metropolitan,FERRYDEN PARK,5010,CITY OF PORT ADELAIDE ENFIELD,2,0,0,0,0,2019,February,Wednesday,2:40 PM,50,T-Junction,Straight road,Level,Not Applicable,Sealed,Dry,Not Raining,Daylight,Rear End,1,Driver Rider,1: PDO,No Control,,,1325025.15,1676841.12,1.32503E+13
2019-1891-8/07/2020,2 Metropolitan,ABERFOYLE PARK,5159,CITY OF ONKAPARINGA,2,0,0,0,0,2019,February,Tuesday,8:30 AM,50,T-Junction,Straight road,Level,Not Applicable,Sealed,Dry,Not Raining,Daylight,Rear End,2,Driver Rider,1: PDO,No Control,,,1326750.32,1653515.9,1.32675E+13
2019-1892-8/07/2020,2 Metropolitan,BEDFORD PARK,5042,CC MITCHAM.                   ,3,0,0,0,0,2019,February,Monday,12:45 PM,50,T-Junction,Straight road,Slope,Not Applicable,Sealed,Dry,Not Raining,Daylight,Other,1,Driver Rider,1: PDO,Traffic Signals,,,1325694.22,1660477.29,1.32569E+13
2019-1893-8/07/2020,2 Metropolitan,GEPPS CROSS,5094,CITY OF PORT ADELAIDE ENFIELD,2,0,0,0,0,2019,February,Wednesday,4:10 PM,60,Cross Road,Straight road,Level,Not Applicable,Sealed,Dry,Not Raining,Daylight,Right Turn,1,Driver Rider,1: PDO,Traffic Signals,,,1327183.81,1679221.7,1.32718E+13
2019-1894-8/07/2020,2 Metropolitan,OLD NOARLUNGA,5168,CITY OF ONKAPARINGA,2,0,0,0,0,2019,February,Wednesday,3:50 PM,60,Divided Road,Straight road,Slope,Not Applicable,Sealed,Dry,Not Raining,Daylight,Rear End,2,Driver Rider,1: PDO,No Control,,,1318067.68,1642788.51,1.31807E+13
2019-1895-8/07/2020,2 Metropolitan,HUNTFIELD HEIGHTS,5163,CITY OF ONKAPARINGA,4,0,0,0,0,2019,February,Wednesday,3:45 PM,80,Divided Road,Straight road,Slope,Not Applicable,Sealed,Dry,Not Raining,Daylight,Rear End,2,Driver Rider,1: PDO,No Control,,,1320519.2,1645492.11,1.32052E+13
2019-1896-8/07/2020,2 Metropolitan,HENLEY BEACH SOUTH,5022,CITY OF CHARLES STURT,2,0,0,0,0,2019,February,Wednesday,2:44 PM,50,Not Divided,Straight road,Level,Not Applicable,Sealed,Dry,Not Raining,Daylight,Right Angle,1,Driver Rider,1: PDO,No Control,,,1319119.83,1670518.22,1.31912E+13
2019-1897-8/07/2020,2 Metropolitan,EVANSTON SOUTH,5116,CT GAWLER.                    ,3,0,0,0,0,2019,February,Wednesday,3:30 PM,90,Divided Road,Straight road,Level,Not Applicable,Sealed,Dry,Not Raining,Daylight,Rear End,1,Driver Rider,1: PDO,No Control,,,1339675.46,1700265.44,1.33968E+13
2019-1898-8/07/2020,2 Metropolitan,NAILSWORTH,5083,CITY OF PROSPECT,2,0,0,0,0,2019,February,Wednesday,8:45 AM,60,T-Junction,Straight road,Level,Not Applicable,Sealed,Dry,Not Raining,Daylight,Right Turn,1,Driver Rider,1: PDO,No Control,,,1328914.32,1674886.77,1.32891E+13
2019-1899-8/07/2020,2 Metropolitan,UNLEY,5061,CITY OF UNLEY,2,1,0,0,1,2019,February,Wednesday,8:05 AM,50,Not Divided,Straight road,Level,Not Applicable,Sealed,Dry,Not Raining,Daylight,Side Swipe,1,Driver Rider,2: MI,No Control,,,1328456.76,1668854.31,1.32846E+13
2019-1900-8/07/2020,2 Metropolitan,SALISBURY DOWNS,5108,CITY OF SALISBURY,2,1,0,0,1,2019,February,Wednesday,2:20 PM,60,Cross Road,Straight road,Level,Not Applicable,Sealed,Dry,Not Raining,Daylight,Right Angle,2,Driver Rider,2: MI,Roundabout,,,1330533.89,1687541.31,1.33053E+13
2019-1901-8/07/2020,2 Metropolitan,OLD NOARLUNGA,5168,CITY OF ONKAPARINGA,2,0,0,0,0,2019,February,Wednesday,6:15 PM,60,Not Divided,Straight road,Level,Not Applicable,Sealed,Dry,Not Raining,Daylight,Side Swipe,2,Driver Rider,1: PDO,No Control,,,1318002.24,1642815.1,1.318E+13
2019-1902-8/07/2020,2 Metropolitan,WOODSIDE,5244,THE ADELAIDE HILLS COUNCIL,2,1,0,0,1,2019,February,Wednesday,5:08 PM,50,Not Divided,Straight road,Level,Not Applicable,Sealed,Dry,Not Raining,Daylight,Head On,1,Driver Rider,2: MI,No Control,,,1353606.49,1667082.26,1.35361E+13
2019-1903-8/07/2020,2 Metropolitan,CRAFERS,5152,THE ADELAIDE HILLS COUNCIL,4,5,0,0,5,2019,February,Wednesday,4:40 PM,100,Freeway,Straight road,Slope,Not Applicable,Sealed,Dry,Not Raining,Daylight,Rear End,2,Driver Rider,2: MI,No Control,,,1337179.24,1662786.66,1.33718E+13
2019-1904-8/07/2020,2 Metropolitan,EDWARDSTOWN,5039,CC MARION.                    ,3,0,0,0,0,2019,February,Wednesday,5:20 PM,50,Not Divided,Straight road,Level,Not Applicable,Sealed,Dry,Not Raining,Daylight,Rear End,1,Driver Rider,1: PDO,No Control,,,1325357.63,1665889.92,1.32536E+13
2019-1905-8/07/2020,2 Metropolitan,POORAKA,5095,CITY OF SALISBURY,2,1,0,0,1,2019,February,Wednesday,4:55 PM,70,Cross Road,Straight road,Level,Not Applicable,Sealed,Dry,Not Raining,Daylight,Rear End,1,Driver Rider,2: MI,Traffic Signals,,,1330475.28,1681830.96,1.33048E+13
2019-1906-8/07/2020,3 Country,VICTOR HARBOR,5211,DC VICTOR HARBOR.             ,2,0,0,0,0,2019,February,Wednesday,4:25 PM,50,Not Divided,Straight road,Level,Not Applicable,Sealed,Dry,Not Raining,Daylight,Rear End,2,Driver Rider,1: PDO,No Control,,,1328299.92,1601303.13,1.3283E+13
2019-1907-8/07/2020,2 Metropolitan,TRANMERE,5073,CC CAMPBELLTOWN.              ,2,0,0,0,0,2019,February,Wednesday,7:10 PM,50,T-Junction,Straight road,Level,Not Applicable,Sealed,Dry,Not Raining,Daylight,Right Angle,1,Driver Rider,1: PDO,No Control,,,1334405.64,1673166.5,1.33441E+13
2019-1908-8/07/2020,3 Country,WHYALLA BARSON,5601,CC WHYALLA.                   ,3,0,0,0,0,2019,February,Wednesday,3:50 PM,110,Not Divided,Straight road,Level,Not Applicable,Sealed,Dry,Not Raining,Daylight,Hit Fixed Object,1,Driver Rider,1: PDO,No Control,,Y,1240615.38,1889245.39,1.24062E+13
2019-1909-8/07/2020,3 Country,CARAWA,5680,DC CEDUNA                     ,1,0,0,0,0,2019,February,Wednesday,1:00 AM,110,Not Divided,"CURVED, VIEW OPEN",Level,Not Applicable,Sealed,Dry,Not Raining,Night,Roll Over,1,Driver Rider,1: PDO,No Control,,,931120.31,1964911.59,9.3112E+12
2019-1910-8/07/2020,3 Country,PENOLA,5277,WATTLE RANGE COUNCIL,1,1,0,0,1,2019,February,Thursday,3:45 AM,110,Not Divided,"CURVED, VIEW OPEN",Level,Not Applicable,Sealed,Dry,Not Raining,Night,Roll Over,1,Driver Rider,2: MI,No Control,,Y,1517829.96,1388055.81,1.51783E+13
2019-1911-8/07/2020,2 Metropolitan,MEADOWS,5201,DC MT.BARKER.                 ,2,0,0,0,0,2019,February,Thursday,6:22 AM,50,Cross Road,Straight road,Level,Not Applicable,Sealed,Dry,Not Raining,Night,Right Angle,2,Driver Rider,1: PDO,Stop Sign,,,1341752.43,1641781.56,1.34175E+13
2019-1912-8/07/2020,2 Metropolitan,SEACLIFF PARK,5049,CC MARION.                    ,3,0,0,0,0,2019,February,Thursday,7:30 AM,80,Divided Road,Straight road,Slope,Not Applicable,Sealed,Dry,Not Raining,Daylight,Rear End,2,Driver Rider,1: PDO,No Control,,,1321816.92,1657571.47,1.32182E+13
2019-1913-8/07/2020,2 Metropolitan,MARION,5043,CC MARION.                    ,2,0,0,0,0,2019,February,Thursday,9:02 AM,60,T-Junction,Straight road,Level,Not Applicable,Sealed,Dry,Not Raining,Daylight,Right Turn,2,Driver Rider,1: PDO,No Control,,,1324355.02,1662343.49,1.32436E+13
2019-1914-8/07/2020,2 Metropolitan,TUSMORE,5065,CITY OF BURNSIDE,2,0,0,0,0,2019,March,Friday,8:45 AM,60,T-Junction,Straight road,Level,Not Applicable,Sealed,Dry,Not Raining,Daylight,Right Angle,1,Driver Rider,1: PDO,No Control,,,1333050.47,1669075.04,1.33305E+13
2019-1915-8/07/2020,2 Metropolitan,CROYDON PARK,5008,CITY OF PORT ADELAIDE ENFIELD,2,0,0,0,0,2019,February,Thursday,8:32 AM,60,T-Junction,Straight road,Level,Not Applicable,Sealed,Dry,Not Raining,Daylight,Side Swipe,1,Driver Rider,1: PDO,No Control,,,1325056.77,1676350.87,1.32506E+13
2019-1916-8/07/2020,2 Metropolitan,GLANDORE,5037,CC MARION.                    ,2,0,0,0,0,2019,February,Thursday,9:30 AM,60,T-Junction,Straight road,Level,Not Applicable,Sealed,Dry,Not Raining,Daylight,Side Swipe,1,Driver Rider,1: PDO,No Control,,,1325861.92,1666618.9,1.32586E+13
2019-1917-8/07/2020,2 Metropolitan,SALISBURY EAST,5109,CITY OF SALISBURY,2,0,0,0,0,2019,February,Thursday,9:14 AM,60,Not Divided,Straight road,Level,Not Applicable,Sealed,Dry,Not Raining,Daylight,Side Swipe,2,Driver Rider,1: PDO,No Control,,,1334521.52,1685084.93,1.33452E+13
2019-1918-8/07/2020,2 Metropolitan,KENSINGTON PARK,5068,CITY OF BURNSIDE,2,1,0,0,1,2019,February,Thursday,7:50 AM,60,T-Junction,Straight road,Level,Not Applicable,Sealed,Dry,Not Raining,Daylight,Side Swipe,1,Driver Rider,2: MI,Stop Sign,,,1333148.07,1671787.87,1.33315E+13
2019-1919-8/07/2020,2 Metropolitan,GAWLER BELT,5118,LIGHT REGIONAL COUNCIL,2,1,0,0,1,2019,February,Thursday,8:40 AM,60,T-Junction,Straight road,Level,Not Applicable,Sealed,Dry,Not Raining,Daylight,Rear End,1,Driver Rider,2: MI,No Control,,,1342251.84,1708815.14,1.34225E+13
2019-1920-8/07/2020,2 Metropolitan,SEACLIFF PARK,5049,CITY OF HOLDFAST BAY,2,0,0,0,0,2019,February,Thursday,9:50 AM,60,Cross Road,Straight road,Slope,Not Applicable,Sealed,Dry,Not Raining,Daylight,Right Angle,1,Driver Rider,1: PDO,Give Way Sign,,,1321189.23,1659188.32,1.32119E+13
2019-1921-8/07/2020,2 Metropolitan,SALISBURY,5108,CITY OF SALISBURY,2,0,0,0,0,2019,February,Thursday,9:45 AM,60,Not Divided,Straight road,Level,Not Applicable,Sealed,Dry,Not Raining,Daylight,Side Swipe,2,Driver Rider,1: PDO,No Control,,,1333637.89,1688054.52,1.33364E+13
2019-1922-8/07/2020,2 Metropolitan,PORT ADELAIDE,5015,CITY OF PORT ADELAIDE ENFIELD,2,1,0,0,1,2019,February,Thursday,8:30 AM,60,Cross Road,"CURVED, VIEW OPEN",Level,Not Applicable,Sealed,Dry,Not Raining,Daylight,Rear End,2,Driver Rider,2: MI,Traffic Signals,,,1321034.94,1680308.84,1.32104E+13
2019-1923-8/07/2020,1 City,ADELAIDE,5000,CITY OF ADELAIDE,4,0,0,0,0,2019,February,Thursday,9:50 AM,50,Cross Road,Straight road,Level,Not Applicable,Sealed,Dry,Not Raining,Daylight,Rear End,1,Driver Rider,1: PDO,Traffic Signals,,,1327977.06,1670816.13,1.32798E+13
2019-1924-8/07/2020,1 City,ADELAIDE,5000,CITY OF ADELAIDE,2,0,0,0,0,2019,February,Wednesday,3:00 PM,50,Divided Road,Straight road,Level,Not Applicable,Sealed,Dry,Not Raining,Daylight,Hit Parked Vehicle,2,Driver Rider,1: PDO,No Control,,,1328493.48,1669640.4,1.32849E+13
2019-1925-8/07/2020,2 Metropolitan,MAWSON LAKES,5095,CITY OF SALISBURY,2,1,0,0,1,2019,February,Thursday,8:50 AM,50,Cross Road,Straight road,Level,Not Applicable,Sealed,Dry,Not Raining,Daylight,Rear End,2,Driver Rider,2: MI,Give Way Sign,,,1330475.76,1683532.38,1.33048E+13
2019-1926-8/07/2020,2 Metropolitan,EDWARDSTOWN,5039,CC MARION.                    ,2,1,0,0,1,2019,February,Thursday,10:15 AM,60,T-Junction,Straight road,Level,Not Applicable,Sealed,Dry,Not Raining,Daylight,Right Angle,2,Driver Rider,2: MI,No Control,,,1325882.46,1665851.38,1.32588E+13
2019-1927-8/07/2020,2 Metropolitan,KIDMAN PARK,5025,CITY OF CHARLES STURT,2,0,0,0,0,2019,February,Thursday,8:45 AM,50,T-Junction,"CURVED, VIEW OPEN",Level,Not Applicable,Sealed,Dry,Not Raining,Daylight,Right Angle,2,Driver Rider,1: PDO,No Control,,,1321479.03,1672965.48,1.32148E+13
2019-1928-8/07/2020,2 Metropolitan,TUSMORE,5065,CITY OF BURNSIDE,2,0,0,0,0,2019,February,Thursday,9:15 AM,60,Cross Road,Straight road,Level,Not Applicable,Sealed,Dry,Not Raining,Daylight,Side Swipe,2,Driver Rider,1: PDO,Traffic Signals,,,1332317.95,1669050.75,1.33232E+13
2019-1929-8/07/2020,2 Metropolitan,KENSINGTON,5068,"CC OF NORWOOD,PAYNEHAM & ST PETERS",2,0,0,0,0,2019,February,Thursday,11:30 AM,60,T-Junction,Straight road,Level,Not Applicable,Sealed,Dry,Not Raining,Daylight,Right Angle,2,Driver Rider,1: PDO,Stop Sign,,,1333074.66,1670438.91,1.33308E+13
2019-1930-8/07/2020,1 City,NORTH ADELAIDE,5006,CITY OF ADELAIDE,2,1,0,0,1,2019,February,Thursday,12:45 PM,50,T-Junction,Straight road,Level,Not Applicable,Sealed,Dry,Not Raining,Daylight,Right Angle,1,Driver Rider,2: MI,No Control,,,1328635.16,1672824.21,1.32864E+13
2019-1931-8/07/2020,2 Metropolitan,MITCHELL PARK,5043,CC MARION.                    ,2,0,0,0,0,2019,February,Thursday,11:55 AM,60,Not Divided,Straight road,Level,Not Applicable,Sealed,Dry,Not Raining,Daylight,Rear End,2,Driver Rider,1: PDO,No Control,,,1324393.38,1661108.4,1.32439E+13
2019-1932-8/07/2020,2 Metropolitan,MODBURY,5092,CITY OF TEA TREE GULLY,2,0,0,0,0,2019,February,Thursday,12:20 PM,60,Divided Road,Straight road,Slope,Not Applicable,Sealed,Dry,Not Raining,Daylight,Side Swipe,2,Driver Rider,1: PDO,No Control,,,1336819.38,1680844.64,1.33682E+13
2019-1933-8/07/2020,2 Metropolitan,PARAFIELD GARDENS,5107,CITY OF SALISBURY,2,1,0,0,1,2019,February,Thursday,1:15 PM,60,Not Divided,Straight road,Level,Driveway or Entrance,Sealed,Dry,Not Raining,Daylight,Right Angle,2,Driver Rider,2: MI,No Control,,,1330111.99,1686323.76,1.33011E+13
2019-1934-8/07/2020,1 City,ADELAIDE,5000,CITY OF ADELAIDE,2,1,0,0,1,2019,February,Thursday,1:30 PM,50,Cross Road,Straight road,Level,Not Applicable,Sealed,Dry,Not Raining,Daylight,Right Angle,2,Driver Rider,2: MI,Stop Sign,,,1328307.32,1670028.16,1.32831E+13
2019-1935-8/07/2020,2 Metropolitan,ROSTREVOR,5073,CC CAMPBELLTOWN.              ,3,0,0,0,0,2019,February,Thursday,1:20 PM,60,T-Junction,Straight road,Level,Not Applicable,Sealed,Dry,Not Raining,Daylight,Right Turn,1,Driver Rider,1: PDO,No Control,,,1335564.91,1674558.5,1.33557E+13
2019-1936-8/07/2020,1 City,ADELAIDE,5000,CITY OF ADELAIDE,2,0,0,0,0,2019,February,Thursday,1:45 PM,50,Cross Road,Straight road,Level,Not Applicable,Sealed,Dry,Not Raining,Daylight,Rear End,1,Driver Rider,1: PDO,Traffic Signals,,,1329240.26,1670692.56,1.32924E+13