REPORT_ID,Stats Area,Suburb,Postcode,LGA Name,Total Units,Total Cas,Total Fats,Total SI,Total MI,Year,Month,Day,Time,Area Speed,Position Type,Horizontal Align,Vertical Align,Other Feat,Road Surface,Moisture Cond,Weather Cond,DayNight,Crash Type,Unit Resp,Entity Code,CSEF Severity,Traffic Ctrls,DUI Involved,Drugs Involved,ACCLOC_X,ACCLOC_Y,UNIQUE_LOC
2019-1937-8/07/2020,2 Metropolitan,INGLE FARM,5098,CITY OF SALISBURY,2,0,0,0,0,2019,February,Thursday,2:30 PM,60,Cross Road,Straight road,Level,Not Applicable,Sealed,Dry,Not Raining,Daylight,Side Swipe,2,Driver Rider,1: PDO,Roundabout,,,1334499.5,1681135.42,1.3345E+13
2019-1938-8/07/2020,2 Metropolitan,LONSDALE,5160,CITY OF ONKAPARINGA,2,0,0,0,0,2019,February,Monday,7:50 AM,80,Divided Road,Straight road,Level,Not Applicable,Sealed,Dry,Not Raining,Daylight,Hit Parked Vehicle,1,Driver Rider,1: PDO,No Control,,,1318591.2,1650861.04,1.31859E+13
2019-1939-8/07/2020,2 Metropolitan,KURRALTA PARK,5037,CITY OF WEST TORRENS,2,0,0,0,0,2019,February,Thursday,3:02 PM,60,Divided Road,Straight road,Level,Not Applicable,Sealed,Dry,Not Raining,Daylight,Rear End,1,Driver Rider,1: PDO,No Control,,,1325824.8,1668276.75,1.32583E+13
2019-1940-8/07/2020,2 Metropolitan,BURNSIDE,5066,CITY OF BURNSIDE,2,1,0,0,1,2019,February,Wednesday,6:20 PM,60,T-Junction,Straight road,Slope,Not Applicable,Sealed,Dry,Not Raining,Daylight,Right Angle,2,Driver Rider,2: MI,No Control,,,1334360.16,1669110.24,1.33436E+13
2019-1941-8/07/2020,2 Metropolitan,MANSFIELD PARK,5012,CITY OF PORT ADELAIDE ENFIELD,2,1,0,0,1,2019,February,Thursday,4:44 PM,60,Divided Road,Straight road,Level,Not Applicable,Sealed,Dry,Not Raining,Daylight,Rear End,1,Driver Rider,2: MI,No Control,,,1323941.89,1677959.81,1.32394E+13
2019-1942-8/07/2020,2 Metropolitan,ELIZABETH EAST,5112,CITY OF PLAYFORD.,2,0,0,0,0,2019,February,Thursday,4:35 PM,80,Divided Road,Straight road,Level,Not Applicable,Sealed,Dry,Not Raining,Daylight,Rear End,2,Driver Rider,1: PDO,No Control,,,1336144.31,1691682.91,1.33614E+13
2019-1943-8/07/2020,2 Metropolitan,MAWSON LAKES,5095,CITY OF SALISBURY,3,1,0,0,1,2019,February,Thursday,4:40 PM,70,Divided Road,Straight road,Level,Not Applicable,Sealed,Dry,Not Raining,Daylight,Rear End,1,Driver Rider,2: MI,No Control,,,1329523.88,1684398.1,1.32952E+13
2019-1944-8/07/2020,2 Metropolitan,CLARENCE GARDENS,5039,CC MITCHAM.                   ,2,0,0,0,0,2019,February,Monday,4:25 PM,60,Divided Road,Straight road,Level,Not Applicable,Sealed,Dry,Not Raining,Daylight,Side Swipe,2,Driver Rider,1: PDO,No Control,,,1325977.54,1666156.05,1.32598E+13
2019-1945-8/07/2020,2 Metropolitan,ALBERTON,5014,CITY OF PORT ADELAIDE ENFIELD,3,0,0,0,0,2019,February,Thursday,5:10 PM,60,T-Junction,Straight road,Level,Not Applicable,Sealed,Dry,Not Raining,Daylight,Right Angle,1,Driver Rider,1: PDO,Stop Sign,,,1320866.47,1678132.35,1.32087E+13
2019-1946-8/07/2020,2 Metropolitan,ELIZABETH GROVE,5112,CITY OF PLAYFORD.,3,0,0,0,0,2019,February,Thursday,5:30 PM,80,Divided Road,Straight road,Level,Not Applicable,Sealed,Dry,Not Raining,Daylight,Rear End,1,Driver Rider,1: PDO,No Control,,,1336091.47,1692153.95,1.33609E+13
2019-1947-8/07/2020,2 Metropolitan,ALBERTON,5014,CITY OF PORT ADELAIDE ENFIELD,2,0,0,0,0,2019,February,Thursday,5:56 PM,60,Divided Road,Straight road,Level,Not Applicable,Sealed,Dry,Not Raining,Daylight,Hit Parked Vehicle,1,Driver Rider,1: PDO,No Control,,,1320874.9,1678113.7,1.32088E+13
2019-1948-8/07/2020,2 Metropolitan,BUCKLAND PARK,5120,CITY OF PLAYFORD.,2,0,0,0,0,2019,February,Wednesday,3:00 PM,60,Cross Road,Straight road,Level,Not Applicable,Unsealed,Dry,Not Raining,Daylight,Rear End,1,Driver Rider,1: PDO,Give Way Sign,,,1323972.55,1697288.73,1.32397E+13
2019-1949-8/07/2020,1 City,ADELAIDE,5000,CITY OF ADELAIDE,2,1,0,0,1,2019,February,Thursday,4:10 PM,50,T-Junction,Straight road,Level,Not Applicable,Sealed,Dry,Not Raining,Daylight,Hit Pedestrian,2,Pedestrian,2: MI,No Control,,,1328137.4,1670506.61,1.32814E+13
2019-1950-8/07/2020,2 Metropolitan,PORT NOARLUNGA,5167,CITY OF ONKAPARINGA,2,1,0,0,1,2019,February,Thursday,4:45 PM,60,Cross Road,"CURVED, VIEW OPEN",Slope,Not Applicable,Sealed,Dry,Not Raining,Daylight,Right Turn,1,Driver Rider,2: MI,Give Way Sign,,,1316408.46,1646515.12,1.31641E+13
2019-1951-8/07/2020,2 Metropolitan,UNLEY,5061,CITY OF UNLEY,2,1,0,0,1,2019,February,Thursday,3:10 PM,50,Cross Road,Straight road,Level,Not Applicable,Sealed,Dry,Not Raining,Daylight,Right Angle,2,Driver Rider,2: MI,Stop Sign,,,1328366.02,1668541.23,1.32837E+13
2019-1952-8/07/2020,2 Metropolitan,VALLEY VIEW,5093,CITY OF TEA TREE GULLY,2,1,0,0,1,2019,February,Thursday,4:40 AM,60,Divided Road,Straight road,Level,Not Applicable,Sealed,Dry,Not Raining,Night,Rear End,1,Driver Rider,2: MI,No Control,,,1335686.72,1679902.75,1.33569E+13
2019-1953-8/07/2020,2 Metropolitan,FIRLE,5070,"CC OF NORWOOD,PAYNEHAM & ST PETERS",2,1,0,0,1,2019,February,Thursday,3:45 PM,50,T-Junction,Straight road,Level,Not Applicable,Sealed,Dry,Not Raining,Daylight,Right Angle,1,Driver Rider,2: MI,No Control,,,1333189.63,1672789.5,1.33319E+13
2019-1954-8/07/2020,3 Country,PORT AUGUSTA WEST,5700,CC PT.AUGUSTA.                ,2,1,0,0,1,2019,February,Thursday,5:40 PM,80,Not Divided,Straight road,Level,Not Applicable,Sealed,Dry,Not Raining,Daylight,Hit Fixed Object,1,Driver Rider,2: MI,No Control,Y,,1256777.34,1940635.9,1.25678E+13
2019-1955-8/07/2020,2 Metropolitan,COLLINSWOOD,5081,CITY OF PROSPECT,2,1,0,0,1,2019,February,Thursday,5:40 PM,60,T-Junction,Straight road,Level,Not Applicable,Sealed,Dry,Not Raining,Daylight,Right Turn,2,Driver Rider,2: MI,No Control,,,1330186.09,1674963.57,1.33019E+13
2019-1956-8/07/2020,2 Metropolitan,HOLDEN HILL,5088,CITY OF PORT ADELAIDE ENFIELD,2,0,0,0,0,2019,February,Thursday,6:05 PM,60,Divided Road,Straight road,Level,Not Applicable,Sealed,Dry,Not Raining,Daylight,Hit Fixed Object,1,Driver Rider,1: PDO,No Control,Y,,1334200.78,1678298.04,1.3342E+13
2019-1957-8/07/2020,2 Metropolitan,TORRENSVILLE,5031,CITY OF WEST TORRENS,2,1,0,0,1,2019,February,Thursday,8:45 AM,50,T-Junction,Straight road,Level,Not Applicable,Sealed,Dry,Not Raining,Daylight,Side Swipe,2,Driver Rider,2: MI,No Control,,,1325078.42,1670972.54,1.32508E+13
2019-1958-8/07/2020,2 Metropolitan,REGENCY PARK,5010,CITY OF PORT ADELAIDE ENFIELD,4,2,0,0,2,2019,February,Thursday,5:49 PM,60,Cross Road,Straight road,Level,Not Applicable,Sealed,Dry,Not Raining,Daylight,Rear End,1,Driver Rider,2: MI,Traffic Signals,,,1326053.02,1676376.71,1.32605E+13
2019-1959-8/07/2020,2 Metropolitan,PARKSIDE,5063,CITY OF UNLEY,2,0,0,0,0,2019,February,Thursday,7:05 PM,60,T-Junction,Straight road,Level,Not Applicable,Sealed,Dry,Not Raining,Daylight,Right Turn,2,Driver Rider,1: PDO,Stop Sign,,,1330711.04,1668135.2,1.33071E+13
2019-1960-8/07/2020,2 Metropolitan,SALISBURY EAST,5109,CITY OF SALISBURY,2,1,0,0,1,2019,February,Thursday,8:00 PM,50,Not Divided,"CURVED, VIEW OPEN",Level,Not Applicable,Sealed,Dry,Not Raining,Night,Hit Parked Vehicle,1,Driver Rider,2: MI,No Control,,,1334083.09,1684926.99,1.33408E+13
2019-1961-8/07/2020,1 City,ADELAIDE,5000,CITY OF ADELAIDE,1,1,0,0,1,2019,February,Thursday,6:45 PM,50,Cross Road,Straight road,Level,Not Applicable,Sealed,Dry,Not Raining,Daylight,Roll Over,1,Driver Rider,2: MI,Traffic Signals,,,1329043.2,1670049.08,1.32904E+13
2019-1962-8/07/2020,2 Metropolitan,GOODWOOD,5034,CITY OF UNLEY,2,1,0,0,1,2019,February,Thursday,6:00 PM,40,Not Divided,Straight road,Level,Not Applicable,Sealed,Dry,Not Raining,Daylight,Hit Parked Vehicle,1,Driver Rider,2: MI,No Control,,,1327295.22,1667938.91,1.3273E+13
2019-1963-8/07/2020,2 Metropolitan,WALKERVILLE,5081,WALKERVILLE TOWN COUNCIL,2,1,0,1,0,2019,February,Thursday,10:50 PM,50,Not Divided,Straight road,Level,Not Applicable,Sealed,Dry,Not Raining,Night,Hit Parked Vehicle,2,Driver Rider,3: SI,No Control,Y,,1330294.1,1674084.59,1.33029E+13
2019-1964-8/07/2020,3 Country,MINLATON,5575,YORKE PENINSULA COUNCIL,2,4,0,0,4,2019,February,Thursday,11:00 AM,100,Not Divided,Straight road,Slope,Not Applicable,Sealed,Dry,Not Raining,Daylight,Hit Fixed Object,1,Driver Rider,2: MI,No Control,,,1235421.71,1686844.25,1.23542E+13
2019-1965-8/07/2020,2 Metropolitan,MCLAREN VALE,5171,CITY OF ONKAPARINGA,2,0,0,0,0,2019,February,Thursday,3:10 PM,80,Not Divided,Straight road,Level,Not Applicable,Sealed,Dry,Not Raining,Daylight,Hit Animal,2,Animal,1: PDO,No Control,,,1325613.7,1637245.75,1.32561E+13
2019-1966-8/07/2020,2 Metropolitan,BELLEVUE HEIGHTS,5050,CC MITCHAM.                   ,3,1,0,0,1,2019,February,Thursday,11:25 AM,50,Not Divided,Straight road,Level,Driveway or Entrance,Sealed,Dry,Not Raining,Daylight,Hit Parked Vehicle,2,Driver Rider,2: MI,No Control,,,1326883.89,1658883.22,1.32688E+13
2019-1967-8/07/2020,3 Country,PORT AUGUSTA,5700,CC PT.AUGUSTA.                ,2,0,0,0,0,2019,March,Friday,9:20 AM,60,Not Divided,Straight road,Level,Not Applicable,Sealed,Dry,Not Raining,Daylight,Side Swipe,2,Driver Rider,1: PDO,No Control,,,1259945.94,1941742.63,1.25995E+13
2019-1968-8/07/2020,2 Metropolitan,HILLIER,5116,CT GAWLER.                    ,2,0,0,0,0,2019,March,Friday,8:50 AM,80,Cross Road,Straight road,Level,Not Applicable,Sealed,Dry,Not Raining,Daylight,Rear End,2,Driver Rider,1: PDO,Stop Sign,,,1336900.28,1702626.19,1.3369E+13
2019-1969-8/07/2020,3 Country,HAMLEY BRIDGE,5401,WAKEFIELD REGIONAL COUNCIL,2,0,0,0,0,2019,March,Friday,2:30 AM,50,Divided Road,"CURVED, VIEW OPEN",Slope,Not Applicable,Sealed,Dry,Not Raining,Night,Hit Fixed Object,1,Driver Rider,1: PDO,No Control,,,1338697.83,1732952.45,1.3387E+13
2019-1970-8/07/2020,2 Metropolitan,NOARLUNGA CENTRE,5168,CITY OF ONKAPARINGA,2,0,0,0,0,2019,March,Friday,10:20 AM,60,T-Junction,Straight road,Level,Not Applicable,Sealed,Dry,Not Raining,Daylight,Side Swipe,2,Driver Rider,1: PDO,Traffic Signals,,,1318788.81,1647471.6,1.31879E+13
2019-1971-8/07/2020,2 Metropolitan,URRBRAE,5064,CC MITCHAM.                   ,2,1,0,0,1,2019,February,Thursday,9:30 AM,60,Cross Road,Straight road,Level,Not Applicable,Sealed,Dry,Not Raining,Daylight,Rear End,2,Driver Rider,2: MI,Traffic Signals,,,1330786.89,1665600.37,1.33079E+13
2019-1972-8/07/2020,3 Country,REDHILL,5521,PT.PIRIE CITY & DIST. COUNCIL ,2,0,0,0,0,2019,February,Thursday,6:00 AM,110,Not Divided,Straight road,Level,Not Applicable,Sealed,Dry,Not Raining,Night,Hit Fixed Object,1,Driver Rider,1: PDO,No Control,,,1298703.22,1820486.05,1.2987E+13
2019-1973-8/07/2020,2 Metropolitan,MITCHELL PARK,5043,CC MARION.                    ,2,0,0,0,0,2019,April,Friday,2:00 PM,60,Divided Road,Straight road,Level,Not Applicable,Sealed,Dry,Not Raining,Daylight,Side Swipe,1,Driver Rider,1: PDO,No Control,,,1324372,1661811.12,1.32437E+13
2019-1974-8/07/2020,2 Metropolitan,THEBARTON,5031,CITY OF WEST TORRENS,2,0,0,0,0,2019,March,Friday,3:00 PM,60,Divided Road,Straight road,Level,Not Applicable,Sealed,Dry,Not Raining,Daylight,Side Swipe,2,Driver Rider,1: PDO,No Control,,,1326547.02,1671758.77,1.32655E+13
2019-1975-8/07/2020,3 Country,RIVERTON,5412,CLARE AND GILBERT VALLEYS DISTRICT COUNCIL,2,0,0,0,0,2019,March,Friday,1:30 PM,50,Not Divided,Straight road,Level,Not Applicable,Sealed,Dry,Not Raining,Daylight,Hit Fixed Object,1,Driver Rider,1: PDO,No Control,,,1344326.34,1754972.92,1.34433E+13
2019-1976-8/07/2020,2 Metropolitan,MAWSON LAKES,5095,CITY OF SALISBURY,2,0,0,0,0,2019,March,Friday,3:26 PM,70,Not Divided,Straight road,Crest of Hill,"Bridge, Culvert, Causeway",Sealed,Dry,Not Raining,Daylight,Rear End,1,Driver Rider,1: PDO,No Control,,,1330103.69,1684168.02,1.3301E+13
2019-1977-8/07/2020,1 City,ADELAIDE,5000,CITY OF ADELAIDE,2,1,0,0,1,2019,February,Wednesday,5:15 PM,60,Cross Road,Straight road,Level,Not Applicable,Sealed,Dry,Not Raining,Daylight,Rear End,2,Driver Rider,2: MI,Traffic Signals,,,1327350.53,1670803.1,1.32735E+13
2019-1978-8/07/2020,1 City,ADELAIDE,5000,CITY OF ADELAIDE,2,1,0,0,1,2019,March,Friday,3:30 PM,60,Cross Road,Straight road,Level,Not Applicable,Sealed,Dry,Not Raining,Daylight,Hit Parked Vehicle,1,Driver Rider,2: MI,Traffic Signals,,,1327350.53,1670803.1,1.32735E+13
2019-1979-8/07/2020,2 Metropolitan,MUNNO PARA WEST,5115,CITY OF PLAYFORD.,2,1,0,0,1,2019,March,Friday,3:40 PM,60,Divided Road,Straight road,Level,Not Applicable,Sealed,Dry,Not Raining,Daylight,Rear End,1,Driver Rider,2: MI,No Control,,,1336135.11,1698849.62,1.33614E+13
2019-1980-8/07/2020,2 Metropolitan,KURRALTA PARK,5037,CITY OF WEST TORRENS,2,0,0,0,0,2019,March,Friday,12:30 PM,50,Not Divided,Straight road,Level,Driveway or Entrance,Sealed,Dry,Not Raining,Daylight,Side Swipe,2,Driver Rider,1: PDO,No Control,,,1325543.18,1668146.88,1.32554E+13
2019-1981-8/07/2020,3 Country,TOWITTA,5353,MID MURRAY DISTRICT COUNCIL,2,1,0,0,1,2019,February,Tuesday,8:30 AM,100,Not Divided,"CURVED, VIEW OBSCURED",Bottom of Hill,Not Applicable,Sealed,Dry,Not Raining,Daylight,Hit Fixed Object,1,Driver Rider,2: MI,No Control,,,1388668.47,1709359.47,1.38867E+13
2019-1982-8/07/2020,2 Metropolitan,FLINDERS PARK,5025,CITY OF CHARLES STURT,3,0,0,0,0,2019,March,Friday,3:45 PM,50,Divided Road,Straight road,Level,Not Applicable,Sealed,Dry,Not Raining,Daylight,Rear End,1,Driver Rider,1: PDO,No Control,,,1323823.78,1672390.77,1.32382E+13
2019-1983-8/07/2020,2 Metropolitan,SALISBURY DOWNS,5108,CITY OF SALISBURY,2,1,0,0,1,2019,March,Friday,4:51 PM,60,Divided Road,Straight road,Level,Not Applicable,Sealed,Dry,Not Raining,Daylight,Rear End,1,Driver Rider,2: MI,No Control,,,1331494.04,1686871.19,1.33149E+13
2019-1984-8/07/2020,1 City,ADELAIDE,5000,CITY OF ADELAIDE,2,0,0,0,0,2019,February,Thursday,5:30 PM,50,T-Junction,Straight road,Level,Not Applicable,Sealed,Dry,Not Raining,Daylight,Rear End,2,Driver Rider,1: PDO,No Control,,,1328361.04,1670667.9,1.32836E+13
2019-1985-8/07/2020,2 Metropolitan,PROSPECT,5082,CITY OF PROSPECT,2,0,0,0,0,2019,February,Wednesday,8:45 AM,60,Divided Road,Straight road,Level,Not Applicable,Sealed,Dry,Not Raining,Daylight,Rear End,2,Driver Rider,1: PDO,No Control,,,1328928.07,1674262.21,1.32893E+13
2019-1986-8/07/2020,2 Metropolitan,TORRENSVILLE,5031,CITY OF WEST TORRENS,2,0,0,0,0,2019,March,Friday,3:30 PM,60,Cross Road,Straight road,Level,Not Applicable,Sealed,Dry,Not Raining,Daylight,Rear End,2,Driver Rider,1: PDO,Traffic Signals,,,1325436.2,1672006.42,1.32544E+13
2019-1987-8/07/2020,2 Metropolitan,TONSLEY,5042,CC MARION.                    ,2,0,0,0,0,2019,March,Friday,5:30 AM,60,Divided Road,Straight road,Level,Not Applicable,Sealed,Dry,Not Raining,Night,Hit Parked Vehicle,2,Driver Rider,1: PDO,No Control,,,1325989.5,1662041.12,1.32599E+13
2019-1988-8/07/2020,2 Metropolitan,MCLAREN VALE,5171,CITY OF ONKAPARINGA,2,3,0,3,0,2019,March,Friday,3:20 PM,80,Cross Road,Straight road,Level,Not Applicable,Sealed,Dry,Not Raining,Daylight,Right Angle,2,Driver Rider,3: SI,Give Way Sign,,,1322188.53,1641792.06,1.32219E+13
2019-1989-8/07/2020,1 City,NORTH ADELAIDE,5006,CITY OF ADELAIDE,1,1,0,0,1,2019,March,Friday,5:25 PM,50,T-Junction,Straight road,Slope,Not Applicable,Sealed,Dry,Not Raining,Daylight,Roll Over,1,Driver Rider,2: MI,No Control,,,1328143.31,1672133.18,1.32814E+13
2019-1990-8/07/2020,2 Metropolitan,ADELAIDE AIRPORT,5950,CITY OF WEST TORRENS,2,0,0,0,0,2019,March,Friday,6:00 PM,50,Cross Road,Straight road,Level,Not Applicable,Sealed,Dry,Not Raining,Daylight,Right Angle,1,Driver Rider,1: PDO,Roundabout,,,1322459.48,1669366.27,1.32246E+13
2019-1991-8/07/2020,1 City,ADELAIDE,5000,CITY OF ADELAIDE,1,1,0,0,1,2019,March,Friday,6:35 PM,50,Not Divided,Straight road,Slope,Not Applicable,Sealed,Dry,Not Raining,Daylight,Roll Over,1,Driver Rider,2: MI,No Control,,,1328678.23,1671324.62,1.32868E+13
2019-1992-8/07/2020,2 Metropolitan,PARAFIELD GARDENS,5107,CITY OF SALISBURY,2,1,0,0,1,2019,March,Friday,8:06 PM,60,T-Junction,Straight road,Level,Not Applicable,Sealed,Dry,Not Raining,Night,Right Angle,1,Driver Rider,2: MI,Give Way Sign,,,1331651.62,1686657.21,1.33165E+13
2019-1993-8/07/2020,2 Metropolitan,CROYDON PARK,5008,CITY OF PORT ADELAIDE ENFIELD,2,0,0,0,0,2019,February,Thursday,6:15 PM,60,Divided Road,Straight road,Level,Not Applicable,Sealed,Dry,Not Raining,Daylight,Rear End,2,Driver Rider,1: PDO,No Control,,,1326081.05,1675628.92,1.32608E+13
2019-1994-8/07/2020,2 Metropolitan,DRY CREEK,5094,CITY OF PORT ADELAIDE ENFIELD,2,1,0,0,1,2019,March,Friday,9:10 PM,60,T-Junction,Straight road,Level,Not Applicable,Sealed,Dry,Not Raining,Night,Right Angle,1,Driver Rider,2: MI,No Control,,,1327273.38,1679362.04,1.32727E+13
2019-1995-8/07/2020,2 Metropolitan,CHERRY GARDENS,5157,CITY OF ONKAPARINGA,2,1,0,0,1,2019,March,Friday,6:00 PM,70,Not Divided,"CURVED, VIEW OPEN",Slope,Driveway or Entrance,Sealed,Dry,Not Raining,Daylight,Rear End,2,Driver Rider,2: MI,No Control,,,1331714.31,1654709.61,1.33171E+13
2019-1996-8/07/2020,2 Metropolitan,HILLCREST,5086,CITY OF PORT ADELAIDE ENFIELD,3,0,0,0,0,2019,March,Friday,9:55 PM,50,Not Divided,Straight road,Level,Not Applicable,Sealed,Dry,Not Raining,Night,Hit Fixed Object,1,Driver Rider,1: PDO,No Control,,,1332067.34,1677406.27,1.33207E+13
2019-1997-8/07/2020,2 Metropolitan,ELIZABETH,5112,CITY OF PLAYFORD.,2,0,0,0,0,2019,March,Saturday,8:25 AM,60,Not Divided,Straight road,Slope,Not Applicable,Sealed,Dry,Not Raining,Daylight,Hit Fixed Object,1,Driver Rider,1: PDO,No Control,,,1335506.31,1693930.76,1.33551E+13
2019-1998-8/07/2020,2 Metropolitan,SEATON,5023,CITY OF CHARLES STURT,2,0,0,0,0,2019,March,Friday,7:10 PM,60,Divided Road,Straight road,Level,Driveway or Entrance,Sealed,Dry,Not Raining,Daylight,Right Angle,1,Driver Rider,1: PDO,No Control,,,1320727.92,1675509.82,1.32073E+13
2019-1999-8/07/2020,3 Country,TAILEM BEND,5260,COORONG DISTRICT COUNCIL,2,0,0,0,0,2019,March,Friday,2:10 PM,110,Divided Road,Straight road,Level,Not Applicable,Sealed,Dry,Not Raining,Daylight,Side Swipe,2,Driver Rider,1: PDO,No Control,,,1398181.91,1638262.9,1.39818E+13
2019-2000-8/07/2020,2 Metropolitan,CRAFERS WEST,5152,THE ADELAIDE HILLS COUNCIL,1,1,0,0,1,2019,March,Saturday,8:51 AM,50,Not Divided,Straight road,Slope,Road hump or Slow point,Sealed,Dry,Not Raining,Daylight,Roll Over,1,Driver Rider,2: MI,No Control,,,1336474.04,1661053.65,1.33647E+13
2019-2001-8/07/2020,2 Metropolitan,SEATON,5023,CITY OF CHARLES STURT,2,0,0,0,0,2019,March,Friday,9:35 PM,60,Not Divided,Straight road,Level,Not Applicable,Sealed,Dry,Not Raining,Night,Hit Object on Road,1,Driver Rider,1: PDO,No Control,,,1320727.92,1675509.82,1.32073E+13
2019-2002-8/07/2020,2 Metropolitan,SALISBURY EAST,5109,CITY OF SALISBURY,2,0,0,0,0,2019,March,Saturday,12:05 PM,60,Cross Road,Straight road,Level,Not Applicable,Sealed,Dry,Not Raining,Daylight,Rear End,1,Driver Rider,1: PDO,Traffic Signals,,,1333281.89,1685376.86,1.33328E+13
2019-2003-8/07/2020,2 Metropolitan,SEAFORD MEADOWS,5169,CITY OF ONKAPARINGA,3,0,0,0,0,2019,March,Friday,2:30 PM,60,Cross Road,Straight road,Level,Not Applicable,Sealed,Dry,Not Raining,Daylight,Other,1,Driver Rider,1: PDO,Traffic Signals,,,1318103.5,1642828.08,1.3181E+13
2019-2004-8/07/2020,2 Metropolitan,ABERFOYLE PARK,5159,CITY OF ONKAPARINGA,2,0,0,0,0,2019,March,Saturday,10:00 AM,50,Not Divided,Straight road,Slope,Driveway or Entrance,Sealed,Dry,Not Raining,Daylight,Hit Parked Vehicle,2,Driver Rider,1: PDO,No Control,,,1328528.27,1653853.35,1.32853E+13
2019-2005-8/07/2020,3 Country,BORDERTOWN,5268,DC TATIARA.                   ,1,1,0,0,1,2019,March,Saturday,9:45 AM,50,Cross Road,Straight road,Level,Not Applicable,Sealed,Dry,Not Raining,Daylight,Roll Over,1,Driver Rider,2: MI,Give Way Sign,,,1517576.72,1509179.42,1.51758E+13
2019-2006-8/07/2020,2 Metropolitan,SEATON,5023,CITY OF CHARLES STURT,2,0,0,0,0,2019,March,Saturday,10:30 AM,60,T-Junction,Straight road,Level,Not Applicable,Sealed,Dry,Not Raining,Daylight,Side Swipe,2,Driver Rider,1: PDO,No Control,,,1319893,1675672.48,1.31989E+13
2019-2007-8/07/2020,2 Metropolitan,CHRISTIES BEACH,5165,CITY OF ONKAPARINGA,2,1,0,0,1,2019,March,Saturday,4:00 PM,60,Divided Road,Straight road,Level,Median Opening (not at I/S),Sealed,Dry,Not Raining,Daylight,Side Swipe,2,Driver Rider,2: MI,No Control,,,1317336.09,1648039.05,1.31734E+13
2019-2008-8/07/2020,3 Country,POINT PEARCE,5573,YORKE PENINSULA COUNCIL,2,1,0,0,1,2019,March,Friday,9:40 PM,40,Not Divided,Straight road,Level,Not Applicable,Sealed,Dry,Not Raining,Night,Hit Pedestrian,2,Pedestrian,2: MI,No Control,Y,,1229507.29,1729856.38,1.22951E+13
2019-2009-8/07/2020,3 Country,SNOWTOWN,5520,WAKEFIELD REGIONAL COUNCIL,2,1,0,0,1,2019,March,Saturday,4:00 AM,110,Not Divided,Straight road,Level,Not Applicable,Sealed,Dry,Not Raining,Night,Hit Fixed Object,1,Driver Rider,2: MI,No Control,,,1297076.01,1806485.11,1.29708E+13
2019-2010-8/07/2020,2 Metropolitan,CRAFERS WEST,5152,THE ADELAIDE HILLS COUNCIL,2,0,0,0,0,2019,March,Saturday,4:01 PM,60,T-Junction,Straight road,Slope,Not Applicable,Sealed,Dry,Not Raining,Daylight,Right Angle,1,Driver Rider,1: PDO,Give Way Sign,,,1337161.76,1661353.61,1.33716E+13
2019-2011-8/07/2020,2 Metropolitan,ROYAL PARK,5014,CITY OF CHARLES STURT,2,0,0,0,0,2019,March,Saturday,5:16 PM,60,T-Junction,Straight road,Level,Not Applicable,Sealed,Dry,Not Raining,Daylight,Right Angle,2,Driver Rider,1: PDO,Stop Sign,,,1320694.73,1676461.59,1.3207E+13
2019-2012-8/07/2020,2 Metropolitan,CAMDEN PARK,5038,CITY OF WEST TORRENS,2,0,0,0,0,2019,March,Friday,8:55 PM,60,Divided Road,Straight road,Level,Not Applicable,Sealed,Dry,Not Raining,Night,Rear End,2,Driver Rider,1: PDO,No Control,,,1323350.17,1665933.87,1.32335E+13
2019-2013-8/07/2020,2 Metropolitan,WEST HINDMARSH,5007,CITY OF CHARLES STURT,2,0,0,0,0,2019,March,Saturday,5:34 PM,60,Divided Road,Straight road,Level,Not Applicable,Sealed,Dry,Not Raining,Daylight,Rear End,2,Driver Rider,1: PDO,No Control,,,1325437.57,1672979.7,1.32544E+13
2019-2014-8/07/2020,2 Metropolitan,CHRISTIES BEACH,5165,CITY OF ONKAPARINGA,2,1,0,0,1,2019,March,Saturday,3:15 PM,60,Not Divided,Straight road,Level,Not Applicable,Sealed,Dry,Not Raining,Daylight,Side Swipe,2,Driver Rider,2: MI,No Control,Y,,1316610.44,1647401.26,1.31661E+13
2019-2015-8/07/2020,2 Metropolitan,SEMAPHORE SOUTH,5019,CITY OF PORT ADELAIDE ENFIELD,2,1,0,0,1,2019,March,Saturday,8:30 PM,60,Not Divided,Straight road,Level,Not Applicable,Sealed,Dry,Not Raining,Night,Hit Parked Vehicle,1,Driver Rider,2: MI,No Control,Y,,1317935.33,1679839.67,1.31794E+13
2019-2016-8/07/2020,2 Metropolitan,REYNELLA,5161,CC MARION.                    ,3,1,1,0,0,2019,March,Saturday,8:15 PM,100,Freeway,Straight road,Slope,Not Applicable,Sealed,Dry,Not Raining,Night,Side Swipe,1,Driver Rider,4: Fatal,No Control,,Y,1321715.73,1652818.15,1.32172E+13
2019-2017-8/07/2020,2 Metropolitan,PARA HILLS WEST,5096,CITY OF SALISBURY,2,1,0,0,1,2019,March,Sunday,1:45 AM,60,T-Junction,Straight road,Level,Not Applicable,Sealed,Dry,Not Raining,Night,Right Turn,1,Driver Rider,2: MI,Give Way Sign,,,1332718.48,1682786.02,1.33272E+13