REPORT_ID,Stats Area,Suburb,Postcode,LGA Name,Total Units,Total Cas,Total Fats,Total SI,Total MI,Year,Month,Day,Time,Area Speed,Position Type,Horizontal Align,Vertical Align,Other Feat,Road Surface,Moisture Cond,Weather Cond,DayNight,Crash Type,Unit Resp,Entity Code,CSEF Severity,Traffic Ctrls,DUI Involved,Drugs Involved,ACCLOC_X,ACCLOC_Y,UNIQUE_LOC
2019-2100-8/07/2020,3 Country,BRINKLEY,5253,RC MURRAY BRIDGE.             ,1,0,0,0,0,2019,March,Tuesday,1:00 PM,100,Not Divided,"CURVED, VIEW OBSCURED",Slope,Not Applicable,Sealed,Dry,Not Raining,Daylight,Roll Over,1,Driver Rider,1: PDO,No Control,,,1382993.58,1632613.69,1.38299E+13
2019-2101-8/07/2020,3 Country,MOUNT GAMBIER,5290,CC MT.GAMBIER.                ,2,0,0,0,0,2019,March,Tuesday,2:00 PM,50,Cross Road,Straight road,Level,Not Applicable,Sealed,Dry,Not Raining,Daylight,Right Turn,1,Driver Rider,1: PDO,Traffic Signals,,,1509991.76,1339982.6,1.50999E+13
2019-2102-8/07/2020,1 City,ADELAIDE,5000,CITY OF ADELAIDE,4,1,0,1,0,2019,March,Tuesday,1:55 PM,60,T-Junction,Straight road,Level,Not Applicable,Sealed,Dry,Not Raining,Daylight,Side Swipe,1,Driver Rider,3: SI,Traffic Signals,,,1327382.28,1670486.86,1.32738E+13
2019-2103-8/07/2020,3 Country,ANGASTON,5353,THE BAROSSA COUNCIL.,2,0,0,0,0,2019,March,Tuesday,1:45 PM,80,Cross Road,Straight road,Level,Not Applicable,Sealed,Dry,Not Raining,Daylight,Right Angle,2,Driver Rider,1: PDO,Stop Sign,,,1369232.76,1717106.68,1.36923E+13
2019-2104-8/07/2020,2 Metropolitan,PROSPECT,5082,CITY OF PROSPECT,3,0,0,0,0,2019,March,Tuesday,2:20 PM,60,Not Divided,Straight road,Level,Not Applicable,Sealed,Dry,Not Raining,Daylight,Hit Fixed Object,1,Driver Rider,1: PDO,No Control,Y,,1327286.27,1674319.74,1.32729E+13
2019-2105-8/07/2020,2 Metropolitan,EDEN HILLS,5050,CC MITCHAM.                   ,2,1,0,0,1,2019,March,Monday,2:35 PM,60,Pedestrian Crossing,Straight road,Level,Not Applicable,Sealed,Dry,Not Raining,Daylight,Rear End,2,Driver Rider,2: MI,Traffic Signals,,,1328786.01,1659824.78,1.32879E+13
2019-2106-8/07/2020,2 Metropolitan,SALISBURY,5108,CITY OF SALISBURY,5,3,0,0,3,2019,March,Tuesday,3:22 PM,60,Divided Road,"CURVED, VIEW OPEN",Level,Not Applicable,Sealed,Dry,Not Raining,Daylight,Rear End,1,Driver Rider,2: MI,No Control,,,1332849.38,1688494.26,1.33285E+13
2019-2107-8/07/2020,3 Country,NANTAWARRA,5550,WAKEFIELD REGIONAL COUNCIL,2,0,0,0,0,2019,March,Tuesday,2:25 PM,110,Cross Road,"CURVED, VIEW OBSCURED",Slope,Not Applicable,Sealed,Dry,Not Raining,Daylight,Right Angle,2,Driver Rider,1: PDO,Give Way Sign,,,1296477.1,1774453.43,1.29648E+13
2019-2108-8/07/2020,2 Metropolitan,FULHAM,5024,CITY OF WEST TORRENS,2,0,0,0,0,2019,March,Tuesday,3:35 PM,60,Divided Road,"CURVED, VIEW OPEN",Level,Not Applicable,Sealed,Dry,Not Raining,Daylight,Rear End,2,Driver Rider,1: PDO,No Control,,,1320978.07,1670773.75,1.32098E+13
2019-2109-8/07/2020,2 Metropolitan,PROSPECT,5082,CITY OF PROSPECT,3,0,0,0,0,2019,March,Tuesday,4:10 PM,60,Cross Road,Straight road,Level,Not Applicable,Sealed,Dry,Not Raining,Daylight,Rear End,1,Driver Rider,1: PDO,Traffic Signals,,,1328868.22,1676432.81,1.32887E+13
2019-2110-8/07/2020,2 Metropolitan,KILBURN,5084,CITY OF PORT ADELAIDE ENFIELD,2,1,0,0,1,2019,March,Tuesday,3:40 PM,50,T-Junction,Straight road,Level,Not Applicable,Sealed,Dry,Not Raining,Daylight,Right Angle,1,Driver Rider,2: MI,No Control,,,1328042.83,1677407.01,1.32804E+13
2019-2111-8/07/2020,2 Metropolitan,ASCOT PARK,5043,CC MARION.                    ,2,0,0,0,0,2019,March,Tuesday,4:30 PM,50,Cross Road,Straight road,Level,Not Applicable,Sealed,Dry,Not Raining,Daylight,Right Angle,1,Driver Rider,1: PDO,Give Way Sign,,,1324724.57,1664202.44,1.32473E+13
2019-2112-8/07/2020,2 Metropolitan,BEDFORD PARK,5042,CC MITCHAM.                   ,3,1,0,0,1,2019,March,Tuesday,5:16 PM,50,Divided Road,Straight road,Level,Not Applicable,Sealed,Dry,Not Raining,Daylight,Rear End,1,Driver Rider,2: MI,No Control,,,1325683.01,1660454.74,1.32568E+13
2019-2113-8/07/2020,2 Metropolitan,PORT ADELAIDE,5015,CITY OF PORT ADELAIDE ENFIELD,3,1,0,0,1,2019,March,Tuesday,4:50 PM,60,Freeway,Straight road,Crest of Hill,"Bridge, Culvert, Causeway",Sealed,Dry,Not Raining,Daylight,Rear End,1,Driver Rider,2: MI,No Control,,,1321618.11,1680520.64,1.32162E+13
2019-2114-8/07/2020,2 Metropolitan,HIGHBURY,5089,CITY OF TEA TREE GULLY,2,1,0,1,0,2019,March,Tuesday,4:55 PM,60,Not Divided,Straight road,Level,Driveway or Entrance,Sealed,Dry,Not Raining,Daylight,Right Turn,2,Driver Rider,3: SI,No Control,,,1339548.38,1679296.27,1.33955E+13
2019-2115-8/07/2020,2 Metropolitan,PARAFIELD,5106,CITY OF SALISBURY,2,1,0,0,1,2019,March,Tuesday,8:15 AM,80,Divided Road,Straight road,Level,Not Applicable,Sealed,Dry,Not Raining,Daylight,Rear End,2,Driver Rider,2: MI,No Control,,,1333209.21,1685261.81,1.33321E+13
2019-2116-8/07/2020,2 Metropolitan,PAYNEHAM,5070,"CC OF NORWOOD,PAYNEHAM & ST PETERS",3,0,0,0,0,2019,March,Tuesday,3:50 PM,60,T-Junction,Straight road,Level,Not Applicable,Sealed,Dry,Not Raining,Daylight,Rear End,1,Driver Rider,1: PDO,Give Way Sign,,,1332192.54,1673371.12,1.33219E+13
2019-2117-8/07/2020,2 Metropolitan,GEPPS CROSS,5094,CITY OF PORT ADELAIDE ENFIELD,2,0,0,0,0,2019,March,Tuesday,3:35 PM,60,Cross Road,Straight road,Level,Unknown,Sealed,Dry,Not Raining,Daylight,Rear End,2,Driver Rider,1: PDO,Traffic Signals,,,1330377.17,1679315.41,1.33038E+13
2019-2118-8/07/2020,2 Metropolitan,DARLINGTON,5047,CITY OF ONKAPARINGA,2,1,0,0,1,2019,March,Tuesday,7:39 PM,80,Divided Road,"CURVED, VIEW OBSCURED",Slope,Not Applicable,Sealed,Wet,Raining,Daylight,Hit Fixed Object,1,Driver Rider,2: MI,No Control,,,1324201.71,1658906.31,1.3242E+13
2019-2119-8/07/2020,2 Metropolitan,OVINGHAM,5082,CITY OF CHARLES STURT,2,0,0,0,0,2019,March,Tuesday,7:25 PM,40,T-Junction,Straight road,Level,Not Applicable,Sealed,Dry,Not Raining,Daylight,Right Angle,2,Driver Rider,1: PDO,No Control,Y,,1327048.37,1673346.53,1.32705E+13
2019-2120-8/07/2020,3 Country,WESTERN FLAT,5268,DC TATIARA.                   ,1,0,0,0,0,2019,March,Tuesday,3:20 PM,110,Not Divided,Straight road,Slope,Not Applicable,Sealed,Wet,Raining,Daylight,Left Road - Out of Control,1,Driver Rider,1: PDO,No Control,,,1510936.85,1475633.76,1.51094E+13
2019-2121-8/07/2020,2 Metropolitan,MUNNO PARA,5115,CITY OF PLAYFORD.,2,1,0,0,1,2019,March,Tuesday,8:10 PM,60,Cross Road,Straight road,Level,Not Applicable,Sealed,Dry,Not Raining,Night,Right Turn,2,Driver Rider,2: MI,Traffic Signals,,Y,1336684.28,1698535.93,1.33668E+13
2019-2122-8/07/2020,2 Metropolitan,DARLINGTON,5047,CITY OF ONKAPARINGA,2,0,0,0,0,2019,March,Tuesday,10:30 PM,80,Divided Road,"CURVED, VIEW OPEN",Slope,Not Applicable,Sealed,Dry,Not Raining,Night,Hit Fixed Object,1,Driver Rider,1: PDO,No Control,,,1324102.03,1659079.81,1.3241E+13
2019-2123-8/07/2020,2 Metropolitan,HOLDEN HILL,5088,CITY OF PORT ADELAIDE ENFIELD,2,0,0,0,0,2019,March,Tuesday,11:45 AM,60,Divided Road,Straight road,Level,Not Applicable,Sealed,Dry,Not Raining,Daylight,Side Swipe,2,Driver Rider,1: PDO,No Control,,,1333917.96,1677997.53,1.33392E+13
2019-2124-8/07/2020,2 Metropolitan,MAWSON LAKES,5095,CITY OF SALISBURY,2,0,0,0,0,2019,March,Wednesday,5:55 AM,80,T-Junction,Straight road,Level,"Bridge, Culvert, Causeway",Sealed,Dry,Not Raining,Night,Rear End,2,Driver Rider,1: PDO,Traffic Signals,,,1328697.75,1683414.9,1.3287E+13
2019-2125-8/07/2020,2 Metropolitan,PANORAMA,5041,CC MITCHAM.                   ,2,1,0,0,1,2019,March,Wednesday,8:02 AM,60,Not Divided,Straight road,Level,Not Applicable,Sealed,Dry,Not Raining,Daylight,Rear End,1,Driver Rider,2: MI,No Control,,,1327639.73,1663488.81,1.32764E+13
2019-2126-8/07/2020,1 City,ADELAIDE,5000,CITY OF ADELAIDE,2,1,0,0,1,2019,March,Wednesday,8:10 AM,60,Cross Road,Straight road,Level,Not Applicable,Sealed,Dry,Not Raining,Daylight,Side Swipe,2,Driver Rider,2: MI,Traffic Signals,,,1327373.09,1670811.81,1.32737E+13
2019-2127-8/07/2020,3 Country,MOUNT JAGGED,5211,ALEXANDRINA COUNCIL,2,0,0,0,0,2019,March,Tuesday,12:57 PM,100,Not Divided,"CURVED, VIEW OBSCURED",Slope,Not Applicable,Sealed,Dry,Not Raining,Daylight,Hit Fixed Object,1,Driver Rider,1: PDO,No Control,,,1331213.74,1611034.19,1.33121E+13
2019-2128-8/07/2020,2 Metropolitan,WALKERVILLE,5081,WALKERVILLE TOWN COUNCIL,2,0,0,0,0,2019,March,Wednesday,8:40 AM,60,T-Junction,Straight road,Level,Not Applicable,Sealed,Dry,Not Raining,Daylight,Side Swipe,2,Driver Rider,1: PDO,Give Way Sign,,,1330230.65,1675002.09,1.33023E+13
2019-2129-8/07/2020,2 Metropolitan,OSBORNE,5017,CITY OF PORT ADELAIDE ENFIELD,2,0,0,0,0,2019,March,Saturday,8:45 PM,60,T-Junction,Straight road,Level,Not Applicable,Sealed,Dry,Not Raining,Night,Rear End,2,Driver Rider,1: PDO,No Control,,,1319076.02,1685334.67,1.31908E+13
2019-2130-8/07/2020,2 Metropolitan,ECHUNGA,5153,DC MT.BARKER.                 ,2,0,0,0,0,2019,March,Wednesday,7:30 AM,80,Cross Road,Straight road,Level,Not Applicable,Sealed,Dry,Not Raining,Daylight,Rear End,2,Driver Rider,1: PDO,Give Way Sign,,,1345392.92,1649855.14,1.34539E+13
2019-2131-8/07/2020,2 Metropolitan,PENFIELD GARDENS,5121,CITY OF PLAYFORD.,2,0,0,0,0,2019,March,Tuesday,5:55 PM,80,T-Junction,"CURVED, VIEW OPEN",Level,Not Applicable,Sealed,Dry,Not Raining,Daylight,Rear End,1,Driver Rider,1: PDO,Roundabout,,,1329231.12,1697471.82,1.32923E+13
2019-2132-8/07/2020,2 Metropolitan,PARALOWIE,5108,CITY OF SALISBURY,2,0,0,0,0,2019,March,Wednesday,5:15 AM,90,T-Junction,Straight road,Level,Not Applicable,Sealed,Wet,Raining,Night,Hit Fixed Object,1,Driver Rider,1: PDO,Traffic Signals,,,1328458.27,1688691.09,1.32846E+13
2019-2133-8/07/2020,2 Metropolitan,SEAFORD,5169,CITY OF ONKAPARINGA,2,0,0,0,0,2019,March,Wednesday,9:29 AM,50,Not Divided,Straight road,Level,Not Applicable,Sealed,Dry,Not Raining,Daylight,Hit Fixed Object,1,Driver Rider,1: PDO,No Control,,,1316270.73,1642775.31,1.31627E+13
2019-2134-8/07/2020,2 Metropolitan,PARADISE,5075,CC CAMPBELLTOWN.              ,3,1,0,0,1,2019,March,Wednesday,8:00 AM,60,Divided Road,Straight road,Level,Not Applicable,Sealed,Dry,Not Raining,Daylight,Rear End,2,Driver Rider,2: MI,No Control,,,1335556.05,1676628.41,1.33556E+13
2019-2135-8/07/2020,2 Metropolitan,ST PETERS,5069,"CC OF NORWOOD,PAYNEHAM & ST PETERS",2,0,0,0,0,2019,March,Wednesday,9:15 AM,60,Not Divided,Straight road,Level,Not Applicable,Sealed,Dry,Not Raining,Daylight,Side Swipe,2,Driver Rider,1: PDO,No Control,,,1330854.09,1672738.8,1.33085E+13
2019-2136-8/07/2020,3 Country,MCCRACKEN,5211,DC VICTOR HARBOR.             ,2,0,0,0,0,2019,March,Wednesday,9:15 AM,60,Not Divided,Straight road,Level,Driveway or Entrance,Sealed,Dry,Not Raining,Daylight,Rear End,1,Driver Rider,1: PDO,No Control,,,1329769.41,1602984.3,1.32977E+13
2019-2137-8/07/2020,2 Metropolitan,MELROSE PARK,5039,CC MITCHAM.                   ,2,1,0,0,1,2019,March,Tuesday,9:30 AM,60,Divided Road,Straight road,Level,Not Applicable,Sealed,Dry,Not Raining,Daylight,Rear End,2,Driver Rider,2: MI,No Control,,,1325929.28,1664161.81,1.32593E+13
2019-2138-8/07/2020,3 Country,FINNISS,5255,ALEXANDRINA COUNCIL,2,1,0,0,1,2019,March,Wednesday,9:35 AM,100,Not Divided,"CURVED, VIEW OPEN",Level,Not Applicable,Sealed,Wet,Not Raining,Daylight,Hit Fixed Object,1,Driver Rider,2: MI,No Control,,,1351051.53,1615271.07,1.35105E+13
2019-2139-8/07/2020,2 Metropolitan,MELROSE PARK,5039,CC MITCHAM.                   ,2,1,0,0,1,2019,March,Wednesday,10:43 AM,60,T-Junction,Straight road,Level,Not Applicable,Sealed,Dry,Not Raining,Daylight,Hit Pedestrian,2,Pedestrian,2: MI,No Control,,,1325922.18,1664677.97,1.32592E+13
2019-2140-8/07/2020,3 Country,WILMINGTON,5485,DC MT.REMARKABLE.             ,3,1,0,0,1,2019,March,Monday,3:00 PM,110,Not Divided,Straight road,Level,Not Applicable,Sealed,Dry,Not Raining,Daylight,Hit Animal,2,Animal,2: MI,No Control,,,1290073.82,1924894.23,1.29007E+13
2019-2141-8/07/2020,2 Metropolitan,STIRLING,5152,THE ADELAIDE HILLS COUNCIL,8,0,0,0,0,2019,March,Wednesday,7:30 AM,110,Freeway,Straight road,Level,Not Applicable,Sealed,Dry,Not Raining,Daylight,Side Swipe,1,Driver Rider,1: PDO,No Control,,,1339922.45,1662273.38,1.33992E+13
2019-2142-8/07/2020,3 Country,MOUNT GAMBIER,5290,CC MT.GAMBIER.                ,3,0,0,0,0,2019,March,Wednesday,11:30 AM,50,Not Divided,Straight road,Level,Driveway or Entrance,Sealed,Dry,Not Raining,Daylight,Right Angle,2,Driver Rider,1: PDO,No Control,,,1510962.87,1339858.61,1.51096E+13
2019-2143-8/07/2020,2 Metropolitan,WAYVILLE,5034,CITY OF UNLEY,2,1,0,0,1,2019,March,Wednesday,11:45 AM,60,Not Divided,Straight road,Level,Driveway or Entrance,Sealed,Dry,Not Raining,Daylight,Rear End,2,Driver Rider,2: MI,No Control,,,1327447.61,1668283.71,1.32745E+13
2019-2144-8/07/2020,2 Metropolitan,SALISBURY EAST,5109,CITY OF SALISBURY,2,0,0,0,0,2019,March,Wednesday,11:40 AM,60,T-Junction,Straight road,Level,Not Applicable,Sealed,Dry,Not Raining,Daylight,Right Angle,2,Driver Rider,1: PDO,No Control,,,1335390.03,1686183.63,1.33539E+13
2019-2145-8/07/2020,2 Metropolitan,BURTON,5110,CITY OF SALISBURY,2,0,0,0,0,2019,March,Tuesday,10:15 AM,60,Not Divided,Straight road,Level,Not Applicable,Sealed,Wet,Raining,Daylight,Hit Fixed Object,1,Driver Rider,1: PDO,No Control,,,1329587.03,1691273.54,1.32959E+13
2019-2146-8/07/2020,2 Metropolitan,MITCHAM,5062,CC MITCHAM.                   ,2,1,0,0,1,2019,March,Wednesday,7:05 AM,60,Not Divided,Straight road,Slope,Not Applicable,Sealed,Dry,Not Raining,Night,Hit Animal,2,Animal,2: MI,No Control,,,1330235.64,1663958.21,1.33024E+13
2019-2147-8/07/2020,3 Country,POOCHERA,5655,DC STREAKY BAY.               ,1,1,1,0,0,2019,March,Wednesday,6:45 AM,110,Not Divided,Straight road,Level,Not Applicable,Sealed,Dry,Not Raining,Night,Roll Over,1,Driver Rider,4: Fatal,No Control,,,989398.89,1918501.77,9.89399E+12
2019-2148-8/07/2020,2 Metropolitan,WEST BEACH,5024,CITY OF WEST TORRENS,2,2,0,0,2,2019,March,Wednesday,1:51 PM,80,Divided Road,"CURVED, VIEW OPEN",Level,Not Applicable,Sealed,Dry,Not Raining,Daylight,Rear End,2,Driver Rider,2: MI,No Control,,,1320852.4,1667737.76,1.32085E+13
2019-2149-8/07/2020,2 Metropolitan,BEDFORD PARK,5042,CC MITCHAM.                   ,2,0,0,0,0,2019,March,Wednesday,1:50 PM,60,T-Junction,Straight road,Level,Not Applicable,Sealed,Dry,Not Raining,Daylight,Side Swipe,2,Driver Rider,1: PDO,Traffic Signals,,,1325724.08,1660705.96,1.32572E+13
2019-2150-8/07/2020,2 Metropolitan,MORPHETT VALE,5162,CITY OF ONKAPARINGA,2,0,0,0,0,2019,March,Wednesday,1:50 PM,60,Not Divided,Straight road,Level,Not Applicable,Sealed,Dry,Not Raining,Daylight,Right Angle,1,Driver Rider,1: PDO,No Control,,,1321960.27,1648915.83,1.32196E+13
2019-2151-8/07/2020,2 Metropolitan,WELLAND,5007,CITY OF CHARLES STURT,2,0,0,0,0,2019,March,Wednesday,8:15 AM,50,Not Divided,Straight road,Level,Not Applicable,Sealed,Dry,Not Raining,Daylight,Hit Parked Vehicle,2,Driver Rider,1: PDO,No Control,,,1324714.52,1673486.41,1.32472E+13
2019-2152-8/07/2020,2 Metropolitan,NORWOOD,5067,"CC OF NORWOOD,PAYNEHAM & ST PETERS",2,0,0,0,0,2019,March,Tuesday,8:30 AM,60,T-Junction,Straight road,Level,Not Applicable,Sealed,Dry,Not Raining,Daylight,Side Swipe,1,Driver Rider,1: PDO,No Control,,,1332035.24,1671756.65,1.33204E+13
2019-2153-8/07/2020,2 Metropolitan,PARK HOLME,5043,CC MARION.                    ,2,1,0,0,1,2019,March,Wednesday,7:45 AM,60,Divided Road,Straight road,Level,Not Applicable,Sealed,Dry,Not Raining,Daylight,Rear End,2,Driver Rider,2: MI,No Control,,,1324152.25,1663197.9,1.32415E+13
2019-2154-8/07/2020,2 Metropolitan,CHELTENHAM,5014,CITY OF CHARLES STURT,2,1,0,0,1,2019,March,Wednesday,4:29 PM,60,T-Junction,Straight road,Level,Not Applicable,Sealed,Dry,Not Raining,Daylight,Right Turn,2,Driver Rider,2: MI,No Control,,,1321424.72,1676962,1.32143E+13
2019-2155-8/07/2020,2 Metropolitan,TENNYSON,5022,CITY OF CHARLES STURT,2,0,0,0,0,2019,March,Wednesday,5:05 PM,60,Cross Road,Straight road,Level,Not Applicable,Sealed,Dry,Not Raining,Daylight,Right Angle,1,Driver Rider,1: PDO,Stop Sign,,,1318466.21,1674457.11,1.31847E+13
2019-2156-8/07/2020,2 Metropolitan,TAPEROO,5016,CITY OF PORT ADELAIDE ENFIELD,2,0,0,0,0,2019,March,Wednesday,3:20 PM,60,Cross Road,Straight road,Level,Not Applicable,Sealed,Dry,Not Raining,Daylight,Right Angle,2,Driver Rider,1: PDO,Give Way Sign,,,1319709.77,1683551.32,1.31971E+13
2019-2157-8/07/2020,2 Metropolitan,ELIZABETH EAST,5112,CITY OF PLAYFORD.,2,5,0,0,5,2019,March,Wednesday,5:40 PM,60,T-Junction,Straight road,Level,Not Applicable,Sealed,Dry,Not Raining,Daylight,Right Turn,1,Driver Rider,2: MI,No Control,,,1336399.61,1693393.51,1.3364E+13
2019-2158-8/07/2020,2 Metropolitan,ENFIELD,5085,CITY OF PORT ADELAIDE ENFIELD,4,0,0,0,0,2019,March,Wednesday,6:10 PM,60,T-Junction,Straight road,Slope,Not Applicable,Sealed,Dry,Not Raining,Daylight,Rear End,1,Driver Rider,1: PDO,No Control,,,1328854.36,1677285.23,1.32885E+13
2019-2159-8/07/2020,2 Metropolitan,FELIXSTOW,5070,"CC OF NORWOOD,PAYNEHAM & ST PETERS",2,0,0,0,0,2019,March,Wednesday,6:40 PM,60,Divided Road,"CURVED, VIEW OPEN",Level,Driveway or Entrance,Sealed,Dry,Not Raining,Daylight,Side Swipe,2,Driver Rider,1: PDO,No Control,,,1333797.1,1674550.96,1.3338E+13
2019-2160-8/07/2020,2 Metropolitan,PARADISE,5075,CC CAMPBELLTOWN.              ,3,0,0,0,0,2019,March,Wednesday,6:30 PM,60,Divided Road,"CURVED, VIEW OPEN",Slope,Not Applicable,Sealed,Dry,Not Raining,Daylight,Rear End,1,Driver Rider,1: PDO,No Control,,,1334404.55,1677043.35,1.33441E+13
2019-2161-8/07/2020,3 Country,SELLICKS HILL,5174,DC YANKALILLA.                ,3,0,0,0,0,2019,March,Tuesday,8:35 PM,100,Not Divided,"CURVED, VIEW OPEN",Slope,Not Applicable,Sealed,Wet,Raining,Night,Hit Fixed Object,1,Driver Rider,1: PDO,No Control,Y,,1313876.28,1622279.05,1.31388E+13
2019-2162-8/07/2020,2 Metropolitan,PAYNEHAM,5070,"CC OF NORWOOD,PAYNEHAM & ST PETERS",3,0,0,0,0,2019,March,Wednesday,2:00 PM,60,Cross Road,Straight road,Level,Not Applicable,Sealed,Dry,Not Raining,Daylight,Rear End,1,Driver Rider,1: PDO,Traffic Signals,,,1332169.16,1673780.95,1.33217E+13
2019-2163-8/07/2020,2 Metropolitan,MALVERN,5061,CITY OF UNLEY,2,1,0,0,1,2019,March,Wednesday,5:30 PM,60,T-Junction,Straight road,Level,Not Applicable,Unsealed,Dry,Not Raining,Daylight,Right Turn,1,Driver Rider,2: MI,No Control,,,1329130.02,1666564,1.32913E+13
2019-2164-8/07/2020,2 Metropolitan,BRIGHTON,5048,CITY OF HOLDFAST BAY,2,0,0,0,0,2019,March,Wednesday,10:14 AM,50,Not Divided,Straight road,Level,Not Applicable,Sealed,Dry,Not Raining,Daylight,Hit Fixed Object,1,Driver Rider,1: PDO,No Control,,,1320887.69,1661061.34,1.32089E+13
2019-2165-8/07/2020,2 Metropolitan,GEPPS CROSS,5094,CITY OF PORT ADELAIDE ENFIELD,2,0,0,0,0,2019,March,Wednesday,11:20 PM,70,T-Junction,Straight road,Level,Not Applicable,Sealed,Dry,Not Raining,Night,Right Turn,2,Driver Rider,1: PDO,Traffic Signals,,,1329540.02,1680415.9,1.32954E+13
2019-2166-8/07/2020,2 Metropolitan,TATACHILLA,5171,CITY OF ONKAPARINGA,2,1,0,1,0,2019,March,Thursday,5:25 AM,90,Not Divided,Straight road,Level,Not Applicable,Sealed,Dry,Not Raining,Night,Head On,1,Driver Rider,3: SI,No Control,Y,,1317688.5,1636779.33,1.31769E+13
2019-2167-8/07/2020,1 City,ADELAIDE,5000,CITY OF ADELAIDE,2,0,0,0,0,2019,March,Saturday,11:00 PM,50,Not Divided,Straight road,Level,Not Applicable,Sealed,Dry,Not Raining,Night,Hit Pedestrian,2,Pedestrian,1: PDO,No Control,,,1328525.77,1671115.82,1.32853E+13
2019-2168-8/07/2020,2 Metropolitan,PORT NOARLUNGA,5167,CITY OF ONKAPARINGA,2,0,0,0,0,2019,March,Thursday,7:47 AM,50,Not Divided,Straight road,Level,Not Applicable,Sealed,Dry,Not Raining,Daylight,Hit Parked Vehicle,1,Driver Rider,1: PDO,No Control,,,1315816.8,1646263.8,1.31582E+13
2019-2169-8/07/2020,2 Metropolitan,FELIXSTOW,5070,"CC OF NORWOOD,PAYNEHAM & ST PETERS",3,0,0,0,0,2019,March,Thursday,8:10 AM,60,T-Junction,Straight road,Level,Not Applicable,Sealed,Dry,Not Raining,Daylight,Right Angle,1,Driver Rider,1: PDO,No Control,,,1332333.32,1674280.97,1.33233E+13
2019-2170-8/07/2020,3 Country,PORT ARTHUR,5552,YORKE PENINSULA COUNCIL,1,1,0,0,1,2019,March,Wednesday,4:20 PM,80,T-Junction,"CURVED, VIEW OPEN",Slope,Not Applicable,Sealed,Dry,Not Raining,Daylight,Roll Over,1,Driver Rider,2: MI,Traffic Signals,,,1287930.19,1761652.36,1.28793E+13
2019-2171-8/07/2020,1 City,ADELAIDE,5000,CITY OF ADELAIDE,2,0,0,0,0,2019,March,Wednesday,6:10 PM,40,Not Divided,Straight road,Level,Not Applicable,Sealed,Dry,Not Raining,Daylight,Side Swipe,1,Driver Rider,1: PDO,No Control,,,1329195.76,1670912.63,1.3292E+13
2019-2172-8/07/2020,1 City,NORTH ADELAIDE,5006,CITY OF ADELAIDE,2,1,0,0,1,2019,March,Thursday,8:45 AM,50,Cross Road,Straight road,Slope,Not Applicable,Sealed,Dry,Not Raining,Daylight,Right Turn,2,Driver Rider,2: MI,Traffic Signals,,,1328673.37,1672674.13,1.32867E+13
2019-2173-8/07/2020,2 Metropolitan,HILLCREST,5086,CITY OF PORT ADELAIDE ENFIELD,2,0,0,0,0,2019,March,Thursday,8:53 AM,50,Not Divided,"CURVED, VIEW OPEN",Level,Driveway or Entrance,Sealed,Dry,Not Raining,Daylight,Side Swipe,1,Driver Rider,1: PDO,No Control,,,1332841.49,1677468.51,1.33284E+13
2019-2174-8/07/2020,2 Metropolitan,SOUTH PLYMPTON,5038,CC MARION.                    ,2,1,0,0,1,2019,March,Thursday,9:19 AM,60,T-Junction,Straight road,Level,Not Applicable,Sealed,Dry,Not Raining,Daylight,Right Turn,1,Driver Rider,2: MI,No Control,,,1324450.53,1666112.3,1.32445E+13
2019-2175-8/07/2020,2 Metropolitan,GILLES PLAINS,5086,CITY OF TEA TREE GULLY,2,0,0,0,0,2019,March,Wednesday,9:35 PM,50,T-Junction,Straight road,Level,Not Applicable,Sealed,Dry,Not Raining,Night,Hit Fixed Object,1,Driver Rider,1: PDO,No Control,,,1334791.04,1678720.18,1.33479E+13
2019-2176-8/07/2020,2 Metropolitan,WATERLOO CORNER,5110,CITY OF PLAYFORD.,2,0,0,0,0,2019,March,Thursday,10:00 AM,90,Divided Road,Straight road,Level,Not Applicable,Sealed,Dry,Not Raining,Daylight,Side Swipe,2,Driver Rider,1: PDO,No Control,,,1327156.76,1693960.32,1.32716E+13
2019-2177-8/07/2020,2 Metropolitan,TORRENSVILLE,5031,CITY OF WEST TORRENS,2,0,0,0,0,2019,March,Thursday,9:55 AM,50,Not Divided,Straight road,Level,Not Applicable,Sealed,Dry,Not Raining,Daylight,Hit Fixed Object,1,Driver Rider,1: PDO,No Control,,,1325181.23,1671134.22,1.32518E+13
2019-2178-8/07/2020,2 Metropolitan,GLENELG EAST,5045,CITY OF HOLDFAST BAY,2,1,0,0,1,2019,March,Wednesday,4:20 PM,60,Cross Road,Straight road,Level,Not Applicable,Sealed,Dry,Not Raining,Daylight,Rear End,2,Driver Rider,2: MI,Traffic Signals,,,1322637.42,1665387.9,1.32264E+13
2019-2179-8/07/2020,2 Metropolitan,CHELTENHAM,5014,CITY OF CHARLES STURT,1,1,0,1,0,2019,March,Thursday,12:01 PM,40,Not Divided,Straight road,Level,Driveway or Entrance,Sealed,Dry,Not Raining,Daylight,Roll Over,1,Driver Rider,3: SI,No Control,,,1321565.79,1677614.19,1.32157E+13