REPORT_ID,Stats Area,Suburb,Postcode,LGA Name,Total Units,Total Cas,Total Fats,Total SI,Total MI,Year,Month,Day,Time,Area Speed,Position Type,Horizontal Align,Vertical Align,Other Feat,Road Surface,Moisture Cond,Weather Cond,DayNight,Crash Type,Unit Resp,Entity Code,CSEF Severity,Traffic Ctrls,DUI Involved,Drugs Involved,ACCLOC_X,ACCLOC_Y,UNIQUE_LOC
2019-2180-8/07/2020,3 Country,WAITPINGA,5211,DC VICTOR HARBOR.             ,2,1,0,0,1,2019,March,Thursday,11:00 AM,80,Cross Road,Straight road,Bottom of Hill,Not Applicable,Sealed,Dry,Not Raining,Daylight,Right Angle,2,Driver Rider,2: MI,Give Way Sign,,,1325143.58,1599423.38,1.32514E+13
2019-2181-8/07/2020,2 Metropolitan,PROSPECT,5082,CITY OF PROSPECT,2,1,1,0,0,2019,March,Thursday,9:10 AM,60,Divided Road,Straight road,Slope,Not Applicable,Sealed,Dry,Not Raining,Daylight,Hit Pedestrian,2,Pedestrian,4: Fatal,No Control,,,1328864.3,1676822.29,1.32886E+13
2019-2182-8/07/2020,2 Metropolitan,KILKENNY,5009,CITY OF CHARLES STURT,2,0,0,0,0,2019,March,Thursday,12:45 PM,60,T-Junction,"CURVED, VIEW OPEN",Level,Not Applicable,Sealed,Dry,Not Raining,Daylight,Right Angle,2,Driver Rider,1: PDO,Give Way Sign,,,1324798.82,1676344.57,1.3248E+13
2019-2183-8/07/2020,2 Metropolitan,NORTHFIELD,5085,CITY OF PORT ADELAIDE ENFIELD,2,1,0,0,1,2019,March,Thursday,12:58 PM,60,Divided Road,Straight road,Level,Not Applicable,Sealed,Dry,Not Raining,Daylight,Hit Pedestrian,2,Pedestrian,2: MI,No Control,,,1330450.56,1679300.04,1.33045E+13
2019-2184-8/07/2020,2 Metropolitan,SALISBURY NORTH,5108,CITY OF SALISBURY,2,1,0,0,1,2019,March,Wednesday,3:10 PM,60,T-Junction,Straight road,Level,Not Applicable,Sealed,Dry,Not Raining,Daylight,Rear End,2,Driver Rider,2: MI,No Control,,,1332365.72,1690548.48,1.33237E+13
2019-2185-8/07/2020,2 Metropolitan,SOUTH PLYMPTON,5038,CC MARION.                    ,3,1,0,1,0,2019,March,Thursday,12:32 PM,60,Cross Road,Straight road,Level,Not Applicable,Sealed,Dry,Not Raining,Daylight,Right Angle,1,Driver Rider,3: SI,Traffic Signals,,Y,1324291.75,1664735.62,1.32429E+13
2019-2186-8/07/2020,2 Metropolitan,SOUTH PLYMPTON,5038,CC MARION.                    ,2,1,0,0,1,2019,March,Thursday,1:23 PM,60,Cross Road,"CURVED, VIEW OPEN",Slope,Not Applicable,Sealed,Dry,Not Raining,Daylight,Rear End,2,Driver Rider,2: MI,Traffic Signals,,,1324291.75,1664735.62,1.32429E+13
2019-2187-8/07/2020,3 Country,PORT NEILL,5604,DC TUMBY BAY.                 ,2,1,0,0,1,2019,March,Wednesday,5:30 PM,110,Not Divided,Straight road,Slope,Not Applicable,Sealed,Dry,Not Raining,Daylight,Hit Fixed Object,1,Driver Rider,2: MI,No Control,,,1129581.6,1775919.84,1.12958E+13
2019-2188-8/07/2020,2 Metropolitan,GLENELG,5045,CITY OF HOLDFAST BAY,2,0,0,0,0,2019,March,Thursday,2:15 PM,50,Not Divided,Straight road,Level,Driveway or Entrance,Sealed,Dry,Not Raining,Daylight,Right Angle,1,Driver Rider,1: PDO,No Control,,,1320534.01,1665010.01,1.32053E+13
2019-2189-8/07/2020,2 Metropolitan,GILLES PLAINS,5086,CITY OF PORT ADELAIDE ENFIELD,2,0,0,0,0,2019,March,Thursday,1:00 PM,60,T-Junction,Straight road,Level,Unknown,Sealed,Dry,Not Raining,Daylight,Side Swipe,1,Driver Rider,1: PDO,No Control,,,1334382.61,1678376.16,1.33438E+13
2019-2190-8/07/2020,2 Metropolitan,BEULAH PARK,5067,"CC OF NORWOOD,PAYNEHAM & ST PETERS",2,0,0,0,0,2019,March,Thursday,12:40 PM,60,Divided Road,Straight road,Level,Not Applicable,Sealed,Dry,Not Raining,Daylight,Side Swipe,2,Driver Rider,1: PDO,No Control,,,1332249.29,1671289.84,1.33225E+13
2019-2191-8/07/2020,3 Country,LOWER LIGHT,5501,DC MALLALA.                   ,2,2,0,0,2,2019,March,Thursday,2:25 PM,110,Divided Road,Straight road,Slope,"Bridge, Culvert, Causeway",Sealed,Dry,Not Raining,Daylight,Hit Fixed Object,1,Driver Rider,2: MI,No Control,,,1316625.32,1712938.12,1.31663E+13
2019-2192-8/07/2020,2 Metropolitan,PORT ADELAIDE,5015,CITY OF PORT ADELAIDE ENFIELD,3,1,0,0,1,2019,March,Thursday,3:00 PM,50,Divided Road,Straight road,Level,Not Applicable,Sealed,Dry,Not Raining,Daylight,Rear End,1,Driver Rider,2: MI,No Control,,,1320431.58,1679395.53,1.32043E+13
2019-2193-8/07/2020,2 Metropolitan,MARDEN,5070,"CC OF NORWOOD,PAYNEHAM & ST PETERS",2,0,0,0,0,2019,March,Thursday,1:12 PM,60,Divided Road,Straight road,Level,Driveway or Entrance,Sealed,Dry,Not Raining,Daylight,Rear End,2,Driver Rider,1: PDO,No Control,,,1331820.39,1674166.79,1.33182E+13
2019-2194-8/07/2020,2 Metropolitan,GLENELG NORTH,5045,CITY OF HOLDFAST BAY,2,0,0,0,0,2019,March,Thursday,3:40 PM,60,Divided Road,Straight road,Level,Not Applicable,Sealed,Dry,Not Raining,Daylight,Side Swipe,1,Driver Rider,1: PDO,No Control,,,1321872.11,1665330.56,1.32187E+13
2019-2195-8/07/2020,2 Metropolitan,MAWSON LAKES,5095,CITY OF SALISBURY,3,0,0,0,0,2019,March,Thursday,4:00 PM,70,Divided Road,Straight road,Level,Not Applicable,Sealed,Dry,Not Raining,Daylight,Rear End,1,Driver Rider,1: PDO,No Control,,,1329292.2,1684107.43,1.32929E+13
2019-2196-8/07/2020,2 Metropolitan,MOUNT BARKER,5251,DC MT.BARKER.                 ,4,0,0,0,0,2019,March,Thursday,3:45 PM,60,Divided Road,Straight road,Level,Not Applicable,Sealed,Dry,Not Raining,Daylight,Rear End,1,Driver Rider,1: PDO,No Control,,,1351210.5,1654448.56,1.35121E+13
2019-2197-8/07/2020,2 Metropolitan,ROYSTON PARK,5070,"CC OF NORWOOD,PAYNEHAM & ST PETERS",2,2,0,0,2,2019,March,Tuesday,4:00 PM,60,Divided Road,Straight road,Level,Not Applicable,Sealed,Dry,Not Raining,Daylight,Rear End,2,Driver Rider,2: MI,No Control,,,1332025.95,1673617.85,1.33203E+13
2019-2198-8/07/2020,2 Metropolitan,PARAFIELD GARDENS,5107,CITY OF SALISBURY,2,1,0,0,1,2019,March,Thursday,4:54 PM,60,Divided Road,Straight road,Level,Not Applicable,Sealed,Dry,Not Raining,Daylight,Rear End,1,Driver Rider,2: MI,No Control,,,1330714.68,1685884.26,1.33072E+13
2019-2199-8/07/2020,2 Metropolitan,DUDLEY PARK,5008,CITY OF PORT ADELAIDE ENFIELD,2,1,0,1,0,2019,March,Thursday,5:20 PM,50,Not Divided,Straight road,Level,Not Applicable,Sealed,Dry,Not Raining,Daylight,Hit Parked Vehicle,2,Driver Rider,3: SI,No Control,,,1326998.29,1675572.22,1.327E+13
2019-2200-8/07/2020,2 Metropolitan,STURT,5047,CC MARION.                    ,2,0,0,0,0,2019,March,Thursday,5:30 PM,60,T-Junction,Straight road,Level,Not Applicable,Sealed,Dry,Not Raining,Daylight,Rear End,2,Driver Rider,1: PDO,No Control,,,1323837.15,1660658.2,1.32384E+13
2019-2201-8/07/2020,2 Metropolitan,BOLIVAR,5110,CITY OF SALISBURY,4,0,0,0,0,2019,March,Thursday,3:45 PM,90,Divided Road,Straight road,Level,Not Applicable,Sealed,Dry,Not Raining,Daylight,Rear End,1,Driver Rider,1: PDO,No Control,,,1328538.34,1688192.78,1.32854E+13
2019-2202-8/07/2020,2 Metropolitan,SEMAPHORE,5019,CITY OF PORT ADELAIDE ENFIELD,2,0,0,0,0,2019,March,Thursday,6:00 PM,60,T-Junction,Straight road,Level,Not Applicable,Sealed,Dry,Not Raining,Daylight,Side Swipe,2,Driver Rider,1: PDO,No Control,,,1318189.05,1680535.75,1.31819E+13
2019-2203-8/07/2020,2 Metropolitan,EDWARDSTOWN,5039,CC MARION.                    ,3,0,0,0,0,2019,March,Thursday,6:20 PM,50,T-Junction,Straight road,Level,Not Applicable,Sealed,Dry,Not Raining,Daylight,Hit Fixed Object,1,Driver Rider,1: PDO,No Control,,,1325471.58,1663777.5,1.32547E+13
2019-2204-8/07/2020,2 Metropolitan,ALLENBY GARDENS,5009,CITY OF CHARLES STURT,2,1,0,0,1,2019,March,Thursday,8:30 AM,60,Divided Road,Straight road,Level,Not Applicable,Sealed,Dry,Not Raining,Daylight,Rear End,2,Driver Rider,2: MI,No Control,,,1324235.44,1673175.51,1.32424E+13
2019-2205-8/07/2020,3 Country,TRURO,5356,MID MURRAY DISTRICT COUNCIL,2,2,1,0,1,2019,March,Thursday,5:44 PM,110,Not Divided,Straight road,Level,Not Applicable,Sealed,Dry,Not Raining,Daylight,Head On,1,Driver Rider,4: Fatal,No Control,,,1385302.26,1726912.69,1.3853E+13
2019-2206-8/07/2020,2 Metropolitan,NORWOOD,5067,"CC OF NORWOOD,PAYNEHAM & ST PETERS",2,0,0,0,0,2019,March,Tuesday,11:05 AM,50,Divided Road,Straight road,Level,Not Applicable,Sealed,Dry,Not Raining,Daylight,Hit Parked Vehicle,2,Driver Rider,1: PDO,No Control,,,1332111.02,1671084.47,1.33211E+13
2019-2207-8/07/2020,2 Metropolitan,HAPPY VALLEY,5159,CITY OF ONKAPARINGA,2,0,0,0,0,2019,March,Thursday,4:00 PM,50,T-Junction,Straight road,Level,Not Applicable,Sealed,Dry,Not Raining,Daylight,Right Angle,2,Driver Rider,1: PDO,Roundabout,,,1324045.15,1653740.89,1.32405E+13
2019-2208-8/07/2020,2 Metropolitan,MUNNO PARA,5115,CITY OF PLAYFORD.,2,1,0,0,1,2019,March,Thursday,4:50 PM,60,T-Junction,Straight road,Level,Not Applicable,Sealed,Dry,Not Raining,Daylight,Rear End,2,Driver Rider,2: MI,Give Way Sign,,,1336515.35,1698629.88,1.33652E+13
2019-2209-8/07/2020,2 Metropolitan,GULFVIEW HEIGHTS,5096,CITY OF SALISBURY,3,0,0,0,0,2019,March,Wednesday,3:30 PM,60,Divided Road,Straight road,Level,Not Applicable,Sealed,Dry,Not Raining,Daylight,Rear End,1,Driver Rider,1: PDO,No Control,,,1334480.49,1684272.96,1.33448E+13
2019-2210-8/07/2020,2 Metropolitan,WAYVILLE,5034,CITY OF UNLEY,6,0,0,0,0,2019,March,Thursday,9:05 PM,50,Not Divided,Straight road,Level,Not Applicable,Sealed,Dry,Not Raining,Night,Hit Fixed Object,1,Driver Rider,1: PDO,No Control,,,1328100.15,1668493.22,1.3281E+13
2019-2211-8/07/2020,2 Metropolitan,HAMPSTEAD GARDENS,5086,CITY OF PORT ADELAIDE ENFIELD,2,0,0,0,0,2019,March,Thursday,11:30 PM,60,Divided Road,Straight road,Level,Not Applicable,Sealed,Dry,Not Raining,Night,Rear End,2,Driver Rider,1: PDO,No Control,,,1331992.23,1676523.59,1.33199E+13
2019-2212-8/07/2020,2 Metropolitan,FINDON,5023,CITY OF CHARLES STURT,2,0,0,0,0,2019,March,Thursday,10:50 PM,50,T-Junction,Straight road,Level,Not Applicable,Sealed,Dry,Not Raining,Night,Hit Fixed Object,1,Driver Rider,1: PDO,No Control,,,1322135.96,1673222.07,1.32214E+13
2019-2213-8/07/2020,2 Metropolitan,INGLE FARM,5098,CITY OF SALISBURY,2,0,0,0,0,2019,March,Thursday,11:54 PM,60,Cross Road,Straight road,Level,Not Applicable,Sealed,Dry,Not Raining,Night,Rear End,1,Driver Rider,1: PDO,Traffic Signals,,,1332120.96,1681780.41,1.33212E+13
2019-2214-8/07/2020,2 Metropolitan,WALKERVILLE,5081,WALKERVILLE TOWN COUNCIL,2,1,0,0,1,2019,March,Friday,3:10 AM,50,T-Junction,Straight road,Level,Not Applicable,Sealed,Dry,Not Raining,Night,Hit Fixed Object,1,Driver Rider,2: MI,No Control,,,1330654.04,1674514.46,1.33065E+13
2019-2215-8/07/2020,1 City,ADELAIDE,5000,CITY OF ADELAIDE,2,0,0,0,0,2019,March,Thursday,4:05 PM,50,Divided Road,Straight road,Level,Not Applicable,Sealed,Dry,Not Raining,Daylight,Side Swipe,2,Driver Rider,1: PDO,No Control,,,1329044.15,1670016.29,1.32904E+13
2019-2216-8/07/2020,2 Metropolitan,SALISBURY,5108,CITY OF SALISBURY,2,0,0,0,0,2019,March,Friday,5:00 AM,50,Not Divided,Straight road,Level,Not Applicable,Sealed,Dry,Not Raining,Night,Hit Fixed Object,1,Driver Rider,1: PDO,No Control,,,1333179.92,1689712.28,1.33318E+13
2019-2217-8/07/2020,2 Metropolitan,FIRLE,5070,CC CAMPBELLTOWN.              ,2,0,0,0,0,2019,February,Thursday,5:00 PM,60,Divided Road,Straight road,Level,Driveway or Entrance,Sealed,Dry,Not Raining,Daylight,Rear End,2,Driver Rider,1: PDO,No Control,,,1333832.36,1672977.15,1.33383E+13
2019-2218-8/07/2020,2 Metropolitan,SEAFORD,5169,CITY OF ONKAPARINGA,2,0,0,0,0,2019,March,Thursday,8:00 PM,60,T-Junction,Straight road,Level,Not Applicable,Sealed,Dry,Not Raining,Night,Right Angle,2,Driver Rider,1: PDO,No Control,,,1315862.48,1642857.33,1.31586E+13
2019-2219-8/07/2020,2 Metropolitan,GAWLER,5118,CT GAWLER.                    ,2,1,0,0,1,2019,March,Friday,9:30 AM,25,Cross Road,Straight road,Level,Roadworks,Sealed,Dry,Not Raining,Daylight,Rear End,2,Driver Rider,2: MI,Traffic Signals,,,1343262.87,1705915.87,1.34326E+13
2019-2220-8/07/2020,2 Metropolitan,HENLEY BEACH SOUTH,5022,CITY OF CHARLES STURT,2,0,0,0,0,2019,March,Thursday,10:00 PM,50,Cross Road,"CURVED, VIEW OPEN",Level,Not Applicable,Sealed,Dry,Not Raining,Night,Right Angle,2,Driver Rider,1: PDO,Give Way Sign,,,1319125.61,1670999.07,1.31913E+13
2019-2221-8/07/2020,2 Metropolitan,ST GEORGES,5064,CITY OF BURNSIDE,2,0,0,0,0,2019,March,Friday,8:45 AM,60,T-Junction,Straight road,Level,Not Applicable,Sealed,Dry,Not Raining,Daylight,Right Turn,2,Driver Rider,1: PDO,No Control,,,1332355.8,1667640.74,1.33236E+13
2019-2222-8/07/2020,2 Metropolitan,ATHELSTONE,5076,CC CAMPBELLTOWN.              ,2,1,0,0,1,2019,March,Thursday,5:00 PM,60,T-Junction,Straight road,Level,Not Applicable,Sealed,Dry,Not Raining,Daylight,Hit Parked Vehicle,1,Driver Rider,2: MI,No Control,,,1337788.96,1676318.4,1.33779E+13
2019-2223-8/07/2020,3 Country,MOUNT GAMBIER,5290,CC MT.GAMBIER.                ,2,2,0,0,2,2019,March,Friday,11:35 AM,50,Not Divided,Straight road,Level,Not Applicable,Sealed,Dry,Not Raining,Daylight,Side Swipe,1,Driver Rider,2: MI,No Control,,,1510733.08,1339904.5,1.51073E+13
2019-2224-8/07/2020,1 City,ADELAIDE,5000,CITY OF ADELAIDE,2,1,0,0,1,2019,March,Tuesday,5:20 PM,50,Divided Road,Straight road,Level,Not Applicable,Sealed,Dry,Not Raining,Daylight,Side Swipe,2,Passenger,2: MI,No Control,,,1328507.75,1669662,1.32851E+13
2019-2225-8/07/2020,2 Metropolitan,WATERLOO CORNER,5110,CITY OF SALISBURY,2,1,0,0,1,2019,March,Friday,8:30 AM,70,T-Junction,Straight road,Level,Not Applicable,Sealed,Dry,Not Raining,Daylight,Side Swipe,2,Driver Rider,2: MI,Roundabout,,,1328258.79,1692163.2,1.32826E+13
2019-2226-8/07/2020,1 City,ADELAIDE,5000,CITY OF ADELAIDE,1,1,0,1,0,2019,February,Wednesday,8:30 PM,50,T-Junction,Straight road,Level,Not Applicable,Sealed,Dry,Not Raining,Night,Roll Over,9,Other,3: SI,No Control,,,1329294.75,1669667.24,1.3293E+13
2019-2227-8/07/2020,3 Country,NARACOORTE,5271,DC NARACOORTE & LUCINDALE.,2,0,0,0,0,2019,March,Friday,1:05 PM,50,T-Junction,Straight road,Level,Not Applicable,Sealed,Dry,Not Raining,Daylight,Rear End,1,Driver Rider,1: PDO,No Control,,,1511935.93,1437305.28,1.51194E+13
2019-2228-8/07/2020,2 Metropolitan,SOUTH PLYMPTON,5038,CC MARION.                    ,3,1,0,0,1,2019,March,Friday,1:20 PM,60,Cross Road,Straight road,Level,Not Applicable,Sealed,Dry,Not Raining,Daylight,Right Turn,1,Driver Rider,2: MI,Give Way Sign,,,1324256.1,1665509.09,1.32426E+13
2019-2229-8/07/2020,2 Metropolitan,ATHOL PARK,5012,CITY OF CHARLES STURT,2,0,0,0,0,2019,March,Friday,12:30 PM,50,T-Junction,Straight road,Level,Not Applicable,Sealed,Dry,Not Raining,Daylight,Right Angle,2,Driver Rider,1: PDO,Give Way Sign,,,1323736.48,1678286.25,1.32374E+13
2019-2230-8/07/2020,2 Metropolitan,WARRADALE,5046,CC MARION.                    ,2,0,0,0,0,2019,March,Friday,6:30 AM,60,Divided Road,Straight road,Level,Driveway or Entrance,Sealed,Dry,Not Raining,Night,Right Angle,1,Driver Rider,1: PDO,No Control,,,1321956.52,1663026.1,1.32196E+13
2019-2231-8/07/2020,2 Metropolitan,KLEMZIG,5087,CITY OF PORT ADELAIDE ENFIELD,2,0,0,0,0,2019,March,Thursday,10:30 PM,50,Not Divided,Straight road,Level,Driveway or Entrance,Sealed,Dry,Not Raining,Night,Rear End,2,Driver Rider,1: PDO,No Control,,,1332550.31,1676697.78,1.33255E+13
2019-2232-8/07/2020,2 Metropolitan,KURRALTA PARK,5037,CITY OF WEST TORRENS,2,0,0,0,0,2019,March,Friday,3:54 PM,60,Divided Road,Straight road,Level,Not Applicable,Sealed,Dry,Not Raining,Daylight,Side Swipe,2,Driver Rider,1: PDO,No Control,,,1325812.27,1668078.57,1.32581E+13
2019-2233-8/07/2020,2 Metropolitan,PARAFIELD GARDENS,5107,CITY OF SALISBURY,2,4,0,0,4,2019,March,Friday,3:29 PM,50,Not Divided,Straight road,Level,Driveway or Entrance,Sealed,Dry,Not Raining,Daylight,Rear End,2,Driver Rider,2: MI,No Control,,,1329643.88,1686690.6,1.32964E+13
2019-2234-8/07/2020,2 Metropolitan,SURREY DOWNS,5126,CITY OF TEA TREE GULLY,2,1,0,0,1,2019,March,Friday,3:15 PM,60,Divided Road,Straight road,Slope,Not Applicable,Sealed,Dry,Not Raining,Daylight,Hit Pedestrian,2,Pedestrian,2: MI,No Control,,,1338327.11,1683576.57,1.33833E+13
2019-2235-8/07/2020,2 Metropolitan,VALLEY VIEW,5093,CITY OF TEA TREE GULLY,3,0,0,0,0,2019,March,Friday,3:55 PM,60,Divided Road,Straight road,Level,Median Opening (not at I/S),Sealed,Dry,Not Raining,Daylight,Rear End,1,Driver Rider,1: PDO,No Control,,,1335130.68,1679393.85,1.33513E+13
2019-2236-8/07/2020,2 Metropolitan,CUMBERLAND PARK,5041,CC MITCHAM.                   ,3,0,0,0,0,2019,March,Friday,3:50 PM,60,Divided Road,Straight road,Level,Not Applicable,Sealed,Dry,Not Raining,Daylight,Hit Fixed Object,1,Driver Rider,1: PDO,No Control,,,1327357.56,1666195.12,1.32736E+13
2019-2237-8/07/2020,2 Metropolitan,NEW PORT,5015,CITY OF PORT ADELAIDE ENFIELD,2,1,0,0,1,2019,March,Friday,4:20 PM,60,T-Junction,Straight road,Level,Not Applicable,Sealed,Dry,Not Raining,Daylight,Side Swipe,2,Driver Rider,2: MI,Traffic Signals,,,1319183.09,1679153.2,1.31918E+13
2019-2238-8/07/2020,2 Metropolitan,ELIZABETH EAST,5112,CITY OF PLAYFORD.,2,0,0,0,0,2019,March,Friday,4:20 PM,60,Not Divided,Straight road,Level,Unknown,Sealed,Dry,Not Raining,Daylight,Rear End,2,Driver Rider,1: PDO,No Control,,,1336847.41,1692941,1.33685E+13
2019-2239-8/07/2020,2 Metropolitan,WESTBOURNE PARK,5041,CC MITCHAM.                   ,2,0,0,0,0,2019,March,Friday,4:45 PM,60,Cross Road,Straight road,Level,Not Applicable,Sealed,Dry,Not Raining,Daylight,Right Turn,1,Driver Rider,1: PDO,Traffic Signals,,,1327546.38,1664994.52,1.32755E+13
2019-2240-8/07/2020,2 Metropolitan,SEMAPHORE,5019,CITY OF PORT ADELAIDE ENFIELD,1,0,0,0,0,2019,March,Friday,3:15 PM,60,Cross Road,Straight road,Level,Not Applicable,Sealed,Dry,Not Raining,Daylight,Roll Over,1,Driver Rider,1: PDO,Traffic Signals,,,1318224.89,1680633.45,1.31823E+13
2019-2241-8/07/2020,2 Metropolitan,WEST CROYDON,5008,CITY OF CHARLES STURT,2,1,0,0,1,2019,March,Friday,5:05 PM,60,Divided Road,Straight road,Level,Driveway or Entrance,Sealed,Dry,Not Raining,Daylight,Side Swipe,1,Driver Rider,2: MI,No Control,,,1324530.22,1674348.58,1.32453E+13
2019-2242-8/07/2020,2 Metropolitan,INGLE FARM,5098,CITY OF SALISBURY,2,1,0,0,1,2019,March,Friday,6:26 PM,50,Not Divided,"CURVED, VIEW OPEN",Slope,Not Applicable,Sealed,Dry,Not Raining,Daylight,Hit Fixed Object,1,Driver Rider,2: MI,No Control,Y,Y,1332384.77,1681256.54,1.33239E+13
2019-2243-8/07/2020,2 Metropolitan,EDWARDSTOWN,5039,CC MARION.                    ,2,0,0,0,0,2019,March,Friday,1:00 PM,50,Not Divided,Straight road,Level,Not Applicable,Sealed,Dry,Not Raining,Daylight,Hit Parked Vehicle,2,Driver Rider,1: PDO,No Control,,,1325453.68,1663519.34,1.32545E+13
2019-2244-8/07/2020,2 Metropolitan,PAYNEHAM,5070,"CC OF NORWOOD,PAYNEHAM & ST PETERS",2,0,0,0,0,2019,March,Thursday,6:40 PM,60,Cross Road,Straight road,Level,Not Applicable,Sealed,Dry,Not Raining,Daylight,Side Swipe,2,Driver Rider,1: PDO,Traffic Signals,,,1332172.02,1673790.11,1.33217E+13
2019-2245-8/07/2020,2 Metropolitan,MEADOWS,5201,DC MT.BARKER.                 ,3,0,0,0,0,2019,March,Friday,5:20 PM,100,Not Divided,Straight road,Level,Not Applicable,Sealed,Dry,Not Raining,Daylight,Rear End,1,Driver Rider,1: PDO,No Control,,,1341816.29,1643017.92,1.34182E+13
2019-2246-8/07/2020,2 Metropolitan,SUMMERTOWN,5141,THE ADELAIDE HILLS COUNCIL,2,3,0,0,3,2019,March,Friday,5:20 PM,80,Not Divided,"CURVED, VIEW OPEN",Level,Not Applicable,Sealed,Dry,Not Raining,Daylight,Head On,2,Driver Rider,2: MI,No Control,,Y,1340466.1,1665356.4,1.34047E+13
2019-2247-8/07/2020,2 Metropolitan,KESWICK,5035,CITY OF WEST TORRENS,2,1,0,0,1,2019,March,Friday,8:15 PM,60,Cross Road,Straight road,Level,Not Applicable,Sealed,Dry,Not Raining,Night,Right Turn,2,Driver Rider,2: MI,Traffic Signals,,,1325805.32,1668947.85,1.32581E+13
2019-2248-8/07/2020,2 Metropolitan,FELIXSTOW,5070,"CC OF NORWOOD,PAYNEHAM & ST PETERS",2,0,0,0,0,2019,March,Friday,9:25 PM,50,Not Divided,"CURVED, VIEW OPEN",Level,Not Applicable,Sealed,Dry,Not Raining,Night,Hit Fixed Object,1,Driver Rider,1: PDO,No Control,,,1332848.55,1675012.48,1.33285E+13
2019-2249-8/07/2020,3 Country,RENMARK,5341,DC RENMARK PARINGA            ,2,0,0,0,0,2019,March,Friday,9:40 PM,50,Cross Road,Straight road,Slope,Not Applicable,Sealed,Dry,Not Raining,Night,Right Angle,2,Driver Rider,1: PDO,Give Way Sign,,,1528696.04,1746046.23,1.5287E+13
2019-2250-8/07/2020,3 Country,WILLUNGA HILL,5172,ALEXANDRINA COUNCIL,2,6,0,0,6,2019,March,Friday,5:59 PM,100,T-Junction,Straight road,Slope,Not Applicable,Sealed,Dry,Not Raining,Daylight,Head On,1,Driver Rider,2: MI,No Control,,,1325600.26,1629019.48,1.3256E+13
2019-2251-8/07/2020,3 Country,WHITWARTA,5461,WAKEFIELD REGIONAL COUNCIL,1,0,0,0,0,2019,March,Friday,8:40 PM,100,T-Junction,Straight road,Slope,Not Applicable,Sealed,Dry,Not Raining,Night,Roll Over,1,Driver Rider,1: PDO,Give Way Sign,,,1305712.06,1767085.68,1.30571E+13
2019-2252-8/07/2020,3 Country,LUCINDALE,5272,DC NARACOORTE & LUCINDALE.,3,0,0,0,0,2019,March,Friday,8:45 PM,100,Not Divided,Straight road,Level,Not Applicable,Sealed,Dry,Not Raining,Night,Hit Animal,2,Animal,1: PDO,No Control,,,1478433.1,1440106.19,1.47843E+13
2019-2253-8/07/2020,2 Metropolitan,KANGARILLA,5157,CITY OF ONKAPARINGA,2,4,0,3,1,2019,March,Friday,9:40 PM,80,Not Divided,"CURVED, VIEW OBSCURED",Slope,Not Applicable,Sealed,Dry,Not Raining,Night,Head On,1,Driver Rider,3: SI,No Control,,Y,1335258.28,1644340.8,1.33526E+13
2019-2254-8/07/2020,1 City,ADELAIDE,5000,CITY OF ADELAIDE,2,0,0,0,0,2019,March,Saturday,3:35 AM,60,Cross Road,Straight road,Level,Not Applicable,Sealed,Dry,Not Raining,Night,Hit Pedestrian,2,Pedestrian,1: PDO,Traffic Signals,,,1327395.61,1669542.05,1.3274E+13
2019-2255-8/07/2020,2 Metropolitan,WEST CROYDON,5008,CITY OF CHARLES STURT,3,0,0,0,0,2019,March,Saturday,4:30 AM,60,Pedestrian Crossing,Straight road,Level,Not Applicable,Sealed,Dry,Not Raining,Night,Hit Fixed Object,1,Driver Rider,1: PDO,Traffic Signals,,,1324191.66,1674639.79,1.32419E+13
2019-2256-8/07/2020,2 Metropolitan,EDINBURGH,5111,CITY OF SALISBURY,2,1,0,1,0,2019,March,Saturday,3:22 AM,60,Not Divided,Straight road,Level,Not Applicable,Sealed,Dry,Not Raining,Night,Rear End,1,Driver Rider,3: SI,No Control,Y,,1331970.51,1691626.29,1.33197E+13
2019-2257-8/07/2020,2 Metropolitan,HAWTHORNDENE,5051,CC MITCHAM.                   ,2,0,0,0,0,2019,March,Saturday,4:40 AM,50,Not Divided,Straight road,Slope,Not Applicable,Sealed,Dry,Not Raining,Night,Hit Fixed Object,1,Driver Rider,1: PDO,No Control,Y,,1331303.26,1659524.16,1.3313E+13
2019-2258-8/07/2020,2 Metropolitan,ROSSLYN PARK,5072,CITY OF BURNSIDE,2,0,0,0,0,2019,March,Friday,10:25 AM,60,T-Junction,Straight road,Level,Not Applicable,Sealed,Dry,Not Raining,Daylight,Right Turn,2,Driver Rider,1: PDO,No Control,,,1335018.92,1670576.99,1.33502E+13
2019-2259-8/07/2020,2 Metropolitan,PROSPECT,5082,CITY OF PROSPECT,2,0,0,0,0,2019,March,Saturday,8:45 AM,60,Cross Road,Straight road,Level,Not Applicable,Sealed,Dry,Not Raining,Daylight,Right Turn,1,Driver Rider,1: PDO,Traffic Signals,,,1328862.4,1676436.07,1.32886E+13
2019-2260-8/07/2020,2 Metropolitan,NORWOOD,5067,"CC OF NORWOOD,PAYNEHAM & ST PETERS",2,0,0,0,0,2019,March,Saturday,8:26 AM,60,Cross Road,Straight road,Level,Not Applicable,Sealed,Dry,Not Raining,Daylight,Right Angle,1,Driver Rider,1: PDO,Roundabout,,,1330623.32,1670361.88,1.33062E+13
2019-2261-8/07/2020,2 Metropolitan,GLENGOWRIE,5044,CC MARION.                    ,2,0,0,0,0,2019,March,Saturday,8:15 AM,60,Not Divided,Straight road,Level,Driveway or Entrance,Sealed,Dry,Not Raining,Daylight,Right Angle,2,Driver Rider,1: PDO,No Control,,,1322642.56,1665153.52,1.32264E+13