REPORT_ID,Stats Area,Suburb,Postcode,LGA Name,Total Units,Total Cas,Total Fats,Total SI,Total MI,Year,Month,Day,Time,Area Speed,Position Type,Horizontal Align,Vertical Align,Other Feat,Road Surface,Moisture Cond,Weather Cond,DayNight,Crash Type,Unit Resp,Entity Code,CSEF Severity,Traffic Ctrls,DUI Involved,Drugs Involved,ACCLOC_X,ACCLOC_Y,UNIQUE_LOC
2019-2343-8/07/2020,2 Metropolitan,FULHAM GARDENS,5024,CITY OF CHARLES STURT,2,0,0,0,0,2019,March,Thursday,2:55 PM,60,Divided Road,Straight road,Level,Not Applicable,Sealed,Dry,Not Raining,Daylight,Other,1,Driver Rider,1: PDO,No Control,,,1320491.47,1673066.93,1.32049E+13
2019-2344-8/07/2020,3 Country,PARILLA,5303,SOUTHERN MALLEE DISTRICT COUNCIL,2,0,0,0,0,2019,March,Monday,7:46 PM,110,Not Divided,"CURVED, VIEW OPEN",Slope,Not Applicable,Sealed,Dry,Not Raining,Night,Roll Over,1,Driver Rider,1: PDO,No Control,,,1509452.17,1621236.29,1.50945E+13
2019-2345-8/07/2020,3 Country,MOUNT GAMBIER,5290,CC MT.GAMBIER.                ,2,1,0,0,1,2019,March,Tuesday,8:35 AM,50,Cross Road,Straight road,Level,Not Applicable,Sealed,Dry,Not Raining,Daylight,Right Angle,1,Driver Rider,2: MI,Traffic Signals,,,1510387.79,1340065.2,1.51039E+13
2019-2346-8/07/2020,3 Country,SWAN REACH,5354,MID MURRAY DISTRICT COUNCIL,1,1,0,0,1,2019,March,Monday,6:15 PM,100,Not Divided,"CURVED, VIEW OPEN",Level,Not Applicable,Sealed,Dry,Not Raining,Daylight,Left Road - Out of Control,1,Driver Rider,2: MI,No Control,,,1420379.37,1704054.38,1.42038E+13
2019-2347-8/07/2020,2 Metropolitan,MAGILL,5072,CC CAMPBELLTOWN.              ,2,0,0,0,0,2019,March,Tuesday,8:50 AM,60,Cross Road,Straight road,Level,Not Applicable,Sealed,Wet,Raining,Daylight,Right Turn,1,Driver Rider,1: PDO,Stop Sign,,,1335465.09,1672536.89,1.33547E+13
2019-2348-8/07/2020,2 Metropolitan,PARADISE,5075,CC CAMPBELLTOWN.              ,2,0,0,0,0,2019,March,Tuesday,7:59 AM,60,T-Junction,Straight road,Level,Not Applicable,Sealed,Dry,Not Raining,Daylight,Right Turn,2,Driver Rider,1: PDO,No Control,,,1334800.1,1676506.34,1.3348E+13
2019-2349-8/07/2020,2 Metropolitan,TUSMORE,5065,CITY OF BURNSIDE,2,1,0,0,1,2019,March,Friday,12:45 PM,60,Divided Road,Straight road,Level,Not Applicable,Sealed,Dry,Not Raining,Daylight,Side Swipe,1,Driver Rider,2: MI,No Control,,,1332316.15,1669102.8,1.33232E+13
2019-2350-8/07/2020,2 Metropolitan,SOUTH PLYMPTON,5038,CC MARION.                    ,2,1,0,0,1,2019,March,Wednesday,9:00 AM,60,Cross Road,Straight road,Level,Not Applicable,Sealed,Dry,Not Raining,Daylight,Rear End,2,Driver Rider,2: MI,Give Way Sign,,,1324266.3,1665197.56,1.32427E+13
2019-2351-8/07/2020,2 Metropolitan,REGENCY PARK,5010,CITY OF PORT ADELAIDE ENFIELD,2,0,0,0,0,2019,March,Tuesday,10:08 AM,60,Divided Road,Straight road,Level,Not Applicable,Sealed,Dry,Not Raining,Daylight,Side Swipe,1,Driver Rider,1: PDO,No Control,,,1326051.9,1676409.27,1.32605E+13
2019-2352-8/07/2020,2 Metropolitan,INGLE FARM,5098,CITY OF SALISBURY,2,1,0,0,1,2019,March,Tuesday,10:37 AM,70,T-Junction,Straight road,Slope,Not Applicable,Sealed,Wet,Raining,Daylight,Rear End,1,Driver Rider,2: MI,Traffic Signals,,,1332666.48,1681574.09,1.33267E+13
2019-2353-8/07/2020,2 Metropolitan,BLACKWOOD,5051,CC MITCHAM.                   ,2,0,0,0,0,2019,March,Tuesday,8:45 AM,50,Divided Road,Straight road,Level,Not Applicable,Sealed,Wet,Not Raining,Daylight,Rear End,2,Driver Rider,1: PDO,No Control,,,1329639.22,1660195.27,1.32964E+13
2019-2354-8/07/2020,3 Country,WHYALLA PLAYFORD,5600,CC WHYALLA.                   ,2,4,0,0,4,2019,March,Tuesday,10:45 AM,60,Cross Road,Straight road,Level,Not Applicable,Sealed,Dry,Not Raining,Daylight,Right Angle,2,Driver Rider,2: MI,Stop Sign,,,1239647.01,1883600.84,1.23965E+13
2019-2355-8/07/2020,2 Metropolitan,HAWTHORNDENE,5051,CC MITCHAM.                   ,1,1,0,0,1,2019,March,Tuesday,10:00 AM,60,Not Divided,"CURVED, VIEW OPEN",Slope,Not Applicable,Sealed,Wet,Raining,Daylight,Roll Over,1,Driver Rider,2: MI,No Control,,,1329924.93,1659818.45,1.32993E+13
2019-2356-8/07/2020,2 Metropolitan,NORWOOD,5067,"CC OF NORWOOD,PAYNEHAM & ST PETERS",3,0,0,0,0,2019,March,Tuesday,9:15 AM,60,Divided Road,Straight road,Level,Not Applicable,Sealed,Wet,Raining,Daylight,Rear End,1,Driver Rider,1: PDO,No Control,,,1330620.82,1671338.28,1.33062E+13
2019-2357-8/07/2020,3 Country,ANNADALE,5356,MID MURRAY DISTRICT COUNCIL,2,0,0,0,0,2019,March,Friday,2:15 PM,110,Not Divided,Straight road,Level,Not Applicable,Sealed,Dry,Not Raining,Daylight,Other,9,Other,1: PDO,No Control,,,1402351.38,1727416.5,1.40235E+13
2019-2358-8/07/2020,2 Metropolitan,MODBURY,5092,CITY OF TEA TREE GULLY,2,1,0,0,1,2019,March,Tuesday,12:55 PM,60,Divided Road,Straight road,Level,Driveway or Entrance,Sealed,Dry,Not Raining,Daylight,Hit Pedestrian,1,Driver Rider,2: MI,No Control,,,1337037.87,1680631.92,1.33704E+13
2019-2359-8/07/2020,1 City,ADELAIDE,5000,CITY OF ADELAIDE,2,0,0,0,0,2019,March,Monday,4:25 PM,60,Cross Road,Straight road,Level,Not Applicable,Sealed,Dry,Not Raining,Daylight,Rear End,1,Driver Rider,1: PDO,Traffic Signals,,,1327395.61,1669542.05,1.3274E+13
2019-2360-8/07/2020,2 Metropolitan,GOODWOOD,5034,CITY OF UNLEY,2,1,0,0,1,2019,March,Tuesday,1:30 PM,50,Not Divided,Straight road,Level,Not Applicable,Sealed,Dry,Not Raining,Daylight,Rear End,1,Driver Rider,2: MI,No Control,,,1327466.33,1667613.03,1.32747E+13
2019-2361-8/07/2020,2 Metropolitan,ANGLE VALE,5117,CITY OF PLAYFORD.,2,0,0,0,0,2019,March,Tuesday,1:30 PM,80,T-Junction,Straight road,Level,Not Applicable,Sealed,Dry,Not Raining,Daylight,Right Angle,2,Driver Rider,1: PDO,No Control,,,1335361.66,1702314.86,1.33536E+13
2019-2362-8/07/2020,2 Metropolitan,MORPHETT VALE,5162,CITY OF ONKAPARINGA,2,0,0,0,0,2019,March,Tuesday,1:35 PM,60,Cross Road,Straight road,Level,Not Applicable,Sealed,Dry,Not Raining,Daylight,Right Turn,1,Driver Rider,1: PDO,Traffic Signals,,,1320772.94,1649856.29,1.32077E+13
2019-2363-8/07/2020,2 Metropolitan,SEMAPHORE,5019,CITY OF PORT ADELAIDE ENFIELD,2,1,0,0,1,2019,March,Tuesday,2:48 PM,50,Divided Road,Straight road,Level,Not Applicable,Sealed,Dry,Not Raining,Daylight,Right Angle,1,Driver Rider,2: MI,No Control,,,1318273.64,1680629.1,1.31827E+13
2019-2364-8/07/2020,2 Metropolitan,GLYNDE,5070,"CC OF NORWOOD,PAYNEHAM & ST PETERS",3,0,0,0,0,2019,March,Tuesday,1:45 PM,60,Divided Road,Straight road,Level,Not Applicable,Sealed,Dry,Not Raining,Daylight,Rear End,1,Driver Rider,1: PDO,No Control,,,1333533.14,1674413.45,1.33353E+13
2019-2365-8/07/2020,2 Metropolitan,GLENELG NORTH,5045,CITY OF HOLDFAST BAY,2,0,0,0,0,2019,March,Tuesday,2:40 PM,60,Divided Road,Straight road,Level,Driveway or Entrance,Sealed,Dry,Not Raining,Daylight,Hit Pedestrian,1,Driver Rider,1: PDO,No Control,,,1321583.98,1665337.95,1.32158E+13
2019-2366-8/07/2020,2 Metropolitan,EYRE,5121,CITY OF PLAYFORD.,2,1,0,0,1,2019,March,Tuesday,2:59 PM,80,Not Divided,Straight road,Level,Not Applicable,Sealed,Dry,Not Raining,Daylight,Hit Parked Vehicle,1,Driver Rider,2: MI,No Control,,,1334182.22,1697272.73,1.33418E+13
2019-2367-8/07/2020,2 Metropolitan,CAVAN,5094,CITY OF SALISBURY,2,0,0,0,0,2019,March,Tuesday,2:00 PM,70,T-Junction,Straight road,Level,Not Applicable,Sealed,Dry,Not Raining,Daylight,Right Angle,2,Driver Rider,1: PDO,No Control,,,1328919.42,1681623.93,1.32892E+13
2019-2368-8/07/2020,2 Metropolitan,HENLEY BEACH,5022,CITY OF CHARLES STURT,2,0,0,0,0,2019,March,Tuesday,3:15 PM,50,Cross Road,"CURVED, VIEW OPEN",Slope,Not Applicable,Sealed,Dry,Not Raining,Daylight,Right Angle,1,Driver Rider,1: PDO,Roundabout,,,1318718.7,1673021.6,1.31872E+13
2019-2369-8/07/2020,2 Metropolitan,MEDINDIE GARDENS,5081,CITY OF PROSPECT,4,0,0,0,0,2019,March,Tuesday,3:50 PM,60,T-Junction,Straight road,Level,Not Applicable,Sealed,Dry,Not Raining,Daylight,Rear End,1,Driver Rider,1: PDO,No Control,,,1329175.16,1674236.24,1.32918E+13
2019-2370-8/07/2020,2 Metropolitan,BEDFORD PARK,5042,CC MITCHAM.                   ,3,1,0,0,1,2019,March,Tuesday,3:10 PM,40,Not Divided,Straight road,Bottom of Hill,Not Applicable,Sealed,Dry,Not Raining,Daylight,Rear End,1,Driver Rider,2: MI,No Control,,,1325427.76,1659918.46,1.32543E+13
2019-2371-8/07/2020,2 Metropolitan,ENFIELD,5085,CITY OF PORT ADELAIDE ENFIELD,3,1,0,0,1,2019,March,Tuesday,5:30 PM,60,T-Junction,Straight road,Slope,Not Applicable,Sealed,Dry,Not Raining,Daylight,Rear End,1,Driver Rider,2: MI,Traffic Signals,,,1328811.91,1678605.98,1.32881E+13
2019-2372-8/07/2020,2 Metropolitan,SOUTH PLYMPTON,5038,CC MARION.                    ,2,1,0,0,1,2019,March,Tuesday,4:30 PM,50,Cross Road,Straight road,Level,Not Applicable,Sealed,Dry,Not Raining,Daylight,Side Swipe,1,Driver Rider,2: MI,Give Way Sign,,,1324494.22,1664729.63,1.32449E+13
2019-2373-8/07/2020,2 Metropolitan,SALISBURY,5108,CITY OF SALISBURY,3,0,0,0,0,2019,March,Tuesday,6:15 PM,60,T-Junction,Straight road,Slope,Not Applicable,Sealed,Dry,Not Raining,Daylight,Hit Fixed Object,1,Driver Rider,1: PDO,Stop Sign,,,1333598.3,1688752.7,1.3336E+13
2019-2374-8/07/2020,2 Metropolitan,ROSEWATER,5013,CITY OF PORT ADELAIDE ENFIELD,2,1,0,0,1,2019,March,Tuesday,6:00 PM,50,Cross Road,Straight road,Level,Not Applicable,Sealed,Dry,Not Raining,Daylight,Right Angle,1,Driver Rider,2: MI,Stop Sign,,,1322010.15,1678884.87,1.32201E+13
2019-2375-8/07/2020,2 Metropolitan,STIRLING,5152,THE ADELAIDE HILLS COUNCIL,2,0,0,0,0,2019,March,Monday,3:35 PM,90,Interchange,Straight road,Slope,Not Applicable,Sealed,Dry,Not Raining,Daylight,Rear End,2,Driver Rider,1: PDO,No Control,,,1338487.55,1662065.57,1.33849E+13
2019-2376-8/07/2020,2 Metropolitan,GEPPS CROSS,5094,CITY OF PORT ADELAIDE ENFIELD,2,0,0,0,0,2019,March,Tuesday,6:45 PM,60,Cross Road,Straight road,Level,Not Applicable,Sealed,Dry,Not Raining,Daylight,Right Turn,2,Driver Rider,1: PDO,Traffic Signals,,,1327996.81,1679245.21,1.328E+13
2019-2377-8/07/2020,2 Metropolitan,MILE END,5031,CITY OF WEST TORRENS,2,2,0,0,2,2019,March,Tuesday,6:30 PM,60,T-Junction,Straight road,Level,Not Applicable,Sealed,Dry,Not Raining,Daylight,Right Angle,2,Driver Rider,2: MI,Traffic Signals,,,1326279.99,1670246.25,1.32628E+13
2019-2378-8/07/2020,2 Metropolitan,CLOVELLY PARK,5042,CC MARION.                    ,2,1,0,0,1,2019,March,Tuesday,6:25 PM,50,Cross Road,Straight road,Level,Not Applicable,Sealed,Dry,Not Raining,Daylight,Right Angle,2,Driver Rider,2: MI,Give Way Sign,,,1325259.2,1662938.59,1.32526E+13
2019-2379-8/07/2020,3 Country,TARLEE,5411,CLARE AND GILBERT VALLEYS DISTRICT COUNCIL,3,1,0,0,1,2019,March,Tuesday,5:46 PM,100,Cross Road,Straight road,Level,Not Applicable,Sealed,Dry,Not Raining,Daylight,Right Angle,2,Driver Rider,2: MI,Give Way Sign,,,1345816.67,1743046.06,1.34582E+13
2019-2380-8/07/2020,2 Metropolitan,PASADENA,5042,CC MITCHAM.                   ,2,1,0,0,1,2019,March,Tuesday,5:30 PM,60,Divided Road,Straight road,Level,Not Applicable,Sealed,Dry,Not Raining,Daylight,Rear End,2,Driver Rider,2: MI,No Control,,,1327362.22,1662276.87,1.32736E+13
2019-2381-8/07/2020,2 Metropolitan,SOUTH PLYMPTON,5038,CC MARION.                    ,2,0,0,0,0,2019,March,Monday,4:47 PM,60,Cross Road,Straight road,Level,Not Applicable,Sealed,Dry,Not Raining,Daylight,Right Turn,1,Driver Rider,1: PDO,Traffic Signals,,,1324247.23,1666113.9,1.32425E+13
2019-2382-8/07/2020,2 Metropolitan,ABERFOYLE PARK,5159,CITY OF ONKAPARINGA,2,0,0,0,0,2019,March,Monday,6:32 PM,50,T-Junction,Straight road,Level,Not Applicable,Sealed,Dry,Not Raining,Daylight,Right Angle,2,Driver Rider,1: PDO,No Control,,,1327115.1,1654033.97,1.32712E+13
2019-2383-8/07/2020,2 Metropolitan,O'HALLORAN HILL,5158,CITY OF ONKAPARINGA,2,2,0,0,2,2019,March,Monday,7:48 PM,80,T-Junction,Straight road,Level,Not Applicable,Sealed,Dry,Not Raining,Night,Right Angle,2,Driver Rider,2: MI,No Control,,,1323883.94,1655220.56,1.32388E+13
2019-2384-8/07/2020,2 Metropolitan,CHANDLERS HILL,5159,CITY OF ONKAPARINGA,2,2,0,0,2,2019,March,Tuesday,5:40 PM,60,Not Divided,"CURVED, VIEW OPEN",Crest of Hill,Not Applicable,Sealed,Dry,Not Raining,Daylight,Head On,1,Driver Rider,2: MI,No Control,,Y,1329544.38,1653501.49,1.32954E+13
2019-2385-8/07/2020,2 Metropolitan,MUNNO PARA WEST,5115,CITY OF PLAYFORD.,2,0,0,0,0,2019,March,Tuesday,8:55 PM,50,Not Divided,Straight road,Level,Not Applicable,Sealed,Dry,Not Raining,Night,Hit Parked Vehicle,1,Driver Rider,1: PDO,No Control,,,1336159.51,1699258.51,1.33616E+13
2019-2386-8/07/2020,3 Country,BORDERTOWN,5268,DC TATIARA.                   ,2,0,0,0,0,2019,March,Tuesday,8:29 PM,50,Cross Road,Straight road,Level,Not Applicable,Sealed,Dry,Not Raining,Night,Hit Fixed Object,1,Driver Rider,1: PDO,Give Way Sign,,,1517698.27,1508923.06,1.5177E+13
2019-2387-8/07/2020,2 Metropolitan,BELAIR,5052,CC MITCHAM.                   ,2,0,0,0,0,2019,March,Tuesday,10:10 PM,60,Not Divided,"CURVED, VIEW OBSCURED",Slope,Not Applicable,Sealed,Dry,Not Raining,Night,Hit Fixed Object,1,Driver Rider,1: PDO,No Control,,,1330906.38,1662906.42,1.33091E+13
2019-2388-8/07/2020,2 Metropolitan,MCLAREN VALE,5171,CITY OF ONKAPARINGA,2,1,1,0,0,2019,March,Tuesday,9:38 PM,80,Not Divided,Straight road,Slope,Not Applicable,Sealed,Dry,Not Raining,Night,Head On,1,Driver Rider,4: Fatal,No Control,Y,,1319049.06,1641059.46,1.31905E+13
2019-2389-8/07/2020,3 Country,STEWART RANGE,5271,DC NARACOORTE & LUCINDALE.,2,3,2,1,0,2019,March,Tuesday,12:45 PM,110,Not Divided,"CURVED, VIEW OPEN",Level,Not Applicable,Sealed,Dry,Not Raining,Daylight,Head On,1,Driver Rider,4: Fatal,No Control,,,1489973.97,1432209.24,1.48997E+13
2019-2390-8/07/2020,2 Metropolitan,EASTWOOD,5063,CITY OF BURNSIDE,2,0,0,0,0,2019,March,Wednesday,7:30 AM,60,Not Divided,Straight road,Level,Not Applicable,Sealed,Dry,Not Raining,Daylight,Side Swipe,2,Driver Rider,1: PDO,No Control,,,1330682.42,1668925.18,1.33068E+13
2019-2391-8/07/2020,2 Metropolitan,WOODSIDE,5244,THE ADELAIDE HILLS COUNCIL,2,0,0,0,0,2019,March,Tuesday,2:45 PM,10,One Way,Straight road,Level,Not Applicable,Sealed,Dry,Not Raining,Daylight,Hit Parked Vehicle,2,Driver Rider,1: PDO,No Control,,,1353527.78,1666947.62,1.35353E+13
2019-2392-8/07/2020,2 Metropolitan,NORTHFIELD,5085,CITY OF PORT ADELAIDE ENFIELD,3,0,0,0,0,2019,March,Wednesday,7:50 AM,60,Divided Road,Straight road,Level,Not Applicable,Sealed,Dry,Not Raining,Daylight,Rear End,1,Driver Rider,1: PDO,No Control,,,1330484.83,1679298.48,1.33049E+13
2019-2393-8/07/2020,2 Metropolitan,PENNINGTON,5013,CITY OF PORT ADELAIDE ENFIELD,2,0,0,0,0,2019,March,Wednesday,9:00 AM,60,T-Junction,Straight road,Level,Not Applicable,Sealed,Dry,Not Raining,Daylight,Right Angle,2,Driver Rider,1: PDO,No Control,,,1322728.25,1679125.51,1.32273E+13
2019-2394-8/07/2020,2 Metropolitan,PORT NOARLUNGA,5167,CITY OF ONKAPARINGA,3,0,0,0,0,2019,March,Wednesday,8:30 AM,50,Not Divided,Straight road,Slope,Not Applicable,Sealed,Dry,Not Raining,Daylight,Rear End,1,Driver Rider,1: PDO,No Control,,,1316302.79,1646578.84,1.3163E+13
2019-2395-8/07/2020,1 City,ADELAIDE,5000,CITY OF ADELAIDE,2,0,0,0,0,2019,March,Tuesday,5:40 PM,50,Divided Road,Straight road,Level,Not Applicable,Sealed,Dry,Not Raining,Daylight,Right Angle,2,Driver Rider,1: PDO,No Control,,,1329611.8,1669459.58,1.32961E+13
2019-2396-8/07/2020,2 Metropolitan,PARADISE,5075,CC CAMPBELLTOWN.              ,5,2,0,0,2,2019,March,Tuesday,11:55 AM,60,Divided Road,Straight road,Level,Not Applicable,Sealed,Dry,Not Raining,Daylight,Rear End,1,Driver Rider,2: MI,No Control,,,1334909.14,1675913.31,1.33491E+13
2019-2397-8/07/2020,2 Metropolitan,NOARLUNGA CENTRE,5168,CITY OF ONKAPARINGA,2,0,0,0,0,2019,March,Wednesday,8:40 AM,60,Divided Road,Straight road,Level,Not Applicable,Sealed,Dry,Not Raining,Daylight,Hit Fixed Object,1,Driver Rider,1: PDO,No Control,,,1317442.22,1647428.29,1.31744E+13
2019-2398-8/07/2020,2 Metropolitan,MOUNT BARKER,5251,DC MT.BARKER.                 ,2,1,0,0,1,2019,March,Wednesday,10:40 AM,50,Cross Road,Straight road,Level,Not Applicable,Sealed,Dry,Not Raining,Daylight,Right Angle,2,Driver Rider,2: MI,Give Way Sign,,,1351746.6,1654296.95,1.35175E+13
2019-2399-8/07/2020,2 Metropolitan,ELIZABETH SOUTH,5112,CITY OF PLAYFORD.,2,0,0,0,0,2019,March,Tuesday,6:40 PM,60,T-Junction,Straight road,Level,Not Applicable,Sealed,Dry,Not Raining,Daylight,Right Angle,2,Driver Rider,1: PDO,No Control,,,1335215.14,1692411.87,1.33522E+13
2019-2400-8/07/2020,2 Metropolitan,ELIZABETH PARK,5113,CITY OF PLAYFORD.,2,0,0,0,0,2019,March,Wednesday,10:23 AM,60,T-Junction,Straight road,Level,Not Applicable,Sealed,Dry,Not Raining,Daylight,Right Angle,1,Driver Rider,1: PDO,No Control,,,1336669.27,1693673.1,1.33667E+13
2019-2401-8/07/2020,2 Metropolitan,MAWSON LAKES,5095,CITY OF SALISBURY,3,0,0,0,0,2019,March,Wednesday,10:30 AM,50,Cross Road,Straight road,Level,Not Applicable,Sealed,Dry,Not Raining,Daylight,Hit Fixed Object,1,Driver Rider,1: PDO,Give Way Sign,,,1330475.76,1683532.38,1.33048E+13
2019-2402-8/07/2020,2 Metropolitan,SALISBURY EAST,5109,CITY OF SALISBURY,2,1,0,0,1,2019,March,Wednesday,10:14 AM,60,Cross Road,Straight road,Level,Not Applicable,Sealed,Dry,Not Raining,Daylight,Rear End,2,Driver Rider,2: MI,Traffic Signals,,,1334186.16,1684648.09,1.33419E+13
2019-2403-8/07/2020,3 Country,TARLEE,5411,CLARE AND GILBERT VALLEYS DISTRICT COUNCIL,2,0,0,0,0,2019,March,Tuesday,9:30 AM,60,Not Divided,Straight road,Level,Driveway or Entrance,Sealed,Dry,Not Raining,Daylight,Right Angle,2,Driver Rider,1: PDO,No Control,,,1346474.64,1742506.67,1.34648E+13
2019-2404-8/07/2020,3 Country,WILLALOOKA,5267,DC TATIARA.                   ,2,1,0,0,1,2019,March,Wednesday,10:30 AM,110,Not Divided,Straight road,Level,Not Applicable,Sealed,Dry,Not Raining,Daylight,Hit Fixed Object,1,Driver Rider,2: MI,No Control,,Y,1480595,1510960.69,1.4806E+13
2019-2405-8/07/2020,2 Metropolitan,MCLAREN VALE,5171,CITY OF ONKAPARINGA,2,4,0,0,4,2019,March,Wednesday,10:08 AM,50,Cross Road,Straight road,Level,Not Applicable,Sealed,Dry,Not Raining,Daylight,Right Angle,2,Driver Rider,2: MI,Give Way Sign,,,1322296.89,1638305.98,1.3223E+13
2019-2406-8/07/2020,1 City,ADELAIDE,5000,CITY OF ADELAIDE,2,2,0,0,2,2019,March,Wednesday,8:23 AM,50,Divided Road,Straight road,Level,Not Applicable,Sealed,Dry,Not Raining,Daylight,Rear End,2,Driver Rider,2: MI,No Control,,,1327793.52,1670327.81,1.32779E+13
2019-2407-8/07/2020,1 City,NORTH ADELAIDE,5006,CITY OF ADELAIDE,2,0,0,0,0,2019,March,Wednesday,11:45 AM,50,Cross Road,Straight road,Level,Not Applicable,Sealed,Dry,Not Raining,Daylight,Right Angle,2,Driver Rider,1: PDO,Give Way Sign,,,1328150.15,1673023.7,1.32815E+13
2019-2408-8/07/2020,2 Metropolitan,SALISBURY HEIGHTS,5109,CITY OF SALISBURY,2,0,0,0,0,2019,March,Wednesday,5:45 AM,80,Divided Road,Straight road,Level,Not Applicable,Sealed,Dry,Not Raining,Night,Rear End,1,Driver Rider,1: PDO,No Control,,,1335581.96,1688291.82,1.33558E+13
2019-2409-8/07/2020,3 Country,VICTOR HARBOR,5211,DC VICTOR HARBOR.             ,3,1,0,1,0,2019,March,Wednesday,11:49 AM,50,Not Divided,Straight road,Level,Driveway or Entrance,Sealed,Dry,Not Raining,Daylight,Right Angle,1,Driver Rider,3: SI,No Control,,,1328182.84,1600889.61,1.32818E+13
2019-2410-8/07/2020,2 Metropolitan,SEMAPHORE,5019,CITY OF PORT ADELAIDE ENFIELD,2,0,0,0,0,2019,March,Wednesday,1:15 PM,50,Not Divided,Straight road,Level,Not Applicable,Sealed,Dry,Not Raining,Daylight,Side Swipe,2,Driver Rider,1: PDO,No Control,,,1318408.4,1680233.48,1.31841E+13
2019-2411-8/07/2020,2 Metropolitan,MUNNO PARA,5115,CITY OF PLAYFORD.,2,0,0,0,0,2019,March,Wednesday,1:40 PM,50,Cross Road,Straight road,Level,Not Applicable,Sealed,Dry,Not Raining,Daylight,Right Turn,1,Driver Rider,1: PDO,Traffic Signals,,,1336828.02,1698757.52,1.33683E+13
2019-2412-8/07/2020,3 Country,MONARTO,5254,RC MURRAY BRIDGE.             ,2,0,0,0,0,2019,March,Friday,3:00 PM,100,Not Divided,Straight road,Level,Not Applicable,Sealed,Dry,Not Raining,Daylight,Side Swipe,1,Driver Rider,1: PDO,No Control,,,1376185.27,1650169.61,1.37619E+13
2019-2413-8/07/2020,2 Metropolitan,UNLEY,5061,CITY OF UNLEY,2,0,0,0,0,2019,March,Wednesday,2:30 AM,50,Not Divided,Straight road,Level,Not Applicable,Sealed,Dry,Not Raining,Night,Side Swipe,2,Driver Rider,1: PDO,No Control,,,1328907.52,1668211.7,1.32891E+13
2019-2414-8/07/2020,2 Metropolitan,KINGSWOOD,5062,CC MITCHAM.                   ,2,2,0,0,2,2019,March,Wednesday,4:30 PM,50,Cross Road,Straight road,Level,Not Applicable,Sealed,Dry,Not Raining,Daylight,Right Angle,2,Driver Rider,2: MI,Traffic Signals,,,1329756.51,1666260.79,1.32976E+13
2019-2415-8/07/2020,2 Metropolitan,WOODVILLE,5011,CITY OF CHARLES STURT,2,0,0,0,0,2019,March,Wednesday,9:50 AM,25,Divided Road,Straight road,Level,Roadworks,Sealed,Dry,Not Raining,Daylight,Rear End,2,Driver Rider,1: PDO,No Control,,,1323865.29,1676504.96,1.32387E+13
2019-2416-8/07/2020,2 Metropolitan,ROSEWATER,5013,CITY OF PORT ADELAIDE ENFIELD,1,1,0,0,1,2019,March,Wednesday,4:40 PM,50,T-Junction,Straight road,Level,Not Applicable,Sealed,Dry,Not Raining,Daylight,Roll Over,1,Driver Rider,2: MI,No Control,,,1321284.92,1678952.86,1.32129E+13
2019-2417-8/07/2020,2 Metropolitan,PARAFIELD GARDENS,5107,CITY OF SALISBURY,2,1,0,0,1,2019,March,Wednesday,5:20 PM,60,T-Junction,Straight road,Level,Not Applicable,Sealed,Dry,Not Raining,Daylight,Right Turn,2,Driver Rider,2: MI,No Control,,,1330537.2,1685677.36,1.33054E+13
2019-2418-8/07/2020,2 Metropolitan,FULHAM,5024,CITY OF WEST TORRENS,2,0,0,0,0,2019,March,Wednesday,5:15 PM,60,Divided Road,Straight road,Level,Not Applicable,Sealed,Dry,Not Raining,Daylight,Rear End,1,Driver Rider,1: PDO,No Control,,,1320975.04,1670548.39,1.32098E+13
2019-2419-8/07/2020,2 Metropolitan,CLARENDON,5157,CITY OF ONKAPARINGA,1,1,0,0,1,2019,March,Tuesday,9:00 PM,80,T-Junction,"CURVED, VIEW OBSCURED",Level,Not Applicable,Sealed,Dry,Not Raining,Night,Roll Over,1,Driver Rider,2: MI,No Control,,,1331642.61,1648534.78,1.33164E+13
2019-2420-8/07/2020,2 Metropolitan,FINDON,5023,CITY OF CHARLES STURT,2,0,0,0,0,2019,March,Wednesday,5:10 PM,60,T-Junction,Straight road,Level,Not Applicable,Sealed,Dry,Not Raining,Daylight,Right Angle,2,Driver Rider,1: PDO,Give Way Sign,,,1323302.78,1673151.51,1.3233E+13
2019-2421-8/07/2020,2 Metropolitan,MARION,5043,CC MARION.                    ,2,2,0,0,2,2019,March,Wednesday,6:40 PM,60,T-Junction,Straight road,Level,Not Applicable,Sealed,Dry,Not Raining,Daylight,Right Angle,1,Driver Rider,2: MI,No Control,,,1324393.87,1661091.72,1.32439E+13
2019-2422-8/07/2020,3 Country,NAPPERBY,5540,PT.PIRIE CITY & DIST. COUNCIL ,1,0,0,0,0,2019,March,Wednesday,7:45 PM,100,Cross Road,"CURVED, VIEW OPEN",Level,Not Applicable,Sealed,Dry,Not Raining,Night,Roll Over,1,Driver Rider,1: PDO,Stop Sign,,,1285474.81,1866762.6,1.28548E+13
2019-2423-8/07/2020,3 Country,RENMARK WEST,5341,DC RENMARK PARINGA            ,2,0,0,0,0,2019,March,Wednesday,5:45 PM,100,T-Junction,Straight road,Level,Not Applicable,Sealed,Dry,Not Raining,Daylight,Right Angle,2,Driver Rider,1: PDO,No Control,,,1524777.02,1750948.94,1.52478E+13