REPORT_ID,Stats Area,Suburb,Postcode,LGA Name,Total Units,Total Cas,Total Fats,Total SI,Total MI,Year,Month,Day,Time,Area Speed,Position Type,Horizontal Align,Vertical Align,Other Feat,Road Surface,Moisture Cond,Weather Cond,DayNight,Crash Type,Unit Resp,Entity Code,CSEF Severity,Traffic Ctrls,DUI Involved,Drugs Involved,ACCLOC_X,ACCLOC_Y,UNIQUE_LOC
2019-2424-8/07/2020,2 Metropolitan,WATERLOO CORNER,5110,CITY OF PLAYFORD.,2,0,0,0,0,2019,March,Wednesday,10:01 PM,60,Divided Road,Straight road,Crest of Hill,Roadworks,Sealed,Dry,Not Raining,Night,Rear End,2,Driver Rider,1: PDO,No Control,,,1326814.09,1695245.16,1.32681E+13
2019-2425-8/07/2020,2 Metropolitan,BELAIR,5052,CC MITCHAM.                   ,2,0,0,0,0,2019,March,Wednesday,10:13 PM,60,Not Divided,"CURVED, VIEW OPEN",Slope,Not Applicable,Sealed,Dry,Not Raining,Night,Hit Fixed Object,1,Driver Rider,1: PDO,No Control,,,1330482.76,1662931.67,1.33048E+13
2019-2426-8/07/2020,1 City,NORTH ADELAIDE,5006,CITY OF ADELAIDE,2,0,0,0,0,2019,March,Wednesday,11:48 PM,60,Not Divided,"CURVED, VIEW OPEN",Level,Not Applicable,Sealed,Dry,Not Raining,Night,Hit Fixed Object,9,Other,1: PDO,No Control,,,1326996.09,1672966.98,1.327E+13
2019-2427-8/07/2020,2 Metropolitan,MARDEN,5070,"CC OF NORWOOD,PAYNEHAM & ST PETERS",3,2,0,0,2,2019,March,Wednesday,6:30 AM,60,Divided Road,"CURVED, VIEW OPEN",Level,Not Applicable,Sealed,Dry,Not Raining,Night,Hit Fixed Object,9,Other,2: MI,No Control,,,1332342.4,1674243.83,1.33234E+13
2019-2428-8/07/2020,2 Metropolitan,NOARLUNGA DOWNS,5168,CITY OF ONKAPARINGA,2,1,0,0,1,2019,March,Thursday,5:55 AM,60,Cross Road,Straight road,Level,Not Applicable,Sealed,Dry,Not Raining,Night,Right Angle,1,Driver Rider,2: MI,Traffic Signals,,Y,1318544.62,1646725.5,1.31855E+13
2019-2429-8/07/2020,2 Metropolitan,BIRDWOOD,5234,THE ADELAIDE HILLS COUNCIL,3,1,0,0,1,2019,February,Thursday,6:30 PM,100,Not Divided,"CURVED, VIEW OPEN",Slope,Not Applicable,Sealed,Dry,Not Raining,Daylight,Hit Fixed Object,1,Driver Rider,2: MI,No Control,,,1360665.01,1682085.66,1.36067E+13
2019-2430-8/07/2020,1 City,ADELAIDE,5000,CITY OF ADELAIDE,2,0,0,0,0,2019,March,Thursday,7:53 AM,60,T-Junction,Straight road,Level,Not Applicable,Sealed,Dry,Not Raining,Daylight,Right Angle,2,Driver Rider,1: PDO,No Control,,,1329884.53,1670392.01,1.32989E+13
2019-2431-8/07/2020,2 Metropolitan,KURRALTA PARK,5037,CITY OF WEST TORRENS,4,0,0,0,0,2019,March,Thursday,8:05 AM,60,Divided Road,Straight road,Level,Not Applicable,Sealed,Dry,Not Raining,Daylight,Rear End,1,Driver Rider,1: PDO,No Control,,,1325809.53,1668452.02,1.32581E+13
2019-2432-8/07/2020,2 Metropolitan,TOTNESS,5250,DC MT.BARKER.                 ,2,0,0,0,0,2019,March,Wednesday,5:30 PM,60,Not Divided,"CURVED, VIEW OBSCURED",Slope,Not Applicable,Sealed,Dry,Not Raining,Daylight,Head On,1,Driver Rider,1: PDO,No Control,,,1350620.62,1655727.11,1.35062E+13
2019-2433-8/07/2020,2 Metropolitan,WYNN VALE,5127,CITY OF TEA TREE GULLY,2,1,0,0,1,2019,March,Thursday,8:50 AM,70,Divided Road,Straight road,Level,Not Applicable,Sealed,Dry,Not Raining,Daylight,Rear End,2,Driver Rider,2: MI,No Control,,,1335914.68,1683316.19,1.33592E+13
2019-2434-8/07/2020,2 Metropolitan,OTTOWAY,5013,CITY OF PORT ADELAIDE ENFIELD,2,1,0,0,1,2019,March,Thursday,8:56 AM,60,Cross Road,Straight road,Level,Not Applicable,Sealed,Dry,Not Raining,Daylight,Right Angle,2,Driver Rider,2: MI,Give Way Sign,,,1322902.28,1679362.03,1.3229E+13
2019-2435-8/07/2020,3 Country,BERRI,5343,THE BERRI BARMERA COUNCIL,2,0,0,0,0,2019,March,Wednesday,12:00 PM,60,Not Divided,Straight road,Level,Not Applicable,Sealed,Dry,Not Raining,Daylight,Side Swipe,1,Driver Rider,1: PDO,No Control,,,1515995.24,1736429.61,1.516E+13
2019-2436-8/07/2020,2 Metropolitan,HAHNDORF,5245,DC MT.BARKER.                 ,2,1,0,0,1,2019,March,Thursday,9:20 AM,50,T-Junction,Straight road,Level,Not Applicable,Sealed,Dry,Not Raining,Daylight,Right Angle,2,Driver Rider,2: MI,No Control,,,1347932.18,1658403.12,1.34793E+13
2019-2437-8/07/2020,2 Metropolitan,WESTBOURNE PARK,5041,CC MITCHAM.                   ,2,1,0,0,1,2019,March,Wednesday,7:00 PM,60,Not Divided,Straight road,Level,Driveway or Entrance,Unsealed,Dry,Not Raining,Daylight,Rear End,1,Driver Rider,2: MI,No Control,,,1327537.07,1665196.18,1.32754E+13
2019-2438-8/07/2020,2 Metropolitan,MODBURY,5092,CITY OF TEA TREE GULLY,2,1,0,0,1,2019,March,Thursday,9:20 AM,60,Divided Road,Straight road,Level,Not Applicable,Sealed,Dry,Not Raining,Daylight,Rear End,2,Driver Rider,2: MI,No Control,,,1336874.38,1680870.48,1.33687E+13
2019-2439-8/07/2020,3 Country,PORT PIRIE SOUTH,5540,PT.PIRIE CITY & DIST. COUNCIL ,2,1,0,1,0,2019,March,Thursday,8:56 AM,50,Cross Road,Straight road,Level,Not Applicable,Sealed,Dry,Not Raining,Daylight,Right Turn,1,Driver Rider,3: SI,Give Way Sign,,,1280024.85,1863481.62,1.28003E+13
2019-2440-8/07/2020,3 Country,KADINA,5554,COPPER COAST DISTRICT COUNCIL,2,0,0,0,0,2019,March,Thursday,11:00 AM,50,One Way,Straight road,Level,Not Applicable,Sealed,Dry,Not Raining,Daylight,Side Swipe,2,Driver Rider,1: PDO,No Control,,,1250356.16,1779542.17,1.25036E+13
2019-2441-8/07/2020,2 Metropolitan,MUNNO PARA,5115,CITY OF PLAYFORD.,2,0,0,0,0,2019,March,Thursday,11:38 AM,50,Divided Road,Straight road,Level,Median Opening (not at I/S),Sealed,Dry,Not Raining,Daylight,Hit Fixed Object,1,Driver Rider,1: PDO,No Control,,,1336902.36,1698951.27,1.3369E+13
2019-2442-8/07/2020,2 Metropolitan,FINDON,5023,CITY OF CHARLES STURT,2,0,0,0,0,2019,March,Thursday,8:30 AM,60,T-Junction,Straight road,Level,Not Applicable,Sealed,Dry,Not Raining,Daylight,Right Turn,2,Driver Rider,1: PDO,No Control,,,1323495.75,1673151.72,1.3235E+13
2019-2443-8/07/2020,2 Metropolitan,ALDINGA,5173,CITY OF ONKAPARINGA,2,0,0,0,0,2019,March,Thursday,10:30 AM,70,T-Junction,Straight road,Level,Not Applicable,Sealed,Dry,Not Raining,Daylight,Right Angle,1,Driver Rider,1: PDO,Stop Sign,,,1316061.41,1631986.32,1.31606E+13
2019-2444-8/07/2020,2 Metropolitan,STEPNEY,5069,"CC OF NORWOOD,PAYNEHAM & ST PETERS",3,0,0,0,0,2019,March,Thursday,12:30 PM,60,Multiple,Straight road,Level,Not Applicable,Unsealed,Dry,Not Raining,Daylight,Rear End,1,Driver Rider,1: PDO,Traffic Signals,,,1330600.73,1671714.93,1.3306E+13
2019-2445-8/07/2020,2 Metropolitan,ALBERTON,5014,CITY OF PORT ADELAIDE ENFIELD,2,0,0,0,0,2019,March,Thursday,1:15 PM,50,Not Divided,Straight road,Level,Not Applicable,Sealed,Dry,Not Raining,Daylight,Hit Parked Vehicle,1,Driver Rider,1: PDO,No Control,,,1321431.08,1678152.91,1.32143E+13
2019-2446-8/07/2020,2 Metropolitan,KINGSWOOD,5062,CC MITCHAM.                   ,2,1,0,0,1,2019,March,Wednesday,2:15 PM,50,T-Junction,Straight road,Level,Not Applicable,Sealed,Dry,Not Raining,Daylight,Right Angle,2,Driver Rider,2: MI,No Control,,,1329577.2,1665454.83,1.32958E+13
2019-2447-8/07/2020,2 Metropolitan,NORWOOD,5067,"CC OF NORWOOD,PAYNEHAM & ST PETERS",2,1,0,0,1,2019,March,Thursday,1:20 PM,60,Cross Road,"CURVED, VIEW OPEN",Level,Road hump or Slow point,Sealed,Dry,Not Raining,Daylight,Right Angle,1,Driver Rider,2: MI,Roundabout,,,1330623.32,1670361.88,1.33062E+13
2019-2448-8/07/2020,3 Country,KEYNETON,5353,MID MURRAY DISTRICT COUNCIL,2,1,0,1,0,2019,March,Monday,2:00 PM,100,Not Divided,"CURVED, VIEW OBSCURED",Crest of Hill,Not Applicable,Sealed,Dry,Not Raining,Daylight,Hit Fixed Object,1,Driver Rider,3: SI,No Control,,,1384796.9,1709104.8,1.3848E+13
2019-2449-8/07/2020,2 Metropolitan,EDWARDSTOWN,5039,CC MARION.                    ,2,0,0,0,0,2019,March,Thursday,3:50 PM,50,Not Divided,Straight road,Level,Not Applicable,Sealed,Dry,Not Raining,Daylight,Hit Fixed Object,1,Driver Rider,1: PDO,No Control,,,1325119.93,1664008.78,1.32512E+13
2019-2450-8/07/2020,2 Metropolitan,SOMERTON PARK,5044,CITY OF HOLDFAST BAY,5,0,0,0,0,2019,March,Thursday,3:40 PM,60,Divided Road,Straight road,Level,Not Applicable,Sealed,Dry,Not Raining,Daylight,Rear End,1,Driver Rider,1: PDO,No Control,,,1321074.4,1663082.22,1.32107E+13
2019-2451-8/07/2020,2 Metropolitan,MAWSON LAKES,5095,CITY OF SALISBURY,2,0,0,0,0,2019,March,Thursday,4:05 PM,70,Divided Road,Straight road,Slope,"Bridge, Culvert, Causeway",Sealed,Dry,Not Raining,Daylight,Rear End,2,Driver Rider,1: PDO,No Control,,,1330051.05,1684207.1,1.33005E+13
2019-2452-8/07/2020,2 Metropolitan,PARADISE,5075,CC CAMPBELLTOWN.              ,3,0,0,0,0,2019,March,Thursday,4:35 PM,60,T-Junction,Straight road,Level,Not Applicable,Sealed,Dry,Not Raining,Daylight,Rear End,1,Driver Rider,1: PDO,No Control,,,1334876.58,1676386.81,1.33488E+13
2019-2453-8/07/2020,2 Metropolitan,POORAKA,5095,CITY OF SALISBURY,3,0,0,0,0,2019,March,Thursday,4:30 PM,70,Divided Road,Straight road,Level,Not Applicable,Sealed,Dry,Not Raining,Daylight,Rear End,1,Driver Rider,1: PDO,No Control,,,1330438.13,1681828.03,1.33044E+13
2019-2454-8/07/2020,2 Metropolitan,FULHAM GARDENS,5024,CITY OF CHARLES STURT,2,1,0,0,1,2019,March,Thursday,4:04 PM,60,T-Junction,"CURVED, VIEW OPEN",Level,Not Applicable,Sealed,Dry,Not Raining,Daylight,Right Angle,2,Driver Rider,2: MI,No Control,,,1320586.01,1672002.62,1.32059E+13
2019-2455-8/07/2020,2 Metropolitan,BLACKWOOD,5051,CC MITCHAM.                   ,2,3,0,0,3,2019,March,Thursday,5:30 PM,50,Not Divided,"CURVED, VIEW OPEN",Level,Not Applicable,Sealed,Dry,Not Raining,Daylight,Head On,2,Driver Rider,2: MI,No Control,,,1329653.82,1660429.24,1.32965E+13
2019-2456-8/07/2020,2 Metropolitan,SEATON,5023,CITY OF CHARLES STURT,2,0,0,0,0,2019,March,Thursday,6:25 PM,60,Cross Road,Straight road,Level,Not Applicable,Sealed,Dry,Not Raining,Daylight,Hit Fixed Object,1,Driver Rider,1: PDO,Traffic Signals,,,1320713.72,1676060.8,1.32071E+13
2019-2457-8/07/2020,1 City,ADELAIDE,5000,CITY OF ADELAIDE,2,1,0,0,1,2019,March,Thursday,6:40 PM,50,T-Junction,Straight road,Level,Not Applicable,Sealed,Dry,Not Raining,Daylight,Hit Pedestrian,1,Driver Rider,2: MI,No Control,,,1327985.17,1670173.77,1.32799E+13
2019-2458-8/07/2020,2 Metropolitan,PROSPECT,5082,CITY OF PROSPECT,3,0,0,0,0,2019,March,Thursday,3:15 PM,40,Not Divided,Straight road,Level,Not Applicable,Sealed,Dry,Not Raining,Daylight,Hit Fixed Object,1,Driver Rider,1: PDO,No Control,,,1328413.13,1674279.83,1.32841E+13
2019-2459-8/07/2020,2 Metropolitan,ADELAIDE,5000,CITY OF UNLEY,2,1,0,0,1,2019,March,Wednesday,5:27 PM,60,Divided Road,Straight road,Level,Not Applicable,Unsealed,Dry,Not Raining,Daylight,Side Swipe,2,Driver Rider,2: MI,No Control,,,1327813.79,1668945.87,1.32781E+13
2019-2460-8/07/2020,2 Metropolitan,MODBURY HEIGHTS,5092,CITY OF TEA TREE GULLY,1,1,0,0,1,2019,March,Thursday,7:20 PM,70,T-Junction,Straight road,Level,Not Applicable,Sealed,Dry,Not Raining,Daylight,Roll Over,1,Driver Rider,2: MI,No Control,,,1336514.06,1683703.1,1.33651E+13
2019-2461-8/07/2020,2 Metropolitan,STEPNEY,5069,"CC OF NORWOOD,PAYNEHAM & ST PETERS",3,0,0,0,0,2019,March,Thursday,8:42 PM,60,Cross Road,Straight road,Level,Not Applicable,Sealed,Dry,Not Raining,Night,Right Turn,1,Driver Rider,1: PDO,Traffic Signals,,,1331009.51,1671726.41,1.33101E+13
2019-2462-8/07/2020,2 Metropolitan,BURTON,5110,CITY OF SALISBURY,2,0,0,0,0,2019,March,Thursday,8:50 PM,60,T-Junction,Straight road,Level,Not Applicable,Sealed,Dry,Not Raining,Night,Rear End,2,Driver Rider,1: PDO,No Control,,,1329629.78,1691239.6,1.32963E+13
2019-2463-8/07/2020,3 Country,WHYALLA NORRIE,5608,CC WHYALLA.                   ,2,1,0,1,0,2019,March,Thursday,6:35 PM,60,T-Junction,Straight road,Level,Not Applicable,Sealed,Dry,Not Raining,Daylight,Right Angle,1,Driver Rider,3: SI,Give Way Sign,,,1236204.34,1884929.56,1.2362E+13
2019-2464-8/07/2020,2 Metropolitan,NORTH PLYMPTON,5037,CITY OF WEST TORRENS,3,0,0,0,0,2019,March,Friday,5:00 AM,50,Not Divided,Straight road,Level,Not Applicable,Sealed,Dry,Not Raining,Night,Side Swipe,2,Driver Rider,1: PDO,No Control,,,1323280.5,1667231.97,1.32328E+13
2019-2465-8/07/2020,2 Metropolitan,MOUNT BARKER,5251,DC MT.BARKER.                 ,2,1,0,0,1,2019,March,Friday,8:30 AM,50,Cross Road,Straight road,Level,Not Applicable,Sealed,Dry,Not Raining,Daylight,Right Angle,1,Driver Rider,2: MI,Roundabout,,,1351832.64,1654339.89,1.35183E+13
2019-2466-8/07/2020,2 Metropolitan,SHEIDOW PARK,5158,CC MARION.                    ,2,0,0,0,0,2019,March,Friday,8:10 AM,50,Not Divided,Straight road,Slope,Not Applicable,Sealed,Dry,Not Raining,Daylight,Hit Fixed Object,1,Driver Rider,1: PDO,No Control,,,1320526.37,1653509.81,1.32053E+13
2019-2467-8/07/2020,2 Metropolitan,PARALOWIE,5108,CITY OF SALISBURY,2,0,0,0,0,2019,March,Friday,8:10 AM,50,Not Divided,Straight road,Level,Not Applicable,Sealed,Dry,Not Raining,Daylight,Hit Parked Vehicle,1,Driver Rider,1: PDO,No Control,,,1329359,1688309.16,1.32936E+13
2019-2468-8/07/2020,2 Metropolitan,PROSPECT,5082,CITY OF PROSPECT,2,1,0,0,1,2019,March,Thursday,2:45 PM,50,Not Divided,Straight road,Level,Driveway or Entrance,Sealed,Dry,Not Raining,Daylight,Right Angle,2,Driver Rider,2: MI,No Control,,,1327994.41,1675264.15,1.32799E+13
2019-2469-8/07/2020,2 Metropolitan,BEDFORD PARK,5042,CC MARION.                    ,2,0,0,0,0,2019,March,Friday,6:55 AM,50,Freeway,"CURVED, VIEW OPEN",Slope,Roadworks,Sealed,Dry,Not Raining,Night,Side Swipe,1,Driver Rider,1: PDO,No Control,,,1324792.02,1660101.83,1.32479E+13
2019-2470-8/07/2020,2 Metropolitan,DRY CREEK,5094,CITY OF SALISBURY,3,0,0,0,0,2019,March,Friday,9:00 AM,90,Divided Road,Straight road,Level,Not Applicable,Sealed,Dry,Not Raining,Daylight,Rear End,1,Driver Rider,1: PDO,No Control,,,1328027.04,1682504.21,1.32803E+13
2019-2471-8/07/2020,2 Metropolitan,GLEN OSMOND,5064,CITY OF BURNSIDE,2,0,0,0,0,2019,March,Friday,8:05 AM,60,T-Junction,Straight road,Slope,Not Applicable,Sealed,Dry,Not Raining,Daylight,Right Angle,1,Driver Rider,1: PDO,No Control,,,1332373.4,1666888.85,1.33237E+13
2019-2472-8/07/2020,2 Metropolitan,TORRENS PARK,5062,CC MITCHAM.                   ,2,0,0,0,0,2019,March,Friday,8:05 AM,40,Not Divided,Straight road,Level,Not Applicable,Sealed,Dry,Not Raining,Daylight,Hit Parked Vehicle,1,Driver Rider,1: PDO,No Control,,,1329525.99,1664520.91,1.32953E+13
2019-2473-8/07/2020,2 Metropolitan,WALKERVILLE,5081,WALKERVILLE TOWN COUNCIL,2,0,0,0,0,2019,March,Friday,8:20 AM,60,Divided Road,Straight road,Level,Not Applicable,Unsealed,Dry,Not Raining,Daylight,Rear End,2,Driver Rider,1: PDO,No Control,,,1329515.49,1674270.6,1.32952E+13
2019-2474-8/07/2020,2 Metropolitan,FULHAM,5024,CITY OF WEST TORRENS,2,0,0,0,0,2019,March,Friday,9:19 AM,60,Divided Road,Straight road,Slope,Not Applicable,Sealed,Dry,Not Raining,Daylight,Rear End,2,Driver Rider,1: PDO,No Control,,,1320959.96,1670430.31,1.32096E+13
2019-2475-8/07/2020,2 Metropolitan,WATERLOO CORNER,5110,CITY OF PLAYFORD.,2,0,0,0,0,2019,March,Thursday,4:40 PM,80,Not Divided,Straight road,Level,Driveway or Entrance,Sealed,Dry,Not Raining,Daylight,Rear End,1,Driver Rider,1: PDO,No Control,,,1324439.57,1695388.96,1.32444E+13
2019-2476-8/07/2020,2 Metropolitan,UNDERDALE,5032,CITY OF WEST TORRENS,2,0,0,0,0,2019,March,Friday,7:20 AM,50,Not Divided,Straight road,Level,Not Applicable,Sealed,Dry,Not Raining,Daylight,Side Swipe,1,Driver Rider,1: PDO,No Control,,,1324070.13,1671571.71,1.32407E+13
2019-2477-8/07/2020,2 Metropolitan,MOUNT BARKER,5251,DC MT.BARKER.                 ,2,1,0,0,1,2019,March,Friday,8:12 AM,80,T-Junction,"CURVED, VIEW OBSCURED",Slope,Not Applicable,Sealed,Dry,Not Raining,Daylight,Rear End,2,Driver Rider,2: MI,Give Way Sign,,,1349673.94,1651511.9,1.34967E+13
2019-2478-8/07/2020,2 Metropolitan,NOARLUNGA DOWNS,5168,CITY OF ONKAPARINGA,2,0,0,0,0,2019,March,Friday,10:00 AM,80,T-Junction,Straight road,Level,Not Applicable,Sealed,Dry,Not Raining,Daylight,Head On,2,Driver Rider,1: PDO,Traffic Signals,,,1319267.72,1644317.67,1.31927E+13
2019-2479-8/07/2020,3 Country,CLAY WELLS,5280,DC ROBE.                      ,1,2,0,2,0,2019,March,Friday,9:39 AM,110,Not Divided,Straight road,Level,Not Applicable,Sealed,Dry,Not Raining,Daylight,Roll Over,1,Driver Rider,3: SI,No Control,,,1457206.48,1400999.74,1.45721E+13
2019-2480-8/07/2020,2 Metropolitan,LOWER MITCHAM,5062,CC MITCHAM.                   ,2,0,0,0,0,2019,March,Friday,10:05 AM,50,T-Junction,Straight road,Level,Not Applicable,Sealed,Dry,Not Raining,Daylight,Right Angle,1,Driver Rider,1: PDO,No Control,,,1328618.25,1664208.62,1.32862E+13
2019-2481-8/07/2020,2 Metropolitan,ELIZABETH PARK,5113,CITY OF PLAYFORD.,3,0,0,0,0,2019,March,Friday,12:06 PM,80,Cross Road,Straight road,Level,Not Applicable,Sealed,Dry,Not Raining,Daylight,Right Angle,2,Driver Rider,1: PDO,Traffic Signals,,,1335978.95,1693741.6,1.33598E+13
2019-2482-8/07/2020,2 Metropolitan,EDWARDSTOWN,5039,CC MARION.                    ,2,0,0,0,0,2019,March,Friday,11:40 AM,50,T-Junction,Straight road,Level,Not Applicable,Sealed,Dry,Not Raining,Daylight,Hit Fixed Object,1,Driver Rider,1: PDO,No Control,,,1325114.94,1664576.13,1.32512E+13
2019-2483-8/07/2020,2 Metropolitan,PENFIELD GARDENS,5121,CITY OF PLAYFORD.,2,0,0,0,0,2019,March,Thursday,3:00 PM,80,Cross Road,Straight road,Level,Not Applicable,Sealed,Dry,Not Raining,Daylight,Rear End,2,Driver Rider,1: PDO,Stop Sign,,,1328822.38,1697635.36,1.32882E+13
2019-2484-8/07/2020,2 Metropolitan,NOARLUNGA DOWNS,5168,CITY OF ONKAPARINGA,2,1,0,0,1,2019,March,Friday,11:10 AM,60,Cross Road,"CURVED, VIEW OPEN",Level,Not Applicable,Sealed,Dry,Not Raining,Daylight,Right Angle,2,Driver Rider,2: MI,Roundabout,,,1317380.31,1646945.77,1.31738E+13
2019-2485-8/07/2020,2 Metropolitan,FITZROY,5082,CITY OF PROSPECT,2,1,0,0,1,2019,March,Thursday,4:00 PM,60,T-Junction,Straight road,Slope,Not Applicable,Sealed,Dry,Not Raining,Daylight,Rear End,1,Driver Rider,2: MI,Give Way Sign,,,1327702.48,1673657.81,1.3277E+13
2019-2486-8/07/2020,2 Metropolitan,ELIZABETH VALE,5112,CITY OF PLAYFORD.,2,1,0,0,1,2019,February,Sunday,2:30 PM,60,T-Junction,"CURVED, VIEW OPEN",Level,Not Applicable,Sealed,Dry,Not Raining,Daylight,Rear End,2,Driver Rider,2: MI,Traffic Signals,,,1336141.79,1690279.18,1.33614E+13
2019-2487-8/07/2020,2 Metropolitan,GREENACRES,5086,CITY OF PORT ADELAIDE ENFIELD,2,1,0,0,1,2019,March,Friday,2:00 PM,60,T-Junction,Straight road,Level,Not Applicable,Sealed,Dry,Not Raining,Daylight,Right Angle,2,Driver Rider,2: MI,No Control,,,1330430.11,1677200.82,1.33043E+13
2019-2488-8/07/2020,2 Metropolitan,HOVE,5048,CITY OF HOLDFAST BAY,5,1,0,0,1,2019,March,Friday,2:10 PM,60,Divided Road,Straight road,Level,Not Applicable,Sealed,Dry,Not Raining,Daylight,Rear End,1,Driver Rider,2: MI,No Control,,,1321122.29,1661395.23,1.32112E+13
2019-2489-8/07/2020,2 Metropolitan,ST MARYS,5042,CC MITCHAM.                   ,2,0,0,0,0,2019,March,Friday,2:40 PM,70,Divided Road,Straight road,Level,Not Applicable,Sealed,Dry,Not Raining,Daylight,Rear End,1,Driver Rider,1: PDO,No Control,,,1326064.86,1661290.6,1.32607E+13
2019-2490-8/07/2020,2 Metropolitan,GEPPS CROSS,5094,CITY OF PORT ADELAIDE ENFIELD,2,0,0,0,0,2019,March,Monday,12:30 AM,60,Multiple,Straight road,Level,Not Applicable,Sealed,Dry,Not Raining,Night,Side Swipe,1,Driver Rider,1: PDO,Traffic Signals,,,1328802.51,1679265.44,1.3288E+13
2019-2491-8/07/2020,2 Metropolitan,MEDINDIE,5081,WALKERVILLE TOWN COUNCIL,2,1,0,0,1,2019,March,Friday,2:10 PM,60,Cross Road,Straight road,Level,Not Applicable,Sealed,Dry,Not Raining,Daylight,Rear End,2,Driver Rider,2: MI,Traffic Signals,,,1328342.94,1673681.81,1.32834E+13
2019-2492-8/07/2020,2 Metropolitan,WATERFALL GULLY,5066,CITY OF BURNSIDE,3,1,0,1,0,2019,March,Friday,4:24 PM,50,Not Divided,"CURVED, VIEW OBSCURED",Level,Not Applicable,Sealed,Dry,Not Raining,Daylight,Head On,1,Driver Rider,3: SI,No Control,,,1334575.39,1667989.57,1.33458E+13
2019-2493-8/07/2020,2 Metropolitan,WESTBOURNE PARK,5041,CC MITCHAM.                   ,3,1,0,0,1,2019,March,Friday,3:59 PM,60,Divided Road,Straight road,Level,Not Applicable,Sealed,Dry,Not Raining,Daylight,Rear End,1,Driver Rider,2: MI,No Control,,,1327600.66,1666201.8,1.3276E+13
2019-2494-8/07/2020,2 Metropolitan,HENLEY BEACH,5022,CITY OF CHARLES STURT,3,0,0,0,0,2019,March,Friday,3:40 PM,50,Not Divided,"CURVED, VIEW OBSCURED",Level,Not Applicable,Sealed,Dry,Not Raining,Daylight,Hit Parked Vehicle,2,Driver Rider,1: PDO,No Control,,,1318890.53,1672380.54,1.31889E+13
2019-2495-8/07/2020,2 Metropolitan,STIRLING,5152,THE ADELAIDE HILLS COUNCIL,2,0,0,0,0,2019,March,Friday,11:00 AM,60,Ramp Off,Straight road,Level,Not Applicable,Sealed,Dry,Not Raining,Daylight,Rear End,1,Driver Rider,1: PDO,No Control,,,1338696.05,1661856.86,1.3387E+13
2019-2496-8/07/2020,2 Metropolitan,WOODVILLE GARDENS,5012,CITY OF PORT ADELAIDE ENFIELD,2,0,0,0,0,2019,March,Friday,4:10 PM,50,Not Divided,Straight road,Level,Not Applicable,Sealed,Dry,Not Raining,Daylight,Hit Parked Vehicle,1,Driver Rider,1: PDO,No Control,,,1324532.54,1677222.75,1.32453E+13
2019-2497-8/07/2020,2 Metropolitan,GRANGE,5022,CITY OF CHARLES STURT,2,1,0,0,1,2019,March,Friday,3:10 PM,50,Not Divided,Straight road,Level,Not Applicable,Sealed,Dry,Not Raining,Daylight,Hit Parked Vehicle,2,Driver Rider,2: MI,No Control,,Y,1318697.47,1673136.56,1.3187E+13
2019-2498-8/07/2020,2 Metropolitan,WINGFIELD,5013,CITY OF PORT ADELAIDE ENFIELD,5,1,0,0,1,2019,March,Friday,4:50 PM,60,Cross Road,Straight road,Level,Not Applicable,Sealed,Dry,Not Raining,Daylight,Rear End,1,Driver Rider,2: MI,Traffic Signals,,,1325526.71,1679203.7,1.32553E+13
2019-2499-8/07/2020,2 Metropolitan,PROSPECT,5082,CITY OF PROSPECT,2,1,0,0,1,2019,March,Friday,5:00 PM,50,Not Divided,Straight road,Level,Not Applicable,Sealed,Dry,Not Raining,Daylight,Rear End,1,Driver Rider,2: MI,No Control,,,1328063.98,1676169.21,1.32806E+13
2019-2500-8/07/2020,2 Metropolitan,LOCKLEYS,5032,CITY OF WEST TORRENS,2,0,0,0,0,2019,March,Friday,4:49 PM,60,T-Junction,Straight road,Level,Not Applicable,Sealed,Dry,Not Raining,Daylight,Side Swipe,2,Driver Rider,1: PDO,Traffic Signals,,,1321886.95,1669998.56,1.32189E+13
2019-2501-8/07/2020,2 Metropolitan,NORTHFIELD,5085,CITY OF PORT ADELAIDE ENFIELD,2,1,0,0,1,2019,March,Friday,3:40 PM,60,T-Junction,Straight road,Level,Not Applicable,Sealed,Dry,Not Raining,Daylight,Rear End,2,Driver Rider,2: MI,No Control,,,1331317.33,1679293.52,1.33132E+13
2019-2502-8/07/2020,2 Metropolitan,INGLE FARM,5098,CITY OF SALISBURY,4,0,0,0,0,2019,March,Friday,6:01 PM,70,Divided Road,Straight road,Slope,Not Applicable,Sealed,Dry,Not Raining,Daylight,Rear End,1,Driver Rider,1: PDO,No Control,,,1332784.27,1681531.63,1.33278E+13
2019-2503-8/07/2020,1 City,ADELAIDE,5000,CITY OF ADELAIDE,2,1,0,0,1,2019,March,Friday,2:00 PM,50,Cross Road,Straight road,Level,Not Applicable,Sealed,Dry,Not Raining,Daylight,Rear End,2,Driver Rider,2: MI,Traffic Signals,,,1327934.63,1670172.34,1.32794E+13
2019-2504-8/07/2020,1 City,ADELAIDE,5000,CITY OF ADELAIDE,2,0,0,0,0,2019,March,Friday,6:30 PM,50,Cross Road,Straight road,Level,Not Applicable,Sealed,Dry,Not Raining,Daylight,Side Swipe,2,Driver Rider,1: PDO,Traffic Signals,,,1328466.7,1671134.19,1.32847E+13
2019-2505-8/07/2020,2 Metropolitan,GLENELG SOUTH,5045,CITY OF HOLDFAST BAY,2,1,0,0,1,2019,March,Friday,4:00 PM,50,Cross Road,Straight road,Level,Not Applicable,Sealed,Dry,Not Raining,Daylight,Right Angle,1,Driver Rider,2: MI,Roundabout,,,1320822.53,1664014.01,1.32082E+13