REPORT_ID,Stats Area,Suburb,Postcode,LGA Name,Total Units,Total Cas,Total Fats,Total SI,Total MI,Year,Month,Day,Time,Area Speed,Position Type,Horizontal Align,Vertical Align,Other Feat,Road Surface,Moisture Cond,Weather Cond,DayNight,Crash Type,Unit Resp,Entity Code,CSEF Severity,Traffic Ctrls,DUI Involved,Drugs Involved,ACCLOC_X,ACCLOC_Y,UNIQUE_LOC
2019-2749-8/07/2020,2 Metropolitan,PARAFIELD,5106,CITY OF SALISBURY,2,1,0,0,1,2019,March,Thursday,7:38 PM,80,Cross Road,Straight road,Level,Not Applicable,Sealed,Dry,Not Raining,Night,Right Angle,1,Driver Rider,2: MI,Traffic Signals,,,1331791.2,1683497.51,1.33179E+13
2019-2750-8/07/2020,2 Metropolitan,O'HALLORAN HILL,5158,CITY OF ONKAPARINGA,3,1,0,0,1,2019,March,Thursday,7:30 PM,80,Divided Road,Straight road,Level,Not Applicable,Sealed,Dry,Not Raining,Night,Hit Fixed Object,1,Driver Rider,2: MI,No Control,,,1323644.67,1654512.31,1.32365E+13
2019-2751-8/07/2020,2 Metropolitan,PARALOWIE,5108,CITY OF SALISBURY,2,0,0,0,0,2019,March,Thursday,8:00 PM,50,Not Divided,Straight road,Level,Driveway or Entrance,Sealed,Dry,Not Raining,Night,Right Angle,1,Driver Rider,1: PDO,No Control,,,1328902.14,1689784.89,1.3289E+13
2019-2752-8/07/2020,2 Metropolitan,SALISBURY,5108,CITY OF SALISBURY,2,0,0,0,0,2019,March,Thursday,8:50 PM,60,Cross Road,Straight road,Level,Not Applicable,Sealed,Dry,Not Raining,Night,Right Angle,2,Driver Rider,1: PDO,Give Way Sign,,,1333282.49,1688340.23,1.33328E+13
2019-2753-8/07/2020,2 Metropolitan,NORTH PLYMPTON,5037,CITY OF WEST TORRENS,2,2,0,0,2,2019,March,Thursday,5:27 PM,50,Cross Road,Straight road,Level,Not Applicable,Sealed,Dry,Not Raining,Daylight,Right Angle,2,Driver Rider,2: MI,Give Way Sign,,,1324002.13,1667296.28,1.324E+13
2019-2754-8/07/2020,2 Metropolitan,MORPHETT VALE,5162,CITY OF ONKAPARINGA,2,1,0,1,0,2019,March,Thursday,9:50 PM,60,Cross Road,Straight road,Level,Not Applicable,Sealed,Dry,Not Raining,Night,Right Angle,1,Driver Rider,3: SI,Traffic Signals,,,1320772.94,1649856.29,1.32077E+13
2019-2755-8/07/2020,2 Metropolitan,SALISBURY DOWNS,5108,CITY OF SALISBURY,2,0,0,0,0,2019,March,Thursday,10:28 PM,50,T-Junction,"CURVED, VIEW OPEN",Level,Not Applicable,Sealed,Dry,Not Raining,Night,Hit Fixed Object,1,Driver Rider,1: PDO,No Control,,,1331421.81,1687231.05,1.33142E+13
2019-2756-8/07/2020,2 Metropolitan,SALISBURY PARK,5109,CITY OF SALISBURY,3,0,0,0,0,2019,March,Thursday,11:00 PM,80,Divided Road,Straight road,Level,Not Applicable,Sealed,Dry,Not Raining,Night,Hit Fixed Object,1,Driver Rider,1: PDO,No Control,,,1335721.84,1688508.14,1.33572E+13
2019-2757-8/07/2020,2 Metropolitan,NORTHGATE,5085,CITY OF PORT ADELAIDE ENFIELD,2,0,0,0,0,2019,March,Friday,8:29 AM,50,Not Divided,Straight road,Level,Not Applicable,Sealed,Dry,Not Raining,Daylight,Hit Parked Vehicle,1,Driver Rider,1: PDO,No Control,,,1331872.42,1678799.39,1.33187E+13
2019-2758-8/07/2020,2 Metropolitan,ADELAIDE AIRPORT,5950,CITY OF WEST TORRENS,3,1,0,0,1,2019,March,Friday,8:44 AM,50,Not Divided,Straight road,Level,Driveway or Entrance,Sealed,Dry,Not Raining,Daylight,Right Angle,1,Driver Rider,2: MI,No Control,,,1320978.14,1668694.38,1.32098E+13
2019-2759-8/07/2020,2 Metropolitan,CHRISTIES BEACH,5165,CITY OF ONKAPARINGA,2,1,0,0,1,2019,March,Friday,8:50 AM,60,Divided Road,Straight road,Level,Not Applicable,Sealed,Dry,Not Raining,Daylight,Hit Pedestrian,2,Pedestrian,2: MI,No Control,,,1317085.75,1647422.25,1.31709E+13
2019-2760-8/07/2020,3 Country,LOWER LIGHT,5501,DC MALLALA.                   ,3,0,0,0,0,2019,March,Friday,5:55 AM,110,Divided Road,Straight road,Level,Not Applicable,Sealed,Dry,Not Raining,Night,Hit Fixed Object,1,Driver Rider,1: PDO,No Control,,,1314934.38,1714932.6,1.31493E+13
2019-2761-8/07/2020,2 Metropolitan,ETHELTON,5015,CITY OF PORT ADELAIDE ENFIELD,3,0,0,0,0,2019,March,Friday,9:30 AM,60,Not Divided,Straight road,Level,Not Applicable,Sealed,Dry,Not Raining,Daylight,Other,1,Driver Rider,1: PDO,No Control,,,1319162.1,1679621.7,1.31916E+13
2019-2762-8/07/2020,3 Country,BERRI,5343,THE BERRI BARMERA COUNCIL,2,1,0,0,1,2019,March,Friday,11:30 AM,50,Not Divided,Straight road,Level,Driveway or Entrance,Sealed,Dry,Not Raining,Daylight,Right Angle,2,Driver Rider,2: MI,No Control,,,1515364.98,1734379.6,1.51537E+13
2019-2763-8/07/2020,2 Metropolitan,PARA HILLS WEST,5096,CITY OF SALISBURY,2,0,0,0,0,2019,March,Friday,11:15 AM,60,Cross Road,Straight road,Level,Not Applicable,Sealed,Dry,Not Raining,Daylight,Rear End,2,Driver Rider,1: PDO,Traffic Signals,,,1333442.68,1683696.42,1.33344E+13
2019-2764-8/07/2020,2 Metropolitan,EDWARDSTOWN,5039,CC MARION.                    ,2,0,0,0,0,2019,March,Friday,12:00 PM,60,Divided Road,Straight road,Level,Not Applicable,Sealed,Dry,Not Raining,Daylight,Rear End,2,Driver Rider,1: PDO,No Control,,,1325886.23,1665719.38,1.32589E+13
2019-2765-8/07/2020,3 Country,COONALPYN,5265,COORONG DISTRICT COUNCIL,2,0,0,0,0,2019,March,Thursday,3:20 PM,110,Not Divided,Straight road,Level,Not Applicable,Sealed,Dry,Not Raining,Daylight,Rear End,2,Driver Rider,1: PDO,No Control,,,1441718.86,1576891.85,1.44172E+13
2019-2766-8/07/2020,2 Metropolitan,VALLEY VIEW,5093,CITY OF TEA TREE GULLY,2,1,0,0,1,2019,March,Friday,12:35 PM,60,Cross Road,Straight road,Level,Not Applicable,Sealed,Dry,Not Raining,Daylight,Right Angle,2,Driver Rider,2: MI,Roundabout,,,1335704.92,1680585.16,1.33571E+13
2019-2767-8/07/2020,2 Metropolitan,GEPPS CROSS,5094,CITY OF PORT ADELAIDE ENFIELD,2,0,0,0,0,2019,March,Friday,10:30 AM,60,Multiple,Straight road,Level,Not Applicable,Sealed,Dry,Not Raining,Daylight,Right Turn,1,Driver Rider,1: PDO,Traffic Signals,,,1328802.51,1679265.44,1.3288E+13
2019-2768-8/07/2020,2 Metropolitan,PARADISE,5075,CC CAMPBELLTOWN.              ,2,3,0,0,3,2019,March,Friday,11:40 AM,60,Cross Road,Straight road,Level,Not Applicable,Sealed,Dry,Not Raining,Daylight,Rear End,2,Driver Rider,2: MI,Roundabout,,,1336323.37,1676657.04,1.33632E+13
2019-2769-8/07/2020,2 Metropolitan,MAWSON LAKES,5095,CITY OF SALISBURY,2,1,0,0,1,2019,March,Friday,1:20 PM,50,Cross Road,Straight road,Level,Not Applicable,Sealed,Dry,Not Raining,Daylight,Right Angle,2,Driver Rider,2: MI,Traffic Signals,,,1330496.17,1683915.05,1.3305E+13
2019-2770-8/07/2020,2 Metropolitan,HAPPY VALLEY,5159,CITY OF ONKAPARINGA,2,0,0,0,0,2019,March,Friday,6:15 AM,50,Not Divided,Straight road,Level,Not Applicable,Sealed,Dry,Not Raining,Night,Hit Parked Vehicle,2,Driver Rider,1: PDO,No Control,,,1324476.28,1652382.53,1.32448E+13
2019-2771-8/07/2020,3 Country,MURRAY BRIDGE,5253,RC MURRAY BRIDGE.             ,2,0,0,0,0,2019,March,Thursday,10:40 AM,50,Not Divided,Straight road,Level,Driveway or Entrance,Sealed,Dry,Not Raining,Daylight,Right Angle,1,Driver Rider,1: PDO,No Control,,,1389649.17,1645056.24,1.38965E+13
2019-2772-8/07/2020,2 Metropolitan,VIRGINIA,5120,CITY OF PLAYFORD.,1,1,0,0,1,2019,March,Saturday,10:00 AM,80,Not Divided,Straight road,Level,Not Applicable,Sealed,Dry,Not Raining,Daylight,Roll Over,1,Driver Rider,2: MI,No Control,,,1327598.55,1698323.28,1.3276E+13
2019-2773-8/07/2020,2 Metropolitan,HAPPY VALLEY,5159,CITY OF ONKAPARINGA,3,1,0,0,1,2019,March,Friday,2:15 PM,60,Cross Road,Straight road,Level,Not Applicable,Sealed,Dry,Not Raining,Daylight,Rear End,1,Driver Rider,2: MI,Roundabout,,,1326293.21,1653218.42,1.32629E+13
2019-2774-8/07/2020,2 Metropolitan,CAVAN,5094,CITY OF SALISBURY,2,0,0,0,0,2019,March,Friday,11:51 AM,70,T-Junction,Straight road,Level,Not Applicable,Sealed,Dry,Not Raining,Daylight,Right Angle,2,Driver Rider,1: PDO,No Control,,,1328919.42,1681623.93,1.32892E+13
2019-2775-8/07/2020,2 Metropolitan,WINDSOR GARDENS,5087,CITY OF PORT ADELAIDE ENFIELD,2,0,0,0,0,2019,March,Friday,11:43 AM,60,Divided Road,"CURVED, VIEW OPEN",Level,Not Applicable,Sealed,Dry,Not Raining,Daylight,Side Swipe,1,Driver Rider,1: PDO,No Control,,,1334344.7,1677554.44,1.33435E+13
2019-2776-8/07/2020,2 Metropolitan,EDINBURGH NORTH,5113,CITY OF PLAYFORD.,3,0,0,0,0,2019,March,Friday,3:45 PM,60,Not Divided,Straight road,Level,Driveway or Entrance,Sealed,Dry,Not Raining,Daylight,Rear End,2,Driver Rider,1: PDO,No Control,,,1334665.57,1694348.9,1.33467E+13
2019-2777-8/07/2020,2 Metropolitan,HUNTFIELD HEIGHTS,5163,CITY OF ONKAPARINGA,3,0,0,0,0,2019,March,Friday,4:05 PM,60,Divided Road,Straight road,Slope,Not Applicable,Sealed,Dry,Not Raining,Daylight,Rear End,2,Driver Rider,1: PDO,No Control,,,1320882.02,1646395.86,1.32088E+13
2019-2778-8/07/2020,2 Metropolitan,MODBURY NORTH,5092,CITY OF TEA TREE GULLY,3,0,0,0,0,2019,March,Friday,5:10 PM,60,Cross Road,Straight road,Slope,Not Applicable,Sealed,Dry,Not Raining,Daylight,Rear End,1,Driver Rider,1: PDO,Traffic Signals,,,1336150.87,1681195.09,1.33615E+13
2019-2779-8/07/2020,3 Country,LOWER LIGHT,5501,DC MALLALA.                   ,3,3,1,1,1,2019,March,Friday,3:15 PM,110,Divided Road,Straight road,Level,Not Applicable,Sealed,Dry,Not Raining,Daylight,Hit Parked Vehicle,1,Driver Rider,4: Fatal,No Control,,,1313310.39,1716640.46,1.31331E+13
2019-2780-8/07/2020,2 Metropolitan,LONSDALE,5160,CITY OF ONKAPARINGA,2,0,0,0,0,2019,March,Friday,4:45 PM,50,T-Junction,Straight road,Level,Not Applicable,Sealed,Dry,Not Raining,Daylight,Right Angle,1,Driver Rider,1: PDO,No Control,,,1319380.53,1650211.51,1.31938E+13
2019-2781-8/07/2020,2 Metropolitan,ST MARYS,5042,CC MITCHAM.                   ,2,0,0,0,0,2019,March,Friday,4:45 PM,60,Divided Road,Straight road,Level,Not Applicable,Sealed,Dry,Not Raining,Daylight,Rear End,2,Driver Rider,1: PDO,No Control,,,1325980.44,1662726.71,1.32598E+13
2019-2782-8/07/2020,2 Metropolitan,GEPPS CROSS,5094,CITY OF PORT ADELAIDE ENFIELD,2,0,0,0,0,2019,March,Friday,4:30 PM,60,Multiple,Straight road,Level,Not Applicable,Sealed,Dry,Not Raining,Daylight,Right Angle,2,Driver Rider,1: PDO,Traffic Signals,,,1328810.92,1679280.6,1.32881E+13
2019-2783-8/07/2020,2 Metropolitan,TORRENSVILLE,5031,CITY OF WEST TORRENS,2,0,0,0,0,2019,March,Friday,2:15 PM,50,Cross Road,Straight road,Level,Not Applicable,Sealed,Dry,Not Raining,Daylight,Side Swipe,1,Driver Rider,1: PDO,Give Way Sign,,,1324746.26,1671390.05,1.32475E+13
2019-2784-8/07/2020,2 Metropolitan,ENFIELD,5085,CITY OF PORT ADELAIDE ENFIELD,2,1,0,0,1,2019,March,Friday,6:15 PM,60,T-Junction,Straight road,Slope,Not Applicable,Sealed,Dry,Not Raining,Daylight,Rear End,2,Driver Rider,2: MI,Traffic Signals,,,1328821.62,1678606.27,1.32882E+13
2019-2785-8/07/2020,1 City,ADELAIDE,5000,CITY OF ADELAIDE,2,1,0,0,1,2019,March,Friday,12:30 PM,50,One Way,Straight road,Level,Driveway or Entrance,Sealed,Dry,Not Raining,Daylight,Hit Pedestrian,2,Driver Rider,2: MI,No Control,,,1328525.84,1671103.63,1.32853E+13
2019-2786-8/07/2020,2 Metropolitan,NORWOOD,5067,"CC OF NORWOOD,PAYNEHAM & ST PETERS",2,0,0,0,0,2019,March,Friday,5:50 PM,60,Divided Road,Straight road,Level,Driveway or Entrance,Sealed,Dry,Not Raining,Daylight,Right Angle,2,Driver Rider,1: PDO,No Control,,,1332240.65,1671581.2,1.33224E+13
2019-2787-8/07/2020,3 Country,WILLIAMSTOWN,5351,THE BAROSSA COUNCIL.,1,0,0,0,0,2019,March,Friday,11:42 AM,100,Not Divided,"CURVED, VIEW OBSCURED",Slope,Not Applicable,Sealed,Dry,Not Raining,Daylight,Left Road - Out of Control,1,Driver Rider,1: PDO,No Control,,,1360465.36,1697489.5,1.36047E+13
2019-2788-8/07/2020,2 Metropolitan,MYRTLE BANK,5064,CITY OF UNLEY,4,2,0,0,2,2019,March,Friday,8:00 PM,60,Divided Road,Straight road,Slope,Not Applicable,Sealed,Dry,Not Raining,Night,Rear End,1,Driver Rider,2: MI,No Control,,,1332322.66,1666443.41,1.33232E+13
2019-2789-8/07/2020,3 Country,MOUNT GAMBIER,5290,CC MT.GAMBIER.                ,2,2,0,0,2,2019,March,Friday,7:39 PM,50,Not Divided,Straight road,Level,Not Applicable,Sealed,Dry,Not Raining,Night,Hit Fixed Object,1,Driver Rider,2: MI,No Control,,Y,1509261.65,1341052.88,1.50926E+13
2019-2790-8/07/2020,3 Country,ARTHURTON,5572,YORKE PENINSULA COUNCIL,2,0,0,0,0,2019,March,Friday,7:30 PM,100,Not Divided,"CURVED, VIEW OPEN",Slope,Not Applicable,Unsealed,Dry,Not Raining,Night,Hit Fixed Object,1,Driver Rider,1: PDO,No Control,,,1256200.44,1747297.5,1.2562E+13
2019-2791-8/07/2020,1 City,ADELAIDE,5000,CITY OF ADELAIDE,2,0,0,0,0,2019,March,Friday,5:30 PM,50,Not Divided,Straight road,Level,Not Applicable,Sealed,Dry,Not Raining,Daylight,Hit Parked Vehicle,2,Driver Rider,1: PDO,No Control,,,1328201.02,1670663.17,1.3282E+13
2019-2792-8/07/2020,2 Metropolitan,SALISBURY DOWNS,5108,CITY OF SALISBURY,2,3,0,3,0,2019,March,Friday,11:35 PM,60,Not Divided,Straight road,Level,Not Applicable,Sealed,Dry,Not Raining,Night,Hit Fixed Object,1,Driver Rider,3: SI,No Control,Y,,1330072.38,1687906.92,1.33007E+13
2019-2793-8/07/2020,3 Country,MURRAY BRIDGE,5253,RC MURRAY BRIDGE.             ,2,1,0,0,1,2019,March,Saturday,1:32 AM,50,Divided Road,Straight road,Level,Not Applicable,Sealed,Dry,Not Raining,Night,Hit Pedestrian,2,Pedestrian,2: MI,No Control,,,1389419.06,1647138.65,1.38942E+13
2019-2794-8/07/2020,2 Metropolitan,SEATON,5023,CITY OF CHARLES STURT,2,0,0,0,0,2019,March,Saturday,8:18 AM,50,Not Divided,Straight road,Level,Not Applicable,Sealed,Dry,Not Raining,Daylight,Hit Parked Vehicle,1,Driver Rider,1: PDO,No Control,,,1320644.21,1675255.81,1.32064E+13
2019-2795-8/07/2020,2 Metropolitan,GLENELG NORTH,5045,CITY OF HOLDFAST BAY,2,0,0,0,0,2019,March,Friday,11:15 AM,60,Divided Road,"CURVED, VIEW OPEN",Level,Not Applicable,Sealed,Dry,Not Raining,Daylight,Side Swipe,2,Driver Rider,1: PDO,No Control,,,1320780.32,1665775.72,1.32078E+13
2019-2796-8/07/2020,2 Metropolitan,SEACLIFF PARK,5049,CITY OF HOLDFAST BAY,2,0,0,0,0,2019,March,Friday,7:20 PM,60,Cross Road,Straight road,Bottom of Hill,Not Applicable,Sealed,Dry,Not Raining,Daylight,Right Angle,1,Driver Rider,1: PDO,Give Way Sign,,,1321189.23,1659188.32,1.32119E+13
2019-2797-8/07/2020,2 Metropolitan,ELIZABETH,5112,CITY OF PLAYFORD.,2,0,0,0,0,2019,March,Saturday,10:20 AM,50,Cross Road,Straight road,Slope,Not Applicable,Sealed,Dry,Not Raining,Daylight,Right Angle,2,Driver Rider,1: PDO,Give Way Sign,,,1335340.81,1693637.97,1.33534E+13
2019-2798-8/07/2020,2 Metropolitan,TORRENSVILLE,5031,CITY OF WEST TORRENS,2,0,0,0,0,2019,March,Saturday,8:10 AM,50,Not Divided,Straight road,Level,Not Applicable,Sealed,Dry,Not Raining,Daylight,Side Swipe,1,Driver Rider,1: PDO,No Control,,,1325217.32,1670976.61,1.32522E+13
2019-2799-8/07/2020,2 Metropolitan,PARAFIELD,5106,CITY OF SALISBURY,2,0,0,0,0,2019,March,Saturday,10:40 AM,80,Divided Road,Straight road,Level,Not Applicable,Sealed,Dry,Not Raining,Daylight,Rear End,1,Driver Rider,1: PDO,No Control,,,1331865.02,1683555.16,1.33187E+13
2019-2800-8/07/2020,2 Metropolitan,GEPPS CROSS,5094,CITY OF PORT ADELAIDE ENFIELD,2,0,0,0,0,2019,March,Friday,11:00 AM,60,Multiple,Straight road,Level,Not Applicable,Sealed,Dry,Not Raining,Daylight,Rear End,1,Driver Rider,1: PDO,Traffic Signals,,,1328797.53,1679280.27,1.3288E+13
2019-2801-8/07/2020,3 Country,PORT PIRIE SOUTH,5540,PT.PIRIE CITY & DIST. COUNCIL ,1,0,0,0,0,2019,March,Saturday,11:43 AM,50,Cross Road,Straight road,Level,Not Applicable,Sealed,Dry,Not Raining,Daylight,Left Road - Out of Control,1,Driver Rider,1: PDO,Roundabout,,,1280050.26,1864423.69,1.28005E+13
2019-2802-8/07/2020,2 Metropolitan,MAWSON LAKES,5095,CITY OF SALISBURY,1,1,0,0,1,2019,March,Saturday,10:10 AM,70,Cross Road,"CURVED, VIEW OPEN",Level,Not Applicable,Sealed,Dry,Not Raining,Daylight,Roll Over,1,Driver Rider,2: MI,Traffic Signals,,,1329566.06,1684422.81,1.32957E+13
2019-2803-8/07/2020,2 Metropolitan,SHEA-OAK LOG,5371,LIGHT REGIONAL COUNCIL,1,1,1,0,0,2019,March,Saturday,9:45 AM,110,Divided Road,Straight road,Slope,Not Applicable,Sealed,Dry,Not Raining,Daylight,Roll Over,1,Driver Rider,4: Fatal,No Control,,,1347406.07,1713603.64,1.34741E+13
2019-2804-8/07/2020,3 Country,NURIOOTPA,5355,LIGHT REGIONAL COUNCIL,2,3,0,2,1,2019,March,Saturday,12:20 PM,110,Not Divided,Straight road,Level,Not Applicable,Sealed,Dry,Not Raining,Daylight,Roll Over,1,Passenger,3: SI,No Control,,,1362423.84,1720598.74,1.36242E+13
2019-2805-8/07/2020,3 Country,PORT LINCOLN,5606,CC PT.LINCOLN.                ,2,0,0,0,0,2019,March,Saturday,1:25 PM,50,Cross Road,Straight road,Level,Not Applicable,Sealed,Dry,Not Raining,Daylight,Right Angle,2,Driver Rider,1: PDO,Give Way Sign,,,1079690.22,1697288.01,1.07969E+13
2019-2806-8/07/2020,3 Country,MONASH,5342,THE BERRI BARMERA COUNCIL,2,1,0,0,1,2019,March,Saturday,11:35 AM,110,Not Divided,Straight road,Level,Not Applicable,Sealed,Dry,Not Raining,Daylight,Rear End,2,Driver Rider,2: MI,No Control,,,1508797.37,1739569.5,1.5088E+13
2019-2807-8/07/2020,2 Metropolitan,ANDREWS FARM,5114,CITY OF PLAYFORD.,3,0,0,0,0,2019,March,Saturday,2:58 PM,60,Cross Road,Straight road,Level,Not Applicable,Sealed,Dry,Not Raining,Daylight,Right Angle,1,Driver Rider,1: PDO,Roundabout,,,1335230.05,1697164.39,1.33523E+13
2019-2808-8/07/2020,2 Metropolitan,ROYAL PARK,5014,CITY OF CHARLES STURT,2,0,0,0,0,2019,March,Saturday,4:30 PM,60,Cross Road,Straight road,Level,Not Applicable,Sealed,Dry,Not Raining,Daylight,Right Angle,1,Driver Rider,1: PDO,Give Way Sign,,,1320254.31,1677974.11,1.32025E+13
2019-2809-8/07/2020,2 Metropolitan,PARAFIELD GARDENS,5107,CITY OF SALISBURY,2,2,0,0,2,2019,March,Saturday,4:44 PM,60,T-Junction,Straight road,Level,Not Applicable,Sealed,Dry,Not Raining,Daylight,Right Angle,1,Driver Rider,2: MI,No Control,,,1329546.3,1687143.89,1.32955E+13
2019-2810-8/07/2020,1 City,NORTH ADELAIDE,5006,CITY OF ADELAIDE,2,0,0,0,0,2019,March,Saturday,5:00 PM,50,Cross Road,Straight road,Level,Not Applicable,Sealed,Dry,Not Raining,Daylight,Hit Fixed Object,1,Driver Rider,1: PDO,Roundabout,,,1328517.87,1673273.48,1.32852E+13
2019-2811-8/07/2020,2 Metropolitan,STURT,5047,CC MARION.                    ,2,0,0,0,0,2019,March,Saturday,2:16 PM,60,Cross Road,Straight road,Slope,Not Applicable,Sealed,Dry,Not Raining,Daylight,Rear End,2,Driver Rider,1: PDO,Traffic Signals,,,1324403.19,1660679.72,1.3244E+13
2019-2812-8/07/2020,2 Metropolitan,OVINGHAM,5082,CITY OF CHARLES STURT,2,0,0,0,0,2019,March,Saturday,6:16 AM,60,Cross Road,Straight road,Level,Not Applicable,Sealed,Dry,Not Raining,Night,Right Turn,2,Driver Rider,1: PDO,Traffic Signals,,,1327121.41,1673280.8,1.32712E+13
2019-2813-8/07/2020,3 Country,WHYALLA STUART,5608,CC WHYALLA.                   ,1,0,0,0,0,2019,March,Saturday,7:00 PM,60,Cross Road,Straight road,Level,Not Applicable,Sealed,Wet,Raining,Daylight,Left Road - Out of Control,1,Driver Rider,1: PDO,Roundabout,,,1235839.89,1884820.77,1.23584E+13
2019-2814-8/07/2020,2 Metropolitan,ROYAL PARK,5014,CITY OF CHARLES STURT,2,1,0,0,1,2019,March,Saturday,9:18 PM,60,Cross Road,Straight road,Level,Not Applicable,Sealed,Dry,Not Raining,Night,Right Turn,2,Driver Rider,2: MI,Traffic Signals,,,1320681.7,1677608.59,1.32068E+13
2019-2815-8/07/2020,2 Metropolitan,GAWLER EAST,5118,CT GAWLER.                    ,2,0,0,0,0,2019,March,Saturday,10:33 PM,50,Not Divided,Straight road,Slope,Not Applicable,Sealed,Dry,Not Raining,Night,Hit Parked Vehicle,1,Driver Rider,1: PDO,No Control,Y,,1344589.42,1706805.77,1.34459E+13
2019-2816-8/07/2020,2 Metropolitan,GLENELG,5045,CITY OF HOLDFAST BAY,2,1,0,0,1,2019,March,Sunday,12:30 AM,40,Cross Road,Straight road,Level,Not Applicable,Sealed,Dry,Not Raining,Night,Hit Pedestrian,2,Pedestrian,2: MI,Stop Sign,Y,,1320375.75,1664881.97,1.32038E+13
2019-2817-8/07/2020,2 Metropolitan,BRIGHTON,5048,CITY OF HOLDFAST BAY,2,0,0,0,0,2019,March,Saturday,11:45 PM,60,Divided Road,Straight road,Level,Not Applicable,Sealed,Dry,Not Raining,Night,Hit Fixed Object,1,Driver Rider,1: PDO,No Control,Y,,1321139.48,1660844.77,1.32114E+13
2019-2818-8/07/2020,2 Metropolitan,NOARLUNGA DOWNS,5168,CITY OF ONKAPARINGA,2,0,0,0,0,2019,March,Sunday,4:10 AM,80,Divided Road,Straight road,Level,Not Applicable,Sealed,Wet,Not Raining,Night,Hit Fixed Object,1,Driver Rider,1: PDO,No Control,,,1319247.55,1644297.97,1.31925E+13
2019-2819-8/07/2020,2 Metropolitan,OLD REYNELLA,5161,CITY OF ONKAPARINGA,2,0,0,0,0,2019,March,Saturday,4:15 PM,50,Not Divided,Straight road,Level,Not Applicable,Sealed,Dry,Not Raining,Daylight,Rear End,2,Driver Rider,1: PDO,No Control,,,1322768.92,1652963.23,1.32277E+13
2019-2820-8/07/2020,2 Metropolitan,HALLETT COVE,5158,CC MARION.                    ,2,0,0,0,0,2019,March,Sunday,9:30 AM,60,T-Junction,Straight road,Level,Not Applicable,Sealed,Dry,Not Raining,Daylight,Right Angle,2,Driver Rider,1: PDO,Roundabout,,,1319386.56,1655484.26,1.31939E+13
2019-2821-8/07/2020,3 Country,ROXBY DOWNS,5725,MC ROXBY DOWNS                ,2,0,0,0,0,2019,March,Sunday,11:00 AM,40,Not Divided,Straight road,Level,Not Applicable,Unsealed,Wet,Raining,Daylight,Hit Parked Vehicle,1,Driver Rider,1: PDO,No Control,,,1181408.99,2158479.67,1.18141E+13
2019-2822-8/07/2020,2 Metropolitan,HOVE,5048,CITY OF HOLDFAST BAY,2,0,0,0,0,2019,March,Tuesday,8:00 PM,50,Cross Road,Straight road,Level,Not Applicable,Sealed,Dry,Not Raining,Night,Right Angle,1,Driver Rider,1: PDO,Roundabout,,,1320781.55,1661533.45,1.32078E+13
2019-2823-8/07/2020,2 Metropolitan,ELIZABETH PARK,5113,CITY OF PLAYFORD.,3,4,0,0,4,2019,March,Sunday,11:45 AM,60,Divided Road,Straight road,Level,Not Applicable,Sealed,Dry,Not Raining,Daylight,Rear End,1,Driver Rider,2: MI,No Control,,,1336296.52,1693378.83,1.3363E+13
2019-2824-8/07/2020,2 Metropolitan,CAMPBELLTOWN,5074,CC CAMPBELLTOWN.              ,3,3,0,0,3,2019,March,Sunday,12:40 PM,60,T-Junction,Straight road,Level,Not Applicable,Sealed,Dry,Not Raining,Daylight,Rear End,1,Driver Rider,2: MI,No Control,,,1335391.68,1675225.4,1.33539E+13
2019-2825-8/07/2020,2 Metropolitan,ROSTREVOR,5073,CC CAMPBELLTOWN.              ,2,0,0,0,0,2019,March,Sunday,12:30 PM,60,Not Divided,Straight road,Level,Not Applicable,Sealed,Dry,Not Raining,Daylight,Side Swipe,2,Driver Rider,1: PDO,No Control,,,1335443.34,1673321.86,1.33544E+13
2019-2826-8/07/2020,2 Metropolitan,OTTOWAY,5013,CITY OF PORT ADELAIDE ENFIELD,2,2,0,0,2,2019,March,Sunday,1:15 PM,60,Cross Road,Straight road,Level,Not Applicable,Sealed,Dry,Not Raining,Daylight,Right Angle,1,Driver Rider,2: MI,Give Way Sign,,,1322902.28,1679362.03,1.3229E+13
2019-2827-8/07/2020,2 Metropolitan,PORT NOARLUNGA,5167,CITY OF ONKAPARINGA,2,0,0,0,0,2019,March,Saturday,8:20 AM,50,Cross Road,Straight road,Level,Not Applicable,Sealed,Dry,Not Raining,Daylight,Rear End,2,Driver Rider,1: PDO,Give Way Sign,,,1315962.13,1646243.12,1.31596E+13
2019-2828-8/07/2020,2 Metropolitan,HOLDEN HILL,5088,CITY OF PORT ADELAIDE ENFIELD,2,1,0,0,1,2019,March,Sunday,3:00 PM,60,Cross Road,Straight road,Level,Not Applicable,Sealed,Dry,Not Raining,Daylight,Right Angle,1,Driver Rider,2: MI,Traffic Signals,,,1333815.63,1678097.85,1.33382E+13
2019-2829-8/07/2020,2 Metropolitan,RICHMOND,5033,CITY OF WEST TORRENS,3,0,0,0,0,2019,March,Saturday,10:25 PM,60,Multiple,Straight road,Level,Not Applicable,Sealed,Dry,Not Raining,Night,Hit Fixed Object,1,Driver Rider,1: PDO,Traffic Signals,,,1325784.87,1669462.42,1.32579E+13
2019-2830-8/07/2020,2 Metropolitan,HACKHAM WEST,5163,CITY OF ONKAPARINGA,2,1,0,0,1,2019,March,Sunday,3:25 PM,60,Cross Road,Straight road,Slope,Not Applicable,Sealed,Dry,Not Raining,Daylight,Rear End,2,Driver Rider,2: MI,Traffic Signals,,,1319210.07,1647487.7,1.31921E+13