REPORT_ID,Stats Area,Suburb,Postcode,LGA Name,Total Units,Total Cas,Total Fats,Total SI,Total MI,Year,Month,Day,Time,Area Speed,Position Type,Horizontal Align,Vertical Align,Other Feat,Road Surface,Moisture Cond,Weather Cond,DayNight,Crash Type,Unit Resp,Entity Code,CSEF Severity,Traffic Ctrls,DUI Involved,Drugs Involved,ACCLOC_X,ACCLOC_Y,UNIQUE_LOC
2019-2912-8/07/2020,3 Country,YAMBA,5340,DC RENMARK PARINGA            ,3,2,0,2,0,2019,March,Tuesday,10:20 AM,110,Not Divided,Straight road,Level,Not Applicable,Sealed,Dry,Not Raining,Daylight,Head On,2,Driver Rider,3: SI,No Control,,,1541999,1734270.94,1.542E+13
2019-2913-8/07/2020,2 Metropolitan,ROYAL PARK,5014,CITY OF CHARLES STURT,2,0,0,0,0,2019,March,Tuesday,3:00 PM,60,Cross Road,Straight road,Level,Not Applicable,Sealed,Dry,Not Raining,Daylight,Right Angle,2,Driver Rider,1: PDO,Traffic Signals,,,1320686.56,1677665.91,1.32069E+13
2019-2914-8/07/2020,2 Metropolitan,GILLES PLAINS,5086,CITY OF PORT ADELAIDE ENFIELD,2,0,0,0,0,2019,March,Tuesday,6:00 PM,50,Not Divided,Straight road,Level,Driveway or Entrance,Sealed,Dry,Not Raining,Daylight,Right Angle,2,Driver Rider,1: PDO,No Control,,,1333742.67,1678372.11,1.33374E+13
2019-2915-8/07/2020,2 Metropolitan,BEDFORD PARK,5042,CC MITCHAM.                   ,1,0,0,0,0,2019,March,Tuesday,4:00 PM,70,T-Junction,Straight road,Level,Not Applicable,Sealed,Dry,Not Raining,Daylight,Other,1,Driver Rider,1: PDO,Traffic Signals,,,1325149.68,1660407.47,1.32515E+13
2019-2916-8/07/2020,2 Metropolitan,MODBURY,5092,CITY OF TEA TREE GULLY,2,1,0,0,1,2019,March,Tuesday,6:30 PM,60,Cross Road,Straight road,Level,Not Applicable,Sealed,Dry,Not Raining,Daylight,Right Turn,2,Driver Rider,2: MI,Traffic Signals,,,1336876.15,1680848.77,1.33688E+13
2019-2917-8/07/2020,1 City,ADELAIDE,5000,CITY OF ADELAIDE,2,1,0,0,1,2019,March,Tuesday,6:16 PM,50,Cross Road,Straight road,Level,Not Applicable,Sealed,Dry,Not Raining,Daylight,Right Turn,1,Driver Rider,2: MI,Traffic Signals,,,1329593.2,1669909.56,1.32959E+13
2019-2918-8/07/2020,1 City,ADELAIDE,5000,CITY OF ADELAIDE,2,2,0,0,2,2019,March,Tuesday,6:09 PM,60,Divided Road,Straight road,Crest of Hill,Not Applicable,Sealed,Dry,Not Raining,Daylight,Rear End,2,Driver Rider,2: MI,No Control,,,1326888.94,1671333.51,1.32689E+13
2019-2919-8/07/2020,1 City,ADELAIDE,5000,CITY OF ADELAIDE,4,0,0,0,0,2019,March,Tuesday,5:20 PM,50,T-Junction,Straight road,Level,Not Applicable,Sealed,Dry,Not Raining,Daylight,Rear End,2,Driver Rider,1: PDO,Traffic Signals,,,1329586.53,1670547.57,1.32959E+13
2019-2920-8/07/2020,3 Country,BARMERA,5345,THE BERRI BARMERA COUNCIL,2,3,1,2,0,2019,March,Tuesday,7:25 PM,90,T-Junction,Straight road,Level,Not Applicable,Sealed,Dry,Not Raining,Night,Right Angle,1,Driver Rider,4: Fatal,Give Way Sign,,,1503843.09,1736748.42,1.50384E+13
2019-2921-8/07/2020,2 Metropolitan,KURRALTA PARK,5037,CITY OF WEST TORRENS,2,0,0,0,0,2019,March,Tuesday,4:20 PM,50,Cross Road,Straight road,Level,Not Applicable,Sealed,Dry,Not Raining,Daylight,Right Turn,1,Driver Rider,1: PDO,Give Way Sign,,,1325215.74,1668454.62,1.32522E+13
2019-2922-8/07/2020,3 Country,NANGWARRY,5277,WATTLE RANGE COUNCIL,1,1,0,0,1,2019,March,Tuesday,6:30 PM,100,Not Divided,Straight road,Level,Not Applicable,Unsealed,Dry,Not Raining,Daylight,Roll Over,1,Driver Rider,2: MI,No Control,,,1518307.44,1367197.69,1.51831E+13
2019-2923-8/07/2020,2 Metropolitan,EVANSTON PARK,5116,CT GAWLER.                    ,2,1,0,0,1,2019,March,Tuesday,10:36 PM,50,Not Divided,"CURVED, VIEW OPEN",Level,Not Applicable,Sealed,Dry,Not Raining,Night,Roll Over,1,Driver Rider,2: MI,No Control,,,1342575.67,1703376.04,1.34258E+13
2019-2924-8/07/2020,3 Country,MUNDULLA,5270,DC TATIARA.                   ,2,1,0,1,0,2019,March,Tuesday,10:06 PM,110,Not Divided,"CURVED, VIEW OPEN",Level,Not Applicable,Sealed,Dry,Not Raining,Night,Hit Fixed Object,1,Driver Rider,3: SI,No Control,Y,,1505707.46,1503426.68,1.50571E+13
2019-2925-8/07/2020,2 Metropolitan,SEATON,5023,CITY OF CHARLES STURT,2,1,0,0,1,2019,March,Wednesday,12:40 AM,60,Not Divided,Straight road,Level,Not Applicable,Sealed,Dry,Not Raining,Night,Side Swipe,2,Driver Rider,2: MI,No Control,,,1319930.56,1674135.03,1.31993E+13
2019-2926-8/07/2020,2 Metropolitan,MCLAREN VALE,5171,CITY OF ONKAPARINGA,2,0,0,0,0,2019,March,Wednesday,1:30 AM,80,Not Divided,"CURVED, VIEW OPEN",Slope,Not Applicable,Sealed,Dry,Not Raining,Night,Hit Fixed Object,1,Driver Rider,1: PDO,No Control,,,1323676.87,1638381.61,1.32368E+13
2019-2927-8/07/2020,2 Metropolitan,TATACHILLA,5171,CITY OF ONKAPARINGA,2,0,0,0,0,2019,March,Wednesday,7:50 AM,80,Cross Road,Straight road,Level,Not Applicable,Sealed,Dry,Not Raining,Daylight,Right Angle,1,Driver Rider,1: PDO,Give Way Sign,,,1319969.49,1638237.45,1.31997E+13
2019-2928-8/07/2020,2 Metropolitan,MODBURY NORTH,5092,CITY OF TEA TREE GULLY,3,0,0,0,0,2019,March,Wednesday,8:24 AM,80,Cross Road,Straight road,Slope,Not Applicable,Sealed,Dry,Not Raining,Daylight,Rear End,1,Driver Rider,1: PDO,Traffic Signals,,,1336165.68,1681195.41,1.33617E+13
2019-2929-8/07/2020,2 Metropolitan,EVANSTON SOUTH,5116,CT GAWLER.                    ,2,1,0,0,1,2019,March,Wednesday,6:50 AM,90,Divided Road,Straight road,Level,Not Applicable,Sealed,Dry,Not Raining,Night,Rear End,2,Driver Rider,2: MI,No Control,,,1339953.27,1700637.06,1.33995E+13
2019-2930-8/07/2020,2 Metropolitan,DERNANCOURT,5075,CITY OF TEA TREE GULLY,3,0,0,0,0,2019,March,Wednesday,8:59 AM,50,Not Divided,Straight road,Slope,Not Applicable,Sealed,Dry,Not Raining,Daylight,Side Swipe,1,Driver Rider,1: PDO,No Control,,,1335227.66,1677560.66,1.33523E+13
2019-2931-8/07/2020,2 Metropolitan,COLLEGE PARK,5069,"CC OF NORWOOD,PAYNEHAM & ST PETERS",3,1,1,0,0,2019,March,Wednesday,8:28 AM,60,Not Divided,Straight road,Level,Not Applicable,Sealed,Dry,Not Raining,Daylight,Side Swipe,2,Driver Rider,4: Fatal,No Control,,,1330499.56,1671656.62,1.3305E+13
2019-2932-8/07/2020,3 Country,SHEA-OAK LOG,5371,LIGHT REGIONAL COUNCIL,2,2,0,2,0,2019,March,Wednesday,7:47 AM,90,Cross Road,"CURVED, VIEW OPEN",Slope,Not Applicable,Sealed,Dry,Not Raining,Daylight,Right Angle,2,Driver Rider,3: SI,Give Way Sign,,,1355015.02,1714288.06,1.35502E+13
2019-2933-8/07/2020,2 Metropolitan,PAYNEHAM,5070,"CC OF NORWOOD,PAYNEHAM & ST PETERS",2,1,0,0,1,2019,March,Tuesday,6:30 PM,50,Cross Road,Straight road,Level,Not Applicable,Sealed,Dry,Not Raining,Daylight,Right Angle,1,Driver Rider,2: MI,Give Way Sign,,,1332455.62,1673715.49,1.33246E+13
2019-2934-8/07/2020,2 Metropolitan,MANNINGHAM,5086,CITY OF PORT ADELAIDE ENFIELD,2,1,0,0,1,2019,March,Tuesday,8:30 PM,60,Divided Road,Straight road,Level,Driveway or Entrance,Sealed,Dry,Not Raining,Night,Right Angle,1,Driver Rider,2: MI,No Control,,,1330587.34,1676574.47,1.33059E+13
2019-2935-8/07/2020,2 Metropolitan,DRY CREEK,5094,CITY OF PORT ADELAIDE ENFIELD,2,0,0,0,0,2019,March,Wednesday,10:30 AM,70,T-Junction,Straight road,Level,Not Applicable,Sealed,Dry,Not Raining,Daylight,Right Angle,2,Driver Rider,1: PDO,No Control,,,1327751.83,1679804.64,1.32775E+13
2019-2936-8/07/2020,2 Metropolitan,FLINDERS PARK,5025,CITY OF CHARLES STURT,2,0,0,0,0,2019,March,Wednesday,8:00 AM,60,Divided Road,Straight road,Level,Not Applicable,Sealed,Dry,Not Raining,Daylight,Rear End,1,Driver Rider,1: PDO,No Control,,,1323153.5,1673141.81,1.32315E+13
2019-2937-8/07/2020,2 Metropolitan,HUNTFIELD HEIGHTS,5163,CITY OF ONKAPARINGA,2,1,0,0,1,2019,March,Friday,2:20 PM,80,T-Junction,Straight road,Level,Not Applicable,Sealed,Dry,Not Raining,Daylight,Rear End,2,Driver Rider,2: MI,No Control,,,1319766.65,1644646.85,1.31977E+13
2019-2938-8/07/2020,2 Metropolitan,BOLIVAR,5110,CITY OF SALISBURY,2,1,0,0,1,2019,March,Tuesday,5:35 PM,90,Divided Road,Straight road,Level,Not Applicable,Sealed,Dry,Not Raining,Daylight,Rear End,2,Driver Rider,2: MI,No Control,,,1328540.05,1688161.9,1.32854E+13
2019-2939-8/07/2020,2 Metropolitan,WINGFIELD,5013,CITY OF PORT ADELAIDE ENFIELD,2,1,0,0,1,2019,March,Wednesday,7:00 AM,60,Cross Road,Straight road,Level,Not Applicable,Sealed,Dry,Not Raining,Night,Right Angle,2,Driver Rider,2: MI,Traffic Signals,,,1325515.62,1680217.62,1.32552E+13
2019-2940-8/07/2020,2 Metropolitan,MITCHAM,5062,CC MITCHAM.                   ,2,0,0,0,0,2019,March,Tuesday,6:55 PM,60,Not Divided,"CURVED, VIEW OBSCURED",Slope,Not Applicable,Sealed,Dry,Not Raining,Daylight,Side Swipe,2,Driver Rider,1: PDO,No Control,,,1330554.94,1663711.42,1.33056E+13
2019-2941-8/07/2020,2 Metropolitan,MITCHELL PARK,5043,CC MARION.                    ,5,1,0,0,1,2019,March,Wednesday,8:55 AM,60,Divided Road,Straight road,Level,Not Applicable,Sealed,Dry,Not Raining,Daylight,Rear End,1,Driver Rider,2: MI,No Control,,,1324370.98,1661845.02,1.32437E+13
2019-2942-8/07/2020,2 Metropolitan,ALDINGA BEACH,5173,CITY OF ONKAPARINGA,2,0,0,0,0,2019,March,Wednesday,2:15 PM,50,T-Junction,"CURVED, VIEW OPEN",Level,Not Applicable,Sealed,Dry,Not Raining,Daylight,Right Angle,2,Driver Rider,1: PDO,No Control,,,1315227.61,1632974.47,1.31523E+13
2019-2943-8/07/2020,2 Metropolitan,MOUNT BARKER,5251,DC MT.BARKER.                 ,2,1,0,0,1,2019,March,Wednesday,3:15 PM,50,Cross Road,Straight road,Level,Not Applicable,Sealed,Dry,Not Raining,Daylight,Right Turn,2,Driver Rider,2: MI,Stop Sign,,,1351500.5,1654541.66,1.3515E+13
2019-2944-8/07/2020,2 Metropolitan,ASHFORD,5035,CITY OF WEST TORRENS,2,1,0,0,1,2019,June,Tuesday,2:15 PM,50,Cross Road,Straight road,Level,Not Applicable,Sealed,Dry,Not Raining,Daylight,Right Angle,2,Driver Rider,2: MI,Stop Sign,,,1326037.53,1668209.21,1.32604E+13
2019-2945-8/07/2020,2 Metropolitan,BIRKENHEAD,5015,CITY OF PORT ADELAIDE ENFIELD,2,0,0,0,0,2019,March,Wednesday,3:10 PM,50,T-Junction,Straight road,Level,Not Applicable,Sealed,Dry,Not Raining,Daylight,Right Angle,1,Driver Rider,1: PDO,Stop Sign,,,1319147.29,1680412.9,1.31915E+13
2019-2946-8/07/2020,2 Metropolitan,WINGFIELD,5013,CITY OF PORT ADELAIDE ENFIELD,2,0,0,0,0,2019,March,Wednesday,2:55 PM,60,Cross Road,Straight road,Level,Not Applicable,Sealed,Dry,Not Raining,Daylight,Hit Fixed Object,1,Driver Rider,1: PDO,Traffic Signals,,,1323910.63,1679162.4,1.32391E+13
2019-2947-8/07/2020,2 Metropolitan,MEDINDIE,5081,WALKERVILLE TOWN COUNCIL,3,0,0,0,0,2019,March,Wednesday,10:20 AM,60,Divided Road,Straight road,Level,Not Applicable,Sealed,Dry,Not Raining,Daylight,Rear End,1,Driver Rider,1: PDO,No Control,,,1329025.35,1673448.03,1.32903E+13
2019-2948-8/07/2020,2 Metropolitan,MEDIINDIE,5081,WALKERVILLE TOWN COUNCIL,2,0,0,0,0,2019,March,Wednesday,7:50 AM,60,Divided Road,Straight road,Level,Not Applicable,Sealed,Dry,Not Raining,Daylight,Side Swipe,2,Driver Rider,1: PDO,No Control,,,1328838.81,1674143.66,1.32884E+13
2019-2949-8/07/2020,2 Metropolitan,WOODSIDE,5244,THE ADELAIDE HILLS COUNCIL,2,0,0,0,0,2019,March,Wednesday,3:00 PM,50,Cross Road,Straight road,Level,Not Applicable,Sealed,Dry,Not Raining,Daylight,Rear End,1,Driver Rider,1: PDO,No Control,,,1353759.64,1666370.3,1.35376E+13
2019-2950-8/07/2020,2 Metropolitan,ELIZABETH PARK,5113,CITY OF PLAYFORD.,3,1,0,0,1,2019,March,Wednesday,3:20 PM,80,Divided Road,Straight road,Level,Not Applicable,Sealed,Dry,Not Raining,Daylight,Rear End,1,Driver Rider,2: MI,No Control,,,1336022.39,1693818.48,1.33602E+13
2019-2951-8/07/2020,2 Metropolitan,HENLEY BEACH,5022,CITY OF CHARLES STURT,1,1,0,0,1,2019,March,Wednesday,3:55 PM,40,Not Divided,Straight road,Level,Driveway or Entrance,Sealed,Dry,Not Raining,Daylight,Roll Over,1,Driver Rider,2: MI,No Control,,,1318894.15,1671603.4,1.31889E+13
2019-2952-8/07/2020,2 Metropolitan,WARRADALE,5046,CC MARION.                    ,2,0,0,0,0,2019,March,Wednesday,8:30 AM,60,Cross Road,Straight road,Level,Not Applicable,Sealed,Dry,Not Raining,Daylight,Rear End,1,Driver Rider,1: PDO,Traffic Signals,,,1322704.43,1663065.16,1.3227E+13
2019-2953-8/07/2020,2 Metropolitan,PORT ADELAIDE,5015,CITY OF PORT ADELAIDE ENFIELD,2,1,0,0,1,2019,March,Wednesday,4:20 PM,50,T-Junction,Straight road,Level,Not Applicable,Sealed,Dry,Not Raining,Daylight,Side Swipe,2,Driver Rider,2: MI,No Control,,,1320300.29,1679674.13,1.3203E+13
2019-2954-8/07/2020,3 Country,MOUNT GAMBIER,5290,CC MT.GAMBIER.                ,2,1,0,0,1,2019,March,Wednesday,4:20 PM,50,T-Junction,Straight road,Level,Not Applicable,Sealed,Dry,Not Raining,Daylight,Right Angle,2,Driver Rider,2: MI,Roundabout,,,1510571.2,1342645.17,1.51057E+13
2019-2955-8/07/2020,2 Metropolitan,WALKERVILLE,5081,WALKERVILLE TOWN COUNCIL,2,1,0,0,1,2019,March,Wednesday,4:30 PM,50,Cross Road,Straight road,Level,Not Applicable,Sealed,Dry,Not Raining,Daylight,Side Swipe,1,Driver Rider,2: MI,Traffic Signals,,,1329938.27,1673778.74,1.32994E+13
2019-2956-8/07/2020,2 Metropolitan,TROTT PARK,5158,CC MARION.                    ,3,1,0,0,1,2019,March,Wednesday,4:30 PM,80,T-Junction,Straight road,Level,Not Applicable,Sealed,Dry,Not Raining,Daylight,Rear End,1,Driver Rider,2: MI,Traffic Signals,,,1322110.13,1656550.09,1.32211E+13
2019-2957-8/07/2020,2 Metropolitan,WATERLOO CORNER,5110,CITY OF SALISBURY,4,1,0,0,1,2019,March,Wednesday,5:27 PM,90,Divided Road,Straight road,Level,Not Applicable,Sealed,Dry,Not Raining,Daylight,Rear End,2,Driver Rider,2: MI,No Control,,,1327767.65,1691532.93,1.32777E+13
2019-2958-8/07/2020,2 Metropolitan,MITCHAM,5062,CC MITCHAM.                   ,3,0,0,0,0,2019,March,Wednesday,5:00 PM,60,Divided Road,Straight road,Level,Not Applicable,Sealed,Dry,Not Raining,Daylight,Rear End,1,Driver Rider,1: PDO,No Control,,,1330519.86,1664744.64,1.33052E+13
2019-2959-8/07/2020,2 Metropolitan,PROSPECT,5082,CITY OF PROSPECT,2,0,0,0,0,2019,March,Wednesday,5:16 PM,60,Cross Road,Straight road,Level,Not Applicable,Sealed,Dry,Not Raining,Daylight,Right Turn,1,Driver Rider,1: PDO,Traffic Signals,,,1327236.23,1676392.98,1.32724E+13
2019-2960-8/07/2020,2 Metropolitan,HECTORVILLE,5073,CC CAMPBELLTOWN.              ,3,2,0,0,2,2019,March,Wednesday,2:55 PM,50,T-Junction,"CURVED, VIEW OPEN",Level,Not Applicable,Sealed,Dry,Not Raining,Daylight,Hit Pedestrian,1,Driver Rider,2: MI,No Control,,,1334185.95,1674348.37,1.33419E+13
2019-2961-8/07/2020,2 Metropolitan,ST PETERS,5069,"CC OF NORWOOD,PAYNEHAM & ST PETERS",2,0,0,0,0,2019,March,Wednesday,5:30 PM,60,Cross Road,Straight road,Level,Not Applicable,Sealed,Dry,Not Raining,Daylight,Side Swipe,2,Driver Rider,1: PDO,Stop Sign,,,1330669.58,1673003.61,1.33067E+13
2019-2962-8/07/2020,2 Metropolitan,SALISBURY HEIGHTS,5109,CITY OF SALISBURY,2,0,0,0,0,2019,March,Wednesday,5:20 PM,60,Cross Road,Straight road,Bottom of Hill,Not Applicable,Sealed,Dry,Not Raining,Daylight,Right Turn,2,Driver Rider,1: PDO,Traffic Signals,,,1336144.67,1687778.05,1.33615E+13
2019-2963-8/07/2020,2 Metropolitan,MARLESTON,5033,CITY OF WEST TORRENS,2,0,0,0,0,2019,March,Wednesday,4:40 PM,60,T-Junction,Straight road,Level,Not Applicable,Sealed,Dry,Not Raining,Daylight,Right Angle,2,Driver Rider,1: PDO,No Control,,,1324723.6,1668916.57,1.32472E+13
2019-2964-8/07/2020,2 Metropolitan,MOUNT BARKER,5251,DC MT.BARKER.                 ,2,0,0,0,0,2019,March,Wednesday,7:20 PM,50,Not Divided,Straight road,Level,Not Applicable,Sealed,Dry,Not Raining,Night,Right Turn,1,Driver Rider,1: PDO,No Control,,,1351683.23,1654210.77,1.35168E+13
2019-2965-8/07/2020,2 Metropolitan,BROADVIEW,5083,CITY OF PORT ADELAIDE ENFIELD,2,1,0,0,1,2019,March,Wednesday,7:22 PM,60,Divided Road,Straight road,Level,Not Applicable,Sealed,Dry,Not Raining,Night,Hit Parked Vehicle,2,Driver Rider,2: MI,No Control,,,1329807.45,1676457.19,1.32981E+13
2019-2966-8/07/2020,2 Metropolitan,DIREK,5110,CITY OF SALISBURY,2,4,0,2,2,2019,March,Wednesday,6:40 PM,90,T-Junction,Straight road,Level,Not Applicable,Sealed,Dry,Not Raining,Daylight,Right Angle,1,Driver Rider,3: SI,No Control,,Y,1329380.64,1693913.15,1.32938E+13
2019-2967-8/07/2020,3 Country,PETINA,5680,DC STREAKY BAY.               ,1,2,1,1,0,2019,March,Wednesday,12:20 PM,110,Not Divided,Straight road,Level,Not Applicable,Sealed,Dry,Not Raining,Daylight,Roll Over,1,Driver Rider,4: Fatal,No Control,,,941242.1,1955587.72,9.41242E+12
2019-2968-8/07/2020,1 City,NORTH ADELAIDE,5006,CITY OF ADELAIDE,2,0,0,0,0,2019,March,Wednesday,6:45 PM,50,T-Junction,Straight road,Level,Not Applicable,Sealed,Dry,Not Raining,Daylight,Right Turn,2,Driver Rider,1: PDO,No Control,,,1328487.57,1671852.81,1.32849E+13
2019-2969-8/07/2020,2 Metropolitan,LONSDALE,5160,CITY OF ONKAPARINGA,2,1,0,0,1,2019,March,Wednesday,11:20 PM,80,T-Junction,"CURVED, VIEW OPEN",Crest of Hill,Not Applicable,Sealed,Dry,Not Raining,Night,Hit Fixed Object,1,Driver Rider,2: MI,Traffic Signals,,,1318735.04,1651448.57,1.31874E+13
2019-2970-8/07/2020,2 Metropolitan,MEDINDIE,5081,WALKERVILLE TOWN COUNCIL,2,1,0,0,1,2019,March,Thursday,3:10 AM,60,Multiple,Straight road,Bottom of Hill,Not Applicable,Sealed,Dry,Not Raining,Night,Hit Fixed Object,1,Driver Rider,2: MI,Traffic Signals,Y,,1329427.23,1673281.86,1.32943E+13
2019-2971-8/07/2020,2 Metropolitan,ALDINGA BEACH,5173,CITY OF ONKAPARINGA,2,2,0,1,1,2019,March,Thursday,2:50 AM,80,Not Divided,Straight road,Level,Not Applicable,Sealed,Dry,Not Raining,Night,Hit Animal,2,Animal,3: SI,No Control,,Y,1313994.92,1628723.7,1.314E+13
2019-2972-8/07/2020,2 Metropolitan,WOODVILLE PARK,5011,CITY OF CHARLES STURT,2,1,0,1,0,2019,March,Thursday,5:32 AM,60,Cross Road,Straight road,Level,Not Applicable,Sealed,Dry,Not Raining,Night,Right Turn,1,Driver Rider,3: SI,Traffic Signals,,Y,1324186.57,1676250.45,1.32419E+13
2019-2973-8/07/2020,2 Metropolitan,PORT ADELAIDE,5015,CITY OF PORT ADELAIDE ENFIELD,2,1,0,0,1,2019,March,Thursday,6:35 AM,60,Cross Road,Straight road,Level,Not Applicable,Sealed,Dry,Not Raining,Night,Hit Fixed Object,1,Driver Rider,2: MI,Traffic Signals,,,1321700.52,1680592.01,1.3217E+13
2019-2974-8/07/2020,2 Metropolitan,DRY CREEK,5094,CITY OF SALISBURY,3,0,0,0,0,2019,March,Thursday,6:40 AM,90,Divided Road,Straight road,Slope,Not Applicable,Sealed,Dry,Not Raining,Night,Rear End,1,Driver Rider,1: PDO,No Control,,,1328400.1,1682947.48,1.3284E+13
2019-2975-8/07/2020,2 Metropolitan,WATERLOO CORNER,5110,CITY OF SALISBURY,3,0,0,0,0,2019,March,Thursday,6:50 AM,90,Divided Road,Straight road,Level,Not Applicable,Sealed,Dry,Not Raining,Night,Rear End,2,Driver Rider,1: PDO,No Control,,,1327692.43,1691840.39,1.32769E+13
2019-2976-8/07/2020,1 City,ADELAIDE,5000,CITY OF ADELAIDE,3,2,0,0,2,2019,March,Thursday,7:20 AM,50,Not Divided,Straight road,Slope,Not Applicable,Sealed,Dry,Not Raining,Night,Hit Parked Vehicle,1,Driver Rider,2: MI,No Control,,,1329769.78,1670388.58,1.32977E+13
2019-2977-8/07/2020,2 Metropolitan,NORTH ADELAIDE,5006,CITY OF PROSPECT,2,0,0,0,0,2019,March,Thursday,7:51 AM,60,Cross Road,Straight road,Level,Not Applicable,Sealed,Dry,Not Raining,Daylight,Right Turn,1,Driver Rider,1: PDO,Traffic Signals,,,1328127.05,1673664.08,1.32813E+13
2019-2978-8/07/2020,2 Metropolitan,URRBRAE,5064,CC MITCHAM.                   ,2,0,0,0,0,2019,March,Wednesday,1:45 PM,60,Cross Road,Straight road,Bottom of Hill,Not Applicable,Sealed,Dry,Not Raining,Daylight,Hit Fixed Object,1,Driver Rider,1: PDO,Traffic Signals,,,1332373.16,1666370.92,1.33237E+13
2019-2979-8/07/2020,2 Metropolitan,DARLINGTON,5047,CITY OF ONKAPARINGA,3,1,0,0,1,2019,March,Thursday,8:15 AM,60,Cross Road,Straight road,Bottom of Hill,Not Applicable,Sealed,Dry,Not Raining,Daylight,Rear End,2,Driver Rider,2: MI,Traffic Signals,,,1324432.96,1659694.42,1.32443E+13
2019-2980-8/07/2020,2 Metropolitan,SALISBURY,5108,CITY OF SALISBURY,2,1,0,0,1,2019,March,Wednesday,5:45 PM,60,Divided Road,Straight road,Level,Not Applicable,Sealed,Dry,Not Raining,Daylight,Rear End,2,Driver Rider,2: MI,No Control,,,1333781.58,1687936.41,1.33378E+13
2019-2981-8/07/2020,2 Metropolitan,PARALOWIE,5108,CITY OF SALISBURY,2,0,0,0,0,2019,March,Thursday,8:25 AM,25,Pedestrian Crossing,Straight road,Level,Not Applicable,Sealed,Dry,Not Raining,Daylight,Hit Pedestrian,2,Driver Rider,1: PDO,No Control,,,1330790.69,1689744.96,1.33079E+13
2019-2982-8/07/2020,2 Metropolitan,GLANDORE,5037,CITY OF WEST TORRENS,2,1,0,0,1,2019,March,Thursday,6:10 AM,60,One Way,Straight road,Level,Not Applicable,Sealed,Dry,Not Raining,Night,Hit Fixed Object,9,Other,2: MI,No Control,,,1325781.54,1667673.32,1.32578E+13
2019-2983-8/07/2020,2 Metropolitan,COWANDILLA,5033,CITY OF WEST TORRENS,2,2,0,2,0,2019,March,Thursday,1:03 AM,60,Not Divided,Straight road,Level,Not Applicable,Sealed,Dry,Not Raining,Night,Hit Fixed Object,1,Driver Rider,3: SI,No Control,Y,,1324577.96,1670059,1.32458E+13
2019-2984-8/07/2020,2 Metropolitan,ELIZABETH PARK,5113,CITY OF PLAYFORD.,2,1,0,0,1,2019,March,Thursday,9:00 AM,80,Divided Road,Straight road,Level,Not Applicable,Sealed,Dry,Not Raining,Daylight,Rear End,2,Driver Rider,2: MI,No Control,,,1336010.02,1693752.4,1.33601E+13
2019-2985-8/07/2020,1 City,ADELAIDE,5000,CITY OF ADELAIDE,2,0,0,0,0,2019,March,Thursday,11:15 AM,50,Cross Road,Straight road,Level,Not Applicable,Sealed,Dry,Not Raining,Daylight,Hit Pedestrian,1,Driver Rider,1: PDO,Traffic Signals,,,1329570.16,1670701.85,1.32957E+13
2019-2986-8/07/2020,2 Metropolitan,PARALOWIE,5108,CITY OF SALISBURY,2,2,0,0,2,2019,March,Thursday,8:00 AM,60,Cross Road,Straight road,Level,Not Applicable,Sealed,Dry,Not Raining,Daylight,Right Angle,1,Driver Rider,2: MI,Roundabout,,,1328759.95,1689051.52,1.32876E+13
2019-2987-8/07/2020,2 Metropolitan,SALISBURY,5108,CITY OF SALISBURY,2,1,0,0,1,2019,March,Thursday,8:55 AM,60,Not Divided,Straight road,Level,Not Applicable,Sealed,Dry,Not Raining,Daylight,Rear End,2,Driver Rider,2: MI,No Control,,,1333612,1688353.29,1.33361E+13
2019-2988-8/07/2020,2 Metropolitan,PROSPECT,5082,CITY OF PROSPECT,3,1,0,0,1,2019,March,Thursday,1:15 PM,60,Divided Road,Straight road,Slope,Not Applicable,Sealed,Dry,Not Raining,Daylight,Rear End,1,Driver Rider,2: MI,No Control,,,1328031.27,1676422.28,1.32803E+13
2019-2989-8/07/2020,2 Metropolitan,PROSPECT,5082,CITY OF PROSPECT,2,1,0,0,1,2019,March,Thursday,1:15 PM,60,T-Junction,Straight road,Level,Not Applicable,Sealed,Dry,Not Raining,Daylight,Right Turn,1,Driver Rider,2: MI,No Control,,,1328640.31,1676435.87,1.32864E+13
2019-2990-8/07/2020,2 Metropolitan,MANNINGHAM,5086,CITY OF PORT ADELAIDE ENFIELD,3,0,0,0,0,2019,March,Wednesday,3:40 PM,60,Cross Road,Straight road,Level,Not Applicable,Sealed,Dry,Not Raining,Daylight,Rear End,1,Driver Rider,1: PDO,Traffic Signals,,,1330439.44,1676495.16,1.33044E+13
2019-2991-8/07/2020,2 Metropolitan,BOWDEN,5007,CITY OF CHARLES STURT,2,0,0,0,0,2019,March,Wednesday,11:00 AM,40,Not Divided,Straight road,Level,Driveway or Entrance,Sealed,Dry,Not Raining,Daylight,Hit Fixed Object,1,Driver Rider,1: PDO,No Control,,,1326950.12,1673429.67,1.32695E+13
2019-2992-8/07/2020,2 Metropolitan,WYNN VALE,5127,CITY OF TEA TREE GULLY,2,0,0,0,0,2019,March,Thursday,11:20 AM,70,T-Junction,Straight road,Level,Not Applicable,Sealed,Dry,Not Raining,Daylight,Right Angle,2,Driver Rider,1: PDO,No Control,,,1336754.92,1684333.83,1.33676E+13
2019-2993-8/07/2020,2 Metropolitan,ELIZABETH,5112,CITY OF PLAYFORD.,2,0,0,0,0,2019,March,Thursday,3:30 PM,50,T-Junction,"CURVED, VIEW OPEN",Level,Not Applicable,Sealed,Dry,Not Raining,Daylight,Rear End,2,Driver Rider,1: PDO,Traffic Signals,,,1335570.41,1693051.39,1.33557E+13