REPORT_ID,Stats Area,Suburb,Postcode,LGA Name,Total Units,Total Cas,Total Fats,Total SI,Total MI,Year,Month,Day,Time,Area Speed,Position Type,Horizontal Align,Vertical Align,Other Feat,Road Surface,Moisture Cond,Weather Cond,DayNight,Crash Type,Unit Resp,Entity Code,CSEF Severity,Traffic Ctrls,DUI Involved,Drugs Involved,ACCLOC_X,ACCLOC_Y,UNIQUE_LOC
2019-2994-8/07/2020,2 Metropolitan,STURT,5047,CC MARION.                    ,3,1,0,0,1,2019,March,Thursday,3:30 PM,60,Divided Road,Straight road,Level,Not Applicable,Sealed,Dry,Not Raining,Daylight,Rear End,1,Driver Rider,2: MI,No Control,,,1323944.15,1660661.62,1.32394E+13
2019-2995-8/07/2020,2 Metropolitan,KURRALTA PARK,5037,CITY OF WEST TORRENS,2,1,0,0,1,2019,March,Thursday,8:00 AM,60,Divided Road,Straight road,Level,Not Applicable,Sealed,Dry,Not Raining,Daylight,Rear End,2,Driver Rider,2: MI,No Control,,,1325668.62,1667634.7,1.32567E+13
2019-2996-8/07/2020,1 City,ADELAIDE,5000,CITY OF ADELAIDE,2,0,0,0,0,2019,March,Thursday,4:55 PM,50,Cross Road,Straight road,Level,Not Applicable,Sealed,Dry,Not Raining,Daylight,Right Angle,2,Driver Rider,1: PDO,Traffic Signals,,,1327669.99,1671111.74,1.32767E+13
2019-2997-8/07/2020,3 Country,PORT LINCOLN,5606,CC PT.LINCOLN.                ,2,1,0,0,1,2019,March,Thursday,3:30 PM,50,T-Junction,Straight road,Level,Not Applicable,Sealed,Dry,Not Raining,Daylight,Rear End,2,Driver Rider,2: MI,No Control,,,1078798.46,1697862.23,1.0788E+13
2019-2998-8/07/2020,1 City,NORTH ADELAIDE,5006,CITY OF ADELAIDE,2,0,0,0,0,2019,March,Thursday,4:55 PM,50,Not Divided,Straight road,Level,Not Applicable,Sealed,Dry,Not Raining,Daylight,Rear End,2,Driver Rider,1: PDO,No Control,,,1329315.07,1672771.56,1.32932E+13
2019-2999-8/07/2020,2 Metropolitan,NORTON SUMMIT,5136,THE ADELAIDE HILLS COUNCIL,2,0,0,0,0,2019,March,Thursday,3:40 PM,60,Not Divided,"CURVED, VIEW OPEN",Slope,Not Applicable,Sealed,Dry,Not Raining,Daylight,Head On,2,Driver Rider,1: PDO,No Control,,,1339378.16,1670189.18,1.33938E+13
2019-3000-8/07/2020,2 Metropolitan,COLONEL LIGHT GARDENS,5041,CC MITCHAM.                   ,2,0,0,0,0,2019,March,Thursday,5:00 PM,60,T-Junction,Straight road,Level,Not Applicable,Sealed,Dry,Not Raining,Daylight,Right Turn,2,Driver Rider,1: PDO,No Control,,,1327576.22,1664194.22,1.32758E+13
2019-3001-8/07/2020,1 City,NORTH ADELAIDE,5006,CITY OF ADELAIDE,2,0,0,0,0,2019,March,Thursday,5:05 PM,50,Cross Road,"CURVED, VIEW OPEN",Level,Not Applicable,Sealed,Dry,Not Raining,Daylight,Rear End,1,Driver Rider,1: PDO,Roundabout,,,1328882.35,1671981.92,1.32888E+13
2019-3002-8/07/2020,2 Metropolitan,WESTBOURNE PARK,5041,CC MITCHAM.                   ,2,0,0,0,0,2019,March,Thursday,5:15 PM,60,T-Junction,Straight road,Level,Not Applicable,Sealed,Dry,Not Raining,Daylight,Rear End,2,Driver Rider,1: PDO,No Control,,,1327958.81,1666212,1.32796E+13
2019-3003-8/07/2020,2 Metropolitan,SEAFORD MEADOWS,5169,CITY OF ONKAPARINGA,3,0,0,0,0,2019,March,Thursday,5:45 PM,60,Cross Road,Straight road,Level,Not Applicable,Sealed,Dry,Not Raining,Daylight,Rear End,1,Driver Rider,1: PDO,Traffic Signals,,,1318091.98,1642826.26,1.31809E+13
2019-3004-8/07/2020,2 Metropolitan,KLEMZIG,5087,CITY OF PORT ADELAIDE ENFIELD,2,0,0,0,0,2019,March,Thursday,6:30 PM,60,T-Junction,Straight road,Level,Not Applicable,Sealed,Dry,Not Raining,Daylight,Right Angle,2,Driver Rider,1: PDO,No Control,,,1331901.47,1675671.24,1.3319E+13
2019-3005-8/07/2020,2 Metropolitan,MCLAREN VALE,5171,CITY OF ONKAPARINGA,2,0,0,0,0,2019,March,Wednesday,12:30 PM,50,Not Divided,Straight road,Level,Not Applicable,Sealed,Dry,Not Raining,Daylight,Hit Parked Vehicle,1,Driver Rider,1: PDO,No Control,,,1321926.26,1638295.79,1.32193E+13
2019-3006-8/07/2020,2 Metropolitan,NORTHFIELD,5085,CITY OF PORT ADELAIDE ENFIELD,2,0,0,0,0,2019,March,Thursday,7:05 PM,60,Cross Road,Straight road,Level,Not Applicable,Sealed,Dry,Not Raining,Daylight,Right Turn,1,Driver Rider,1: PDO,Traffic Signals,,,1330377.17,1679315.41,1.33038E+13
2019-3007-8/07/2020,2 Metropolitan,WINGFIELD,5013,CITY OF PORT ADELAIDE ENFIELD,3,0,0,0,0,2019,March,Thursday,3:30 PM,90,Ramp Off,"CURVED, VIEW OPEN",Slope,Not Applicable,Sealed,Dry,Not Raining,Daylight,Other,1,Driver Rider,1: PDO,No Control,,,1325336.93,1681003.23,1.32534E+13
2019-3008-8/07/2020,2 Metropolitan,MELROSE PARK,5039,CC MARION.                    ,1,0,0,0,0,2019,March,Thursday,4:50 PM,60,Divided Road,Straight road,Level,Not Applicable,Sealed,Dry,Not Raining,Daylight,Other,1,Driver Rider,1: PDO,No Control,,,1325946.42,1663579.24,1.32595E+13
2019-3009-8/07/2020,2 Metropolitan,NORWOOD,5067,"CC OF NORWOOD,PAYNEHAM & ST PETERS",2,1,0,0,1,2019,March,Thursday,7:20 PM,50,Cross Road,Straight road,Level,Not Applicable,Sealed,Dry,Not Raining,Night,Right Angle,1,Driver Rider,2: MI,Roundabout,,,1331663.7,1670727.17,1.33166E+13
2019-3010-8/07/2020,2 Metropolitan,BLAIR ATHOL,5084,CITY OF PORT ADELAIDE ENFIELD,2,0,0,0,0,2019,March,Wednesday,3:25 PM,50,Cross Road,Straight road,Level,Unknown,Sealed,Dry,Not Raining,Daylight,Right Angle,2,Driver Rider,1: PDO,Give Way Sign,,,1328154.28,1677184.04,1.32815E+13
2019-3011-8/07/2020,2 Metropolitan,PORT ADELAIDE,5015,CITY OF PORT ADELAIDE ENFIELD,2,0,0,0,0,2019,March,Friday,6:30 AM,60,Divided Road,Straight road,Level,Not Applicable,Sealed,Dry,Not Raining,Night,Rear End,2,Driver Rider,1: PDO,No Control,,,1321365.62,1680427.45,1.32137E+13
2019-3012-8/07/2020,2 Metropolitan,SALISBURY EAST,5109,CITY OF SALISBURY,2,0,0,0,0,2019,March,Friday,6:35 AM,60,Cross Road,Straight road,Level,Not Applicable,Sealed,Dry,Not Raining,Night,Rear End,1,Driver Rider,1: PDO,Traffic Signals,,,1334189.82,1684652.72,1.33419E+13
2019-3013-8/07/2020,2 Metropolitan,GLENELG SOUTH,5045,CITY OF HOLDFAST BAY,2,1,0,0,1,2019,March,Friday,6:15 AM,50,Cross Road,Straight road,Level,Not Applicable,Sealed,Dry,Not Raining,Night,Right Angle,1,Driver Rider,2: MI,Roundabout,,,1320813.33,1664340.79,1.32081E+13
2019-3014-8/07/2020,2 Metropolitan,KILKENNY,5009,CITY OF CHARLES STURT,4,0,0,0,0,2019,March,Friday,8:34 AM,50,Not Divided,Straight road,Level,Not Applicable,Sealed,Dry,Not Raining,Daylight,Hit Parked Vehicle,1,Driver Rider,1: PDO,No Control,,,1324549.09,1676454.36,1.32455E+13
2019-3015-8/07/2020,2 Metropolitan,QUEENSTOWN,5014,CITY OF PORT ADELAIDE ENFIELD,2,1,0,1,0,2019,March,Friday,7:42 AM,60,Divided Road,Straight road,Level,Not Applicable,Sealed,Dry,Not Raining,Daylight,Hit Fixed Object,1,Driver Rider,3: SI,No Control,,,1321012.84,1677685.04,1.32101E+13
2019-3016-8/07/2020,2 Metropolitan,KINGSWOOD,5062,CC MITCHAM.                   ,2,1,0,0,1,2019,March,Thursday,5:10 PM,60,Cross Road,Straight road,Level,Not Applicable,Sealed,Dry,Not Raining,Daylight,Rear End,2,Driver Rider,2: MI,Traffic Signals,,,1329136.35,1666242.69,1.32914E+13
2019-3017-8/07/2020,3 Country,FLINDERS CHASE,5223,KANGAROO ISLAND COUNCIL,2,0,0,0,0,2019,March,Thursday,4:00 PM,60,Not Divided,Straight road,Level,Not Applicable,Sealed,Dry,Not Raining,Daylight,Hit Fixed Object,1,Driver Rider,1: PDO,No Control,,,1160551.86,1561327.35,1.16055E+13
2019-3018-8/07/2020,2 Metropolitan,ROSEWATER,5013,CITY OF PORT ADELAIDE ENFIELD,2,0,0,0,0,2019,March,Friday,12:02 AM,50,Not Divided,Straight road,Level,Not Applicable,Sealed,Dry,Not Raining,Night,Hit Parked Vehicle,2,Driver Rider,1: PDO,No Control,,,1321624.35,1679405.08,1.32162E+13
2019-3019-8/07/2020,2 Metropolitan,THEBARTON,5031,CITY OF WEST TORRENS,2,1,0,0,1,2019,March,Friday,9:20 AM,50,Not Divided,Straight road,Level,Not Applicable,Sealed,Dry,Not Raining,Daylight,Head On,2,Driver Rider,2: MI,No Control,,,1325770.57,1671948.11,1.32577E+13
2019-3020-8/07/2020,3 Country,MYPONGA,5202,DC YANKALILLA.                ,2,1,0,0,1,2019,March,Wednesday,10:00 PM,100,Not Divided,Straight road,Level,Not Applicable,Unsealed,Dry,Not Raining,Night,Hit Fixed Object,1,Driver Rider,2: MI,No Control,,,1319008.86,1619140.88,1.31901E+13
2019-3021-8/07/2020,2 Metropolitan,UNLEY PARK,5061,CITY OF UNLEY,3,0,0,0,0,2019,March,Thursday,2:30 PM,60,T-Junction,Straight road,Level,Not Applicable,Sealed,Dry,Not Raining,Daylight,Rear End,1,Driver Rider,1: PDO,No Control,,,1329133.1,1666356.05,1.32913E+13
2019-3022-8/07/2020,2 Metropolitan,PROSPECT,5082,CITY OF PROSPECT,2,0,0,0,0,2019,March,Friday,11:42 AM,60,T-Junction,Straight road,Level,Not Applicable,Sealed,Dry,Not Raining,Daylight,Hit Fixed Object,1,Driver Rider,1: PDO,No Control,,,1328893.45,1675353.37,1.32889E+13
2019-3023-8/07/2020,2 Metropolitan,KLEMZIG,5087,CITY OF PORT ADELAIDE ENFIELD,2,0,0,0,0,2019,March,Friday,8:40 AM,60,Not Divided,Straight road,Level,Not Applicable,Sealed,Dry,Not Raining,Daylight,Rear End,1,Driver Rider,1: PDO,No Control,,,1331738.78,1676109.1,1.33174E+13
2019-3024-8/07/2020,2 Metropolitan,HINDMARSH,5007,CITY OF CHARLES STURT,2,0,0,0,0,2019,March,Friday,12:27 PM,60,Divided Road,Straight road,Level,Not Applicable,Sealed,Dry,Not Raining,Daylight,Rear End,2,Driver Rider,1: PDO,No Control,,,1325995.69,1673080.73,1.326E+13
2019-3025-8/07/2020,2 Metropolitan,POORAKA,5095,CITY OF SALISBURY,2,0,0,0,0,2019,March,Thursday,1:00 PM,70,Divided Road,Straight road,Level,Driveway or Entrance,Sealed,Dry,Not Raining,Daylight,Right Angle,1,Driver Rider,1: PDO,No Control,,,1330292.62,1681611.78,1.33029E+13
2019-3026-8/07/2020,2 Metropolitan,MEDINDIE,5081,WALKERVILLE TOWN COUNCIL,2,1,0,1,0,2019,March,Friday,11:56 AM,60,Cross Road,Straight road,Level,Not Applicable,Sealed,Dry,Not Raining,Daylight,Side Swipe,1,Driver Rider,3: SI,Give Way Sign,,,1328633.67,1673963.95,1.32863E+13
2019-3027-8/07/2020,2 Metropolitan,WATERLOO CORNER,5110,CITY OF SALISBURY,2,0,0,0,0,2019,March,Friday,2:35 PM,90,Not Divided,Straight road,Level,Not Applicable,Sealed,Dry,Not Raining,Daylight,Rear End,2,Driver Rider,1: PDO,No Control,,,1327812.01,1691352.48,1.32781E+13
2019-3028-8/07/2020,2 Metropolitan,ST MARYS,5042,CC MITCHAM.                   ,2,0,0,0,0,2019,March,Friday,11:07 AM,60,Divided Road,Straight road,Level,Not Applicable,Sealed,Dry,Not Raining,Daylight,Rear End,1,Driver Rider,1: PDO,No Control,,,1325983.94,1662594.81,1.32598E+13
2019-3029-8/07/2020,2 Metropolitan,GOULD CREEK,5114,CITY OF TEA TREE GULLY,2,1,0,0,1,2019,March,Friday,3:30 PM,80,Not Divided,"CURVED, VIEW OBSCURED",Level,Not Applicable,Sealed,Wet,Raining,Daylight,Hit Fixed Object,1,Driver Rider,2: MI,No Control,,,1343448.89,1688589.2,1.34345E+13
2019-3030-8/07/2020,3 Country,NANTAWARRA,5550,WAKEFIELD REGIONAL COUNCIL,2,0,0,0,0,2019,March,Friday,2:30 PM,110,Not Divided,Straight road,Level,Not Applicable,Sealed,Dry,Not Raining,Daylight,Rear End,2,Driver Rider,1: PDO,No Control,,,1296333.38,1772802.39,1.29633E+13
2019-3031-8/07/2020,2 Metropolitan,WOODVILLE SOUTH,5011,CITY OF CHARLES STURT,2,0,0,0,0,2019,March,Friday,7:25 AM,60,T-Junction,Straight road,Level,Not Applicable,Sealed,Dry,Not Raining,Daylight,Rear End,2,Driver Rider,1: PDO,Give Way Sign,,,1323024.53,1675577.53,1.32303E+13
2019-3032-8/07/2020,2 Metropolitan,LOBETHAL,5241,THE ADELAIDE HILLS COUNCIL,4,0,0,0,0,2019,March,Friday,2:55 PM,60,Not Divided,Straight road,Slope,Driveway or Entrance,Sealed,Dry,Not Raining,Daylight,Hit Fixed Object,1,Driver Rider,1: PDO,No Control,,,1353964.72,1671195.38,1.35397E+13
2019-3033-8/07/2020,2 Metropolitan,DRY CREEK,5094,CITY OF SALISBURY,2,0,0,0,0,2019,March,Friday,6:45 AM,90,Divided Road,Straight road,Level,Not Applicable,Sealed,Dry,Not Raining,Night,Rear End,2,Driver Rider,1: PDO,No Control,,,1328351.6,1682887.8,1.32835E+13
2019-3034-8/07/2020,2 Metropolitan,MANSFIELD PARK,5012,CITY OF PORT ADELAIDE ENFIELD,2,0,0,0,0,2019,March,Friday,4:15 PM,50,Not Divided,Straight road,Level,Driveway or Entrance,Sealed,Dry,Not Raining,Daylight,Right Angle,2,Driver Rider,1: PDO,No Control,,,1324130.06,1678630.85,1.32413E+13
2019-3035-8/07/2020,3 Country,PORT WAKEFIELD,5550,WAKEFIELD REGIONAL COUNCIL,1,0,0,0,0,2019,March,Friday,11:10 AM,110,Not Divided,Straight road,Level,Not Applicable,Sealed,Dry,Not Raining,Daylight,Roll Over,1,Driver Rider,1: PDO,No Control,,,1292310.61,1759006.13,1.29231E+13
2019-3036-8/07/2020,2 Metropolitan,BRIGHTON,5048,CITY OF HOLDFAST BAY,2,0,0,0,0,2019,March,Friday,5:05 PM,60,Cross Road,Straight road,Level,Not Applicable,Sealed,Dry,Not Raining,Daylight,Right Turn,1,Driver Rider,1: PDO,Traffic Signals,,,1321148.27,1660553.89,1.32115E+13
2019-3037-8/07/2020,2 Metropolitan,MODBURY,5092,CITY OF TEA TREE GULLY,2,0,0,0,0,2019,March,Friday,4:40 PM,60,Not Divided,Straight road,Slope,Driveway or Entrance,Sealed,Dry,Not Raining,Daylight,Right Angle,2,Driver Rider,1: PDO,No Control,,,1337581.93,1680643.04,1.33758E+13
2019-3038-8/07/2020,2 Metropolitan,FINDON,5023,CITY OF CHARLES STURT,2,0,0,0,0,2019,March,Friday,3:15 PM,50,Not Divided,Straight road,Level,Not Applicable,Sealed,Dry,Not Raining,Daylight,Hit Pedestrian,1,Driver Rider,1: PDO,No Control,,,1321983.46,1674345.11,1.32198E+13
2019-3039-8/07/2020,2 Metropolitan,KLEMZIG,5087,CITY OF PORT ADELAIDE ENFIELD,2,1,0,0,1,2019,March,Friday,4:20 PM,60,Cross Road,Straight road,Level,Not Applicable,Sealed,Dry,Not Raining,Daylight,Right Turn,1,Driver Rider,2: MI,Traffic Signals,,,1332072.8,1676595.28,1.33207E+13
2019-3040-8/07/2020,2 Metropolitan,FELIXSTOW,5070,"CC OF NORWOOD,PAYNEHAM & ST PETERS",2,0,0,0,0,2019,March,Friday,3:15 PM,60,T-Junction,Straight road,Level,Not Applicable,Sealed,Dry,Not Raining,Daylight,Right Angle,2,Driver Rider,1: PDO,No Control,,,1332333.32,1674280.97,1.33233E+13
2019-3041-8/07/2020,2 Metropolitan,STURT,5047,CC MARION.                    ,2,1,0,0,1,2019,March,Thursday,7:30 PM,60,Cross Road,Straight road,Level,Not Applicable,Sealed,Dry,Not Raining,Night,Rear End,2,Driver Rider,2: MI,Traffic Signals,,,1324418.54,1660680,1.32442E+13
2019-3042-8/07/2020,1 City,ADELAIDE,5000,CITY OF ADELAIDE,3,1,0,0,1,2019,March,Friday,5:52 PM,60,Divided Road,Straight road,Level,Not Applicable,Sealed,Dry,Not Raining,Daylight,Rear End,1,Driver Rider,2: MI,No Control,,,1327380.48,1670545.26,1.32738E+13
2019-3043-8/07/2020,2 Metropolitan,LINDEN PARK,5065,CITY OF BURNSIDE,2,0,0,0,0,2019,March,Friday,4:35 PM,60,Divided Road,Straight road,Level,Not Applicable,Sealed,Dry,Not Raining,Daylight,Side Swipe,2,Driver Rider,1: PDO,No Control,,,1332312.9,1669024.1,1.33231E+13
2019-3044-8/07/2020,2 Metropolitan,SALISBURY NORTH,5108,CITY OF SALISBURY,4,0,0,0,0,2019,March,Friday,5:55 PM,60,Not Divided,Straight road,Level,Not Applicable,Sealed,Dry,Not Raining,Daylight,Rear End,1,Driver Rider,1: PDO,No Control,,,1330179.73,1690804.63,1.33018E+13
2019-3045-8/07/2020,2 Metropolitan,GOLDEN GROVE,5125,CITY OF TEA TREE GULLY,2,7,0,0,7,2019,March,Friday,5:55 PM,60,Cross Road,Straight road,Slope,Not Applicable,Sealed,Dry,Not Raining,Daylight,Right Turn,2,Driver Rider,2: MI,Traffic Signals,,,1337848.99,1685515,1.33785E+13
2019-3046-8/07/2020,2 Metropolitan,FLAGSTAFF HILL,5159,CITY OF ONKAPARINGA,2,0,0,0,0,2019,March,Friday,6:48 PM,60,Not Divided,Straight road,Level,Not Applicable,Sealed,Dry,Not Raining,Daylight,Side Swipe,1,Driver Rider,1: PDO,No Control,,,1326826.6,1657025.29,1.32683E+13
2019-3047-8/07/2020,2 Metropolitan,INGLE FARM,5098,CITY OF SALISBURY,3,1,0,0,1,2019,March,Friday,6:09 PM,60,T-Junction,Straight road,Level,Not Applicable,Sealed,Dry,Not Raining,Daylight,Rear End,1,Driver Rider,2: MI,Traffic Signals,,,1333095.45,1681419.02,1.3331E+13
2019-3048-8/07/2020,2 Metropolitan,TRINITY GARDENS,5068,"CC OF NORWOOD,PAYNEHAM & ST PETERS",3,0,0,0,0,2019,March,Friday,4:49 PM,60,Not Divided,Straight road,Level,Not Applicable,Sealed,Dry,Not Raining,Daylight,Rear End,1,Driver Rider,1: PDO,No Control,,,1332270.51,1671762.55,1.33227E+13
2019-3049-8/07/2020,2 Metropolitan,HAZELWOOD PARK,5066,CITY OF BURNSIDE,2,0,0,0,0,2019,March,Friday,6:58 PM,60,Divided Road,Straight road,Level,Not Applicable,Sealed,Wet,Raining,Daylight,Hit Parked Vehicle,2,Driver Rider,1: PDO,No Control,,,1333860.36,1669100.17,1.33386E+13
2019-3050-8/07/2020,2 Metropolitan,ELIZABETH SOUTH,5112,CITY OF PLAYFORD.,2,1,0,0,1,2019,March,Friday,11:15 PM,60,Cross Road,Straight road,Level,Not Applicable,Sealed,Dry,Not Raining,Night,Right Turn,2,Driver Rider,2: MI,Traffic Signals,Y,,1334852.25,1691772.94,1.33485E+13
2019-3051-8/07/2020,2 Metropolitan,BEVERLEY,5009,CITY OF CHARLES STURT,2,1,0,0,1,2019,March,Friday,11:00 PM,50,Not Divided,Straight road,Level,Driveway or Entrance,Sealed,Dry,Not Raining,Night,Hit Fixed Object,1,Driver Rider,2: MI,No Control,,,1323919.63,1674672.9,1.32392E+13
2019-3052-8/07/2020,2 Metropolitan,PAYNEHAM,5070,"CC OF NORWOOD,PAYNEHAM & ST PETERS",2,0,0,0,0,2019,March,Friday,9:45 AM,60,Divided Road,Straight road,Level,Not Applicable,Sealed,Dry,Not Raining,Daylight,Side Swipe,1,Driver Rider,1: PDO,No Control,,,1332183.49,1673646.12,1.33218E+13
2019-3053-8/07/2020,2 Metropolitan,PORT ADELAIDE,5015,CITY OF PORT ADELAIDE ENFIELD,2,1,0,0,1,2019,March,Friday,5:50 PM,60,Cross Road,Straight road,Level,Not Applicable,Sealed,Dry,Not Raining,Daylight,Rear End,2,Driver Rider,2: MI,Traffic Signals,,,1320480.87,1679082.5,1.32048E+13
2019-3054-8/07/2020,2 Metropolitan,MAWSON LAKES,5095,CITY OF SALISBURY,2,0,0,0,0,2019,March,Friday,6:10 PM,50,Divided Road,Straight road,Level,Not Applicable,Sealed,Dry,Not Raining,Daylight,Side Swipe,1,Driver Rider,1: PDO,No Control,,,1330091.95,1681980.12,1.33009E+13
2019-3055-8/07/2020,2 Metropolitan,ST MARYS,5042,CC MITCHAM.                   ,2,0,0,0,0,2019,March,Saturday,10:30 AM,60,Divided Road,Straight road,Level,Not Applicable,Sealed,Dry,Not Raining,Daylight,Rear End,2,Driver Rider,1: PDO,No Control,,,1325998.48,1662088.85,1.326E+13
2019-3056-8/07/2020,2 Metropolitan,KILBURN,5084,CITY OF PORT ADELAIDE ENFIELD,2,0,0,0,0,2019,March,Saturday,10:40 AM,60,T-Junction,Straight road,Level,Not Applicable,Sealed,Wet,Not Raining,Daylight,Right Turn,2,Driver Rider,1: PDO,Traffic Signals,,,1327206.14,1677437.48,1.32721E+13
2019-3057-8/07/2020,2 Metropolitan,WOODVILLE SOUTH,5011,CITY OF CHARLES STURT,2,0,0,0,0,2019,March,Saturday,6:30 AM,60,T-Junction,Straight road,Level,Not Applicable,Sealed,Dry,Not Raining,Night,Right Angle,1,Driver Rider,1: PDO,No Control,,,1323230.67,1675400.11,1.32323E+13
2019-3058-8/07/2020,2 Metropolitan,ELIZABETH SOUTH,5112,CITY OF PLAYFORD.,2,1,0,0,1,2019,March,Friday,12:30 PM,60,Divided Road,Straight road,Level,Not Applicable,Sealed,Dry,Not Raining,Daylight,Side Swipe,1,Driver Rider,2: MI,No Control,,,1334433.1,1690698.77,1.33443E+13
2019-3059-8/07/2020,2 Metropolitan,WARRADALE,5046,CC MARION.                    ,2,1,0,0,1,2019,March,Saturday,10:10 AM,60,Not Divided,Straight road,Level,Driveway or Entrance,Sealed,Dry,Not Raining,Daylight,Right Turn,2,Driver Rider,2: MI,No Control,,,1322614.82,1661715.21,1.32262E+13
2019-3060-8/07/2020,2 Metropolitan,CAMPBELLTOWN,5074,CC CAMPBELLTOWN.              ,2,0,0,0,0,2019,March,Saturday,11:20 AM,60,T-Junction,"CURVED, VIEW OPEN",Level,Not Applicable,Sealed,Dry,Not Raining,Daylight,Right Turn,1,Driver Rider,1: PDO,No Control,,,1335385.63,1675644.18,1.33539E+13
2019-3061-8/07/2020,2 Metropolitan,PARA HILLS,5096,CITY OF SALISBURY,2,0,0,0,0,2019,March,Saturday,12:44 PM,60,Divided Road,Straight road,Level,Not Applicable,Sealed,Dry,Not Raining,Daylight,Side Swipe,2,Driver Rider,1: PDO,No Control,,,1333353.95,1683602.11,1.33335E+13
2019-3062-8/07/2020,2 Metropolitan,GLOBE DERBY PARK,5110,CITY OF SALISBURY,2,0,0,0,0,2019,March,Saturday,11:45 AM,90,Divided Road,Straight road,Level,Not Applicable,Sealed,Dry,Not Raining,Daylight,Hit Fixed Object,1,Driver Rider,1: PDO,No Control,,,1328659.31,1685830.9,1.32866E+13
2019-3063-8/07/2020,2 Metropolitan,OLD REYNELLA,5161,CITY OF ONKAPARINGA,2,0,0,0,0,2019,March,Saturday,10:25 AM,50,Not Divided,Straight road,Level,Driveway or Entrance,Sealed,Dry,Not Raining,Daylight,Rear End,1,Driver Rider,1: PDO,No Control,,,1322389.11,1652221.85,1.32239E+13
2019-3064-8/07/2020,2 Metropolitan,KENT TOWN,5067,"CC OF NORWOOD,PAYNEHAM & ST PETERS",2,1,0,0,1,2019,March,Saturday,12:22 PM,50,Not Divided,Straight road,Level,Not Applicable,Sealed,Wet,Raining,Daylight,Side Swipe,1,Driver Rider,2: MI,No Control,,,1330451.18,1671346.87,1.33045E+13
2019-3065-8/07/2020,2 Metropolitan,NOARLUNGA DOWNS,5168,CITY OF ONKAPARINGA,3,0,0,0,0,2019,March,Saturday,11:30 AM,40,Not Divided,Straight road,Level,Driveway or Entrance,Sealed,Dry,Not Raining,Daylight,Right Angle,2,Driver Rider,1: PDO,No Control,,,1317813.65,1646701.86,1.31781E+13
2019-3066-8/07/2020,2 Metropolitan,PROSPECT,5082,CITY OF PROSPECT,2,0,0,0,0,2019,March,Saturday,10:20 AM,50,T-Junction,Straight road,Level,Not Applicable,Sealed,Wet,Not Raining,Daylight,Right Angle,1,Driver Rider,1: PDO,No Control,,,1328057.62,1676624.1,1.32806E+13
2019-3067-8/07/2020,1 City,ADELAIDE,5000,CITY OF ADELAIDE,2,0,0,0,0,2019,March,Saturday,2:20 PM,50,Cross Road,Straight road,Level,Not Applicable,Sealed,Dry,Not Raining,Daylight,Right Turn,1,Driver Rider,1: PDO,Traffic Signals,,,1329570.16,1670701.85,1.32957E+13
2019-3068-8/07/2020,2 Metropolitan,CHRISTIE DOWNS,5164,CITY OF ONKAPARINGA,2,0,0,0,0,2019,March,Saturday,3:20 PM,60,T-Junction,Straight road,Level,Not Applicable,Sealed,Dry,Not Raining,Daylight,Right Angle,2,Driver Rider,1: PDO,No Control,,,1318034.7,1647451.26,1.31804E+13
2019-3069-8/07/2020,2 Metropolitan,ELIZABETH,5112,CITY OF PLAYFORD.,2,1,0,0,1,2019,March,Saturday,3:00 PM,60,Not Divided,"CURVED, VIEW OPEN",Level,Driveway or Entrance,Sealed,Dry,Not Raining,Daylight,Right Angle,2,Driver Rider,2: MI,No Control,,,1335664.38,1693208.17,1.33566E+13
2019-3070-8/07/2020,2 Metropolitan,LINDEN PARK,5065,CITY OF BURNSIDE,3,3,0,0,3,2019,March,Saturday,3:15 PM,60,Divided Road,Straight road,Level,Driveway or Entrance,Sealed,Dry,Not Raining,Daylight,Rear End,1,Driver Rider,2: MI,No Control,,,1332320.07,1668987.94,1.33232E+13
2019-3071-8/07/2020,2 Metropolitan,TORRENSVILLE,5031,CITY OF WEST TORRENS,2,0,0,0,0,2019,March,Saturday,3:50 PM,60,Cross Road,Straight road,Level,Not Applicable,Sealed,Dry,Not Raining,Daylight,Right Angle,1,Driver Rider,1: PDO,Stop Sign,,,1325643.75,1671458.47,1.32564E+13
2019-3072-8/07/2020,2 Metropolitan,MAWSON LAKES,5095,CITY OF SALISBURY,4,1,0,1,0,2019,March,Saturday,1:10 PM,80,Divided Road,Straight road,Level,Not Applicable,Sealed,Dry,Not Raining,Daylight,Rear End,1,Driver Rider,3: SI,No Control,,,1328656.96,1684668.72,1.32866E+13
2019-3073-8/07/2020,2 Metropolitan,PARAFIELD GARDENS,5107,CITY OF SALISBURY,2,0,0,0,0,2019,March,Saturday,2:30 PM,50,Not Divided,Straight road,Level,Not Applicable,Sealed,Dry,Not Raining,Daylight,Hit Parked Vehicle,1,Driver Rider,1: PDO,No Control,,,1331573.99,1686558.57,1.33157E+13
2019-3074-8/07/2020,1 City,ADELAIDE,5000,CITY OF ADELAIDE,2,0,0,0,0,2019,March,Saturday,3:30 PM,50,Divided Road,Straight road,Crest of Hill,Not Applicable,Sealed,Dry,Not Raining,Daylight,Side Swipe,1,Driver Rider,1: PDO,No Control,,,1328466.04,1671154.03,1.32847E+13