REPORT_ID,Stats Area,Suburb,Postcode,LGA Name,Total Units,Total Cas,Total Fats,Total SI,Total MI,Year,Month,Day,Time,Area Speed,Position Type,Horizontal Align,Vertical Align,Other Feat,Road Surface,Moisture Cond,Weather Cond,DayNight,Crash Type,Unit Resp,Entity Code,CSEF Severity,Traffic Ctrls,DUI Involved,Drugs Involved,ACCLOC_X,ACCLOC_Y,UNIQUE_LOC
2019-3238-8/07/2020,2 Metropolitan,PROSPECT,5082,CITY OF PROSPECT,2,0,0,0,0,2019,April,Thursday,11:00 AM,60,Cross Road,Straight road,Level,Not Applicable,Sealed,Dry,Not Raining,Daylight,Right Turn,1,Driver Rider,1: PDO,Traffic Signals,,,1327235.97,1676403.16,1.32724E+13
2019-3239-8/07/2020,2 Metropolitan,SOMERTON PARK,5044,CITY OF HOLDFAST BAY,2,1,0,0,1,2019,April,Thursday,12:50 PM,50,T-Junction,Straight road,Level,Not Applicable,Sealed,Dry,Not Raining,Daylight,Right Angle,2,Driver Rider,2: MI,Give Way Sign,,,1320670.73,1663040.92,1.32067E+13
2019-3240-8/07/2020,2 Metropolitan,WINGFIELD,5013,CITY OF PORT ADELAIDE ENFIELD,2,1,0,0,1,2019,April,Thursday,1:20 PM,60,T-Junction,Straight road,Level,Not Applicable,Sealed,Dry,Not Raining,Daylight,Rear End,1,Driver Rider,2: MI,Give Way Sign,,,1325951.92,1679196.02,1.32595E+13
2019-3241-8/07/2020,3 Country,COBDOGLA,5346,THE BERRI BARMERA COUNCIL,2,0,0,0,0,2019,April,Wednesday,1:50 PM,90,Not Divided,Straight road,Level,Not Applicable,Sealed,Dry,Not Raining,Daylight,Side Swipe,2,Driver Rider,1: PDO,No Control,,,1498007.02,1738934.01,1.49801E+13
2019-3242-8/07/2020,2 Metropolitan,SALISBURY EAST,5109,CITY OF SALISBURY,2,0,0,0,0,2019,April,Thursday,2:00 PM,80,Divided Road,"CURVED, VIEW OBSCURED",Slope,Not Applicable,Sealed,Dry,Not Raining,Daylight,Side Swipe,2,Driver Rider,1: PDO,No Control,,,1336545.02,1686486.95,1.33655E+13
2019-3243-8/07/2020,2 Metropolitan,GILLMAN,5013,CITY OF PORT ADELAIDE ENFIELD,1,0,0,0,0,2019,April,Thursday,1:15 PM,60,Cross Road,Straight road,Level,Not Applicable,Sealed,Dry,Not Raining,Daylight,Other,1,Driver Rider,1: PDO,Traffic Signals,,,1322189.88,1680347.79,1.32219E+13
2019-3244-8/07/2020,2 Metropolitan,REGENCY PARK,5010,CITY OF PORT ADELAIDE ENFIELD,2,0,0,0,0,2019,April,Thursday,3:00 PM,60,Cross Road,Straight road,Level,Not Applicable,Sealed,Dry,Not Raining,Daylight,Rear End,2,Driver Rider,1: PDO,Traffic Signals,,,1326053.02,1676376.71,1.32605E+13
2019-3245-8/07/2020,2 Metropolitan,BASKET RANGE,5138,THE ADELAIDE HILLS COUNCIL,2,1,0,1,0,2019,April,Thursday,12:50 PM,80,Not Divided,"CURVED, VIEW OBSCURED",Slope,Not Applicable,Sealed,Dry,Not Raining,Daylight,Head On,1,Driver Rider,3: SI,No Control,,,1344965.59,1668397.05,1.34497E+13
2019-3246-8/07/2020,2 Metropolitan,MAWSON LAKES,5095,CITY OF SALISBURY,2,2,0,0,2,2019,April,Thursday,3:45 PM,70,Divided Road,Straight road,Level,Not Applicable,Sealed,Dry,Not Raining,Daylight,Rear End,2,Driver Rider,2: MI,No Control,,,1329771.11,1684340.7,1.32977E+13
2019-3247-8/07/2020,2 Metropolitan,ELIZABETH PARK,5113,CITY OF PLAYFORD.,2,1,0,0,1,2019,April,Thursday,4:12 PM,80,Cross Road,Straight road,Level,Not Applicable,Sealed,Dry,Not Raining,Daylight,Hit Pedestrian,2,Pedestrian,2: MI,Traffic Signals,Y,,1335939.12,1693257.92,1.33594E+13
2019-3248-8/07/2020,2 Metropolitan,ELIZABETH GROVE,5112,CITY OF PLAYFORD.,2,1,0,0,1,2019,April,Thursday,2:37 PM,80,Divided Road,Straight road,Level,Not Applicable,Sealed,Dry,Not Raining,Daylight,Hit Fixed Object,1,Driver Rider,2: MI,No Control,,,1336115.52,1691645.12,1.33612E+13
2019-3249-8/07/2020,3 Country,MOUNT GAMBIER,5290,CC MT.GAMBIER.                ,2,0,0,0,0,2019,April,Thursday,4:45 PM,60,T-Junction,Straight road,Level,Not Applicable,Sealed,Dry,Not Raining,Daylight,Right Angle,1,Driver Rider,1: PDO,Give Way Sign,,,1511703.64,1339414.03,1.5117E+13
2019-3250-8/07/2020,2 Metropolitan,MARION,5043,CC MARION.                    ,2,0,0,0,0,2019,April,Thursday,4:45 PM,50,Not Divided,Straight road,Level,Not Applicable,Sealed,Dry,Not Raining,Daylight,Hit Parked Vehicle,1,Driver Rider,1: PDO,No Control,,,1323877.43,1661573.87,1.32388E+13
2019-3251-8/07/2020,1 City,ADELAIDE,5000,CITY OF ADELAIDE,2,0,0,0,0,2019,April,Thursday,5:00 PM,50,Not Divided,Straight road,Level,Not Applicable,Sealed,Dry,Not Raining,Daylight,Side Swipe,2,Driver Rider,1: PDO,No Control,,,1328092.75,1669712.46,1.32809E+13
2019-3252-8/07/2020,2 Metropolitan,MOUNT BARKER,5251,DC MT.BARKER.                 ,2,0,0,0,0,2019,April,Thursday,5:30 PM,60,Cross Road,Straight road,Level,Not Applicable,Sealed,Dry,Not Raining,Daylight,Right Angle,1,Driver Rider,1: PDO,Roundabout,,,1351901.57,1653063.6,1.3519E+13
2019-3253-8/07/2020,2 Metropolitan,PARAFIELD GARDENS,5107,CITY OF SALISBURY,2,0,0,0,0,2019,April,Thursday,5:00 PM,60,Divided Road,Straight road,Level,Not Applicable,Sealed,Dry,Not Raining,Daylight,Hit Pedestrian,2,Pedestrian,1: PDO,No Control,,,1330659.08,1685831.54,1.33066E+13
2019-3254-8/07/2020,2 Metropolitan,POORAKA,5095,CITY OF SALISBURY,2,0,0,0,0,2019,April,Thursday,5:19 PM,70,T-Junction,Straight road,Level,Not Applicable,Sealed,Dry,Not Raining,Daylight,Right Turn,1,Driver Rider,1: PDO,No Control,,,1330901.74,1681830.98,1.3309E+13
2019-3255-8/07/2020,2 Metropolitan,WEST CROYDON,5008,CITY OF CHARLES STURT,2,0,0,0,0,2019,April,Thursday,5:50 PM,50,Cross Road,Straight road,Level,Not Applicable,Sealed,Dry,Not Raining,Daylight,Right Angle,1,Driver Rider,1: PDO,Give Way Sign,,,1324444.89,1675167.62,1.32445E+13
2019-3256-8/07/2020,2 Metropolitan,MAWSON LAKES,5095,CITY OF SALISBURY,2,0,0,0,0,2019,April,Thursday,7:18 PM,80,Divided Road,Straight road,Level,Not Applicable,Sealed,Dry,Not Raining,Night,Side Swipe,2,Driver Rider,1: PDO,No Control,,,1328704.58,1683017.74,1.32871E+13
2019-3257-8/07/2020,1 City,NORTH ADELAIDE,5006,CITY OF ADELAIDE,2,0,0,0,0,2019,April,Thursday,8:30 PM,60,Cross Road,"CURVED, VIEW OBSCURED",Level,Not Applicable,Sealed,Dry,Not Raining,Night,Hit Pedestrian,2,Pedestrian,1: PDO,Traffic Signals,,,1327899.7,1671597.52,1.3279E+13
2019-3258-8/07/2020,3 Country,WELLINGTON,5259,RC MURRAY BRIDGE.             ,2,0,0,0,0,2019,April,Thursday,8:45 PM,80,Not Divided,Straight road,Slope,Not Applicable,Sealed,Dry,Not Raining,Night,Hit Animal,2,Animal,1: PDO,No Control,,,1397510.38,1622964.94,1.39751E+13
2019-3259-8/07/2020,3 Country,PORT AUGUSTA,5700,CC PT.AUGUSTA.                ,2,2,0,0,2,2019,April,Thursday,9:35 PM,50,Cross Road,Straight road,Bottom of Hill,Not Applicable,Sealed,Dry,Not Raining,Night,Right Angle,1,Driver Rider,2: MI,Give Way Sign,,,1259219.01,1942479.84,1.25922E+13
2019-3260-8/07/2020,3 Country,MURRAY BRIDGE,5253,RC MURRAY BRIDGE.             ,2,1,0,0,1,2019,April,Friday,1:45 AM,110,Freeway,Straight road,Level,Not Applicable,Sealed,Dry,Not Raining,Night,Hit Fixed Object,1,Driver Rider,2: MI,No Control,,,1389989.47,1643443.73,1.38999E+13
2019-3261-8/07/2020,2 Metropolitan,ROYSTON PARK,5070,"CC OF NORWOOD,PAYNEHAM & ST PETERS",2,0,0,0,0,2019,April,Friday,2:10 AM,60,Cross Road,Straight road,Level,Not Applicable,Sealed,Dry,Not Raining,Night,Hit Fixed Object,1,Driver Rider,1: PDO,Stop Sign,,,1331903.53,1673452.04,1.3319E+13
2019-3262-8/07/2020,2 Metropolitan,TORRENSVILLE,5031,CITY OF WEST TORRENS,2,0,0,0,0,2019,April,Friday,4:30 AM,60,Divided Road,Straight road,Level,Not Applicable,Sealed,Dry,Not Raining,Night,Hit Fixed Object,1,Driver Rider,1: PDO,No Control,,,1325326.34,1672248.43,1.32533E+13
2019-3263-8/07/2020,2 Metropolitan,LARGS BAY,5016,CITY OF PORT ADELAIDE ENFIELD,2,0,0,0,0,2019,April,Friday,4:20 AM,60,Divided Road,"CURVED, VIEW OPEN",Level,Not Applicable,Sealed,Dry,Not Raining,Night,Hit Pedestrian,2,Pedestrian,1: PDO,No Control,,,1319729.98,1682388.87,1.31973E+13
2019-3264-8/07/2020,2 Metropolitan,NORTH PLYMPTON,5037,CITY OF WEST TORRENS,3,0,0,0,0,2019,April,Friday,6:50 AM,60,Cross Road,Straight road,Level,Not Applicable,Sealed,Dry,Not Raining,Night,Right Angle,2,Driver Rider,1: PDO,Stop Sign,,,1324217.15,1667394.67,1.32422E+13
2019-3265-8/07/2020,2 Metropolitan,MARION,5043,CC MARION.                    ,3,0,0,0,0,2019,April,Friday,7:00 AM,60,T-Junction,Straight road,Level,Not Applicable,Sealed,Dry,Not Raining,Night,Right Turn,2,Driver Rider,1: PDO,No Control,,,1324364.77,1662037.27,1.32437E+13
2019-3266-8/07/2020,2 Metropolitan,ENFIELD,5085,CITY OF PORT ADELAIDE ENFIELD,2,0,0,0,0,2019,April,Thursday,6:00 PM,60,T-Junction,Straight road,Level,Not Applicable,Sealed,Dry,Not Raining,Daylight,Right Turn,2,Driver Rider,1: PDO,Stop Sign,,,1328859.45,1677079.43,1.32886E+13
2019-3267-8/07/2020,2 Metropolitan,BLACKWOOD,5051,CC MITCHAM.                   ,2,0,0,0,0,2019,April,Thursday,4:00 PM,50,Not Divided,Straight road,Level,Not Applicable,Sealed,Dry,Not Raining,Daylight,Rear End,2,Driver Rider,1: PDO,No Control,,,1329507.57,1660041.24,1.32951E+13
2019-3268-8/07/2020,2 Metropolitan,HOPE VALLEY,5090,CITY OF TEA TREE GULLY,2,0,0,0,0,2019,April,Friday,6:40 AM,60,T-Junction,Straight road,Level,Not Applicable,Unsealed,Dry,Not Raining,Night,Right Angle,2,Driver Rider,1: PDO,No Control,,,1336259.03,1679443.22,1.33626E+13
2019-3269-8/07/2020,2 Metropolitan,NOARLUNGA DOWNS,5168,CITY OF ONKAPARINGA,3,2,0,1,1,2019,April,Thursday,1:35 PM,80,T-Junction,Straight road,Level,Not Applicable,Sealed,Dry,Not Raining,Daylight,Rear End,1,Driver Rider,3: SI,Traffic Signals,,,1319267.72,1644317.67,1.31927E+13
2019-3270-8/07/2020,2 Metropolitan,ADELAIDE AIRPORT,5950,CITY OF WEST TORRENS,2,1,0,0,1,2019,April,Friday,7:45 AM,50,Divided Road,Straight road,Level,Driveway or Entrance,Sealed,Dry,Not Raining,Daylight,Hit Pedestrian,1,Driver Rider,2: MI,No Control,,,1323031.53,1669899.15,1.32303E+13
2019-3271-8/07/2020,2 Metropolitan,MILE END,5031,CITY OF WEST TORRENS,3,4,0,0,4,2019,April,Friday,9:40 AM,60,T-Junction,Straight road,Level,Not Applicable,Sealed,Dry,Not Raining,Daylight,Rear End,1,Driver Rider,2: MI,No Control,,,1326418.42,1670992.64,1.32642E+13
2019-3272-8/07/2020,2 Metropolitan,EDWARDSTOWN,5039,CC MARION.                    ,3,0,0,0,0,2019,April,Friday,8:15 AM,50,Not Divided,Straight road,Level,Not Applicable,Sealed,Dry,Not Raining,Daylight,Hit Parked Vehicle,1,Driver Rider,1: PDO,No Control,,,1325410.32,1665405.33,1.32541E+13
2019-3273-8/07/2020,3 Country,YOUNGHUSBAND,5238,MID MURRAY DISTRICT COUNCIL,2,1,1,0,0,2019,April,Friday,8:14 AM,110,Not Divided,Straight road,Crest of Hill,Not Applicable,Sealed,Dry,Not Raining,Daylight,Side Swipe,1,Driver Rider,4: Fatal,No Control,,,1412324.75,1669865,1.41233E+13
2019-3274-8/07/2020,2 Metropolitan,SALISBURY DOWNS,5108,CITY OF SALISBURY,3,0,0,0,0,2019,April,Friday,10:51 AM,60,T-Junction,Straight road,Level,Not Applicable,Sealed,Dry,Not Raining,Daylight,Right Angle,1,Driver Rider,1: PDO,No Control,,,1332105.28,1687658.25,1.33211E+13
2019-3275-8/07/2020,2 Metropolitan,KILKENNY,5009,CITY OF CHARLES STURT,2,0,0,0,0,2019,April,Friday,7:30 AM,50,Cross Road,Straight road,Level,Not Applicable,Sealed,Dry,Not Raining,Daylight,Right Angle,1,Driver Rider,1: PDO,Give Way Sign,,,1324224.6,1675379.85,1.32423E+13
2019-3276-8/07/2020,1 City,ADELAIDE,5000,CITY OF ADELAIDE,2,0,0,0,0,2019,April,Friday,9:45 AM,50,Cross Road,Straight road,Level,Not Applicable,Sealed,Dry,Not Raining,Daylight,Right Angle,1,Driver Rider,1: PDO,Traffic Signals,,,1329224.36,1671166.59,1.32922E+13
2019-3277-8/07/2020,2 Metropolitan,KENTON VALLEY,5233,THE ADELAIDE HILLS COUNCIL,2,2,0,0,2,2019,April,Thursday,2:30 PM,100,T-Junction,Straight road,Level,Not Applicable,Sealed,Dry,Not Raining,Daylight,Rear End,2,Driver Rider,2: MI,Give Way Sign,,,1355615.56,1677639.94,1.35562E+13
2019-3278-8/07/2020,2 Metropolitan,YATTALUNGA,5114,CITY OF PLAYFORD.,1,0,0,0,0,2019,April,Thursday,10:30 AM,80,Not Divided,Straight road,Level,Not Applicable,Sealed,Dry,Not Raining,Daylight,Roll Over,1,Driver Rider,1: PDO,No Control,,,1344768.21,1696096.55,1.34477E+13
2019-3279-8/07/2020,2 Metropolitan,PAYNEHAM,5070,"CC OF NORWOOD,PAYNEHAM & ST PETERS",2,0,0,0,0,2019,April,Friday,6:20 AM,60,Cross Road,Straight road,Level,Not Applicable,Sealed,Dry,Not Raining,Night,Side Swipe,1,Driver Rider,1: PDO,Traffic Signals,,,1332169.16,1673780.95,1.33217E+13
2019-3280-8/07/2020,2 Metropolitan,PROSPECT,5082,CITY OF PROSPECT,2,1,0,1,0,2019,April,Friday,1:30 PM,50,T-Junction,Straight road,Level,Not Applicable,Sealed,Dry,Not Raining,Daylight,Right Angle,1,Driver Rider,3: SI,Stop Sign,,,1328094.13,1675151.96,1.32809E+13
2019-3281-8/07/2020,3 Country,PORT WAKEFIELD,5550,WAKEFIELD REGIONAL COUNCIL,1,0,0,0,0,2019,March,Sunday,4:45 PM,110,Not Divided,Straight road,Level,Not Applicable,Sealed,Dry,Not Raining,Daylight,Roll Over,1,Driver Rider,1: PDO,No Control,,,1290309.78,1755370.73,1.29031E+13
2019-3282-8/07/2020,2 Metropolitan,MILE END,5031,CITY OF WEST TORRENS,2,2,0,0,2,2019,April,Friday,2:38 PM,60,Divided Road,Straight road,Level,Not Applicable,Sealed,Dry,Not Raining,Daylight,Rear End,2,Driver Rider,2: MI,No Control,,,1325742.11,1670910.45,1.32574E+13
2019-3283-8/07/2020,2 Metropolitan,CHELTENHAM,5014,CITY OF CHARLES STURT,2,0,0,0,0,2019,April,Friday,4:15 PM,60,Multiple,Straight road,Level,Not Applicable,Sealed,Dry,Not Raining,Daylight,Right Turn,1,Driver Rider,1: PDO,Traffic Signals,,,1322282.82,1677760.1,1.32228E+13
2019-3284-8/07/2020,2 Metropolitan,SALISBURY,5108,CITY OF SALISBURY,2,0,0,0,0,2019,April,Friday,4:25 PM,50,T-Junction,Straight road,Level,Not Applicable,Sealed,Dry,Not Raining,Daylight,Rear End,2,Driver Rider,1: PDO,No Control,,,1331863.18,1687974.64,1.33186E+13
2019-3285-8/07/2020,2 Metropolitan,GOLDEN GROVE,5125,CITY OF TEA TREE GULLY,2,0,0,0,0,2019,April,Thursday,7:30 PM,60,Not Divided,"CURVED, VIEW OBSCURED",Level,Not Applicable,Sealed,Dry,Not Raining,Night,Hit Fixed Object,1,Driver Rider,1: PDO,No Control,,,1340810.57,1685601.89,1.34081E+13
2019-3286-8/07/2020,3 Country,CALTOWIE WEST,5490,NORTHERN AREAS DISTRICT COUNCIL,2,0,0,0,0,2019,April,Thursday,7:00 PM,110,Not Divided,"CURVED, VIEW OPEN",Level,Not Applicable,Sealed,Dry,Not Raining,Daylight,Hit Fixed Object,1,Driver Rider,1: PDO,No Control,,,1319922.78,1861694.9,1.31992E+13
2019-3287-8/07/2020,2 Metropolitan,ENFIELD,5085,CITY OF PORT ADELAIDE ENFIELD,2,0,0,0,0,2019,April,Friday,4:30 PM,60,T-Junction,Straight road,Level,Not Applicable,Sealed,Dry,Not Raining,Daylight,Right Turn,1,Driver Rider,1: PDO,No Control,,,1329039.94,1679271.97,1.32904E+13
2019-3288-8/07/2020,2 Metropolitan,LARGS BAY,5016,CITY OF PORT ADELAIDE ENFIELD,2,0,0,0,0,2019,April,Friday,6:40 AM,50,Not Divided,Straight road,Level,Not Applicable,Sealed,Dry,Not Raining,Night,Hit Parked Vehicle,1,Driver Rider,1: PDO,No Control,,,1319462.52,1681730.03,1.31946E+13
2019-3289-8/07/2020,2 Metropolitan,RICHMOND,5033,CITY OF WEST TORRENS,2,0,0,0,0,2019,April,Friday,5:09 PM,50,Not Divided,Straight road,Level,Driveway or Entrance,Sealed,Dry,Not Raining,Daylight,Right Angle,1,Driver Rider,1: PDO,No Control,,,1325033.56,1669834.1,1.32503E+13
2019-3290-8/07/2020,2 Metropolitan,FULHAM,5024,CITY OF WEST TORRENS,3,1,0,0,1,2019,April,Friday,2:10 PM,60,Divided Road,Straight road,Level,Not Applicable,Sealed,Dry,Not Raining,Daylight,Rear End,1,Driver Rider,2: MI,No Control,,,1320972.78,1670504.61,1.32097E+13
2019-3291-8/07/2020,2 Metropolitan,PARKSIDE,5063,CITY OF UNLEY,2,1,0,0,1,2019,April,Friday,5:43 PM,60,T-Junction,Straight road,Level,Not Applicable,Sealed,Dry,Not Raining,Daylight,Right Angle,1,Driver Rider,2: MI,No Control,,,1329072.39,1668463.91,1.32907E+13
2019-3292-8/07/2020,2 Metropolitan,NOARLUNGA CENTRE,5168,CITY OF ONKAPARINGA,2,0,0,0,0,2019,April,Friday,5:50 PM,60,Cross Road,Straight road,Level,Not Applicable,Sealed,Dry,Not Raining,Daylight,Right Turn,2,Driver Rider,1: PDO,Traffic Signals,,,1317352.6,1647424.58,1.31735E+13
2019-3293-8/07/2020,3 Country,BORDERTOWN,5268,DC TATIARA.                   ,2,0,0,0,0,2019,April,Friday,4:00 PM,50,Cross Road,Straight road,Level,Not Applicable,Sealed,Dry,Not Raining,Daylight,Right Angle,2,Driver Rider,1: PDO,Give Way Sign,,,1517208.12,1509002.58,1.51721E+13
2019-3294-8/07/2020,2 Metropolitan,PARALOWIE,5108,CITY OF SALISBURY,2,2,0,1,1,2019,April,Friday,4:20 PM,60,T-Junction,Straight road,Level,Not Applicable,Sealed,Dry,Not Raining,Daylight,Hit Pedestrian,1,Driver Rider,3: SI,Traffic Signals,,,1331003.78,1690149.8,1.331E+13
2019-3295-8/07/2020,2 Metropolitan,MORPHETT VALE,5162,CITY OF ONKAPARINGA,2,0,0,0,0,2019,April,Friday,7:53 PM,60,Not Divided,Straight road,Level,Not Applicable,Sealed,Dry,Not Raining,Night,Hit Parked Vehicle,1,Driver Rider,1: PDO,No Control,,,1321591.32,1651041.56,1.32159E+13
2019-3296-8/07/2020,2 Metropolitan,SALISBURY,5108,CITY OF SALISBURY,1,1,0,0,1,2019,April,Friday,8:20 PM,60,T-Junction,Straight road,Slope,Not Applicable,Sealed,Dry,Not Raining,Night,Roll Over,9,Other,2: MI,Stop Sign,,,1333598.3,1688752.7,1.3336E+13
2019-3297-8/07/2020,3 Country,GLOSSOP,5344,THE BERRI BARMERA COUNCIL,2,1,0,0,1,2019,April,Friday,6:30 PM,60,Cross Road,Straight road,Level,Not Applicable,Sealed,Dry,Not Raining,Daylight,Right Angle,2,Driver Rider,2: MI,Give Way Sign,,,1508537.44,1735229.52,1.50854E+13
2019-3298-8/07/2020,3 Country,PORT GERMEIN,5495,DC MT.REMARKABLE.             ,2,0,0,0,0,2019,April,Saturday,12:01 AM,110,Not Divided,Straight road,Level,Not Applicable,Sealed,Dry,Not Raining,Night,Hit Fixed Object,1,Driver Rider,1: PDO,No Control,,,1283265.13,1877985.02,1.28327E+13
2019-3299-8/07/2020,2 Metropolitan,UPPER STURT,5156,THE ADELAIDE HILLS COUNCIL,2,0,0,0,0,2019,April,Saturday,3:05 AM,60,Not Divided,"CURVED, VIEW OBSCURED",Slope,Not Applicable,Sealed,Dry,Not Raining,Night,Hit Fixed Object,1,Driver Rider,1: PDO,No Control,,,1336649.88,1660357.52,1.33665E+13
2019-3300-8/07/2020,2 Metropolitan,CAVAN,5094,CITY OF SALISBURY,2,1,0,0,1,2019,April,Saturday,4:25 AM,60,Not Divided,Straight road,Level,Not Applicable,Sealed,Dry,Not Raining,Night,Hit Pedestrian,2,Pedestrian,2: MI,No Control,,,1328514.66,1681302.61,1.32852E+13
2019-3301-8/07/2020,3 Country,MONARTO SOUTH,5254,RC MURRAY BRIDGE.             ,2,1,1,0,0,2019,April,Saturday,2:27 AM,110,Freeway,Straight road,Level,Not Applicable,Sealed,Dry,Not Raining,Night,Rear End,1,Driver Rider,4: Fatal,No Control,,,1373571.28,1646486.89,1.37357E+13
2019-3302-8/07/2020,2 Metropolitan,WINDSOR GARDENS,5087,CITY OF PORT ADELAIDE ENFIELD,2,0,0,0,0,2019,April,Saturday,7:08 AM,60,Divided Road,Straight road,Level,Not Applicable,Sealed,Dry,Not Raining,Night,Hit Parked Vehicle,1,Driver Rider,1: PDO,No Control,,,1333351.28,1677696.3,1.33335E+13
2019-3303-8/07/2020,2 Metropolitan,HACKNEY,5069,"CC OF NORWOOD,PAYNEHAM & ST PETERS",2,2,0,0,2,2019,April,Saturday,3:12 PM,60,Divided Road,Straight road,Level,Driveway or Entrance,Sealed,Dry,Not Raining,Daylight,Side Swipe,1,Driver Rider,2: MI,No Control,,,1329881.1,1671446.9,1.32988E+13
2019-3304-8/07/2020,3 Country,WILLUNGA HILL,5172,ALEXANDRINA COUNCIL,2,0,0,0,0,2019,April,Saturday,10:21 AM,100,Not Divided,Straight road,Crest of Hill,Not Applicable,Sealed,Dry,Not Raining,Daylight,Rear End,2,Driver Rider,1: PDO,No Control,,,1325363.19,1629739.71,1.32536E+13
2019-3305-8/07/2020,2 Metropolitan,HIGHBURY,5089,CITY OF TEA TREE GULLY,2,0,0,0,0,2019,April,Thursday,12:30 PM,50,Divided Road,Straight road,Level,Not Applicable,Sealed,Dry,Not Raining,Daylight,Hit Parked Vehicle,2,Driver Rider,1: PDO,No Control,,,1337243.37,1677994.12,1.33724E+13
2019-3306-8/07/2020,2 Metropolitan,EDINBURGH,5111,CITY OF SALISBURY,2,1,0,1,0,2019,April,Saturday,7:16 AM,60,T-Junction,Straight road,Level,Not Applicable,Sealed,Dry,Not Raining,Night,Hit Fixed Object,1,Driver Rider,3: SI,Roundabout,,Y,1332728.66,1692336.88,1.33273E+13
2019-3307-8/07/2020,1 City,ADELAIDE,5000,CITY OF ADELAIDE,2,0,0,0,0,2019,April,Friday,3:15 PM,50,Cross Road,Straight road,Level,Not Applicable,Sealed,Dry,Not Raining,Daylight,Rear End,2,Driver Rider,1: PDO,Traffic Signals,,,1329570.16,1670701.85,1.32957E+13
2019-3308-8/07/2020,1 City,NORTH ADELAIDE,5006,CITY OF ADELAIDE,3,1,1,0,0,2019,April,Saturday,11:05 AM,50,Not Divided,Straight road,Level,Driveway or Entrance,Sealed,Dry,Not Raining,Daylight,Hit Fixed Object,1,Driver Rider,4: Fatal,No Control,,,1328213.45,1672317.98,1.32821E+13
2019-3309-8/07/2020,2 Metropolitan,BEDFORD PARK,5042,CC MITCHAM.                   ,2,0,0,0,0,2019,April,Saturday,12:00 AM,50,T-Junction,Straight road,Slope,Not Applicable,Sealed,Dry,Not Raining,Night,Hit Fixed Object,1,Driver Rider,1: PDO,No Control,,,1324865.33,1659803.77,1.32487E+13
2019-3310-8/07/2020,2 Metropolitan,ELIZABETH,5112,CITY OF PLAYFORD.,3,0,0,0,0,2019,April,Saturday,11:00 AM,60,T-Junction,Straight road,Level,Not Applicable,Sealed,Dry,Not Raining,Daylight,Side Swipe,1,Driver Rider,1: PDO,No Control,,,1335483.17,1692885.83,1.33548E+13
2019-3311-8/07/2020,2 Metropolitan,PANORAMA,5041,CC MITCHAM.                   ,2,1,0,0,1,2019,April,Saturday,9:18 AM,60,T-Junction,Straight road,Level,Not Applicable,Sealed,Dry,Not Raining,Daylight,Hit Fixed Object,1,Driver Rider,2: MI,Traffic Signals,,,1327592.73,1663487.35,1.32759E+13
2019-3312-8/07/2020,2 Metropolitan,FLINDERS PARK,5025,CITY OF CHARLES STURT,3,1,0,0,1,2019,April,Saturday,12:13 PM,60,Divided Road,Straight road,Level,Not Applicable,Sealed,Dry,Not Raining,Daylight,Rear End,1,Driver Rider,2: MI,No Control,,,1323855.37,1672354.89,1.32386E+13
2019-3313-8/07/2020,2 Metropolitan,HIGHBURY,5089,CITY OF TEA TREE GULLY,2,0,0,0,0,2019,April,Friday,9:30 PM,50,Not Divided,Straight road,Level,Not Applicable,Sealed,Dry,Not Raining,Night,Hit Parked Vehicle,2,Driver Rider,1: PDO,No Control,,,1336750.43,1677768.83,1.33675E+13
2019-3314-8/07/2020,2 Metropolitan,KILBURN,5084,CITY OF PORT ADELAIDE ENFIELD,2,0,0,0,0,2019,April,Saturday,12:32 PM,50,T-Junction,Straight road,Level,Not Applicable,Sealed,Dry,Not Raining,Daylight,Right Angle,2,Driver Rider,1: PDO,Stop Sign,,,1328039.33,1677290.87,1.32804E+13
2019-3315-8/07/2020,2 Metropolitan,MUNNO PARA,5115,CITY OF PLAYFORD.,2,0,0,0,0,2019,April,Saturday,12:45 PM,80,Cross Road,Straight road,Level,Not Applicable,Sealed,Dry,Not Raining,Daylight,Rear End,2,Driver Rider,1: PDO,Traffic Signals,,,1338231.02,1697708.49,1.33823E+13
2019-3316-8/07/2020,2 Metropolitan,WALKERVILLE,5081,WALKERVILLE TOWN COUNCIL,2,0,0,0,0,2019,April,Saturday,12:37 PM,40,Not Divided,Straight road,Level,Not Applicable,Sealed,Dry,Not Raining,Daylight,Hit Pedestrian,1,Driver Rider,1: PDO,No Control,,,1330176.35,1673983.44,1.33018E+13
2019-3317-8/07/2020,2 Metropolitan,FERRYDEN PARK,5010,CITY OF PORT ADELAIDE ENFIELD,2,4,0,0,4,2019,April,Friday,9:03 PM,60,Divided Road,Straight road,Level,Not Applicable,Sealed,Dry,Not Raining,Night,Other,2,Driver Rider,2: MI,No Control,,,1325450.1,1676350.84,1.32545E+13
2019-3318-8/07/2020,2 Metropolitan,VERDUN,5245,THE ADELAIDE HILLS COUNCIL,2,0,0,0,0,2019,April,Saturday,11:00 AM,60,Not Divided,Straight road,Level,Driveway or Entrance,Sealed,Dry,Not Raining,Daylight,Rear End,1,Driver Rider,1: PDO,No Control,,,1345098.15,1660069.82,1.3451E+13