REPORT_ID,Stats Area,Suburb,Postcode,LGA Name,Total Units,Total Cas,Total Fats,Total SI,Total MI,Year,Month,Day,Time,Area Speed,Position Type,Horizontal Align,Vertical Align,Other Feat,Road Surface,Moisture Cond,Weather Cond,DayNight,Crash Type,Unit Resp,Entity Code,CSEF Severity,Traffic Ctrls,DUI Involved,Drugs Involved,ACCLOC_X,ACCLOC_Y,UNIQUE_LOC
2019-3319-8/07/2020,3 Country,PORT PIRIE SOUTH,5540,PT.PIRIE CITY & DIST. COUNCIL ,2,0,0,0,0,2019,April,Saturday,12:47 PM,50,Not Divided,Straight road,Level,Not Applicable,Sealed,Dry,Not Raining,Daylight,Hit Fixed Object,1,Driver Rider,1: PDO,No Control,,,1280281.17,1862788.96,1.28028E+13
2019-3320-8/07/2020,2 Metropolitan,WEST HINDMARSH,5007,CITY OF CHARLES STURT,2,2,0,0,2,2019,January,Tuesday,2:00 PM,60,Divided Road,Straight road,Level,Not Applicable,Sealed,Dry,Not Raining,Daylight,Rear End,2,Driver Rider,2: MI,No Control,,,1325000.89,1673873.93,1.325E+13
2019-3321-8/07/2020,3 Country,WHYALLA,5600,CC WHYALLA.                   ,2,2,0,0,2,2019,April,Saturday,12:10 PM,20,T-Junction,Straight road,Level,Not Applicable,Sealed,Dry,Not Raining,Daylight,Hit Fixed Object,1,Driver Rider,2: MI,No Control,,,1240771.14,1881869.93,1.24077E+13
2019-3322-8/07/2020,2 Metropolitan,GLENELG,5045,CITY OF HOLDFAST BAY,2,0,0,0,0,2019,March,Friday,2:55 PM,40,One Way,Straight road,Level,Not Applicable,Sealed,Dry,Not Raining,Daylight,Hit Parked Vehicle,2,Driver Rider,1: PDO,No Control,,,1320672.57,1664830.22,1.32067E+13
2019-3323-8/07/2020,2 Metropolitan,GEPPS CROSS,5094,CITY OF PORT ADELAIDE ENFIELD,2,0,0,0,0,2019,April,Saturday,3:30 PM,70,T-Junction,Straight road,Level,Not Applicable,Sealed,Dry,Not Raining,Daylight,Rear End,2,Driver Rider,1: PDO,Traffic Signals,,,1329540.02,1680415.9,1.32954E+13
2019-3324-8/07/2020,3 Country,MINLATON,5575,YORKE PENINSULA COUNCIL,2,0,0,0,0,2019,April,Friday,11:30 AM,60,Not Divided,"CURVED, VIEW OBSCURED",Level,Not Applicable,Sealed,Dry,Not Raining,Daylight,Hit Fixed Object,1,Driver Rider,1: PDO,No Control,,,1237557.65,1690859.09,1.23756E+13
2019-3325-8/07/2020,2 Metropolitan,ALDGATE,5154,THE ADELAIDE HILLS COUNCIL,2,0,0,0,0,2019,April,Saturday,10:30 AM,60,Cross Road,"CURVED, VIEW OBSCURED",Level,Not Applicable,Sealed,Dry,Not Raining,Daylight,Right Angle,1,Driver Rider,1: PDO,No Control,,,1340752.34,1661826.64,1.34075E+13
2019-3326-8/07/2020,2 Metropolitan,PARADISE,5075,CC CAMPBELLTOWN.              ,2,0,0,0,0,2019,April,Saturday,4:58 PM,60,T-Junction,Straight road,Level,Not Applicable,Sealed,Dry,Not Raining,Daylight,Right Angle,2,Driver Rider,1: PDO,Stop Sign,,,1335499.58,1676611.29,1.3355E+13
2019-3327-8/07/2020,2 Metropolitan,BROOKLYN PARK,5032,CITY OF WEST TORRENS,2,1,0,0,1,2019,April,Saturday,5:25 PM,60,Divided Road,Straight road,Level,Not Applicable,Sealed,Dry,Not Raining,Daylight,Hit Fixed Object,1,Driver Rider,2: MI,No Control,,,1324119.85,1670640.58,1.32412E+13
2019-3328-8/07/2020,3 Country,HALLETT,5419,REGIONAL COUNCIL OF GOYDER,3,0,0,0,0,2019,April,Friday,5:20 PM,110,Not Divided,Straight road,Level,Not Applicable,Sealed,Dry,Not Raining,Daylight,Hit Fixed Object,1,Driver Rider,1: PDO,No Control,,,1360542.15,1842520.18,1.36054E+13
2019-3329-8/07/2020,2 Metropolitan,PARKSIDE,5063,CITY OF UNLEY,4,0,0,0,0,2019,April,Saturday,6:01 PM,60,Not Divided,Straight road,Level,Not Applicable,Sealed,Dry,Not Raining,Daylight,Rear End,1,Driver Rider,1: PDO,No Control,,,1329062.94,1668785.68,1.32906E+13
2019-3330-8/07/2020,2 Metropolitan,MORPHETT VALE,5162,CITY OF ONKAPARINGA,2,0,0,0,0,2019,April,Saturday,8:00 PM,60,Not Divided,Straight road,Slope,Driveway or Entrance,Sealed,Dry,Not Raining,Night,Rear End,2,Driver Rider,1: PDO,No Control,,,1321804.23,1649886.9,1.3218E+13
2019-3331-8/07/2020,2 Metropolitan,BRAHMA LODGE,5109,CITY OF SALISBURY,2,0,0,0,0,2019,April,Saturday,8:20 PM,80,Divided Road,Straight road,Level,Not Applicable,Sealed,Dry,Not Raining,Night,Rear End,2,Driver Rider,1: PDO,No Control,,,1334349.47,1686764.44,1.33435E+13
2019-3332-8/07/2020,2 Metropolitan,VIRGINIA,5120,CITY OF PLAYFORD.,2,0,0,0,0,2019,April,Saturday,8:40 PM,90,Not Divided,Straight road,Level,Not Applicable,Sealed,Dry,Not Raining,Night,Hit Fixed Object,1,Driver Rider,1: PDO,No Control,,,1327633.12,1701381.22,1.32763E+13
2019-3333-8/07/2020,2 Metropolitan,MAWSON LAKES,5095,CITY OF SALISBURY,2,0,0,0,0,2019,April,Saturday,5:00 PM,50,T-Junction,"CURVED, VIEW OPEN",Level,Not Applicable,Sealed,Dry,Not Raining,Daylight,Right Turn,1,Driver Rider,1: PDO,No Control,,,1329341.08,1682824.65,1.32934E+13
2019-3334-8/07/2020,2 Metropolitan,MODBURY,5092,CITY OF TEA TREE GULLY,1,0,0,0,0,2019,April,Saturday,10:27 PM,50,Not Divided,Straight road,Level,Not Applicable,Sealed,Dry,Not Raining,Night,Left Road - Out of Control,1,Driver Rider,1: PDO,No Control,,,1337430.4,1680212.5,1.33743E+13
2019-3335-8/07/2020,3 Country,GREENOCK,5360,LIGHT REGIONAL COUNCIL,2,1,0,0,1,2019,April,Sunday,1:15 AM,110,Divided Road,"CURVED, VIEW OPEN",Slope,"Bridge, Culvert, Causeway",Sealed,Dry,Not Raining,Night,Hit Fixed Object,1,Driver Rider,2: MI,No Control,Y,Y,1359308.48,1720378.94,1.35931E+13
2019-3336-8/07/2020,2 Metropolitan,PAYNEHAM,5070,"CC OF NORWOOD,PAYNEHAM & ST PETERS",2,0,0,0,0,2019,April,Sunday,3:45 AM,60,Cross Road,Straight road,Level,Not Applicable,Sealed,Dry,Not Raining,Night,Right Turn,1,Driver Rider,1: PDO,Traffic Signals,,,1332169.16,1673780.95,1.33217E+13
2019-3337-8/07/2020,2 Metropolitan,BELAIR,5052,CC MITCHAM.                   ,2,2,0,0,2,2019,April,Sunday,2:45 AM,60,Not Divided,"CURVED, VIEW OPEN",Slope,Not Applicable,Sealed,Dry,Not Raining,Night,Hit Fixed Object,1,Driver Rider,2: MI,No Control,,Y,1329484.45,1662268.48,1.32948E+13
2019-3338-8/07/2020,2 Metropolitan,STURT,5047,CC MARION.                    ,2,0,0,0,0,2019,April,Sunday,9:59 AM,60,Not Divided,Straight road,Level,Driveway or Entrance,Sealed,Dry,Not Raining,Daylight,Right Angle,2,Driver Rider,1: PDO,No Control,,,1323694.73,1659427.09,1.3237E+13
2019-3339-8/07/2020,2 Metropolitan,OTTOWAY,5013,CITY OF PORT ADELAIDE ENFIELD,4,3,0,0,3,2019,April,Sunday,10:15 AM,60,Cross Road,Straight road,Level,Not Applicable,Sealed,Dry,Not Raining,Daylight,Right Angle,2,Driver Rider,2: MI,Give Way Sign,,,1322902.28,1679362.03,1.3229E+13
2019-3340-8/07/2020,2 Metropolitan,PORT ADELAIDE,5015,CITY OF PORT ADELAIDE ENFIELD,3,0,0,0,0,2019,April,Sunday,10:10 AM,50,Divided Road,Straight road,Level,Not Applicable,Sealed,Dry,Not Raining,Daylight,Rear End,1,Driver Rider,1: PDO,No Control,,,1320187.22,1679975.11,1.32019E+13
2019-3341-8/07/2020,2 Metropolitan,INGLE FARM,5098,CITY OF SALISBURY,2,1,0,0,1,2019,April,Sunday,10:40 AM,60,T-Junction,Straight road,Slope,Not Applicable,Sealed,Dry,Not Raining,Daylight,Right Angle,2,Driver Rider,2: MI,No Control,,,1332014.26,1681649.92,1.33201E+13
2019-3342-8/07/2020,2 Metropolitan,ALBERTON,5014,CITY OF PORT ADELAIDE ENFIELD,2,0,0,0,0,2019,April,Saturday,6:00 AM,50,Cross Road,"CURVED, VIEW OPEN",Level,Not Applicable,Sealed,Dry,Not Raining,Night,Hit Fixed Object,1,Driver Rider,1: PDO,Roundabout,,,1321101.82,1678481.46,1.3211E+13
2019-3343-8/07/2020,2 Metropolitan,MODBURY NORTH,5092,CITY OF TEA TREE GULLY,2,1,0,0,1,2019,April,Saturday,9:50 PM,60,Cross Road,Straight road,Level,Not Applicable,Sealed,Dry,Not Raining,Night,Right Angle,2,Driver Rider,2: MI,Roundabout,,,1335688.29,1681182.79,1.33569E+13
2019-3344-8/07/2020,2 Metropolitan,TORRENSVILLE,5031,CITY OF WEST TORRENS,3,1,0,0,1,2019,April,Sunday,12:00 PM,60,Cross Road,Straight road,Level,Not Applicable,Sealed,Dry,Not Raining,Daylight,Rear End,1,Driver Rider,2: MI,Traffic Signals,,,1325436.2,1672006.42,1.32544E+13
2019-3345-8/07/2020,2 Metropolitan,HINDMARSH,5007,CITY OF CHARLES STURT,2,0,0,0,0,2019,April,Sunday,11:30 AM,60,Cross Road,Straight road,Level,Not Applicable,Sealed,Dry,Not Raining,Daylight,Rear End,2,Driver Rider,1: PDO,Traffic Signals,,,1326468.95,1672639.58,1.32647E+13
2019-3346-8/07/2020,2 Metropolitan,ELIZABETH,5112,CITY OF PLAYFORD.,2,0,0,0,0,2019,April,Sunday,12:45 PM,50,Divided Road,Straight road,Level,Not Applicable,Sealed,Dry,Not Raining,Daylight,Rear End,1,Driver Rider,1: PDO,No Control,,,1335299.64,1693240.7,1.3353E+13
2019-3347-8/07/2020,2 Metropolitan,TORRENSVILLE,5031,CITY OF WEST TORRENS,3,4,0,0,4,2019,April,Sunday,11:48 AM,60,Cross Road,Straight road,Level,Not Applicable,Sealed,Dry,Not Raining,Daylight,Rear End,1,Driver Rider,2: MI,Traffic Signals,,,1325436.2,1672006.42,1.32544E+13
2019-3348-8/07/2020,2 Metropolitan,MUNNO PARA,5115,CITY OF PLAYFORD.,2,0,0,0,0,2019,April,Thursday,2:29 PM,80,Divided Road,Straight road,Level,Not Applicable,Sealed,Dry,Not Raining,Daylight,Rear End,1,Driver Rider,1: PDO,No Control,,,1338194.48,1697683.67,1.33819E+13
2019-3349-8/07/2020,2 Metropolitan,MUNNO PARA,5115,CITY OF PLAYFORD.,2,1,0,0,1,2019,April,Sunday,1:53 PM,60,Cross Road,Straight road,Level,Not Applicable,Sealed,Dry,Not Raining,Daylight,Rear End,2,Driver Rider,2: MI,Traffic Signals,,,1336692.66,1698550.18,1.33669E+13
2019-3350-8/07/2020,2 Metropolitan,WATERLOO CORNER,5110,CITY OF SALISBURY,4,0,0,0,0,2019,April,Sunday,4:02 PM,90,T-Junction,Straight road,Level,Not Applicable,Sealed,Dry,Not Raining,Daylight,Rear End,1,Driver Rider,1: PDO,Traffic Signals,,,1327624.24,1692113.17,1.32762E+13
2019-3351-8/07/2020,2 Metropolitan,SHEIDOW PARK,5158,CC MARION.                    ,2,0,0,0,0,2019,April,Sunday,4:28 PM,50,T-Junction,Straight road,Slope,Not Applicable,Sealed,Dry,Not Raining,Daylight,Right Angle,1,Driver Rider,1: PDO,No Control,,,1321567.16,1654709.48,1.32157E+13
2019-3352-8/07/2020,2 Metropolitan,ONKAPARINGA HILLS,5163,CITY OF ONKAPARINGA,2,0,0,0,0,2019,April,Sunday,5:20 PM,80,Not Divided,"CURVED, VIEW OPEN",Slope,Not Applicable,Sealed,Dry,Not Raining,Daylight,Hit Fixed Object,1,Driver Rider,1: PDO,No Control,,,1325182.01,1645860.38,1.32518E+13
2019-3353-8/07/2020,2 Metropolitan,ASCOT PARK,5043,CC MARION.                    ,3,0,0,0,0,2019,April,Sunday,5:00 PM,50,Cross Road,Straight road,Level,Not Applicable,Sealed,Dry,Not Raining,Daylight,Right Angle,2,Driver Rider,1: PDO,Give Way Sign,,,1324724.57,1664202.44,1.32473E+13
2019-3354-8/07/2020,2 Metropolitan,PENFIELD GARDENS,5121,CITY OF PLAYFORD.,2,0,0,0,0,2019,April,Saturday,6:30 PM,80,Not Divided,Straight road,Level,Not Applicable,Sealed,Dry,Not Raining,Daylight,Hit Fixed Object,1,Driver Rider,1: PDO,No Control,,,1330663.16,1698557.85,1.33066E+13
2019-3355-8/07/2020,2 Metropolitan,TROTT PARK,5158,CC MARION.                    ,3,1,0,0,1,2019,March,Thursday,8:30 AM,60,T-Junction,Straight road,Slope,Not Applicable,Sealed,Dry,Not Raining,Daylight,Rear End,1,Driver Rider,2: MI,Roundabout,,,1322028.1,1654194.32,1.32203E+13
2019-3356-8/07/2020,2 Metropolitan,TATACHILLA,5171,CITY OF ONKAPARINGA,2,2,0,0,2,2019,April,Sunday,7:52 PM,90,Cross Road,Straight road,Bottom of Hill,Not Applicable,Sealed,Dry,Not Raining,Night,Right Angle,1,Driver Rider,2: MI,Stop Sign,,,1317646.97,1638169.75,1.31765E+13
2019-3357-8/07/2020,2 Metropolitan,TWO WELLS,5501,DC MALLALA.                   ,2,1,0,0,1,2019,April,Sunday,4:50 PM,80,Not Divided,Straight road,Level,Not Applicable,Sealed,Dry,Not Raining,Daylight,Rear End,2,Driver Rider,2: MI,No Control,,,1321643.39,1708001.28,1.32164E+13
2019-3358-8/07/2020,2 Metropolitan,BURTON,5110,CITY OF SALISBURY,2,0,0,0,0,2019,April,Monday,4:45 AM,50,T-Junction,Straight road,Level,Not Applicable,Sealed,Dry,Not Raining,Night,Hit Parked Vehicle,1,Driver Rider,1: PDO,No Control,,,1329374.26,1691268.8,1.32937E+13
2019-3359-8/07/2020,2 Metropolitan,DIREK,5110,CITY OF SALISBURY,2,4,0,1,3,2019,April,Monday,5:44 AM,90,T-Junction,Straight road,Level,Not Applicable,Sealed,Dry,Not Raining,Night,Right Angle,2,Driver Rider,3: SI,No Control,,,1329120.97,1693448.18,1.32912E+13
2019-3360-8/07/2020,3 Country,PORT WAKEFIELD,5550,WAKEFIELD REGIONAL COUNCIL,3,4,0,0,4,2019,April,Friday,12:30 PM,110,Not Divided,Straight road,Level,Not Applicable,Sealed,Dry,Not Raining,Daylight,Rear End,1,Driver Rider,2: MI,No Control,,,1292849.46,1760397.17,1.29285E+13
2019-3361-8/07/2020,2 Metropolitan,ELIZABETH NORTH,5113,CITY OF PLAYFORD.,2,0,0,0,0,2019,April,Monday,8:20 AM,60,Cross Road,Straight road,Level,Not Applicable,Sealed,Dry,Not Raining,Daylight,Right Angle,2,Driver Rider,1: PDO,Give Way Sign,,,1335889.86,1694972.42,1.33589E+13
2019-3362-8/07/2020,2 Metropolitan,SALISBURY,5108,CITY OF SALISBURY,2,2,0,0,2,2019,April,Sunday,7:21 PM,60,Cross Road,Straight road,Level,Not Applicable,Sealed,Dry,Not Raining,Night,Rear End,2,Driver Rider,2: MI,Traffic Signals,,,1332782.42,1688511.32,1.33278E+13
2019-3363-8/07/2020,2 Metropolitan,DAW PARK,5041,CC MITCHAM.                   ,2,0,0,0,0,2019,April,Monday,1:50 PM,60,Cross Road,Straight road,Level,Not Applicable,Sealed,Dry,Not Raining,Daylight,Right Angle,1,Driver Rider,1: PDO,Stop Sign,,,1327551.9,1664534.85,1.32755E+13
2019-3364-8/07/2020,2 Metropolitan,POORAKA,5095,CITY OF SALISBURY,4,0,0,0,0,2019,April,Monday,9:24 AM,70,Cross Road,Straight road,Level,Not Applicable,Sealed,Dry,Not Raining,Daylight,Hit Fixed Object,1,Driver Rider,1: PDO,Traffic Signals,,,1330475.28,1681830.96,1.33048E+13
2019-3365-8/07/2020,2 Metropolitan,MCLAREN FLAT,5171,CITY OF ONKAPARINGA,1,0,0,0,0,2019,April,Sunday,2:00 PM,80,Not Divided,"CURVED, VIEW OBSCURED",Slope,Not Applicable,Sealed,Dry,Not Raining,Daylight,Other,1,Driver Rider,1: PDO,No Control,,,1330599.32,1640526.61,1.3306E+13
2019-3366-8/07/2020,2 Metropolitan,MILE END,5031,CITY OF WEST TORRENS,2,0,0,0,0,2019,April,Sunday,3:30 PM,50,Not Divided,Straight road,Level,Not Applicable,Sealed,Dry,Not Raining,Daylight,Hit Fixed Object,1,Driver Rider,1: PDO,No Control,,,1325950.47,1670385.7,1.32595E+13
2019-3367-8/07/2020,2 Metropolitan,KESWICK,5035,CITY OF WEST TORRENS,2,1,0,0,1,2019,January,Friday,3:22 PM,60,T-Junction,Straight road,Level,Not Applicable,Sealed,Dry,Not Raining,Daylight,Rear End,2,Driver Rider,2: MI,No Control,,,1326559.92,1668496.69,1.32656E+13
2019-3368-8/07/2020,2 Metropolitan,GAWLER,5118,CT GAWLER.                    ,2,0,0,0,0,2019,April,Monday,12:30 PM,50,Not Divided,Straight road,Level,Not Applicable,Sealed,Dry,Not Raining,Daylight,Hit Parked Vehicle,1,Driver Rider,1: PDO,No Control,,,1343259.6,1706314.01,1.34326E+13
2019-3369-8/07/2020,2 Metropolitan,KENT TOWN,5067,"CC OF NORWOOD,PAYNEHAM & ST PETERS",2,1,0,0,1,2019,April,Monday,7:55 AM,60,T-Junction,Straight road,Level,Not Applicable,Sealed,Dry,Not Raining,Daylight,Right Angle,1,Driver Rider,2: MI,Roundabout,,,1330555.43,1670400.29,1.33056E+13
2019-3370-8/07/2020,2 Metropolitan,PAYNEHAM SOUTH,5070,"CC OF NORWOOD,PAYNEHAM & ST PETERS",2,0,0,0,0,2019,April,Monday,12:00 PM,50,Not Divided,Straight road,Level,Not Applicable,Sealed,Dry,Not Raining,Daylight,Hit Parked Vehicle,2,Driver Rider,1: PDO,No Control,,,1332470.81,1673134.79,1.33247E+13
2019-3371-8/07/2020,2 Metropolitan,NOARLUNGA CENTRE,5168,CITY OF ONKAPARINGA,2,0,0,0,0,2019,April,Monday,3:40 PM,60,Cross Road,Straight road,Slope,Not Applicable,Sealed,Dry,Not Raining,Daylight,Right Turn,2,Driver Rider,1: PDO,Traffic Signals,,,1317352.6,1647424.58,1.31735E+13
2019-3372-8/07/2020,2 Metropolitan,SALISBURY PLAIN,5109,CITY OF SALISBURY,2,1,0,0,1,2019,April,Monday,4:30 PM,50,Cross Road,Straight road,Level,Not Applicable,Sealed,Dry,Not Raining,Daylight,Right Angle,2,Driver Rider,2: MI,No Control,,,1333872.89,1688003.87,1.33387E+13
2019-3373-8/07/2020,3 Country,RENMARK,5341,DC RENMARK PARINGA            ,2,1,0,0,1,2019,April,Monday,4:24 PM,50,Cross Road,Straight road,Level,Not Applicable,Sealed,Dry,Not Raining,Daylight,Right Angle,2,Driver Rider,2: MI,Give Way Sign,,,1528407.34,1745384.46,1.52841E+13
2019-3374-8/07/2020,2 Metropolitan,KUDLA,5115,CT GAWLER.                    ,2,2,0,0,2,2019,April,Monday,4:00 PM,80,T-Junction,Straight road,Level,Not Applicable,Sealed,Dry,Not Raining,Daylight,Right Angle,2,Driver Rider,2: MI,Stop Sign,,,1338661.3,1700789.09,1.33866E+13
2019-3375-8/07/2020,2 Metropolitan,GLANDORE,5037,CC MARION.                    ,2,0,0,0,0,2019,April,Monday,2:25 PM,60,Divided Road,Straight road,Level,Not Applicable,Sealed,Dry,Not Raining,Daylight,Rear End,2,Driver Rider,1: PDO,No Control,,,1325849.09,1667072.81,1.32585E+13
2019-3376-8/07/2020,2 Metropolitan,GLENGOWRIE,5044,CC MARION.                    ,2,0,0,0,0,2019,April,Monday,7:10 AM,60,Not Divided,Straight road,Level,Not Applicable,Sealed,Dry,Not Raining,Daylight,Side Swipe,2,Driver Rider,1: PDO,No Control,,,1322674.85,1664028.68,1.32268E+13
2019-3377-8/07/2020,2 Metropolitan,WELLAND,5007,CITY OF CHARLES STURT,2,0,0,0,0,2019,April,Monday,6:10 PM,60,Divided Road,Straight road,Level,Not Applicable,Sealed,Dry,Not Raining,Night,Hit Fixed Object,1,Driver Rider,1: PDO,No Control,,,1324825.27,1673196.28,1.32483E+13
2019-3378-8/07/2020,1 City,ADELAIDE,5000,CITY OF ADELAIDE,2,0,0,0,0,2019,April,Thursday,12:45 PM,60,Not Divided,Straight road,Level,Not Applicable,Sealed,Dry,Not Raining,Daylight,Side Swipe,1,Driver Rider,1: PDO,No Control,,,1327411.93,1669472.94,1.32741E+13
2019-3379-8/07/2020,1 City,NORTH ADELAIDE,5006,CITY OF ADELAIDE,2,1,0,0,1,2019,April,Monday,9:00 AM,50,Not Divided,Straight road,Level,Driveway or Entrance,Sealed,Dry,Not Raining,Daylight,Right Turn,1,Driver Rider,2: MI,No Control,,,1329017.92,1672586.25,1.32902E+13
2019-3380-8/07/2020,1 City,ADELAIDE,5000,CITY OF ADELAIDE,2,1,0,0,1,2019,April,Monday,5:41 PM,50,Cross Road,Straight road,Level,Not Applicable,Sealed,Dry,Not Raining,Daylight,Rear End,2,Driver Rider,2: MI,Stop Sign,,,1327744.71,1670650.01,1.32775E+13
2019-3381-8/07/2020,2 Metropolitan,NAILSWORTH,5083,CITY OF PROSPECT,2,0,0,0,0,2019,April,Monday,7:00 PM,40,Not Divided,Straight road,Level,Not Applicable,Sealed,Dry,Not Raining,Night,Hit Parked Vehicle,2,Driver Rider,1: PDO,No Control,,,1329183.45,1675089.75,1.32918E+13
2019-3382-8/07/2020,2 Metropolitan,MAWSON LAKES,5095,CITY OF SALISBURY,2,0,0,0,0,2019,April,Monday,11:25 PM,50,Not Divided,Straight road,Level,Not Applicable,Sealed,Dry,Not Raining,Night,Hit Parked Vehicle,2,Driver Rider,1: PDO,No Control,,,1329922.27,1682196.3,1.32992E+13
2019-3383-8/07/2020,2 Metropolitan,PARKSIDE,5063,CITY OF UNLEY,2,0,0,0,0,2019,April,Tuesday,4:13 AM,60,Cross Road,Straight road,Level,Not Applicable,Sealed,Wet,Not Raining,Night,Rear End,2,Driver Rider,1: PDO,Traffic Signals,,,1329057.07,1668963.89,1.32906E+13
2019-3384-8/07/2020,3 Country,MERRITON,5523,PT.PIRIE CITY & DIST. COUNCIL ,2,1,0,0,1,2019,April,Tuesday,1:55 AM,110,Not Divided,"CURVED, VIEW OPEN",Level,Roadworks,Sealed,Wet,Raining,Night,Hit Fixed Object,1,Driver Rider,2: MI,No Control,,,1292625.02,1837368.37,1.29263E+13
2019-3385-8/07/2020,2 Metropolitan,GOODWOOD,5034,CITY OF UNLEY,2,1,0,0,1,2019,April,Tuesday,7:45 AM,50,T-Junction,Straight road,Level,Not Applicable,Sealed,Dry,Not Raining,Daylight,Rear End,2,Driver Rider,2: MI,No Control,,,1328135.16,1667891.93,1.32814E+13
2019-3386-8/07/2020,2 Metropolitan,KILBURN,5084,CITY OF PORT ADELAIDE ENFIELD,2,1,0,1,0,2019,April,Tuesday,7:40 AM,50,Cross Road,Straight road,Level,Not Applicable,Sealed,Dry,Not Raining,Daylight,Right Angle,1,Driver Rider,3: SI,Give Way Sign,,,1328042.75,1677181.68,1.32804E+13
2019-3387-8/07/2020,2 Metropolitan,ALDINGA BEACH,5173,CITY OF ONKAPARINGA,2,0,0,0,0,2019,April,Tuesday,7:15 AM,50,Not Divided,Straight road,Level,Not Applicable,Sealed,Dry,Not Raining,Daylight,Hit Fixed Object,1,Driver Rider,1: PDO,No Control,,,1314699.98,1631964.82,1.3147E+13
2019-3388-8/07/2020,3 Country,ANGASTON,5353,THE BAROSSA COUNCIL.,2,0,0,0,0,2019,April,Monday,3:30 PM,50,T-Junction,Straight road,Level,Not Applicable,Sealed,Dry,Not Raining,Daylight,Right Angle,2,Driver Rider,1: PDO,No Control,,,1370983.06,1715469.3,1.37098E+13
2019-3389-8/07/2020,2 Metropolitan,ENFIELD,5085,CITY OF PORT ADELAIDE ENFIELD,2,0,0,0,0,2019,April,Tuesday,8:45 AM,60,Divided Road,Straight road,Level,Not Applicable,Sealed,Dry,Not Raining,Daylight,Rear End,2,Driver Rider,1: PDO,No Control,,,1328853.69,1676864.91,1.32885E+13
2019-3390-8/07/2020,2 Metropolitan,PARA HILLS,5096,CITY OF SALISBURY,2,0,0,0,0,2019,April,Monday,6:05 PM,60,T-Junction,Straight road,Crest of Hill,Not Applicable,Sealed,Dry,Not Raining,Night,Right Angle,1,Driver Rider,1: PDO,Stop Sign,,,1334428.9,1683032.96,1.33443E+13
2019-3391-8/07/2020,2 Metropolitan,OAKDEN,5086,CITY OF PORT ADELAIDE ENFIELD,2,1,0,0,1,2019,April,Tuesday,7:30 AM,70,T-Junction,Straight road,Level,Not Applicable,Sealed,Dry,Not Raining,Daylight,Rear End,1,Driver Rider,2: MI,Traffic Signals,,,1332015.63,1679296.5,1.33202E+13
2019-3392-8/07/2020,3 Country,CARPENTER ROCKS,5291,DISTRICT COUNCIL OF GRANT,3,0,0,0,0,2019,April,Saturday,10:30 PM,110,Not Divided,Straight road,Level,Not Applicable,Sealed,Dry,Not Raining,Night,Hit Animal,2,Animal,1: PDO,No Control,,,1478111.23,1333400,1.47811E+13
2019-3393-8/07/2020,2 Metropolitan,POORAKA,5095,CITY OF SALISBURY,5,0,0,0,0,2019,April,Tuesday,8:30 AM,70,Divided Road,Straight road,Level,Not Applicable,Sealed,Dry,Not Raining,Daylight,Rear End,1,Driver Rider,1: PDO,No Control,,,1330568.38,1681820.56,1.33057E+13
2019-3394-8/07/2020,2 Metropolitan,SEAFORD MEADOWS,5169,CITY OF ONKAPARINGA,2,0,0,0,0,2019,April,Tuesday,9:30 AM,60,Divided Road,Straight road,Level,Not Applicable,Sealed,Dry,Not Raining,Daylight,Side Swipe,2,Driver Rider,1: PDO,No Control,,,1318267.58,1643111.45,1.31827E+13
2019-3395-8/07/2020,2 Metropolitan,EASTWOOD,5063,CITY OF BURNSIDE,3,1,0,0,1,2019,April,Tuesday,9:00 AM,60,Divided Road,Straight road,Level,Driveway or Entrance,Sealed,Dry,Not Raining,Daylight,Right Angle,1,Driver Rider,2: MI,No Control,,,1330511.62,1668999.07,1.33051E+13
2019-3396-8/07/2020,1 City,ADELAIDE,5000,CITY OF ADELAIDE,2,0,0,0,0,2019,April,Tuesday,10:00 AM,50,Cross Road,Straight road,Level,Not Applicable,Sealed,Dry,Not Raining,Daylight,Side Swipe,2,Driver Rider,1: PDO,Traffic Signals,,,1328494.31,1669574.15,1.32849E+13
2019-3397-8/07/2020,1 City,ADELAIDE,5000,CITY OF ADELAIDE,2,0,0,0,0,2019,April,Monday,12:00 PM,25,Not Divided,Straight road,Level,Roadworks,Sealed,Dry,Not Raining,Daylight,Hit Parked Vehicle,2,Driver Rider,1: PDO,No Control,,,1328684.49,1670750.26,1.32868E+13
2019-3398-8/07/2020,2 Metropolitan,MANNINGHAM,5086,CITY OF PORT ADELAIDE ENFIELD,2,1,0,0,1,2019,April,Tuesday,9:20 AM,60,Cross Road,Straight road,Level,Not Applicable,Sealed,Dry,Not Raining,Daylight,Rear End,2,Driver Rider,2: MI,Traffic Signals,,,1330452.56,1676521.37,1.33045E+13
2019-3399-8/07/2020,2 Metropolitan,BROOKLYN PARK,5032,CITY OF WEST TORRENS,2,0,0,0,0,2019,April,Tuesday,9:40 AM,60,Divided Road,Straight road,Level,Roadworks,Sealed,Dry,Not Raining,Daylight,Side Swipe,1,Driver Rider,1: PDO,No Control,,,1324117.02,1670723.19,1.32412E+13
2019-3400-8/07/2020,2 Metropolitan,SALISBURY EAST,5109,CITY OF SALISBURY,1,0,0,0,0,2019,April,Sunday,4:35 PM,50,Not Divided,Straight road,Slope,Not Applicable,Unsealed,Dry,Not Raining,Daylight,Other,1,Driver Rider,1: PDO,No Control,,,1334209.12,1686116.87,1.33421E+13