REPORT_ID,Stats Area,Suburb,Postcode,LGA Name,Total Units,Total Cas,Total Fats,Total SI,Total MI,Year,Month,Day,Time,Area Speed,Position Type,Horizontal Align,Vertical Align,Other Feat,Road Surface,Moisture Cond,Weather Cond,DayNight,Crash Type,Unit Resp,Entity Code,CSEF Severity,Traffic Ctrls,DUI Involved,Drugs Involved,ACCLOC_X,ACCLOC_Y,UNIQUE_LOC
2019-3564-8/07/2020,2 Metropolitan,GLANDORE,5037,CITY OF UNLEY,2,0,0,0,0,2019,April,Friday,2:40 PM,60,Divided Road,Straight road,Level,Not Applicable,Sealed,Dry,Not Raining,Daylight,Side Swipe,2,Driver Rider,1: PDO,No Control,,,1325848.45,1667093.04,1.32585E+13
2019-3565-8/07/2020,2 Metropolitan,O'HALLORAN HILL,5158,CITY OF ONKAPARINGA,2,1,0,0,1,2019,April,Friday,6:30 PM,80,T-Junction,Straight road,Level,Not Applicable,Sealed,Dry,Not Raining,Night,Right Angle,1,Driver Rider,2: MI,No Control,,,1323883.94,1655220.56,1.32388E+13
2019-3566-8/07/2020,1 City,ADELAIDE,5000,CITY OF ADELAIDE,2,0,0,0,0,2019,April,Friday,6:35 PM,50,Cross Road,Straight road,Level,Not Applicable,Sealed,Dry,Not Raining,Night,Right Turn,1,Driver Rider,1: PDO,Traffic Signals,,,1329038.86,1670203.05,1.32904E+13
2019-3567-8/07/2020,3 Country,PORT AUGUSTA,5700,CC PT.AUGUSTA.                ,3,1,1,0,0,2019,April,Friday,3:07 PM,10,Other,Straight road,Level,Not Applicable,Sealed,Dry,Not Raining,Daylight,Hit Fixed Object,1,Driver Rider,4: Fatal,No Control,,,1259111.76,1942458.08,1.25911E+13
2019-3568-8/07/2020,3 Country,MURRAY BRIDGE,5253,RC MURRAY BRIDGE.             ,2,0,0,0,0,2019,April,Friday,7:30 PM,60,Cross Road,Straight road,Level,Not Applicable,Sealed,Dry,Not Raining,Night,Right Turn,2,Driver Rider,1: PDO,Give Way Sign,,,1386063.79,1645584.81,1.38606E+13
2019-3569-8/07/2020,2 Metropolitan,LOCKLEYS,5032,CITY OF WEST TORRENS,3,0,0,0,0,2019,April,Friday,6:39 PM,60,Divided Road,Straight road,Level,Not Applicable,Sealed,Dry,Not Raining,Night,Rear End,2,Driver Rider,1: PDO,No Control,,,1323422.85,1670921.03,1.32342E+13
2019-3570-8/07/2020,2 Metropolitan,KINGSWOOD,5062,CC MITCHAM.                   ,2,0,0,0,0,2019,April,Friday,6:15 PM,60,Cross Road,Straight road,Level,Not Applicable,Sealed,Dry,Not Raining,Night,Right Turn,1,Driver Rider,1: PDO,Traffic Signals,,,1329136.35,1666242.69,1.32914E+13
2019-3571-8/07/2020,2 Metropolitan,HAPPY VALLEY,5159,CITY OF ONKAPARINGA,2,0,0,0,0,2019,April,Friday,7:20 PM,60,Not Divided,Straight road,Level,Not Applicable,Sealed,Dry,Not Raining,Night,Rear End,2,Driver Rider,1: PDO,No Control,,,1328738.15,1652884.77,1.32874E+13
2019-3572-8/07/2020,3 Country,HALIDON,5309,DC KAROONDA EAST MURRAY.      ,2,1,1,0,0,2019,April,Friday,1:15 PM,110,Not Divided,Straight road,Level,Not Applicable,Sealed,Dry,Not Raining,Daylight,Head On,1,Driver Rider,4: Fatal,No Control,,,1470377.66,1668052.43,1.47038E+13
2019-3573-8/07/2020,2 Metropolitan,SEATON,5023,CITY OF CHARLES STURT,3,0,0,0,0,2019,April,Friday,10:56 PM,60,Not Divided,Straight road,Level,Not Applicable,Sealed,Dry,Not Raining,Night,Hit Parked Vehicle,1,Driver Rider,1: PDO,No Control,,,1321200.57,1674695.63,1.3212E+13
2019-3574-8/07/2020,2 Metropolitan,THORNGATE,5082,WALKERVILLE TOWN COUNCIL,3,0,0,0,0,2019,April,Saturday,4:10 AM,60,Divided Road,Straight road,Level,Not Applicable,Sealed,Dry,Not Raining,Night,Hit Parked Vehicle,1,Driver Rider,1: PDO,No Control,,,1328500.49,1673826.82,1.3285E+13
2019-3575-8/07/2020,2 Metropolitan,TORRENSVILLE,5031,CITY OF WEST TORRENS,2,0,0,0,0,2019,April,Thursday,3:10 PM,60,Cross Road,Straight road,Level,Not Applicable,Sealed,Dry,Not Raining,Daylight,Rear End,2,Driver Rider,1: PDO,Traffic Signals,,,1325436.2,1672006.42,1.32544E+13
2019-3576-8/07/2020,2 Metropolitan,HAPPY VALLEY,5159,CITY OF ONKAPARINGA,2,0,0,0,0,2019,April,Friday,9:40 PM,80,T-Junction,"CURVED, VIEW OPEN",Level,Not Applicable,Sealed,Dry,Not Raining,Night,Rear End,2,Driver Rider,1: PDO,Traffic Signals,,,1324309.46,1655855.42,1.32431E+13
2019-3577-8/07/2020,2 Metropolitan,GEPPS CROSS,5094,CITY OF PORT ADELAIDE ENFIELD,2,0,0,0,0,2019,April,Friday,3:15 PM,60,Cross Road,Straight road,Level,Not Applicable,Sealed,Dry,Not Raining,Daylight,Side Swipe,2,Driver Rider,1: PDO,Traffic Signals,,,1330372.74,1679303.24,1.33037E+13
2019-3578-8/07/2020,2 Metropolitan,BROOKLYN PARK,5032,CITY OF WEST TORRENS,2,1,0,0,1,2019,April,Saturday,7:08 AM,60,Cross Road,Straight road,Level,Not Applicable,Sealed,Dry,Not Raining,Daylight,Right Turn,1,Driver Rider,2: MI,Traffic Signals,,,1323131.39,1670090.51,1.32313E+13
2019-3579-8/07/2020,2 Metropolitan,PLYMPTON,5038,CITY OF WEST TORRENS,2,0,0,0,0,2019,April,Saturday,9:55 AM,60,Divided Road,Straight road,Level,Driveway or Entrance,Sealed,Dry,Not Raining,Daylight,Right Angle,2,Driver Rider,1: PDO,No Control,,,1324225.08,1666703.94,1.32423E+13
2019-3580-8/07/2020,2 Metropolitan,BROOKLYN PARK,5032,CITY OF WEST TORRENS,2,0,0,0,0,2019,April,Friday,7:45 PM,60,Divided Road,Straight road,Level,Not Applicable,Sealed,Dry,Not Raining,Night,Side Swipe,1,Driver Rider,1: PDO,No Control,,,1324123.53,1670906.76,1.32412E+13
2019-3581-8/07/2020,2 Metropolitan,CLARENCE PARK,5034,CITY OF UNLEY,2,0,0,0,0,2019,April,Saturday,9:30 AM,50,Cross Road,Straight road,Level,Not Applicable,Sealed,Dry,Not Raining,Daylight,Right Angle,2,Driver Rider,1: PDO,Stop Sign,,,1327105.92,1666330.95,1.32711E+13
2019-3582-8/07/2020,2 Metropolitan,PROSPECT,5082,CITY OF PROSPECT,2,1,0,0,1,2019,April,Thursday,7:55 AM,60,Not Divided,Straight road,Level,Not Applicable,Unsealed,Dry,Not Raining,Daylight,Rear End,1,Driver Rider,2: MI,No Control,,,1327239.04,1676303.69,1.32724E+13
2019-3583-8/07/2020,2 Metropolitan,STEPNEY,5069,"CC OF NORWOOD,PAYNEHAM & ST PETERS",2,0,0,0,0,2019,April,Saturday,11:05 AM,60,T-Junction,Straight road,Slope,Not Applicable,Sealed,Dry,Not Raining,Daylight,Side Swipe,1,Driver Rider,1: PDO,No Control,,,1331229.08,1672552.27,1.33123E+13
2019-3584-8/07/2020,2 Metropolitan,HOVE,5048,CITY OF HOLDFAST BAY,2,0,0,0,0,2019,April,Saturday,10:50 AM,50,T-Junction,Straight road,Level,Not Applicable,Sealed,Dry,Not Raining,Daylight,Rear End,2,Driver Rider,1: PDO,No Control,,,1321301.88,1661497.32,1.3213E+13
2019-3585-8/07/2020,2 Metropolitan,GILBERTON,5006,WALKERVILLE TOWN COUNCIL,2,0,0,0,0,2019,April,Saturday,1:20 PM,60,Cross Road,Straight road,Level,Not Applicable,Sealed,Dry,Not Raining,Daylight,Right Turn,1,Driver Rider,1: PDO,Traffic Signals,,,1329707.81,1672509.77,1.32971E+13
2019-3586-8/07/2020,2 Metropolitan,STURT,5047,CC MARION.                    ,3,0,0,0,0,2019,April,Saturday,2:15 PM,60,Cross Road,Straight road,Level,Not Applicable,Sealed,Dry,Not Raining,Daylight,Rear End,1,Driver Rider,1: PDO,Traffic Signals,,,1324403.19,1660679.72,1.3244E+13
2019-3587-8/07/2020,2 Metropolitan,TWO WELLS,5501,DC MALLALA.                   ,2,1,0,0,1,2019,April,Saturday,10:15 AM,60,T-Junction,Straight road,Level,Not Applicable,Sealed,Dry,Not Raining,Daylight,Rear End,2,Driver Rider,2: MI,Give Way Sign,,,1324198.65,1705103.05,1.3242E+13
2019-3588-8/07/2020,2 Metropolitan,ROYAL PARK,5014,CITY OF CHARLES STURT,2,1,0,0,1,2019,April,Saturday,2:30 PM,60,Cross Road,Straight road,Level,Not Applicable,Sealed,Dry,Not Raining,Daylight,Rear End,2,Driver Rider,2: MI,Traffic Signals,,,1320696.01,1677657.59,1.3207E+13
2019-3589-8/07/2020,2 Metropolitan,CLELAND,5152,THE ADELAIDE HILLS COUNCIL,2,0,0,0,0,2019,April,Friday,7:30 PM,80,Not Divided,"CURVED, VIEW OPEN",Slope,Not Applicable,Sealed,Dry,Not Raining,Night,Hit Animal,2,Animal,1: PDO,No Control,,,1338758.87,1666493.83,1.33876E+13
2019-3590-8/07/2020,2 Metropolitan,MARION,5043,CC MARION.                    ,2,0,0,0,0,2019,April,Friday,3:30 PM,50,Not Divided,Straight road,Level,Not Applicable,Sealed,Dry,Not Raining,Daylight,Hit Parked Vehicle,2,Driver Rider,1: PDO,No Control,,,1324046.64,1662235.94,1.32405E+13
2019-3591-8/07/2020,2 Metropolitan,MANNINGHAM,5086,CITY OF PORT ADELAIDE ENFIELD,5,3,0,0,3,2019,April,Saturday,3:35 PM,60,Divided Road,Straight road,Level,Not Applicable,Sealed,Dry,Not Raining,Daylight,Rear End,1,Driver Rider,2: MI,No Control,,,1330577.37,1675301.39,1.33058E+13
2019-3592-8/07/2020,2 Metropolitan,OAKBANK,5243,THE ADELAIDE HILLS COUNCIL,2,0,0,0,0,2019,April,Saturday,2:30 PM,60,Not Divided,Straight road,Level,Driveway or Entrance,Unsealed,Dry,Not Raining,Daylight,Right Turn,1,Driver Rider,1: PDO,No Control,,,1351122.12,1663808.94,1.35112E+13
2019-3593-8/07/2020,2 Metropolitan,SMITHFIELD,5114,CITY OF PLAYFORD.,3,0,0,0,0,2019,April,Saturday,2:40 PM,80,Divided Road,Straight road,Level,Not Applicable,Sealed,Dry,Not Raining,Daylight,Side Swipe,1,Driver Rider,1: PDO,No Control,,,1337717.68,1696841.29,1.33772E+13
2019-3594-8/07/2020,2 Metropolitan,MARION,5043,CC MARION.                    ,2,0,0,0,0,2019,April,Saturday,7:35 PM,60,Divided Road,Straight road,Level,Driveway or Entrance,Sealed,Dry,Not Raining,Night,Rear End,1,Driver Rider,1: PDO,No Control,,,1324356.81,1662284.52,1.32436E+13
2019-3595-8/07/2020,2 Metropolitan,GEPPS CROSS,5094,CITY OF PORT ADELAIDE ENFIELD,3,0,0,0,0,2019,April,Saturday,8:30 PM,60,Divided Road,Straight road,Level,Median Opening (not at I/S),Sealed,Dry,Not Raining,Night,Rear End,1,Driver Rider,1: PDO,No Control,,,1328804.09,1679389.72,1.3288E+13
2019-3596-8/07/2020,2 Metropolitan,PARADISE,5075,CC CAMPBELLTOWN.              ,3,0,0,0,0,2019,April,Saturday,7:10 PM,60,Divided Road,Straight road,Level,Not Applicable,Sealed,Dry,Not Raining,Night,Rear End,1,Driver Rider,1: PDO,No Control,,,1334938.44,1676207.16,1.33494E+13
2019-3597-8/07/2020,2 Metropolitan,DRY CREEK,5094,CITY OF PORT ADELAIDE ENFIELD,2,1,0,0,1,2019,April,Saturday,6:55 PM,60,Ramp On,Straight road,Bottom of Hill,"Bridge, Culvert, Causeway",Sealed,Dry,Not Raining,Night,Hit Fixed Object,1,Driver Rider,2: MI,No Control,Y,,1323997.89,1681063.9,1.324E+13
2019-3598-8/07/2020,2 Metropolitan,TORRENSVILLE,5031,CITY OF WEST TORRENS,2,1,0,0,1,2019,April,Saturday,11:16 PM,50,T-Junction,Straight road,Level,Not Applicable,Sealed,Wet,Not Raining,Night,Hit Fixed Object,1,Driver Rider,2: MI,No Control,,Y,1324579.34,1672025.69,1.32458E+13
2019-3599-8/07/2020,3 Country,WAIKERIE,5330,LOXTON WAIKERIE DISTRICT COUNCIL,2,0,0,0,0,2019,April,Saturday,10:33 PM,50,Not Divided,"CURVED, VIEW OPEN",Level,Not Applicable,Sealed,Dry,Not Raining,Night,Hit Fixed Object,1,Driver Rider,1: PDO,No Control,,,1458075.81,1747883.59,1.45808E+13
2019-3600-8/07/2020,2 Metropolitan,BRAHMA LODGE,5109,CITY OF SALISBURY,2,1,0,0,1,2019,April,Saturday,11:50 PM,110,Not Divided,Straight road,Level,Not Applicable,Sealed,Dry,Not Raining,Night,Hit Fixed Object,1,Driver Rider,2: MI,No Control,,,1333871.86,1687060.4,1.33387E+13
2019-3601-8/07/2020,2 Metropolitan,WOODVILLE,5011,CITY OF CHARLES STURT,2,0,0,0,0,2019,April,Sunday,1:46 AM,60,Cross Road,Straight road,Level,Not Applicable,Sealed,Wet,Raining,Night,Right Angle,2,Driver Rider,1: PDO,Traffic Signals,,,1322757.46,1675873.19,1.32276E+13
2019-3602-8/07/2020,2 Metropolitan,KANGARILLA,5157,CITY OF ONKAPARINGA,1,0,0,0,0,2019,April,Sunday,2:50 AM,80,Not Divided,Straight road,Slope,Not Applicable,Sealed,Wet,Raining,Night,Roll Over,1,Driver Rider,1: PDO,No Control,,,1333060.12,1646950.61,1.33306E+13
2019-3603-8/07/2020,1 City,ADELAIDE,5000,CITY OF ADELAIDE,2,1,0,1,0,2019,April,Sunday,2:40 AM,50,Cross Road,"CURVED, VIEW OPEN",Level,Not Applicable,Sealed,Wet,Raining,Night,Right Angle,2,Driver Rider,3: SI,Traffic Signals,,,1327921.16,1670654.98,1.32792E+13
2019-3604-8/07/2020,2 Metropolitan,RIDGEHAVEN,5097,CITY OF TEA TREE GULLY,2,0,0,0,0,2019,April,Sunday,4:15 AM,50,Not Divided,"CURVED, VIEW OPEN",Level,Not Applicable,Sealed,Wet,Raining,Night,Hit Fixed Object,1,Driver Rider,1: PDO,No Control,,,1338101.71,1682416.97,1.3381E+13
2019-3605-8/07/2020,2 Metropolitan,PARA HILLS WEST,5096,CITY OF SALISBURY,2,0,0,0,0,2019,April,Sunday,2:56 AM,50,T-Junction,Straight road,Level,Not Applicable,Sealed,Dry,Not Raining,Night,Hit Fixed Object,1,Driver Rider,1: PDO,No Control,Y,,1333222.82,1683979.52,1.33322E+13
2019-3606-8/07/2020,2 Metropolitan,GEPPS CROSS,5094,CITY OF PORT ADELAIDE ENFIELD,2,0,0,0,0,2019,April,Sunday,6:40 AM,60,Multiple,Straight road,Level,Not Applicable,Sealed,Dry,Not Raining,Daylight,Rear End,2,Driver Rider,1: PDO,Traffic Signals,,,1328797.53,1679280.27,1.3288E+13
2019-3607-8/07/2020,3 Country,WILLALOOKA,5267,DC TATIARA.                   ,2,0,0,0,0,2019,April,Sunday,5:30 AM,110,Not Divided,"CURVED, VIEW OPEN",Level,Not Applicable,Sealed,Wet,Raining,Night,Roll Over,1,Driver Rider,1: PDO,No Control,,,1480153.22,1513898.73,1.48015E+13
2019-3608-8/07/2020,2 Metropolitan,KENT TOWN,5067,"CC OF NORWOOD,PAYNEHAM & ST PETERS",3,0,0,0,0,2019,April,Saturday,4:55 PM,60,T-Junction,Straight road,Level,Driveway or Entrance,Sealed,Dry,Not Raining,Daylight,Rear End,2,Driver Rider,1: PDO,Give Way Sign,,,1330022.65,1670910,1.33002E+13
2019-3609-8/07/2020,1 City,ADELAIDE,5000,CITY OF ADELAIDE,2,0,0,0,0,2019,April,Saturday,7:30 PM,50,Not Divided,Straight road,Level,Not Applicable,Unsealed,Dry,Not Raining,Night,Side Swipe,2,Driver Rider,1: PDO,No Control,,,1329634.62,1670702.2,1.32964E+13
2019-3610-8/07/2020,2 Metropolitan,BOWDEN,5007,CITY OF CHARLES STURT,2,0,0,0,0,2019,April,Sunday,12:00 AM,40,Not Divided,Straight road,Level,Not Applicable,Sealed,Dry,Not Raining,Night,Hit Parked Vehicle,2,Driver Rider,1: PDO,No Control,,,1326500.78,1673214.02,1.3265E+13
2019-3611-8/07/2020,2 Metropolitan,WINDSOR GARDENS,5087,CITY OF PORT ADELAIDE ENFIELD,4,3,0,0,3,2019,April,Sunday,12:04 PM,60,Divided Road,Straight road,Level,Not Applicable,Sealed,Dry,Not Raining,Daylight,Rear End,1,Driver Rider,2: MI,No Control,,,1333147.56,1677508.21,1.33315E+13
2019-3612-8/07/2020,3 Country,WILD DOG VALLEY,5271,DC NARACOORTE & LUCINDALE.,2,0,0,0,0,2019,April,Sunday,11:55 AM,100,Cross Road,Straight road,Level,Not Applicable,Sealed,Dry,Not Raining,Daylight,Rear End,2,Driver Rider,1: PDO,Give Way Sign,,,1516851.93,1445528.69,1.51685E+13
2019-3613-8/07/2020,2 Metropolitan,PARADISE,5075,CC CAMPBELLTOWN.              ,2,0,0,0,0,2019,April,Sunday,12:52 PM,60,Divided Road,Straight road,Level,Driveway or Entrance,Sealed,Dry,Not Raining,Daylight,Right Angle,1,Driver Rider,1: PDO,No Control,,,1335498.69,1675919.65,1.3355E+13
2019-3614-8/07/2020,2 Metropolitan,BLAIR ATHOL,5084,CITY OF PORT ADELAIDE ENFIELD,2,0,0,0,0,2019,April,Sunday,1:45 PM,50,Not Divided,Straight road,Level,Not Applicable,Sealed,Dry,Not Raining,Daylight,Rear End,1,Driver Rider,1: PDO,No Control,,,1328008.37,1678849.09,1.32801E+13
2019-3615-8/07/2020,2 Metropolitan,ABERFOYLE PARK,5159,CITY OF ONKAPARINGA,2,1,0,0,1,2019,April,Sunday,1:30 PM,50,Not Divided,Straight road,Level,Not Applicable,Sealed,Dry,Not Raining,Daylight,Hit Fixed Object,1,Driver Rider,2: MI,No Control,,,1326924.97,1653964.84,1.32693E+13
2019-3616-8/07/2020,2 Metropolitan,GEPPS CROSS,5094,CITY OF PORT ADELAIDE ENFIELD,2,0,0,0,0,2019,April,Sunday,1:00 PM,60,Multiple,"CURVED, VIEW OPEN",Level,Not Applicable,Sealed,Dry,Not Raining,Daylight,Side Swipe,1,Driver Rider,1: PDO,Traffic Signals,,,1328802.51,1679265.44,1.3288E+13
2019-3617-8/07/2020,2 Metropolitan,NORWOOD,5067,"CC OF NORWOOD,PAYNEHAM & ST PETERS",2,0,0,0,0,2019,April,Sunday,2:45 PM,50,Cross Road,Straight road,Level,Not Applicable,Sealed,Dry,Not Raining,Daylight,Right Turn,2,Driver Rider,1: PDO,Traffic Signals,,,1331854.38,1671072.44,1.33185E+13
2019-3618-8/07/2020,2 Metropolitan,WALKERVILLE,5081,WALKERVILLE TOWN COUNCIL,2,0,0,0,0,2019,April,Saturday,2:55 PM,60,Cross Road,"CURVED, VIEW OPEN",Slope,Not Applicable,Sealed,Dry,Not Raining,Daylight,Side Swipe,2,Driver Rider,1: PDO,Traffic Signals,,,1329483.39,1674233.16,1.32948E+13
2019-3619-8/07/2020,3 Country,ARCKARINGA,5723,,1,0,0,0,0,2019,April,Saturday,3:52 PM,100,Not Divided,Straight road,Slope,Not Applicable,Unsealed,Dry,Not Raining,Daylight,Left Road - Out of Control,1,Driver Rider,1: PDO,No Control,,,1010763.89,2448894.55,1.01076E+13
2019-3620-8/07/2020,2 Metropolitan,LEABROOK,5068,CITY OF BURNSIDE,4,1,0,0,1,2019,April,Sunday,4:00 PM,60,Cross Road,Straight road,Level,Not Applicable,Sealed,Dry,Not Raining,Daylight,Side Swipe,1,Driver Rider,2: MI,Traffic Signals,,,1333899.19,1670462.72,1.3339E+13
2019-3621-8/07/2020,2 Metropolitan,MITCHELL PARK,5043,CC MARION.                    ,2,2,0,0,2,2019,April,Saturday,6:00 PM,60,Divided Road,Straight road,Level,Not Applicable,Sealed,Dry,Not Raining,Night,Rear End,1,Driver Rider,2: MI,No Control,,,1324406.71,1660774.01,1.32441E+13
2019-3622-8/07/2020,2 Metropolitan,ADELAIDE,5000,CITY OF UNLEY,2,0,0,0,0,2019,April,Saturday,3:20 PM,60,Pedestrian Crossing,Straight road,Level,Not Applicable,Sealed,Dry,Not Raining,Daylight,Rear End,1,Driver Rider,1: PDO,Traffic Signals,,,1327205.69,1668928.49,1.32721E+13
2019-3623-8/07/2020,1 City,ADELAIDE,5000,CITY OF ADELAIDE,4,0,0,0,0,2019,April,Saturday,5:05 PM,50,Not Divided,Straight road,Level,Not Applicable,Sealed,Dry,Not Raining,Daylight,Hit Parked Vehicle,1,Driver Rider,1: PDO,No Control,,,1327481.98,1670642.67,1.32748E+13
2019-3624-8/07/2020,2 Metropolitan,NORTHFIELD,5085,CITY OF PORT ADELAIDE ENFIELD,3,0,0,0,0,2019,April,Sunday,5:51 PM,60,Cross Road,Straight road,Level,Not Applicable,Sealed,Dry,Not Raining,Daylight,Rear End,1,Driver Rider,1: PDO,Traffic Signals,,,1330372.74,1679303.24,1.33037E+13
2019-3625-8/07/2020,2 Metropolitan,PARAFIELD,5106,CITY OF SALISBURY,2,2,0,0,2,2019,April,Sunday,6:25 PM,80,Cross Road,Straight road,Level,Not Applicable,Sealed,Dry,Not Raining,Night,Rear End,1,Driver Rider,2: MI,Traffic Signals,,,1332537.93,1684407.94,1.33254E+13
2019-3626-8/07/2020,2 Metropolitan,CRAIGMORE,5114,CITY OF PLAYFORD.,1,1,0,0,1,2019,April,Sunday,6:30 PM,60,T-Junction,Straight road,Level,Not Applicable,Sealed,Dry,Not Raining,Night,Roll Over,1,Driver Rider,2: MI,Roundabout,,,1339723.67,1696814.35,1.33972E+13
2019-3627-8/07/2020,2 Metropolitan,CAMPBELLTOWN,5074,CC CAMPBELLTOWN.              ,2,0,0,0,0,2019,April,Sunday,7:16 PM,60,T-Junction,Straight road,Level,Not Applicable,Sealed,Dry,Not Raining,Night,Right Angle,2,Driver Rider,1: PDO,No Control,,,1334135.21,1675147.35,1.33414E+13
2019-3628-8/07/2020,1 City,ADELAIDE,5000,CITY OF ADELAIDE,2,1,0,0,1,2019,April,Sunday,7:20 PM,50,Cross Road,Straight road,Level,Not Applicable,Sealed,Dry,Not Raining,Night,Right Angle,1,Driver Rider,2: MI,Traffic Signals,,,1329029.5,1670532.59,1.32903E+13
2019-3629-8/07/2020,3 Country,MURTHO,5340,DC RENMARK PARINGA            ,2,0,0,0,0,2019,April,Sunday,7:00 PM,100,Not Divided,Straight road,Level,Not Applicable,Sealed,Dry,Not Raining,Night,Hit Animal,2,Animal,1: PDO,No Control,,,1535488.76,1755181.59,1.53549E+13
2019-3630-8/07/2020,3 Country,KEYNETON,5353,MID MURRAY DISTRICT COUNCIL,2,0,0,0,0,2019,April,Friday,7:20 PM,100,Not Divided,"CURVED, VIEW OPEN",Slope,Not Applicable,Sealed,Dry,Not Raining,Night,Hit Fixed Object,1,Driver Rider,1: PDO,No Control,,,1382324.11,1708936.36,1.38232E+13
2019-3631-8/07/2020,2 Metropolitan,BRADBURY,5153,THE ADELAIDE HILLS COUNCIL,2,1,0,0,1,2019,April,Sunday,12:50 PM,80,Not Divided,"CURVED, VIEW OPEN",Slope,Not Applicable,Sealed,Dry,Not Raining,Daylight,Hit Fixed Object,1,Driver Rider,2: MI,No Control,Y,,1339437.17,1656186.66,1.33944E+13
2019-3632-8/07/2020,2 Metropolitan,GLENELG EAST,5045,CITY OF HOLDFAST BAY,2,0,0,0,0,2019,April,Sunday,10:25 AM,60,Cross Road,Straight road,Level,Not Applicable,Sealed,Dry,Not Raining,Daylight,Rear End,2,Driver Rider,1: PDO,Traffic Signals,,,1322637.42,1665387.9,1.32264E+13
2019-3633-8/07/2020,2 Metropolitan,HEWETT,5118,LIGHT REGIONAL COUNCIL,2,0,0,0,0,2019,April,Monday,7:15 AM,80,T-Junction,Straight road,Level,Not Applicable,Sealed,Dry,Not Raining,Daylight,Right Turn,1,Driver Rider,1: PDO,Give Way Sign,,,1343223.02,1709324.57,1.34322E+13
2019-3634-8/07/2020,2 Metropolitan,WEST HINDMARSH,5007,CITY OF CHARLES STURT,2,1,0,0,1,2019,April,Monday,7:30 AM,60,Cross Road,Straight road,Level,Not Applicable,Sealed,Dry,Not Raining,Daylight,Rear End,1,Driver Rider,2: MI,Give Way Sign,,,1324994.09,1673199.93,1.32499E+13
2019-3635-8/07/2020,2 Metropolitan,MILE END,5031,CITY OF WEST TORRENS,2,0,0,0,0,2019,April,Sunday,12:30 PM,60,Divided Road,Straight road,Level,Not Applicable,Sealed,Dry,Not Raining,Daylight,Side Swipe,1,Driver Rider,1: PDO,No Control,,,1325764.3,1670373.87,1.32576E+13
2019-3636-8/07/2020,2 Metropolitan,BROOKLYN PARK,5032,CITY OF WEST TORRENS,2,2,0,0,2,2019,April,Monday,9:20 AM,60,T-Junction,Straight road,Level,Not Applicable,Sealed,Dry,Not Raining,Daylight,Right Turn,2,Driver Rider,2: MI,Traffic Signals,,,1324118.14,1670938.65,1.32412E+13
2019-3637-8/07/2020,3 Country,MANNUM,5238,MID MURRAY DISTRICT COUNCIL,2,0,0,0,0,2019,April,Sunday,3:00 AM,100,Not Divided,"CURVED, VIEW OPEN",Level,Not Applicable,Sealed,Dry,Not Raining,Night,Hit Object on Road,1,Driver Rider,1: PDO,No Control,,,1386431.3,1667803.24,1.38643E+13
2019-3638-8/07/2020,2 Metropolitan,SOUTH PLYMPTON,5038,CC MARION.                    ,2,0,0,0,0,2019,April,Monday,7:10 AM,50,Not Divided,Straight road,Level,Driveway or Entrance,Sealed,Dry,Not Raining,Daylight,Right Angle,1,Driver Rider,1: PDO,No Control,,,1324301.89,1665498.43,1.3243E+13
2019-3639-8/07/2020,1 City,ADELAIDE,5000,CITY OF ADELAIDE,2,0,0,0,0,2019,April,Monday,11:00 AM,60,T-Junction,Straight road,Level,Not Applicable,Sealed,Dry,Not Raining,Daylight,Rear End,2,Driver Rider,1: PDO,Traffic Signals,,,1327369.06,1670949.09,1.32737E+13
2019-3640-8/07/2020,2 Metropolitan,CAVAN,5094,CITY OF SALISBURY,2,0,0,0,0,2019,April,Monday,10:30 AM,70,Divided Road,Straight road,Level,Driveway or Entrance,Sealed,Dry,Not Raining,Daylight,Rear End,1,Driver Rider,1: PDO,No Control,,,1328739.48,1680967.58,1.32874E+13
2019-3641-8/07/2020,3 Country,HYNAM,5262,DC NARACOORTE & LUCINDALE.,2,0,0,0,0,2019,April,Monday,10:00 AM,100,Not Divided,"CURVED, VIEW OBSCURED",Level,Not Applicable,Unsealed,Dry,Not Raining,Daylight,Head On,2,Driver Rider,1: PDO,No Control,,,1527200.18,1432532.56,1.5272E+13
2019-3642-8/07/2020,2 Metropolitan,PARKSIDE,5063,CITY OF UNLEY,2,0,0,0,0,2019,April,Monday,11:31 AM,60,Cross Road,Straight road,Level,Not Applicable,Sealed,Dry,Not Raining,Daylight,Right Turn,1,Driver Rider,1: PDO,Traffic Signals,,,1330707.08,1668319.59,1.33071E+13
2019-3643-8/07/2020,2 Metropolitan,GLENELG EAST,5045,CITY OF HOLDFAST BAY,2,0,0,0,0,2019,April,Monday,11:30 AM,60,Divided Road,Straight road,Level,Not Applicable,Sealed,Dry,Not Raining,Daylight,Side Swipe,2,Driver Rider,1: PDO,No Control,,,1321006.8,1665226.84,1.32101E+13
2019-3644-8/07/2020,2 Metropolitan,MAWSON LAKES,5095,CITY OF SALISBURY,2,0,0,0,0,2019,April,Monday,11:07 AM,50,Not Divided,Straight road,Level,Not Applicable,Sealed,Dry,Not Raining,Daylight,Hit Parked Vehicle,1,Driver Rider,1: PDO,No Control,,,1330473.62,1683488.94,1.33047E+13
2019-3645-8/07/2020,2 Metropolitan,PARKSIDE,5063,CITY OF UNLEY,2,0,0,0,0,2019,April,Monday,10:00 AM,60,Cross Road,Straight road,Level,Not Applicable,Sealed,Dry,Not Raining,Daylight,Right Angle,1,Driver Rider,1: PDO,Traffic Signals,,,1330707.08,1668319.59,1.33071E+13