REPORT_ID,Stats Area,Suburb,Postcode,LGA Name,Total Units,Total Cas,Total Fats,Total SI,Total MI,Year,Month,Day,Time,Area Speed,Position Type,Horizontal Align,Vertical Align,Other Feat,Road Surface,Moisture Cond,Weather Cond,DayNight,Crash Type,Unit Resp,Entity Code,CSEF Severity,Traffic Ctrls,DUI Involved,Drugs Involved,ACCLOC_X,ACCLOC_Y,UNIQUE_LOC
2019-3727-8/07/2020,2 Metropolitan,GLENELG,5045,CITY OF HOLDFAST BAY,2,0,0,0,0,2019,April,Wednesday,9:30 AM,40,Not Divided,Straight road,Level,Not Applicable,Sealed,Dry,Not Raining,Daylight,Hit Fixed Object,1,Driver Rider,1: PDO,No Control,,,1320349.01,1664881.07,1.32035E+13
2019-3728-8/07/2020,2 Metropolitan,ST CLAIR,5011,CITY OF CHARLES STURT,2,1,0,1,0,2019,April,Wednesday,9:30 AM,60,T-Junction,Straight road,Level,Not Applicable,Sealed,Dry,Not Raining,Daylight,Right Turn,2,Driver Rider,3: SI,No Control,,Y,1322800.93,1677345.13,1.3228E+13
2019-3729-8/07/2020,1 City,ADELAIDE,5000,CITY OF ADELAIDE,2,0,0,0,0,2019,April,Tuesday,4:35 PM,50,Divided Road,Straight road,Level,Not Applicable,Sealed,Dry,Not Raining,Daylight,Hit Parked Vehicle,2,Driver Rider,1: PDO,No Control,,,1328963.27,1670530.71,1.32896E+13
2019-3730-8/07/2020,2 Metropolitan,NORWOOD,5067,"CC OF NORWOOD,PAYNEHAM & ST PETERS",2,0,0,0,0,2019,April,Tuesday,2:15 PM,60,Divided Road,Straight road,Level,Not Applicable,Sealed,Dry,Not Raining,Daylight,Side Swipe,2,Driver Rider,1: PDO,No Control,,,1332245.2,1671176.36,1.33225E+13
2019-3731-8/07/2020,2 Metropolitan,ROSTREVOR,5073,CC CAMPBELLTOWN.              ,2,0,0,0,0,2019,April,Wednesday,10:23 AM,50,Not Divided,Straight road,Level,Not Applicable,Sealed,Dry,Not Raining,Daylight,Hit Fixed Object,1,Driver Rider,1: PDO,No Control,,,1335490.16,1674142.17,1.33549E+13
2019-3732-8/07/2020,2 Metropolitan,MEADOWS,5201,DC MT.BARKER.                 ,4,3,0,1,2,2019,April,Tuesday,12:45 PM,100,T-Junction,Straight road,Level,Not Applicable,Sealed,Dry,Not Raining,Daylight,Rear End,2,Driver Rider,3: SI,Give Way Sign,,,1342717.86,1645829.26,1.34272E+13
2019-3733-8/07/2020,3 Country,MOUNT GAMBIER,5290,CC MT.GAMBIER.                ,2,0,0,0,0,2019,April,Wednesday,11:35 AM,50,Not Divided,Straight road,Level,Driveway or Entrance,Sealed,Wet,Not Raining,Daylight,Right Angle,2,Driver Rider,1: PDO,No Control,,,1510244.87,1340277.61,1.51025E+13
2019-3734-8/07/2020,2 Metropolitan,ELIZABETH,5112,CITY OF PLAYFORD.,2,0,0,0,0,2019,April,Wednesday,12:00 PM,60,Cross Road,Straight road,Level,Not Applicable,Sealed,Dry,Not Raining,Daylight,Side Swipe,2,Driver Rider,1: PDO,Roundabout,,,1335641.82,1693876.23,1.33564E+13
2019-3735-8/07/2020,2 Metropolitan,GAWLER,5118,CT GAWLER.                    ,2,1,0,0,1,2019,April,Wednesday,11:48 AM,50,T-Junction,Straight road,Level,Not Applicable,Sealed,Dry,Not Raining,Daylight,Right Turn,1,Driver Rider,2: MI,Traffic Signals,,,1343359.66,1706705.69,1.34336E+13
2019-3736-8/07/2020,2 Metropolitan,SALISBURY,5108,CITY OF SALISBURY,2,0,0,0,0,2019,April,Wednesday,12:20 PM,60,T-Junction,Straight road,Level,Not Applicable,Sealed,Dry,Not Raining,Daylight,Right Turn,1,Driver Rider,1: PDO,Stop Sign,,,1333598.3,1688752.7,1.3336E+13
2019-3737-8/07/2020,2 Metropolitan,MORPHETT VALE,5162,CITY OF ONKAPARINGA,2,0,0,0,0,2019,April,Wednesday,1:33 PM,60,T-Junction,Straight road,Slope,Not Applicable,Sealed,Dry,Not Raining,Daylight,Side Swipe,1,Driver Rider,1: PDO,No Control,,,1320899.31,1649860.52,1.3209E+13
2019-3738-8/07/2020,3 Country,NACKARA,5440,DC OF PETERBOROUGH,1,0,0,0,0,2019,April,Monday,11:00 AM,110,Not Divided,Straight road,Level,Not Applicable,Sealed,Dry,Not Raining,Daylight,Roll Over,1,Driver Rider,1: PDO,No Control,,,1400292.31,1906446.55,1.40029E+13
2019-3739-8/07/2020,2 Metropolitan,HAHNDORF,5245,DC MT.BARKER.                 ,2,1,0,0,1,2019,April,Wednesday,1:45 PM,40,Not Divided,Straight road,Level,Not Applicable,Sealed,Dry,Not Raining,Daylight,Hit Pedestrian,2,Driver Rider,2: MI,No Control,,,1347300.98,1658429.71,1.3473E+13
2019-3740-8/07/2020,3 Country,VIVONNE BAY,5223,KANGAROO ISLAND COUNCIL,1,1,0,0,1,2019,April,Wednesday,10:40 AM,110,Not Divided,"CURVED, VIEW OPEN",Level,Not Applicable,Sealed,Dry,Not Raining,Daylight,Roll Over,1,Driver Rider,2: MI,No Control,,,1193436.02,1557410.28,1.19344E+13
2019-3741-8/07/2020,2 Metropolitan,OAKLANDS PARK,5046,CC MARION.                    ,2,0,0,0,0,2019,April,Wednesday,2:30 PM,60,T-Junction,Straight road,Level,Not Applicable,Sealed,Dry,Not Raining,Daylight,Side Swipe,2,Driver Rider,1: PDO,Stop Sign,,,1322870.12,1661284.54,1.32287E+13
2019-3742-8/07/2020,2 Metropolitan,WALKERVILLE,5081,WALKERVILLE TOWN COUNCIL,2,0,0,0,0,2019,April,Wednesday,12:35 PM,60,T-Junction,Straight road,Level,Driveway or Entrance,Unsealed,Dry,Not Raining,Daylight,Right Angle,2,Driver Rider,1: PDO,No Control,,,1329715.62,1674036.85,1.32972E+13
2019-3743-8/07/2020,2 Metropolitan,EDWARDSTOWN,5039,CC MARION.                    ,2,0,0,0,0,2019,April,Tuesday,3:45 PM,60,Divided Road,Straight road,Level,Not Applicable,Sealed,Dry,Not Raining,Daylight,Side Swipe,1,Driver Rider,1: PDO,No Control,,,1325889.85,1665589.41,1.32589E+13
2019-3744-8/07/2020,2 Metropolitan,MEADOWS,5201,DC MT.BARKER.                 ,3,0,0,0,0,2019,April,Tuesday,8:45 PM,80,Not Divided,"CURVED, VIEW OBSCURED",Crest of Hill,Not Applicable,Sealed,Dry,Not Raining,Night,Hit Fixed Object,1,Driver Rider,1: PDO,No Control,,,1341516.39,1640571.59,1.34152E+13
2019-3745-8/07/2020,2 Metropolitan,MARION,5043,CC MARION.                    ,3,0,0,0,0,2019,April,Wednesday,1:50 PM,50,Not Divided,Straight road,Level,Not Applicable,Sealed,Dry,Not Raining,Daylight,Hit Parked Vehicle,1,Driver Rider,1: PDO,No Control,Y,,1324219.49,1661915.99,1.32422E+13
2019-3746-8/07/2020,2 Metropolitan,GILLES PLAINS,5086,CITY OF PORT ADELAIDE ENFIELD,2,0,0,0,0,2019,April,Wednesday,4:00 PM,50,Not Divided,Straight road,Level,Driveway or Entrance,Unsealed,Dry,Not Raining,Daylight,Right Angle,2,Driver Rider,1: PDO,No Control,,,1333897.94,1678229.77,1.3339E+13
2019-3747-8/07/2020,2 Metropolitan,TOORAK GARDENS,5065,CITY OF BURNSIDE,2,0,0,0,0,2019,April,Tuesday,6:37 PM,60,Divided Road,Straight road,Level,Not Applicable,Unsealed,Dry,Not Raining,Night,Side Swipe,2,Driver Rider,1: PDO,No Control,,,1332307.45,1669300.51,1.33231E+13
2019-3748-8/07/2020,2 Metropolitan,GLENELG EAST,5045,CITY OF HOLDFAST BAY,2,0,0,0,0,2019,April,Tuesday,3:00 PM,60,Divided Road,Straight road,Level,Not Applicable,Sealed,Dry,Not Raining,Daylight,Side Swipe,1,Driver Rider,1: PDO,No Control,,,1321021.95,1664857.22,1.32102E+13
2019-3749-8/07/2020,2 Metropolitan,PROSPECT,5082,CITY OF PROSPECT,2,1,0,0,1,2019,April,Wednesday,8:07 PM,50,Not Divided,Straight road,Level,Not Applicable,Sealed,Dry,Not Raining,Night,Hit Parked Vehicle,1,Driver Rider,2: MI,No Control,,,1328069.98,1675917.85,1.32807E+13
2019-3750-8/07/2020,2 Metropolitan,HOLDEN HILL,5088,CITY OF TEA TREE GULLY,2,1,0,0,1,2019,April,Wednesday,8:10 PM,60,T-Junction,"CURVED, VIEW OPEN",Slope,Not Applicable,Sealed,Dry,Not Raining,Night,Right Angle,2,Driver Rider,2: MI,No Control,,,1335152.81,1679026.35,1.33515E+13
2019-3751-8/07/2020,2 Metropolitan,HILTON,5033,CITY OF WEST TORRENS,5,2,0,0,2,2019,April,Wednesday,7:18 PM,60,Divided Road,Straight road,Level,Not Applicable,Sealed,Dry,Not Raining,Night,Rear End,1,Driver Rider,2: MI,No Control,,,1325767.1,1669970.25,1.32577E+13
2019-3752-8/07/2020,2 Metropolitan,CROYDON,5008,CITY OF CHARLES STURT,2,0,0,0,0,2019,April,Wednesday,8:16 PM,60,Divided Road,"CURVED, VIEW OPEN",Slope,Not Applicable,Sealed,Dry,Not Raining,Night,Hit Fixed Object,1,Driver Rider,1: PDO,No Control,,,1325875.92,1674778.96,1.32588E+13
2019-3753-8/07/2020,2 Metropolitan,GLENELG,5045,CITY OF HOLDFAST BAY,2,0,0,0,0,2019,April,Wednesday,8:00 PM,40,Not Divided,Straight road,Level,Not Applicable,Sealed,Dry,Not Raining,Night,Rear End,2,Driver Rider,1: PDO,No Control,,,1320306.52,1665123.74,1.32031E+13
2019-3754-8/07/2020,2 Metropolitan,ELIZABETH PARK,5113,CITY OF PLAYFORD.,2,1,0,1,0,2019,April,Wednesday,11:10 PM,60,Cross Road,Straight road,Level,Not Applicable,Sealed,Dry,Not Raining,Night,Hit Fixed Object,1,Driver Rider,3: SI,Traffic Signals,,,1335962.49,1693261.2,1.33596E+13
2019-3755-8/07/2020,3 Country,SALEM,5255,ALEXANDRINA COUNCIL,2,1,0,1,0,2019,April,Thursday,4:00 AM,100,Not Divided,Straight road,Level,Not Applicable,Sealed,Dry,Not Raining,Night,Hit Fixed Object,1,Driver Rider,3: SI,No Control,,,1365760.04,1643453.7,1.36576E+13
2019-3756-8/07/2020,2 Metropolitan,MAWSON LAKES,5095,CITY OF SALISBURY,2,0,0,0,0,2019,April,Thursday,3:49 AM,50,Not Divided,"CURVED, VIEW OPEN",Level,Not Applicable,Sealed,Dry,Not Raining,Night,Hit Fixed Object,1,Driver Rider,1: PDO,No Control,,,1329072.89,1684728.79,1.32907E+13
2019-3757-8/07/2020,3 Country,BURRA,5417,REGIONAL COUNCIL OF GOYDER,2,0,0,0,0,2019,April,Thursday,5:55 AM,110,Not Divided,Straight road,Level,Not Applicable,Sealed,Dry,Not Raining,Night,Hit Fixed Object,1,Driver Rider,1: PDO,No Control,,,1362409.93,1809108.46,1.36241E+13
2019-3758-8/07/2020,3 Country,MINLATON,5575,YORKE PENINSULA COUNCIL,2,0,0,0,0,2019,April,Wednesday,8:35 PM,50,Cross Road,Straight road,Level,Not Applicable,Sealed,Dry,Not Raining,Night,Right Angle,2,Driver Rider,1: PDO,Give Way Sign,,,1237196.57,1690245.95,1.2372E+13
2019-3759-8/07/2020,2 Metropolitan,CROYDON PARK,5008,CITY OF PORT ADELAIDE ENFIELD,2,0,0,0,0,2019,April,Wednesday,1:00 PM,60,Not Divided,Straight road,Level,Not Applicable,Sealed,Dry,Not Raining,Daylight,Side Swipe,2,Driver Rider,1: PDO,No Control,,,1326057.43,1675699.67,1.32606E+13
2019-3760-8/07/2020,2 Metropolitan,ENFIELD,5085,CITY OF PORT ADELAIDE ENFIELD,2,0,0,0,0,2019,April,Thursday,9:15 AM,60,Divided Road,Straight road,Level,Not Applicable,Sealed,Dry,Not Raining,Daylight,Side Swipe,2,Driver Rider,1: PDO,No Control,,,1329222.79,1679275.29,1.32922E+13
2019-3761-8/07/2020,2 Metropolitan,SALISBURY EAST,5109,CITY OF SALISBURY,3,1,0,0,1,2019,April,Wednesday,3:28 PM,60,Not Divided,Straight road,Level,Not Applicable,Sealed,Dry,Not Raining,Daylight,Rear End,2,Driver Rider,2: MI,No Control,,,1335056.76,1686924.72,1.33506E+13
2019-3762-8/07/2020,2 Metropolitan,ELIZABETH VALE,5112,CITY OF PLAYFORD.,3,0,0,0,0,2019,April,Thursday,10:30 AM,60,T-Junction,Straight road,Level,Not Applicable,Sealed,Dry,Not Raining,Daylight,Rear End,1,Driver Rider,1: PDO,No Control,,,1335990.18,1690256.33,1.33599E+13
2019-3763-8/07/2020,2 Metropolitan,HOVE,5048,CITY OF HOLDFAST BAY,2,0,0,0,0,2019,April,Thursday,10:50 AM,60,Divided Road,Straight road,Level,Not Applicable,Sealed,Dry,Not Raining,Daylight,Side Swipe,1,Driver Rider,1: PDO,No Control,,,1321112.29,1661750.4,1.32111E+13
2019-3764-8/07/2020,3 Country,PARAWA,5203,DC YANKALILLA.                ,2,0,0,0,0,2019,April,Thursday,8:15 AM,80,Not Divided,Straight road,Slope,Not Applicable,Sealed,Dry,Not Raining,Daylight,Hit Fixed Object,1,Driver Rider,1: PDO,No Control,,,1301934.59,1602502.47,1.30194E+13
2019-3765-8/07/2020,2 Metropolitan,ST GEORGES,5064,CITY OF BURNSIDE,2,0,0,0,0,2019,April,Thursday,11:20 AM,60,Divided Road,Straight road,Level,Not Applicable,Sealed,Dry,Not Raining,Daylight,Side Swipe,2,Driver Rider,1: PDO,No Control,,,1332355.12,1667793.57,1.33236E+13
2019-3766-8/07/2020,3 Country,RENMARK SOUTH,5341,DC RENMARK PARINGA            ,2,0,0,0,0,2019,April,Thursday,11:15 AM,25,Not Divided,Straight road,Level,Roadworks,Sealed,Dry,Not Raining,Daylight,Rear End,2,Driver Rider,1: PDO,Traffic Signals,,,1525030.92,1742423.57,1.52503E+13
2019-3767-8/07/2020,2 Metropolitan,MOUNT BARKER,5251,DC MT.BARKER.                 ,2,1,0,0,1,2019,April,Thursday,9:45 AM,80,T-Junction,Straight road,Level,Not Applicable,Sealed,Dry,Not Raining,Daylight,Rear End,2,Driver Rider,2: MI,No Control,,,1350542.41,1652563.09,1.35054E+13
2019-3768-8/07/2020,3 Country,TANUNDA,5352,THE BAROSSA COUNCIL.,2,0,0,0,0,2019,April,Thursday,12:00 PM,50,T-Junction,Straight road,Level,Not Applicable,Sealed,Dry,Not Raining,Daylight,Rear End,2,Driver Rider,1: PDO,No Control,,,1364436.02,1715277.12,1.36444E+13
2019-3769-8/07/2020,2 Metropolitan,QUEENSTOWN,5014,CITY OF PORT ADELAIDE ENFIELD,2,1,0,0,1,2019,April,Thursday,12:30 PM,50,Not Divided,Straight road,Level,Not Applicable,Sealed,Dry,Not Raining,Daylight,Side Swipe,2,Driver Rider,2: MI,No Control,,,1320754.77,1678134.61,1.32076E+13
2019-3770-8/07/2020,2 Metropolitan,FIRLE,5070,"CC OF NORWOOD,PAYNEHAM & ST PETERS",3,1,0,0,1,2019,April,Thursday,1:04 PM,60,Divided Road,Straight road,Level,Not Applicable,Sealed,Dry,Not Raining,Daylight,Rear End,1,Driver Rider,2: MI,No Control,,,1333839.72,1672680.72,1.33384E+13
2019-3771-8/07/2020,3 Country,VICTOR HARBOR,5211,DC VICTOR HARBOR.             ,2,2,0,0,2,2019,April,Thursday,1:15 PM,100,Not Divided,Straight road,Level,Not Applicable,Sealed,Dry,Not Raining,Daylight,Hit Fixed Object,1,Driver Rider,2: MI,No Control,,,1327031.66,1601690.28,1.32703E+13
2019-3772-8/07/2020,2 Metropolitan,HENLEY BEACH,5022,CITY OF CHARLES STURT,2,1,0,1,0,2019,April,Thursday,10:21 AM,50,T-Junction,Straight road,Level,Not Applicable,Sealed,Dry,Not Raining,Daylight,Right Turn,1,Driver Rider,3: SI,No Control,,,1318761.49,1671991.14,1.31876E+13
2019-3773-8/07/2020,2 Metropolitan,WEST BEACH,5024,CITY OF CHARLES STURT,2,1,0,1,0,2019,April,Thursday,8:27 AM,50,Not Divided,Straight road,Level,Not Applicable,Sealed,Dry,Not Raining,Daylight,Hit Parked Vehicle,1,Driver Rider,3: SI,No Control,,,1319839.34,1668384.11,1.31984E+13
2019-3774-8/07/2020,3 Country,WILLIAMSTOWN,5351,THE BAROSSA COUNCIL.,2,0,0,0,0,2019,April,Thursday,2:20 PM,80,T-Junction,Straight road,Crest of Hill,Not Applicable,Sealed,Dry,Not Raining,Daylight,Right Angle,2,Driver Rider,1: PDO,No Control,,,1352963.73,1701351.64,1.35296E+13
2019-3775-8/07/2020,2 Metropolitan,CHELTENHAM,5014,CITY OF CHARLES STURT,2,0,0,0,0,2019,April,Thursday,6:45 AM,60,T-Junction,Straight road,Level,Not Applicable,Sealed,Dry,Not Raining,Daylight,Rear End,1,Driver Rider,1: PDO,Give Way Sign,,,1322188.8,1676951.34,1.32219E+13
2019-3776-8/07/2020,2 Metropolitan,WINGFIELD,5013,CITY OF PORT ADELAIDE ENFIELD,2,1,0,1,0,2019,April,Thursday,2:35 PM,60,T-Junction,Straight road,Level,Not Applicable,Sealed,Dry,Not Raining,Daylight,Right Angle,1,Driver Rider,3: SI,No Control,,,1324976.67,1679188.95,1.32498E+13
2019-3777-8/07/2020,2 Metropolitan,SEATON,5023,CITY OF CHARLES STURT,2,0,0,0,0,2019,April,Wednesday,9:00 AM,60,Rail Xing,Straight road,Level,Not Applicable,Sealed,Dry,Not Raining,Daylight,Side Swipe,2,Driver Rider,1: PDO,Traffic Signals,,,1320741.64,1674694.12,1.32074E+13
2019-3778-8/07/2020,2 Metropolitan,KLEMZIG,5087,CITY OF PORT ADELAIDE ENFIELD,3,1,0,0,1,2019,April,Sunday,2:30 PM,60,Divided Road,Straight road,Level,Not Applicable,Sealed,Dry,Not Raining,Daylight,Hit Pedestrian,1,Pedestrian,2: MI,No Control,,,1331669.26,1676245.47,1.33167E+13
2019-3779-8/07/2020,2 Metropolitan,PROSPECT,5082,CITY OF PROSPECT,2,0,0,0,0,2019,April,Thursday,9:15 AM,60,Cross Road,Straight road,Level,Not Applicable,Sealed,Dry,Not Raining,Daylight,Side Swipe,2,Driver Rider,1: PDO,Traffic Signals,,,1328872.94,1676442.07,1.32887E+13
2019-3780-8/07/2020,2 Metropolitan,SMITHFIELD,5114,CITY OF PLAYFORD.,2,0,0,0,0,2019,April,Thursday,3:20 PM,80,Divided Road,Straight road,Level,Not Applicable,Sealed,Dry,Not Raining,Daylight,Hit Fixed Object,1,Driver Rider,1: PDO,No Control,,Y,1338098.24,1697513.81,1.3381E+13
2019-3781-8/07/2020,2 Metropolitan,TORRENS PARK,5062,CC MITCHAM.                   ,4,0,0,0,0,2019,April,Thursday,3:10 PM,60,Not Divided,Straight road,Level,Not Applicable,Sealed,Dry,Not Raining,Daylight,Rear End,1,Driver Rider,1: PDO,No Control,,,1329369.61,1664213.09,1.32937E+13
2019-3782-8/07/2020,3 Country,LOXTON,5333,LOXTON WAIKERIE DISTRICT COUNCIL,2,1,0,0,1,2019,April,Thursday,3:40 PM,80,T-Junction,Straight road,Level,Not Applicable,Sealed,Dry,Not Raining,Daylight,Rear End,2,Driver Rider,2: MI,No Control,,,1512817.5,1716723.7,1.51282E+13
2019-3783-8/07/2020,2 Metropolitan,EDINBURGH,5111,CITY OF SALISBURY,2,2,0,1,1,2019,April,Thursday,3:50 PM,60,T-Junction,Straight road,Level,Not Applicable,Sealed,Dry,Not Raining,Daylight,Right Angle,1,Driver Rider,3: SI,Give Way Sign,,,1333531.02,1690693.85,1.33353E+13
2019-3784-8/07/2020,2 Metropolitan,PROSPECT,5082,CITY OF PROSPECT,2,0,0,0,0,2019,April,Thursday,8:30 AM,50,Not Divided,Straight road,Level,Driveway or Entrance,Sealed,Dry,Not Raining,Daylight,Side Swipe,2,Driver Rider,1: PDO,No Control,,,1328103.32,1674452.24,1.3281E+13
2019-3785-8/07/2020,2 Metropolitan,BROOKLYN PARK,5032,CITY OF WEST TORRENS,2,0,0,0,0,2019,April,Wednesday,6:45 PM,60,T-Junction,Straight road,Level,Not Applicable,Sealed,Dry,Not Raining,Night,Right Angle,2,Driver Rider,1: PDO,No Control,,,1322718.87,1670659.79,1.32272E+13
2019-3786-8/07/2020,2 Metropolitan,WALKLEY HEIGHTS,5098,CITY OF SALISBURY,2,0,0,0,0,2019,April,Thursday,5:17 PM,60,T-Junction,Straight road,Slope,Not Applicable,Sealed,Dry,Not Raining,Daylight,Right Angle,2,Driver Rider,1: PDO,Roundabout,,,1331938.56,1680438.11,1.33194E+13
2019-3787-8/07/2020,1 City,ADELAIDE,5000,CITY OF ADELAIDE,2,0,0,0,0,2019,April,Thursday,6:00 PM,50,Cross Road,Straight road,Level,Not Applicable,Sealed,Dry,Not Raining,Night,Side Swipe,2,Driver Rider,1: PDO,Traffic Signals,,,1328471.62,1670979.97,1.32847E+13
2019-3788-8/07/2020,2 Metropolitan,WEST BEACH,5024,CITY OF WEST TORRENS,4,0,0,0,0,2019,April,Thursday,5:30 PM,80,Divided Road,Straight road,Level,Not Applicable,Sealed,Dry,Not Raining,Daylight,Rear End,1,Driver Rider,1: PDO,No Control,,,1320903.08,1669334.72,1.3209E+13
2019-3789-8/07/2020,2 Metropolitan,KENT TOWN,5067,"CC OF NORWOOD,PAYNEHAM & ST PETERS",2,0,0,0,0,2019,April,Thursday,6:12 PM,60,Divided Road,Straight road,Level,Not Applicable,Sealed,Dry,Not Raining,Night,Side Swipe,2,Driver Rider,1: PDO,No Control,,,1329929.65,1671103,1.32993E+13
2019-3790-8/07/2020,2 Metropolitan,NOARLUNGA CENTRE,5168,CITY OF ONKAPARINGA,2,1,0,0,1,2019,April,Thursday,6:00 PM,50,Not Divided,Straight road,Level,"Bridge, Culvert, Causeway",Sealed,Dry,Not Raining,Night,Hit Fixed Object,1,Driver Rider,2: MI,No Control,,,1317921.1,1647335.14,1.31792E+13
2019-3791-8/07/2020,2 Metropolitan,KURRALTA PARK,5037,CITY OF WEST TORRENS,2,1,0,0,1,2019,April,Thursday,4:48 PM,60,Divided Road,Straight road,Level,Median Opening (not at I/S),Sealed,Dry,Not Raining,Daylight,Rear End,1,Driver Rider,2: MI,No Control,,,1325505.24,1667514.44,1.32551E+13
2019-3792-8/07/2020,2 Metropolitan,PROSPECT,5082,CITY OF PROSPECT,2,0,0,0,0,2019,April,Thursday,7:15 PM,50,Cross Road,Straight road,Level,Not Applicable,Sealed,Dry,Not Raining,Night,Right Angle,2,Driver Rider,1: PDO,Stop Sign,,,1328115.71,1674191.84,1.32812E+13
2019-3793-8/07/2020,2 Metropolitan,TORRENSVILLE,5031,CITY OF WEST TORRENS,2,0,0,0,0,2019,April,Thursday,7:45 PM,50,T-Junction,Straight road,Level,Not Applicable,Sealed,Dry,Not Raining,Night,Hit Parked Vehicle,2,Driver Rider,1: PDO,Stop Sign,Y,Y,1325184.55,1670976.08,1.32519E+13
2019-3794-8/07/2020,2 Metropolitan,ELIZABETH SOUTH,5112,CITY OF PLAYFORD.,2,1,0,1,0,2019,April,Thursday,7:02 PM,50,T-Junction,Straight road,Level,Not Applicable,Sealed,Dry,Not Raining,Night,Right Angle,2,Driver Rider,3: SI,Give Way Sign,,,1335348.85,1691997.52,1.33535E+13
2019-3795-8/07/2020,2 Metropolitan,OTTOWAY,5013,CITY OF PORT ADELAIDE ENFIELD,2,0,0,0,0,2019,April,Thursday,7:50 PM,50,Not Divided,Straight road,Level,Not Applicable,Sealed,Dry,Not Raining,Night,Hit Fixed Object,1,Driver Rider,1: PDO,No Control,,,1322173.32,1679470.27,1.32217E+13
2019-3796-8/07/2020,2 Metropolitan,CHRISTIE DOWNS,5164,CITY OF ONKAPARINGA,2,0,0,0,0,2019,April,Thursday,8:20 PM,60,T-Junction,Straight road,Level,Not Applicable,Sealed,Dry,Not Raining,Night,Right Turn,1,Driver Rider,1: PDO,Traffic Signals,,,1318513.27,1647464.88,1.31851E+13
2019-3797-8/07/2020,2 Metropolitan,O'HALLORAN HILL,5158,CITY OF ONKAPARINGA,2,1,0,1,0,2019,April,Thursday,11:40 PM,80,Divided Road,Straight road,Level,Not Applicable,Sealed,Dry,Not Raining,Night,Hit Pedestrian,2,Pedestrian,3: SI,No Control,Y,,1324336.97,1656972.26,1.32434E+13
2019-3798-8/07/2020,2 Metropolitan,ELIZABETH NORTH,5113,CITY OF PLAYFORD.,2,0,0,0,0,2019,April,Thursday,11:50 PM,50,Not Divided,Straight road,Level,Not Applicable,Sealed,Dry,Not Raining,Night,Hit Fixed Object,1,Driver Rider,1: PDO,No Control,,,1336349.52,1695512.62,1.33635E+13
2019-3799-8/07/2020,2 Metropolitan,ADELAIDE AIRPORT,5950,CITY OF WEST TORRENS,2,1,0,0,1,2019,April,Friday,7:02 AM,25,One Way,Straight road,Level,Not Applicable,Sealed,Dry,Not Raining,Daylight,Hit Pedestrian,1,Driver Rider,2: MI,No Control,,,1322607.25,1669426.19,1.32261E+13
2019-3800-8/07/2020,2 Metropolitan,BOLIVAR,5110,CITY OF SALISBURY,2,0,0,0,0,2019,April,Thursday,2:45 PM,90,Divided Road,Straight road,Level,Not Applicable,Sealed,Dry,Not Raining,Daylight,Rear End,1,Driver Rider,1: PDO,No Control,,,1328171.66,1689785.34,1.32817E+13
2019-3801-8/07/2020,3 Country,YUNTA,5440,,1,1,0,0,1,2019,April,Thursday,10:15 PM,110,Not Divided,"CURVED, VIEW OPEN",Slope,Not Applicable,Sealed,Dry,Not Raining,Night,Roll Over,1,Driver Rider,2: MI,No Control,,,1426274.33,1926034.72,1.42627E+13
2019-3802-8/07/2020,2 Metropolitan,HIGHBURY,5089,CITY OF TEA TREE GULLY,2,1,0,0,1,2019,April,Thursday,6:30 PM,60,Divided Road,Straight road,Level,Driveway or Entrance,Sealed,Dry,Not Raining,Night,Right Angle,2,Driver Rider,2: MI,No Control,,,1338063.48,1678457.58,1.33806E+13
2019-3803-8/07/2020,2 Metropolitan,MEDINDIE,5081,WALKERVILLE TOWN COUNCIL,1,1,0,0,1,2019,April,Friday,10:38 AM,60,Divided Road,Straight road,Crest of Hill,Not Applicable,Sealed,Dry,Not Raining,Daylight,Roll Over,1,Driver Rider,2: MI,No Control,,,1328662.06,1673573.43,1.32866E+13
2019-3804-8/07/2020,3 Country,ALLANDALE STATION,5723,,1,2,0,0,2,2019,April,Thursday,4:10 PM,100,Not Divided,"CURVED, VIEW OPEN",Level,Not Applicable,Unsealed,Dry,Not Raining,Daylight,Roll Over,1,Driver Rider,2: MI,No Control,,,1045653.04,2486395.98,1.04565E+13
2019-3805-8/07/2020,2 Metropolitan,HUMBUG SCRUB,5114,CITY OF PLAYFORD.,2,0,0,0,0,2019,April,Friday,9:00 AM,100,Not Divided,"CURVED, VIEW OBSCURED",Slope,Not Applicable,Sealed,Dry,Not Raining,Daylight,Hit Fixed Object,1,Driver Rider,1: PDO,No Control,,,1349598.71,1694816.16,1.3496E+13
2019-3806-8/07/2020,2 Metropolitan,ELIZABETH DOWNS,5113,CITY OF PLAYFORD.,2,0,0,0,0,2019,April,Friday,8:30 AM,50,Not Divided,Straight road,Level,Not Applicable,Sealed,Dry,Not Raining,Daylight,Hit Fixed Object,1,Driver Rider,1: PDO,No Control,,,1337853.34,1695326.37,1.33785E+13
2019-3807-8/07/2020,3 Country,MIRANDA,5700,CC PT.AUGUSTA.                ,2,2,2,0,0,2019,April,Friday,12:57 AM,110,Not Divided,Straight road,Level,Not Applicable,Sealed,Dry,Not Raining,Night,Head On,1,Driver Rider,4: Fatal,No Control,,Y,1274572.63,1921721.33,1.27457E+13