REPORT_ID,Stats Area,Suburb,Postcode,LGA Name,Total Units,Total Cas,Total Fats,Total SI,Total MI,Year,Month,Day,Time,Area Speed,Position Type,Horizontal Align,Vertical Align,Other Feat,Road Surface,Moisture Cond,Weather Cond,DayNight,Crash Type,Unit Resp,Entity Code,CSEF Severity,Traffic Ctrls,DUI Involved,Drugs Involved,ACCLOC_X,ACCLOC_Y,UNIQUE_LOC
2019-3808-8/07/2020,2 Metropolitan,KESWICK TERMINAL,5035,CITY OF WEST TORRENS,2,0,0,0,0,2019,April,Thursday,6:20 PM,60,Cross Road,Straight road,Level,Not Applicable,Sealed,Dry,Not Raining,Night,Right Turn,1,Driver Rider,1: PDO,Traffic Signals,,,1326431.95,1668966.24,1.32643E+13
2019-3809-8/07/2020,3 Country,WAIKERIE,5330,LOXTON WAIKERIE DISTRICT COUNCIL,2,0,0,0,0,2019,April,Friday,1:35 PM,100,Not Divided,Straight road,Level,Not Applicable,Sealed,Dry,Not Raining,Daylight,Hit Fixed Object,1,Driver Rider,1: PDO,No Control,,,1457427.41,1746045.84,1.45743E+13
2019-3810-8/07/2020,2 Metropolitan,WOODVILLE GARDENS,5012,CITY OF PORT ADELAIDE ENFIELD,2,0,0,0,0,2019,April,Friday,4:55 PM,60,T-Junction,Straight road,Level,Not Applicable,Sealed,Dry,Not Raining,Daylight,Hit Pedestrian,2,Pedestrian,1: PDO,Give Way Sign,,,1323964.12,1677047.27,1.32396E+13
2019-3811-8/07/2020,2 Metropolitan,SALISBURY DOWNS,5108,CITY OF SALISBURY,2,0,0,0,0,2019,April,Friday,3:45 PM,60,Cross Road,Straight road,Level,Not Applicable,Sealed,Dry,Not Raining,Daylight,Rear End,2,Driver Rider,1: PDO,Traffic Signals,,,1331452.34,1686817.44,1.33145E+13
2019-3812-8/07/2020,2 Metropolitan,SEAFORD MEADOWS,5169,CITY OF ONKAPARINGA,2,1,0,0,1,2019,April,Thursday,6:30 PM,70,Not Divided,Straight road,Level,Not Applicable,Sealed,Dry,Not Raining,Night,Rear End,1,Driver Rider,2: MI,No Control,,,1316348.43,1642862.15,1.31635E+13
2019-3813-8/07/2020,3 Country,TEMPLERS,5371,LIGHT REGIONAL COUNCIL,2,2,0,0,2,2019,April,Friday,2:55 PM,100,T-Junction,Straight road,Level,Not Applicable,Sealed,Dry,Not Raining,Daylight,Right Angle,1,Driver Rider,2: MI,Stop Sign,,Y,1343678.1,1720841.95,1.34368E+13
2019-3814-8/07/2020,2 Metropolitan,WARRADALE,5046,CC MARION.                    ,2,0,0,0,0,2019,April,Friday,2:10 PM,60,T-Junction,Straight road,Level,Driveway or Entrance,Sealed,Dry,Not Raining,Daylight,Right Angle,2,Driver Rider,1: PDO,No Control,,,1322723.05,1662384.44,1.32272E+13
2019-3815-8/07/2020,2 Metropolitan,NORTH PLYMPTON,5037,CITY OF WEST TORRENS,2,1,0,0,1,2019,April,Friday,3:17 PM,50,Not Divided,Straight road,Level,Not Applicable,Sealed,Dry,Not Raining,Daylight,Hit Fixed Object,1,Driver Rider,2: MI,No Control,,,1324684.38,1667713.37,1.32468E+13
2019-3816-8/07/2020,2 Metropolitan,NOARLUNGA CENTRE,5168,CITY OF ONKAPARINGA,2,0,0,0,0,2019,April,Friday,6:30 PM,60,Cross Road,Straight road,Level,Not Applicable,Sealed,Dry,Not Raining,Night,Right Angle,1,Driver Rider,1: PDO,Traffic Signals,,,1317362.94,1647424.75,1.31736E+13
2019-3817-8/07/2020,2 Metropolitan,MORPHETTVILLE,5043,CC MARION.                    ,3,3,0,0,3,2019,April,Friday,6:20 PM,80,T-Junction,Straight road,Level,Not Applicable,Sealed,Dry,Not Raining,Night,Rear End,1,Driver Rider,2: MI,No Control,,,1322995.16,1664708.63,1.323E+13
2019-3818-8/07/2020,1 City,NORTH ADELAIDE,5006,CITY OF ADELAIDE,2,0,0,0,0,2019,April,Friday,8:05 PM,60,Not Divided,Straight road,Level,Not Applicable,Sealed,Dry,Not Raining,Night,Hit Fixed Object,1,Driver Rider,1: PDO,No Control,,,1326864.48,1672538.34,1.32686E+13
2019-3819-8/07/2020,3 Country,JOANNA,5271,DC NARACOORTE & LUCINDALE.,2,0,0,0,0,2019,April,Friday,8:00 PM,110,Not Divided,Straight road,Level,Not Applicable,Sealed,Dry,Not Raining,Night,Hit Animal,2,Animal,1: PDO,No Control,,,1518424.41,1414114.34,1.51842E+13
2019-3820-8/07/2020,2 Metropolitan,SALISBURY HEIGHTS,5109,CITY OF SALISBURY,2,0,0,0,0,2019,April,Friday,7:20 PM,60,Cross Road,Straight road,Level,Not Applicable,Sealed,Dry,Not Raining,Night,Hit Fixed Object,1,Driver Rider,1: PDO,Traffic Signals,,,1336144.67,1687778.05,1.33615E+13
2019-3821-8/07/2020,2 Metropolitan,PARACOMBE,5132,THE ADELAIDE HILLS COUNCIL,2,4,0,0,4,2019,April,Saturday,1:09 AM,80,Not Divided,"CURVED, VIEW OBSCURED",Level,Not Applicable,Sealed,Dry,Not Raining,Night,Hit Fixed Object,1,Driver Rider,2: MI,No Control,Y,,1345577.67,1677259.85,1.34558E+13
2019-3822-8/07/2020,2 Metropolitan,VALLEY VIEW,5093,CITY OF TEA TREE GULLY,2,1,0,0,1,2019,April,Saturday,7:53 AM,60,Not Divided,Straight road,Level,Not Applicable,Sealed,Dry,Not Raining,Daylight,Hit Fixed Object,1,Driver Rider,2: MI,No Control,,,1335708.74,1680472.67,1.33571E+13
2019-3823-8/07/2020,2 Metropolitan,TORRENSVILLE,5031,CITY OF WEST TORRENS,3,3,0,0,3,2019,April,Saturday,9:58 AM,50,Not Divided,Straight road,Level,Driveway or Entrance,Sealed,Dry,Not Raining,Daylight,Rear End,2,Driver Rider,2: MI,No Control,,,1325020.47,1670962.1,1.32502E+13
2019-3824-8/07/2020,2 Metropolitan,BLACK FOREST,5035,CITY OF UNLEY,3,0,0,0,0,2019,April,Saturday,10:26 AM,60,Divided Road,Straight road,Level,Not Applicable,Sealed,Dry,Not Raining,Daylight,Rear End,1,Driver Rider,1: PDO,No Control,,,1325862.71,1666543.17,1.32586E+13
2019-3825-8/07/2020,2 Metropolitan,COLONEL LIGHT GARDENS,5041,CC MITCHAM.                   ,2,1,0,0,1,2019,April,Saturday,11:30 AM,50,Cross Road,Straight road,Level,Not Applicable,Sealed,Dry,Not Raining,Daylight,Right Angle,1,Driver Rider,2: MI,Stop Sign,,,1326735.32,1664408.85,1.32674E+13
2019-3826-8/07/2020,3 Country,THRINGTON,5552,COPPER COAST DISTRICT COUNCIL,2,1,1,0,0,2019,April,Saturday,7:15 AM,100,Not Divided,Straight road,Level,Not Applicable,Sealed,Dry,Not Raining,Daylight,Hit Fixed Object,1,Driver Rider,4: Fatal,No Control,,,1257024.02,1776455.99,1.25702E+13
2019-3827-8/07/2020,3 Country,BURRUNGULE,5291,WATTLE RANGE COUNCIL,2,0,0,0,0,2019,April,Saturday,11:00 AM,110,Not Divided,Straight road,Unknown,Not Applicable,Sealed,Dry,Not Raining,Daylight,Hit Animal,2,Animal,1: PDO,No Control,,,1492888.58,1350893.17,1.49289E+13
2019-3828-8/07/2020,3 Country,SHEA-OAK LOG,5371,LIGHT REGIONAL COUNCIL,2,0,0,0,0,2019,April,Saturday,5:30 AM,110,Divided Road,Straight road,Level,Not Applicable,Sealed,Dry,Not Raining,Night,Hit Fixed Object,1,Driver Rider,1: PDO,No Control,,,1349405.68,1715514.98,1.34941E+13
2019-3829-8/07/2020,1 City,ADELAIDE,5000,CITY OF ADELAIDE,2,0,0,0,0,2019,April,Saturday,3:00 PM,50,Not Divided,Straight road,Level,Not Applicable,Sealed,Dry,Not Raining,Daylight,Side Swipe,1,Driver Rider,1: PDO,No Control,,,1329232.04,1670972.06,1.32923E+13
2019-3830-8/07/2020,3 Country,WHYALLA PLAYFORD,5600,CC WHYALLA.                   ,4,0,0,0,0,2019,April,Friday,6:20 PM,50,Not Divided,Straight road,Level,Not Applicable,Sealed,Dry,Not Raining,Night,Hit Parked Vehicle,1,Driver Rider,1: PDO,No Control,,,1239605.31,1883621.96,1.23961E+13
2019-3831-8/07/2020,2 Metropolitan,MODBURY HEIGHTS,5092,CITY OF TEA TREE GULLY,2,0,0,0,0,2019,April,Saturday,3:20 PM,50,Not Divided,Straight road,Slope,Not Applicable,Sealed,Dry,Not Raining,Daylight,Hit Parked Vehicle,1,Driver Rider,1: PDO,No Control,,,1337051.88,1683235.57,1.33705E+13
2019-3832-8/07/2020,2 Metropolitan,HENLEY BEACH,5022,CITY OF CHARLES STURT,2,0,0,0,0,2019,April,Saturday,3:45 PM,60,Divided Road,Straight road,Level,Driveway or Entrance,Sealed,Dry,Not Raining,Daylight,Right Angle,2,Driver Rider,1: PDO,No Control,,,1319897.38,1673047.76,1.3199E+13
2019-3833-8/07/2020,2 Metropolitan,PAYNEHAM,5070,"CC OF NORWOOD,PAYNEHAM & ST PETERS",2,2,0,0,2,2019,April,Saturday,3:06 PM,60,Cross Road,Straight road,Level,Not Applicable,Sealed,Dry,Not Raining,Daylight,Right Angle,1,Driver Rider,2: MI,Give Way Sign,,,1332192.39,1673376.54,1.33219E+13
2019-3834-8/07/2020,2 Metropolitan,LOCKLEYS,5032,CITY OF WEST TORRENS,2,1,0,0,1,2019,April,Saturday,4:30 PM,40,Not Divided,Straight road,Level,Not Applicable,Sealed,Dry,Not Raining,Daylight,Hit Parked Vehicle,1,Driver Rider,2: MI,No Control,,,1322535.56,1671218.51,1.32254E+13
2019-3835-8/07/2020,2 Metropolitan,PORT ADELAIDE,5015,CITY OF PORT ADELAIDE ENFIELD,2,0,0,0,0,2019,April,Saturday,4:50 PM,40,T-Junction,"CURVED, VIEW OPEN",Level,Not Applicable,Sealed,Dry,Not Raining,Daylight,Right Angle,1,Driver Rider,1: PDO,Give Way Sign,,,1319990.41,1679421.57,1.31999E+13
2019-3836-8/07/2020,3 Country,MOUNT GAMBIER,5290,CC MT.GAMBIER.                ,2,0,0,0,0,2019,April,Saturday,11:30 AM,60,T-Junction,Straight road,Bottom of Hill,Not Applicable,Sealed,Dry,Not Raining,Daylight,Rear End,1,Driver Rider,1: PDO,Give Way Sign,,,1511724.85,1339571.38,1.51173E+13
2019-3837-8/07/2020,2 Metropolitan,CLOVELLY PARK,5042,CC MARION.                    ,2,0,0,0,0,2019,April,Saturday,4:00 PM,60,T-Junction,Straight road,Level,Not Applicable,Sealed,Dry,Not Raining,Daylight,Right Turn,2,Driver Rider,1: PDO,Traffic Signals,,,1325974.64,1662554.21,1.32598E+13
2019-3838-8/07/2020,2 Metropolitan,KURRALTA PARK,5037,CITY OF WEST TORRENS,2,1,0,0,1,2019,April,Saturday,3:00 PM,60,Cross Road,Straight road,Level,Not Applicable,Sealed,Dry,Not Raining,Daylight,Right Turn,2,Driver Rider,2: MI,Traffic Signals,,,1325819.1,1668480.34,1.32582E+13
2019-3839-8/07/2020,2 Metropolitan,CHELTENHAM,5014,CITY OF CHARLES STURT,2,1,0,0,1,2019,April,Saturday,7:10 PM,60,Cross Road,Straight road,Level,Not Applicable,Sealed,Dry,Not Raining,Night,Hit Fixed Object,1,Driver Rider,2: MI,Traffic Signals,,,1322118.29,1676363.89,1.32212E+13
2019-3840-8/07/2020,2 Metropolitan,SOMERTON PARK,5044,CITY OF HOLDFAST BAY,2,1,0,0,1,2019,April,Saturday,5:26 PM,60,Cross Road,Straight road,Level,Not Applicable,Sealed,Dry,Not Raining,Daylight,Hit Fixed Object,1,Driver Rider,2: MI,Give Way Sign,,,1321083.36,1662780.15,1.32108E+13
2019-3841-8/07/2020,2 Metropolitan,GLENELG NORTH,5045,CITY OF HOLDFAST BAY,2,1,0,0,1,2019,April,Saturday,6:55 PM,50,Divided Road,Straight road,Level,Not Applicable,Sealed,Dry,Not Raining,Night,Rear End,2,Driver Rider,2: MI,No Control,Y,,1320493.66,1665290.17,1.32049E+13
2019-3842-8/07/2020,3 Country,ANGASTON,5353,THE BAROSSA COUNCIL.,2,0,0,0,0,2019,April,Saturday,8:25 PM,50,Not Divided,Straight road,Bottom of Hill,Not Applicable,Sealed,Dry,Not Raining,Night,Hit Parked Vehicle,1,Driver Rider,1: PDO,No Control,Y,,1370966.09,1716015.63,1.37097E+13
2019-3843-8/07/2020,2 Metropolitan,HAPPY VALLEY,5159,CITY OF ONKAPARINGA,3,0,0,0,0,2019,April,Sunday,12:15 AM,80,Not Divided,"CURVED, VIEW OPEN",Level,Not Applicable,Sealed,Dry,Not Raining,Night,Hit Fixed Object,1,Driver Rider,1: PDO,No Control,,,1326209.64,1655904.66,1.32621E+13
2019-3844-8/07/2020,2 Metropolitan,HINDMARSH,5007,CITY OF CHARLES STURT,4,0,0,0,0,2019,April,Sunday,1:00 AM,60,Divided Road,Straight road,Level,Not Applicable,Sealed,Dry,Not Raining,Night,Hit Parked Vehicle,1,Driver Rider,1: PDO,No Control,,,1325822.58,1672842.5,1.32582E+13
2019-3845-8/07/2020,3 Country,WAIKERIE,5330,LOXTON WAIKERIE DISTRICT COUNCIL,2,1,0,0,1,2019,April,Saturday,11:30 PM,100,Not Divided,Straight road,Level,Not Applicable,Sealed,Dry,Not Raining,Night,Hit Animal,2,Animal,2: MI,No Control,,,1460181.63,1746646.45,1.46018E+13
2019-3846-8/07/2020,3 Country,VICTOR HARBOR,5211,DC VICTOR HARBOR.             ,2,0,0,0,0,2019,April,Sunday,10:40 AM,60,Not Divided,Straight road,Slope,Driveway or Entrance,Sealed,Wet,Raining,Daylight,Side Swipe,1,Driver Rider,1: PDO,No Control,,,1328018.61,1601474.16,1.32802E+13
2019-3847-8/07/2020,2 Metropolitan,PORT ADELAIDE,5015,CITY OF PORT ADELAIDE ENFIELD,2,1,0,0,1,2019,April,Sunday,11:10 AM,50,Multiple,Straight road,Level,Not Applicable,Sealed,Dry,Not Raining,Daylight,Right Angle,2,Driver Rider,2: MI,Traffic Signals,,,1319888.21,1679913.12,1.31989E+13
2019-3848-8/07/2020,2 Metropolitan,THEBARTON,5031,CITY OF WEST TORRENS,2,0,0,0,0,2019,April,Sunday,11:25 AM,50,T-Junction,"CURVED, VIEW OPEN",Level,Not Applicable,Sealed,Dry,Not Raining,Daylight,Right Angle,2,Driver Rider,1: PDO,No Control,,,1326060.76,1672072.32,1.32606E+13
2019-3849-8/07/2020,3 Country,FOUL BAY,5577,YORKE PENINSULA COUNCIL,2,0,0,0,0,2019,April,Saturday,11:30 PM,100,Not Divided,"CURVED, VIEW OBSCURED",Slope,Not Applicable,Unsealed,Wet,Raining,Night,Hit Fixed Object,1,Driver Rider,1: PDO,No Control,,,1211789.91,1651265.47,1.21179E+13
2019-3850-8/07/2020,2 Metropolitan,HOPE VALLEY,5090,CITY OF TEA TREE GULLY,2,2,0,0,2,2019,April,Sunday,1:11 PM,60,T-Junction,Straight road,Level,Not Applicable,Sealed,Dry,Not Raining,Daylight,Side Swipe,2,Driver Rider,2: MI,No Control,,,1337090.87,1679467.4,1.33709E+13
2019-3851-8/07/2020,3 Country,MCCRACKEN,5211,DC VICTOR HARBOR.             ,3,0,0,0,0,2019,April,Sunday,11:50 AM,60,Divided Road,Straight road,Level,Not Applicable,Sealed,Dry,Not Raining,Daylight,Rear End,1,Driver Rider,1: PDO,No Control,,,1329778.11,1602929.63,1.32978E+13
2019-3852-8/07/2020,3 Country,ANNA CREEK,5723,,1,0,0,0,0,2019,April,Sunday,11:30 AM,100,Not Divided,Straight road,Level,Not Applicable,Unsealed,Dry,Not Raining,Daylight,Roll Over,1,Driver Rider,1: PDO,No Control,,,1102338.29,2340283.65,1.10234E+13
2019-3853-8/07/2020,2 Metropolitan,PARAFIELD GARDENS,5107,CITY OF SALISBURY,1,1,0,0,1,2019,April,Sunday,2:23 PM,70,Not Divided,Straight road,Level,Not Applicable,Sealed,Dry,Not Raining,Daylight,Roll Over,1,Driver Rider,2: MI,No Control,,Y,1329145.87,1685785.08,1.32915E+13
2019-3854-8/07/2020,2 Metropolitan,UNLEY,5061,CITY OF UNLEY,2,4,0,0,4,2019,April,Sunday,2:25 PM,60,T-Junction,Straight road,Level,Not Applicable,Sealed,Dry,Not Raining,Daylight,Right Angle,1,Driver Rider,2: MI,Stop Sign,,,1329093.42,1667729.22,1.32909E+13
2019-3855-8/07/2020,3 Country,WHYALLA STUART,5608,CC WHYALLA.                   ,2,0,0,0,0,2019,April,Sunday,2:25 PM,60,Divided Road,Straight road,Level,Not Applicable,Sealed,Dry,Not Raining,Daylight,Hit Parked Vehicle,1,Driver Rider,1: PDO,No Control,,,1235798.86,1883477.8,1.2358E+13
2019-3856-8/07/2020,3 Country,ANNA CREEK,5723,,2,0,0,0,0,2019,April,Sunday,11:30 AM,100,Not Divided,Straight road,Level,Not Applicable,Unsealed,Dry,Not Raining,Daylight,Hit Parked Vehicle,1,Driver Rider,1: PDO,No Control,,,1122554.64,2342745.25,1.12256E+13
2019-3857-8/07/2020,2 Metropolitan,COLONEL LIGHT GARDENS,5041,CC MITCHAM.                   ,2,0,0,0,0,2019,April,Sunday,5:31 PM,50,T-Junction,Straight road,Level,Not Applicable,Sealed,Dry,Not Raining,Daylight,Hit Fixed Object,1,Driver Rider,1: PDO,No Control,,,1328386.65,1664047.31,1.32839E+13
2019-3858-8/07/2020,3 Country,NURIOOTPA,5355,LIGHT REGIONAL COUNCIL,2,2,0,0,2,2019,April,Sunday,4:35 PM,60,Cross Road,Straight road,Level,Not Applicable,Sealed,Dry,Not Raining,Daylight,Right Angle,1,Driver Rider,2: MI,Stop Sign,,,1364772.29,1720072.41,1.36477E+13
2019-3859-8/07/2020,2 Metropolitan,PARK HOLME,5043,CC MARION.                    ,2,0,0,0,0,2019,April,Sunday,5:29 PM,60,Divided Road,Straight road,Level,Not Applicable,Sealed,Dry,Not Raining,Daylight,Hit Fixed Object,1,Driver Rider,1: PDO,No Control,,,1324301.37,1664401.1,1.3243E+13
2019-3860-8/07/2020,2 Metropolitan,DAW PARK,5041,CC MITCHAM.                   ,3,0,0,0,0,2019,April,Sunday,5:40 PM,50,Not Divided,Straight road,Level,Not Applicable,Sealed,Dry,Not Raining,Daylight,Hit Parked Vehicle,1,Driver Rider,1: PDO,No Control,,,1326747.22,1663980.51,1.32675E+13
2019-3861-8/07/2020,2 Metropolitan,PARKSIDE,5063,CITY OF UNLEY,2,0,0,0,0,2019,April,Sunday,8:00 PM,60,Cross Road,"CURVED, VIEW OPEN",Level,Not Applicable,Sealed,Dry,Not Raining,Night,Rear End,2,Driver Rider,1: PDO,Traffic Signals,,,1330707.08,1668319.59,1.33071E+13
2019-3862-8/07/2020,1 City,ADELAIDE,5000,CITY OF ADELAIDE,2,0,0,0,0,2019,April,Sunday,7:30 PM,50,Cross Road,Straight road,Level,Not Applicable,Unsealed,Dry,Not Raining,Night,Hit Fixed Object,1,Driver Rider,1: PDO,Traffic Signals,,,1329511.85,1670859.19,1.32951E+13
2019-3863-8/07/2020,3 Country,MONARTO SOUTH,5254,RC MURRAY BRIDGE.             ,2,0,0,0,0,2019,April,Sunday,9:50 PM,100,Not Divided,Straight road,Bottom of Hill,Not Applicable,Sealed,Dry,Not Raining,Night,Hit Fixed Object,1,Driver Rider,1: PDO,No Control,Y,,1375846.59,1639398.92,1.37585E+13
2019-3864-8/07/2020,3 Country,MANNUM,5238,MID MURRAY DISTRICT COUNCIL,2,0,0,0,0,2019,April,Monday,12:00 AM,100,Not Divided,Straight road,Level,Not Applicable,Sealed,Dry,Not Raining,Night,Hit Animal,2,Animal,1: PDO,No Control,,,1388713.51,1669187,1.38871E+13
2019-3865-8/07/2020,3 Country,MIDDLEBACK RANGE,5609,,2,0,0,0,0,2019,April,Monday,4:20 AM,110,Not Divided,Straight road,Level,Not Applicable,Sealed,Dry,Not Raining,Night,Hit Animal,2,Animal,1: PDO,No Control,,,1198267.82,1854564.14,1.19827E+13
2019-3866-8/07/2020,2 Metropolitan,EYRE,5121,CITY OF PLAYFORD.,2,1,0,0,1,2019,April,Monday,2:00 AM,80,Cross Road,Straight road,Level,Not Applicable,Sealed,Dry,Not Raining,Night,Hit Fixed Object,1,Driver Rider,2: MI,Roundabout,Y,,1335023.61,1696798.79,1.33502E+13
2019-3867-8/07/2020,2 Metropolitan,KESWICK,5035,CITY OF WEST TORRENS,2,0,0,0,0,2019,April,Sunday,1:00 PM,60,Cross Road,Straight road,Level,Not Applicable,Sealed,Dry,Not Raining,Daylight,Right Turn,1,Driver Rider,1: PDO,Traffic Signals,,,1325794.33,1668947.63,1.32579E+13
2019-3868-8/07/2020,2 Metropolitan,BLAKEVIEW,5114,CITY OF PLAYFORD.,2,1,0,0,1,2019,April,Monday,6:15 AM,50,Not Divided,"CURVED, VIEW OPEN",Level,Not Applicable,Sealed,Dry,Not Raining,Night,Hit Fixed Object,1,Driver Rider,2: MI,No Control,,,1338356.22,1696652.09,1.33836E+13
2019-3869-8/07/2020,2 Metropolitan,LIGHTSVIEW,5085,CITY OF PORT ADELAIDE ENFIELD,2,0,0,0,0,2019,April,Monday,9:41 AM,50,Divided Road,"CURVED, VIEW OPEN",Level,Not Applicable,Sealed,Dry,Not Raining,Daylight,Hit Fixed Object,1,Driver Rider,1: PDO,No Control,,,1330852,1677567.56,1.33085E+13
2019-3870-8/07/2020,2 Metropolitan,KENT TOWN,5067,"CC OF NORWOOD,PAYNEHAM & ST PETERS",2,0,0,0,0,2019,April,Monday,11:30 AM,60,T-Junction,"CURVED, VIEW OPEN",Level,Not Applicable,Sealed,Dry,Not Raining,Daylight,Right Angle,2,Driver Rider,1: PDO,Roundabout,,,1330555.43,1670400.29,1.33056E+13
2019-3871-8/07/2020,3 Country,COWELL,5602,DC FRANKLIN HARBOR.           ,2,1,0,0,1,2019,April,Monday,11:00 AM,110,Not Divided,Straight road,Level,Not Applicable,Sealed,Dry,Not Raining,Daylight,Hit Animal,2,Animal,2: MI,No Control,,,1157682.3,1797359.73,1.15768E+13
2019-3872-8/07/2020,3 Country,MOUNT GAMBIER,5290,CC MT.GAMBIER.                ,2,0,0,0,0,2019,April,Monday,11:13 AM,60,Cross Road,Straight road,Level,Not Applicable,Sealed,Dry,Not Raining,Daylight,Right Angle,2,Driver Rider,1: PDO,Roundabout,,,1510137.65,1338892.76,1.51014E+13
2019-3873-8/07/2020,3 Country,WIRREGA,5267,DC TATIARA.                   ,2,0,0,0,0,2019,April,Monday,11:00 AM,110,Not Divided,Straight road,Level,Not Applicable,Sealed,Dry,Not Raining,Daylight,Rear End,1,Driver Rider,1: PDO,No Control,,,1502377.14,1520881.38,1.50238E+13
2019-3874-8/07/2020,2 Metropolitan,ONE TREE HILL,5114,CITY OF PLAYFORD.,2,0,0,0,0,2019,April,Monday,1:50 PM,100,T-Junction,Straight road,Level,Not Applicable,Sealed,Dry,Not Raining,Daylight,Rear End,2,Driver Rider,1: PDO,Give Way Sign,,,1342450.56,1693351.71,1.34245E+13
2019-3875-8/07/2020,2 Metropolitan,PARKSIDE,5063,CITY OF UNLEY,2,0,0,0,0,2019,April,Monday,2:30 PM,60,Not Divided,Straight road,Level,Not Applicable,Sealed,Dry,Not Raining,Daylight,Rear End,2,Driver Rider,1: PDO,No Control,,,1330714.47,1668021.39,1.33071E+13
2019-3876-8/07/2020,3 Country,WAURALTEE,5573,YORKE PENINSULA COUNCIL,2,2,0,0,2,2019,April,Monday,1:45 PM,100,Cross Road,Straight road,Level,Not Applicable,Unsealed,Dry,Not Raining,Daylight,Right Angle,1,Driver Rider,2: MI,Give Way Sign,,,1234377.9,1714205.02,1.23438E+13
2019-3877-8/07/2020,2 Metropolitan,ELIZABETH NORTH,5113,CITY OF PLAYFORD.,2,0,0,0,0,2019,April,Monday,3:10 PM,50,Cross Road,Straight road,Level,Not Applicable,Sealed,Dry,Not Raining,Daylight,Hit Fixed Object,1,Driver Rider,1: PDO,Traffic Signals,,,1336943,1695475.26,1.33694E+13
2019-3878-8/07/2020,3 Country,MILLICENT,5280,WATTLE RANGE COUNCIL,2,0,0,0,0,2019,April,Monday,3:30 PM,60,Not Divided,"CURVED, VIEW OPEN",Level,Not Applicable,Sealed,Dry,Not Raining,Daylight,Hit Fixed Object,1,Driver Rider,1: PDO,No Control,,,1475367.38,1365851.17,1.47537E+13
2019-3879-8/07/2020,2 Metropolitan,URRBRAE,5064,CC MITCHAM.                   ,4,4,0,1,3,2019,April,Monday,4:30 PM,80,Freeway,Straight road,Slope,Not Applicable,Sealed,Dry,Not Raining,Daylight,Rear End,1,Driver Rider,3: SI,No Control,,,1332897.94,1665625.73,1.3329E+13
2019-3880-8/07/2020,2 Metropolitan,LARGS NORTH,5016,CITY OF PORT ADELAIDE ENFIELD,2,0,0,0,0,2019,April,Monday,4:51 PM,60,Not Divided,Straight road,Level,Not Applicable,Sealed,Dry,Not Raining,Daylight,Hit Parked Vehicle,1,Driver Rider,1: PDO,No Control,,,1319204.03,1683007.39,1.3192E+13
2019-3881-8/07/2020,2 Metropolitan,TONSLEY,5042,CC MARION.                    ,2,0,0,0,0,2019,April,Monday,4:30 PM,60,Divided Road,Straight road,Slope,Not Applicable,Sealed,Dry,Not Raining,Daylight,Rear End,2,Driver Rider,1: PDO,No Control,,,1325078.58,1660690.11,1.32508E+13
2019-3882-8/07/2020,2 Metropolitan,PARALOWIE,5108,CITY OF SALISBURY,2,0,0,0,0,2019,April,Monday,5:35 PM,60,T-Junction,"CURVED, VIEW OPEN",Level,Not Applicable,Sealed,Dry,Not Raining,Daylight,Right Angle,2,Driver Rider,1: PDO,Roundabout,,,1329103.58,1689494.12,1.3291E+13
2019-3883-8/07/2020,2 Metropolitan,WINGFIELD,5013,CITY OF PORT ADELAIDE ENFIELD,2,0,0,0,0,2019,April,Monday,6:58 PM,50,Not Divided,Straight road,Level,Not Applicable,Sealed,Dry,Not Raining,Night,Rear End,1,Driver Rider,1: PDO,No Control,,,1324768.57,1680202.55,1.32477E+13
2019-3884-8/07/2020,2 Metropolitan,CLELAND,5152,THE ADELAIDE HILLS COUNCIL,1,1,0,0,1,2019,April,Monday,6:30 PM,80,Not Divided,"CURVED, VIEW OPEN",Slope,Not Applicable,Sealed,Dry,Not Raining,Night,Roll Over,1,Driver Rider,2: MI,No Control,,,1338129.44,1664875.91,1.33813E+13
2019-3885-8/07/2020,2 Metropolitan,PAYNEHAM SOUTH,5070,"CC OF NORWOOD,PAYNEHAM & ST PETERS",2,0,0,0,0,2019,April,Monday,2:14 PM,60,T-Junction,Straight road,Level,Not Applicable,Sealed,Dry,Not Raining,Daylight,Right Angle,2,Driver Rider,1: PDO,Give Way Sign,,,1332206.4,1672856.29,1.33221E+13
2019-3886-8/07/2020,2 Metropolitan,WEST CROYDON,5008,CITY OF CHARLES STURT,2,1,0,0,1,2019,April,Tuesday,6:30 AM,40,Not Divided,Straight road,Level,Not Applicable,Sealed,Dry,Not Raining,Night,Side Swipe,1,Driver Rider,2: MI,No Control,,,1324734.35,1675013.33,1.32473E+13
2019-3887-8/07/2020,2 Metropolitan,VIRGINIA,5120,CITY OF PLAYFORD.,2,0,0,0,0,2019,April,Tuesday,6:55 AM,50,Not Divided,Straight road,Level,Not Applicable,Sealed,Dry,Not Raining,Daylight,Hit Parked Vehicle,2,Driver Rider,1: PDO,No Control,,,1325764.75,1698559.65,1.32577E+13
2019-3888-8/07/2020,2 Metropolitan,MAYLANDS,5069,"CC OF NORWOOD,PAYNEHAM & ST PETERS",2,1,0,0,1,2019,April,Tuesday,8:00 AM,60,Cross Road,Straight road,Level,Not Applicable,Sealed,Dry,Not Raining,Daylight,Rear End,2,Driver Rider,2: MI,Traffic Signals,,,1332238.21,1671761.6,1.33224E+13
2019-3889-8/07/2020,3 Country,WIRRINA COVE,5204,DC YANKALILLA.                ,2,0,0,0,0,2019,April,Wednesday,5:15 PM,100,Not Divided,"CURVED, VIEW OPEN",Level,Not Applicable,Sealed,Dry,Not Raining,Daylight,Hit Fixed Object,1,Driver Rider,1: PDO,No Control,,,1297403.39,1608941.86,1.2974E+13