REPORT_ID,Stats Area,Suburb,Postcode,LGA Name,Total Units,Total Cas,Total Fats,Total SI,Total MI,Year,Month,Day,Time,Area Speed,Position Type,Horizontal Align,Vertical Align,Other Feat,Road Surface,Moisture Cond,Weather Cond,DayNight,Crash Type,Unit Resp,Entity Code,CSEF Severity,Traffic Ctrls,DUI Involved,Drugs Involved,ACCLOC_X,ACCLOC_Y,UNIQUE_LOC
2019-3890-8/07/2020,2 Metropolitan,KILKENNY,5009,CITY OF CHARLES STURT,2,0,0,0,0,2019,April,Tuesday,10:14 AM,60,Divided Road,Straight road,Level,Not Applicable,Sealed,Dry,Not Raining,Daylight,Hit Fixed Object,1,Driver Rider,1: PDO,No Control,,,1324440.77,1676336.21,1.32444E+13
2019-3891-8/07/2020,2 Metropolitan,GEPPS CROSS,5094,CITY OF PORT ADELAIDE ENFIELD,2,0,0,0,0,2019,April,Tuesday,8:00 AM,60,Multiple,Straight road,Level,Not Applicable,Sealed,Dry,Not Raining,Daylight,Rear End,1,Driver Rider,1: PDO,Traffic Signals,,,1328797.53,1679280.27,1.3288E+13
2019-3892-8/07/2020,3 Country,PALMER,5237,MID MURRAY DISTRICT COUNCIL,2,0,0,0,0,2019,April,Tuesday,5:45 AM,40,Not Divided,Straight road,Slope,Roadworks,Sealed,Dry,Not Raining,Night,Hit Animal,2,Animal,1: PDO,No Control,,,1381215.95,1676250.48,1.38122E+13
2019-3893-8/07/2020,2 Metropolitan,WILLUNGA,5172,CITY OF ONKAPARINGA,1,1,0,0,1,2019,April,Tuesday,10:30 AM,100,Not Divided,"CURVED, VIEW OBSCURED",Crest of Hill,Not Applicable,Sealed,Dry,Not Raining,Daylight,Roll Over,1,Driver Rider,2: MI,No Control,,,1325076.65,1630431.64,1.32508E+13
2019-3894-8/07/2020,2 Metropolitan,CUDLEE CREEK,5232,THE ADELAIDE HILLS COUNCIL,2,0,0,0,0,2019,April,Sunday,1:15 PM,50,Not Divided,Straight road,Level,Not Applicable,Sealed,Dry,Not Raining,Daylight,Hit Parked Vehicle,2,Driver Rider,1: PDO,No Control,,,1348417.18,1679247.08,1.34842E+13
2019-3895-8/07/2020,2 Metropolitan,HAHNDORF,5245,DC MT.BARKER.                 ,2,0,0,0,0,2019,April,Tuesday,11:28 AM,40,Not Divided,Straight road,Level,Not Applicable,Sealed,Dry,Not Raining,Daylight,Hit Parked Vehicle,1,Driver Rider,1: PDO,No Control,,,1347518.56,1658021.49,1.34752E+13
2019-3896-8/07/2020,2 Metropolitan,NORWOOD,5067,"CC OF NORWOOD,PAYNEHAM & ST PETERS",2,1,0,0,1,2019,April,Tuesday,11:57 AM,60,Divided Road,Straight road,Level,Not Applicable,Sealed,Dry,Not Raining,Daylight,Rear End,2,Driver Rider,2: MI,No Control,,,1331380.36,1671067.48,1.33138E+13
2019-3897-8/07/2020,2 Metropolitan,NORTH BRIGHTON,5048,CITY OF HOLDFAST BAY,1,1,0,0,1,2019,April,Tuesday,11:20 AM,50,T-Junction,Straight road,Level,Not Applicable,Sealed,Dry,Not Raining,Daylight,Roll Over,1,Driver Rider,2: MI,No Control,,,1320182.78,1661851.64,1.32018E+13
2019-3898-8/07/2020,2 Metropolitan,INGLE FARM,5098,CITY OF SALISBURY,2,1,0,0,1,2019,April,Tuesday,12:30 PM,60,T-Junction,Straight road,Level,Not Applicable,Sealed,Dry,Not Raining,Daylight,Rear End,2,Driver Rider,2: MI,No Control,,,1333439.12,1680505.46,1.33344E+13
2019-3899-8/07/2020,3 Country,COONALPYN,5265,COORONG DISTRICT COUNCIL,2,1,0,0,1,2019,April,Tuesday,10:30 AM,110,Not Divided,Straight road,Level,Not Applicable,Sealed,Dry,Not Raining,Daylight,Hit Fixed Object,1,Driver Rider,2: MI,No Control,,,1442805.9,1575209.59,1.44281E+13
2019-3900-8/07/2020,2 Metropolitan,PROSPECT,5082,CITY OF PROSPECT,2,3,0,0,3,2019,April,Monday,9:07 PM,60,Cross Road,Straight road,Slope,Not Applicable,Sealed,Dry,Not Raining,Night,Right Turn,1,Driver Rider,2: MI,Traffic Signals,,,1328059.62,1676423.15,1.32806E+13
2019-3901-8/07/2020,3 Country,KADINA,5554,COPPER COAST DISTRICT COUNCIL,2,0,0,0,0,2019,April,Tuesday,9:30 AM,50,T-Junction,Straight road,Level,Not Applicable,Sealed,Dry,Not Raining,Daylight,Hit Parked Vehicle,2,Driver Rider,1: PDO,Give Way Sign,,,1250365.84,1779508.23,1.25037E+13
2019-3902-8/07/2020,2 Metropolitan,BOLIVAR,5110,CITY OF SALISBURY,2,0,0,0,0,2019,April,Tuesday,2:05 PM,90,Divided Road,Straight road,Level,Not Applicable,Sealed,Dry,Not Raining,Daylight,Side Swipe,1,Driver Rider,1: PDO,No Control,,,1328539.32,1688175.03,1.32854E+13
2019-3903-8/07/2020,2 Metropolitan,PARADISE,5075,CC CAMPBELLTOWN.              ,2,0,0,0,0,2019,April,Thursday,4:45 PM,60,Divided Road,Straight road,Level,Not Applicable,Sealed,Dry,Not Raining,Daylight,Rear End,1,Driver Rider,1: PDO,No Control,,,1335226.53,1675921.43,1.33523E+13
2019-3904-8/07/2020,2 Metropolitan,GAWLER SOUTH,5118,CT GAWLER.                    ,2,0,0,0,0,2019,April,Tuesday,3:20 PM,50,Cross Road,Straight road,Level,Not Applicable,Sealed,Dry,Not Raining,Daylight,Hit Parked Vehicle,1,Driver Rider,1: PDO,Stop Sign,,,1343037.25,1705517.8,1.34304E+13
2019-3905-8/07/2020,2 Metropolitan,PENFIELD GARDENS,5121,CITY OF PLAYFORD.,2,0,0,0,0,2019,April,Tuesday,2:15 PM,80,Cross Road,Straight road,Level,Not Applicable,Sealed,Dry,Not Raining,Daylight,Right Angle,2,Driver Rider,1: PDO,Stop Sign,,,1331978.22,1698506.99,1.33198E+13
2019-3906-8/07/2020,2 Metropolitan,WINGFIELD,5013,CITY OF PORT ADELAIDE ENFIELD,2,0,0,0,0,2019,April,Friday,1:05 PM,90,Divided Road,Straight road,Level,Roadworks,Sealed,Dry,Not Raining,Daylight,Side Swipe,1,Driver Rider,1: PDO,No Control,,,1326575.63,1681051.53,1.32658E+13
2019-3907-8/07/2020,2 Metropolitan,MARDEN,5070,"CC OF NORWOOD,PAYNEHAM & ST PETERS",2,0,0,0,0,2019,April,Tuesday,3:51 PM,60,Divided Road,Straight road,Level,Driveway or Entrance,Sealed,Dry,Not Raining,Daylight,Right Turn,2,Driver Rider,1: PDO,No Control,,,1332100.22,1673858.52,1.3321E+13
2019-3908-8/07/2020,2 Metropolitan,WOODVILLE PARK,5011,CITY OF CHARLES STURT,2,0,0,0,0,2019,April,Tuesday,7:00 AM,60,Not Divided,Straight road,Level,Not Applicable,Sealed,Dry,Not Raining,Daylight,Side Swipe,2,Driver Rider,1: PDO,No Control,,,1323920.43,1674923.31,1.32392E+13
2019-3909-8/07/2020,2 Metropolitan,WINDSOR GARDENS,5087,CITY OF PORT ADELAIDE ENFIELD,2,1,0,0,1,2019,April,Tuesday,4:42 PM,60,Divided Road,Straight road,Level,Not Applicable,Sealed,Dry,Not Raining,Daylight,Rear End,1,Driver Rider,2: MI,No Control,,,1333032.09,1677408.58,1.33303E+13
2019-3910-8/07/2020,2 Metropolitan,KLEMZIG,5087,CITY OF PORT ADELAIDE ENFIELD,2,0,0,0,0,2019,April,Tuesday,12:00 PM,60,Not Divided,Straight road,Level,Driveway or Entrance,Sealed,Dry,Not Raining,Daylight,Right Angle,1,Driver Rider,1: PDO,No Control,,,1331866.6,1675764.01,1.33187E+13
2019-3911-8/07/2020,2 Metropolitan,PLYMPTON,5038,CITY OF WEST TORRENS,2,0,0,0,0,2019,April,Tuesday,5:30 PM,60,Cross Road,Straight road,Level,Not Applicable,Sealed,Dry,Not Raining,Daylight,Right Angle,2,Driver Rider,1: PDO,Give Way Sign,,,1325032.6,1666863.62,1.32503E+13
2019-3912-8/07/2020,2 Metropolitan,PORT ADELAIDE,5015,CITY OF PORT ADELAIDE ENFIELD,1,0,0,0,0,2019,April,Tuesday,6:00 PM,60,Divided Road,"CURVED, VIEW OPEN",Level,Not Applicable,Sealed,Dry,Not Raining,Night,Left Road - Out of Control,1,Driver Rider,1: PDO,No Control,,,1320621.19,1680476.47,1.32062E+13
2019-3913-8/07/2020,2 Metropolitan,GREENHILL,5140,THE ADELAIDE HILLS COUNCIL,3,0,0,0,0,2019,April,Tuesday,6:11 PM,50,Not Divided,Straight road,Level,Not Applicable,Sealed,Dry,Not Raining,Night,Hit Fixed Object,1,Driver Rider,1: PDO,No Control,,,1337512.65,1667213.67,1.33751E+13
2019-3914-8/07/2020,2 Metropolitan,BLACKWOOD,5051,CC MITCHAM.                   ,2,1,0,0,1,2019,June,Tuesday,3:48 PM,50,Multiple,"CURVED, VIEW OPEN",Level,Not Applicable,Sealed,Dry,Not Raining,Daylight,Right Angle,1,Driver Rider,2: MI,Roundabout,,,1329678.48,1660052.36,1.32968E+13
2019-3915-8/07/2020,3 Country,BRINKWORTH,5464,WAKEFIELD REGIONAL COUNCIL,2,0,0,0,0,2019,April,Tuesday,7:00 PM,110,Not Divided,Straight road,Slope,Not Applicable,Sealed,Dry,Not Raining,Night,Hit Animal,2,Animal,1: PDO,No Control,,,1317663.98,1807349.01,1.31766E+13
2019-3916-8/07/2020,2 Metropolitan,GEPPS CROSS,5094,CITY OF PORT ADELAIDE ENFIELD,2,0,0,0,0,2019,April,Tuesday,11:25 AM,60,Multiple,Straight road,Level,Not Applicable,Sealed,Dry,Not Raining,Daylight,Rear End,2,Driver Rider,1: PDO,Traffic Signals,,,1328810.92,1679280.6,1.32881E+13
2019-3917-8/07/2020,2 Metropolitan,DRY CREEK,5094,CITY OF PORT ADELAIDE ENFIELD,2,0,0,0,0,2019,April,Tuesday,7:10 PM,60,Not Divided,Straight road,Level,Not Applicable,Sealed,Dry,Not Raining,Night,Side Swipe,2,Driver Rider,1: PDO,No Control,,,1327493.29,1680355.98,1.32749E+13
2019-3918-8/07/2020,2 Metropolitan,ALDGATE,5154,THE ADELAIDE HILLS COUNCIL,1,1,0,1,0,2019,April,Friday,6:15 PM,50,Not Divided,"CURVED, VIEW OPEN",Slope,Not Applicable,Sealed,Dry,Not Raining,Daylight,Roll Over,1,Driver Rider,3: SI,No Control,,,1341123.15,1658847.32,1.34112E+13
2019-3919-8/07/2020,2 Metropolitan,KLEMZIG,5087,CITY OF PORT ADELAIDE ENFIELD,2,2,0,0,2,2019,April,Tuesday,8:49 PM,60,Not Divided,Straight road,Level,Not Applicable,Sealed,Dry,Not Raining,Night,Rear End,2,Driver Rider,2: MI,No Control,,,1332023.82,1675412.82,1.33202E+13
2019-3920-8/07/2020,3 Country,MORGAN,5320,MID MURRAY DISTRICT COUNCIL,1,1,0,0,1,2019,April,Thursday,12:00 PM,100,Not Divided,"CURVED, VIEW OPEN",Level,Not Applicable,Unsealed,Dry,Not Raining,Daylight,Roll Over,1,Driver Rider,2: MI,No Control,,,1427280.65,1751343.93,1.42728E+13
2019-3921-8/07/2020,2 Metropolitan,INGLE FARM,5098,CITY OF SALISBURY,2,1,0,0,1,2019,April,Tuesday,1:10 PM,60,Divided Road,Straight road,Level,Not Applicable,Sealed,Dry,Not Raining,Daylight,Hit Fixed Object,1,Driver Rider,2: MI,No Control,,,1334238.78,1681123.23,1.33424E+13
2019-3922-8/07/2020,2 Metropolitan,DRY CREEK,5094,CITY OF PORT ADELAIDE ENFIELD,2,1,0,0,1,2019,April,Tuesday,8:00 AM,70,T-Junction,Straight road,Level,Not Applicable,Sealed,Dry,Not Raining,Daylight,Rear End,2,Driver Rider,2: MI,No Control,,,1328127.46,1680128.99,1.32813E+13
2019-3923-8/07/2020,2 Metropolitan,WILLUNGA,5172,CITY OF ONKAPARINGA,2,0,0,0,0,2019,April,Wednesday,7:00 AM,100,Not Divided,"CURVED, VIEW OPEN",Slope,Not Applicable,Sealed,Dry,Not Raining,Daylight,Side Swipe,1,Driver Rider,1: PDO,No Control,,,1322156.36,1631948.37,1.32216E+13
2019-3924-8/07/2020,2 Metropolitan,SOUTH PLYMPTON,5038,CC MARION.                    ,2,1,0,0,1,2019,April,Tuesday,1:25 PM,50,T-Junction,Straight road,Level,Not Applicable,Sealed,Dry,Not Raining,Daylight,Right Turn,1,Driver Rider,2: MI,No Control,,,1325082.15,1665226.35,1.32508E+13
2019-3925-8/07/2020,2 Metropolitan,ATHELSTONE,5076,CC CAMPBELLTOWN.              ,2,1,0,0,1,2019,April,Wednesday,7:55 AM,60,Not Divided,Straight road,Level,Not Applicable,Sealed,Dry,Not Raining,Daylight,Hit Parked Vehicle,1,Driver Rider,2: MI,No Control,,,1337027.49,1674974.08,1.33703E+13
2019-3926-8/07/2020,2 Metropolitan,DARLINGTON,5047,CC MARION.                    ,7,2,0,0,2,2019,April,Wednesday,9:17 AM,80,Divided Road,"CURVED, VIEW OPEN",Slope,Not Applicable,Sealed,Dry,Not Raining,Daylight,Hit Fixed Object,1,Driver Rider,2: MI,No Control,,,1324137.88,1658936.32,1.32414E+13
2019-3927-8/07/2020,2 Metropolitan,ST PETERS,5069,"CC OF NORWOOD,PAYNEHAM & ST PETERS",3,1,0,0,1,2019,April,Wednesday,9:50 AM,60,Cross Road,Straight road,Level,Not Applicable,Sealed,Dry,Not Raining,Daylight,Side Swipe,1,Driver Rider,2: MI,Stop Sign,,,1331020.35,1672510.23,1.33102E+13
2019-3928-8/07/2020,2 Metropolitan,KLEMZIG,5087,CITY OF PORT ADELAIDE ENFIELD,4,2,0,0,2,2019,April,Wednesday,12:00 PM,60,Divided Road,Straight road,Level,Not Applicable,Sealed,Dry,Not Raining,Daylight,Rear End,1,Driver Rider,2: MI,No Control,,,1332175.58,1674949.4,1.33218E+13
2019-3929-8/07/2020,2 Metropolitan,CROYDON PARK,5008,CITY OF PORT ADELAIDE ENFIELD,3,0,0,0,0,2019,April,Wednesday,10:00 AM,50,Not Divided,Straight road,Level,Not Applicable,Sealed,Dry,Not Raining,Daylight,Hit Fixed Object,1,Driver Rider,1: PDO,No Control,,,1325984.04,1675554.14,1.32598E+13
2019-3930-8/07/2020,2 Metropolitan,STURT,5047,CC MARION.                    ,3,0,0,0,0,2019,April,Wednesday,12:35 PM,60,T-Junction,Straight road,Level,Not Applicable,Sealed,Dry,Not Raining,Daylight,Rear End,1,Driver Rider,1: PDO,No Control,,,1324079.9,1660665.9,1.32408E+13
2019-3931-8/07/2020,2 Metropolitan,CAREY GULLY,5144,THE ADELAIDE HILLS COUNCIL,2,0,0,0,0,2019,April,Tuesday,9:00 PM,80,Not Divided,"CURVED, VIEW OBSCURED",Level,Not Applicable,Sealed,Dry,Not Raining,Night,Hit Fixed Object,1,Driver Rider,1: PDO,No Control,,,1344562.96,1666224.99,1.34456E+13
2019-3932-8/07/2020,2 Metropolitan,LIGHTSVIEW,5085,CITY OF PORT ADELAIDE ENFIELD,2,1,0,0,1,2019,April,Wednesday,10:00 AM,50,T-Junction,Straight road,Level,Not Applicable,Sealed,Dry,Not Raining,Daylight,Rear End,1,Driver Rider,2: MI,No Control,,,1331002.41,1677612.37,1.331E+13
2019-3933-8/07/2020,2 Metropolitan,VIRGINIA,5120,CITY OF PLAYFORD.,2,0,0,0,0,2019,April,Wednesday,1:00 AM,90,Not Divided,"CURVED, VIEW OPEN",Level,Not Applicable,Sealed,Dry,Not Raining,Night,Hit Fixed Object,1,Driver Rider,1: PDO,No Control,,,1328376.43,1701372.92,1.32838E+13
2019-3934-8/07/2020,2 Metropolitan,SOUTH BRIGHTON,5048,CITY OF HOLDFAST BAY,2,0,0,0,0,2019,April,Wednesday,1:50 PM,60,T-Junction,Straight road,Level,Not Applicable,Sealed,Dry,Not Raining,Daylight,Right Angle,2,Driver Rider,1: PDO,No Control,,,1321159.45,1660174.3,1.32116E+13
2019-3935-8/07/2020,2 Metropolitan,WOODVILLE PARK,5011,CITY OF CHARLES STURT,2,1,0,0,1,2019,April,Wednesday,3:15 PM,60,T-Junction,Straight road,Level,Not Applicable,Sealed,Dry,Not Raining,Daylight,Right Angle,1,Driver Rider,2: MI,Traffic Signals,,,1323911.52,1674880.86,1.32391E+13
2019-3936-8/07/2020,1 City,NORTH ADELAIDE,5006,CITY OF ADELAIDE,2,0,0,0,0,2019,April,Wednesday,10:30 AM,50,Not Divided,Straight road,Level,Not Applicable,Sealed,Dry,Not Raining,Daylight,Hit Parked Vehicle,2,Driver Rider,1: PDO,No Control,,,1328970.1,1672511.11,1.32897E+13
2019-3937-8/07/2020,2 Metropolitan,HAPPY VALLEY,5159,CITY OF ONKAPARINGA,2,1,0,0,1,2019,April,Wednesday,3:58 PM,60,T-Junction,Straight road,Slope,Not Applicable,Sealed,Dry,Not Raining,Daylight,Right Angle,2,Driver Rider,2: MI,Give Way Sign,,,1324569.46,1653439.77,1.32457E+13
2019-3938-8/07/2020,2 Metropolitan,WALKERVILLE,5081,WALKERVILLE TOWN COUNCIL,2,0,0,0,0,2019,April,Wednesday,3:45 PM,60,Cross Road,Straight road,Level,Not Applicable,Sealed,Dry,Not Raining,Daylight,Hit Fixed Object,1,Driver Rider,1: PDO,Traffic Signals,,,1329934.16,1673775.13,1.32993E+13
2019-3939-8/07/2020,2 Metropolitan,GLOBE DERBY PARK,5110,CITY OF SALISBURY,4,0,0,0,0,2019,April,Wednesday,4:00 PM,80,Divided Road,Straight road,Level,Not Applicable,Sealed,Dry,Not Raining,Daylight,Rear End,2,Driver Rider,1: PDO,No Control,,,1328694.87,1685492.63,1.3287E+13
2019-3940-8/07/2020,2 Metropolitan,GLOBE DERBY PARK,5110,CITY OF SALISBURY,2,0,0,0,0,2019,April,Wednesday,4:20 PM,80,Divided Road,Straight road,Level,Not Applicable,Sealed,Dry,Not Raining,Daylight,Rear End,1,Driver Rider,1: PDO,No Control,,,1328692.3,1685542.84,1.32869E+13
2019-3941-8/07/2020,2 Metropolitan,SEAFORD MEADOWS,5169,CITY OF ONKAPARINGA,6,0,0,0,0,2019,April,Wednesday,4:24 PM,60,Divided Road,Straight road,Slope,"Bridge, Culvert, Causeway",Sealed,Dry,Not Raining,Daylight,Rear End,1,Driver Rider,1: PDO,No Control,,,1318352.44,1643233.82,1.31835E+13
2019-3942-8/07/2020,2 Metropolitan,MARRYATVILLE,5068,"CC OF NORWOOD,PAYNEHAM & ST PETERS",2,0,0,0,0,2019,April,Tuesday,4:30 PM,60,Cross Road,Straight road,Level,Not Applicable,Sealed,Dry,Not Raining,Daylight,Rear End,1,Driver Rider,1: PDO,Traffic Signals,,,1332276.18,1670409.77,1.33228E+13
2019-3943-8/07/2020,3 Country,SANDERGROVE,5255,ALEXANDRINA COUNCIL,2,0,0,0,0,2019,April,Tuesday,10:00 AM,100,Not Divided,Straight road,Level,Not Applicable,Sealed,Dry,Not Raining,Daylight,Head On,2,Driver Rider,1: PDO,No Control,,,1349889.65,1628182.29,1.34989E+13
2019-3944-8/07/2020,2 Metropolitan,PROSPECT,5082,CITY OF PROSPECT,2,0,0,0,0,2019,April,Wednesday,5:25 PM,50,Cross Road,Straight road,Level,Not Applicable,Sealed,Dry,Not Raining,Daylight,Right Angle,1,Driver Rider,1: PDO,Stop Sign,,,1327698.13,1674264.73,1.3277E+13
2019-3945-8/07/2020,2 Metropolitan,WOODVILLE WEST,5011,CITY OF CHARLES STURT,2,1,0,0,1,2019,April,Wednesday,5:15 PM,60,T-Junction,Straight road,Level,Not Applicable,Sealed,Dry,Not Raining,Daylight,Right Angle,1,Driver Rider,2: MI,No Control,,,1322363.52,1675180.31,1.32236E+13
2019-3946-8/07/2020,2 Metropolitan,STIRLING,5152,THE ADELAIDE HILLS COUNCIL,2,0,0,0,0,2019,April,Wednesday,3:20 PM,50,T-Junction,Straight road,Level,Not Applicable,Sealed,Dry,Not Raining,Daylight,Right Angle,2,Driver Rider,1: PDO,No Control,,,1338757.47,1661219.68,1.33876E+13
2019-3947-8/07/2020,2 Metropolitan,GEPPS CROSS,5094,CITY OF PORT ADELAIDE ENFIELD,2,0,0,0,0,2019,April,Wednesday,6:30 AM,60,Divided Road,Straight road,Level,Not Applicable,Sealed,Dry,Not Raining,Night,Side Swipe,2,Driver Rider,1: PDO,No Control,,,1329107.71,1679752.29,1.32911E+13
2019-3948-8/07/2020,3 Country,GLENCOE,5291,WATTLE RANGE COUNCIL,3,0,0,0,0,2019,April,Wednesday,5:00 PM,80,Not Divided,"CURVED, VIEW OPEN",Level,Roadworks,Sealed,Dry,Not Raining,Daylight,Hit Fixed Object,1,Driver Rider,1: PDO,No Control,,,1497978.76,1356123.46,1.49798E+13
2019-3949-8/07/2020,1 City,ADELAIDE,5000,CITY OF ADELAIDE,2,0,0,0,0,2019,April,Wednesday,6:15 PM,50,Cross Road,Straight road,Level,Not Applicable,Sealed,Dry,Not Raining,Night,Right Angle,2,Driver Rider,1: PDO,Traffic Signals,,,1329244.29,1670538.33,1.32924E+13
2019-3950-8/07/2020,2 Metropolitan,NOARLUNGA DOWNS,5168,CITY OF ONKAPARINGA,2,0,0,0,0,2019,April,Wednesday,5:00 PM,100,Divided Road,Straight road,Slope,Not Applicable,Sealed,Dry,Not Raining,Daylight,Rear End,1,Driver Rider,1: PDO,No Control,,,1319097.12,1646462.49,1.3191E+13
2019-3951-8/07/2020,2 Metropolitan,NAILSWORTH,5083,CITY OF PROSPECT,4,0,0,0,0,2019,April,Wednesday,7:00 PM,60,Divided Road,Straight road,Level,Not Applicable,Sealed,Dry,Not Raining,Night,Rear End,1,Driver Rider,1: PDO,No Control,,,1328908.66,1675112.82,1.32891E+13
2019-3952-8/07/2020,2 Metropolitan,PROSPECT,5082,CITY OF PROSPECT,2,0,0,0,0,2019,April,Wednesday,6:37 PM,60,Cross Road,Straight road,Level,Not Applicable,Sealed,Dry,Not Raining,Night,Right Turn,2,Driver Rider,1: PDO,Traffic Signals,,,1327236.23,1676392.98,1.32724E+13
2019-3953-8/07/2020,2 Metropolitan,O'HALLORAN HILL,5158,CITY OF ONKAPARINGA,2,1,0,0,1,2019,April,Wednesday,6:37 PM,80,T-Junction,Straight road,Level,Not Applicable,Sealed,Dry,Not Raining,Night,Right Turn,1,Driver Rider,2: MI,No Control,,,1323800.99,1654772.45,1.3238E+13
2019-3954-8/07/2020,2 Metropolitan,FULLARTON,5063,CITY OF UNLEY,2,0,0,0,0,2019,April,Wednesday,3:45 PM,60,Not Divided,Straight road,Level,Not Applicable,Sealed,Dry,Not Raining,Daylight,Rear End,2,Driver Rider,1: PDO,No Control,,,1330728.01,1667566.81,1.33073E+13
2019-3955-8/07/2020,2 Metropolitan,NORTHFIELD,5085,CITY OF PORT ADELAIDE ENFIELD,3,1,0,0,1,2019,April,Wednesday,7:12 PM,60,T-Junction,Straight road,Level,Not Applicable,Sealed,Dry,Not Raining,Night,Right Turn,1,Driver Rider,2: MI,Traffic Signals,,,1330407.78,1678042.15,1.33041E+13
2019-3956-8/07/2020,2 Metropolitan,STURT,5047,CC MARION.                    ,2,1,0,0,1,2019,April,Wednesday,6:25 PM,60,Cross Road,Straight road,Level,Not Applicable,Sealed,Dry,Not Raining,Night,Rear End,2,Driver Rider,2: MI,Traffic Signals,,,1324403.19,1660679.72,1.3244E+13
2019-3957-8/07/2020,2 Metropolitan,HALLETT COVE,5158,CC MARION.                    ,2,0,0,0,0,2019,April,Wednesday,6:30 PM,80,Divided Road,Straight road,Level,Not Applicable,Sealed,Dry,Not Raining,Night,Hit Animal,2,Animal,1: PDO,No Control,,,1319666.86,1653384.27,1.31967E+13
2019-3958-8/07/2020,2 Metropolitan,THEBARTON,5031,CITY OF WEST TORRENS,2,0,0,0,0,2019,April,Wednesday,3:30 PM,60,Divided Road,Straight road,Level,Not Applicable,Sealed,Dry,Not Raining,Daylight,Rear End,1,Driver Rider,1: PDO,No Control,,,1326522.2,1671999.03,1.32652E+13
2019-3959-8/07/2020,2 Metropolitan,UNDERDALE,5032,CITY OF WEST TORRENS,2,2,0,0,2,2019,April,Wednesday,8:44 PM,60,Divided Road,Straight road,Level,Not Applicable,Sealed,Dry,Not Raining,Night,Hit Fixed Object,9,Other,2: MI,No Control,,,1324090.55,1670938.04,1.32409E+13
2019-3960-8/07/2020,2 Metropolitan,KLEMZIG,5087,CITY OF PORT ADELAIDE ENFIELD,2,1,0,0,1,2019,April,Wednesday,8:30 PM,60,Cross Road,Straight road,Level,Not Applicable,Sealed,Dry,Not Raining,Night,Right Angle,2,Driver Rider,2: MI,Traffic Signals,,,1332080.32,1676585.35,1.33208E+13
2019-3961-8/07/2020,2 Metropolitan,MOUNT BARKER,5251,DC MT.BARKER.                 ,2,0,0,0,0,2019,April,Wednesday,9:20 PM,60,Cross Road,Straight road,Level,Not Applicable,Sealed,Dry,Not Raining,Night,Right Turn,2,Driver Rider,1: PDO,Traffic Signals,,,1351311.53,1654261.24,1.35131E+13
2019-3962-8/07/2020,2 Metropolitan,SALISBURY SOUTH,5106,CITY OF SALISBURY,3,3,0,0,3,2019,April,Wednesday,10:20 PM,70,T-Junction,Straight road,Level,Not Applicable,Sealed,Dry,Not Raining,Night,Right Turn,2,Driver Rider,2: MI,No Control,,,1332651.83,1685882.34,1.33265E+13
2019-3963-8/07/2020,2 Metropolitan,WALKERVILLE,5081,WALKERVILLE TOWN COUNCIL,3,0,0,0,0,2019,April,Wednesday,8:52 PM,60,Divided Road,Straight road,Level,Not Applicable,Sealed,Dry,Not Raining,Night,Side Swipe,2,Driver Rider,1: PDO,No Control,,,1329660.41,1674456.83,1.32966E+13
2019-3964-8/07/2020,2 Metropolitan,HENLEY BEACH,5022,CITY OF CHARLES STURT,2,1,0,0,1,2019,April,Wednesday,5:58 PM,50,Cross Road,Straight road,Level,Not Applicable,Unsealed,Dry,Not Raining,Night,Right Angle,2,Driver Rider,2: MI,Roundabout,,,1319388.76,1672318.06,1.31939E+13
2019-3965-8/07/2020,2 Metropolitan,PROSPECT,5082,CITY OF PROSPECT,2,1,0,0,1,2019,April,Wednesday,10:10 PM,60,Cross Road,Straight road,Level,Not Applicable,Sealed,Dry,Not Raining,Night,Right Angle,1,Driver Rider,2: MI,Traffic Signals,,,1328862.28,1676441.72,1.32886E+13
2019-3966-8/07/2020,2 Metropolitan,KIDMAN PARK,5025,CITY OF CHARLES STURT,2,0,0,0,0,2019,April,Wednesday,11:53 PM,50,Not Divided,Straight road,Level,Not Applicable,Sealed,Dry,Not Raining,Night,Hit Fixed Object,1,Driver Rider,1: PDO,No Control,,Y,1321853.16,1672207.87,1.32185E+13
2019-3967-8/07/2020,1 City,ADELAIDE,5000,CITY OF ADELAIDE,2,0,0,0,0,2019,April,Thursday,2:30 AM,50,Cross Road,Straight road,Level,Not Applicable,Sealed,Dry,Not Raining,Night,Right Angle,1,Driver Rider,1: PDO,Stop Sign,,,1327550.32,1670644.56,1.32755E+13
2019-3968-8/07/2020,2 Metropolitan,GOLDEN GROVE,5125,CITY OF TEA TREE GULLY,2,0,0,0,0,2019,April,Thursday,3:38 AM,60,T-Junction,Straight road,Slope,Not Applicable,Sealed,Dry,Not Raining,Night,Hit Fixed Object,1,Driver Rider,1: PDO,Stop Sign,,,1339817.54,1685942.16,1.33982E+13
2019-3969-8/07/2020,2 Metropolitan,CRAFERS,5152,THE ADELAIDE HILLS COUNCIL,3,0,0,0,0,2019,April,Wednesday,10:30 PM,60,Divided Road,"CURVED, VIEW OBSCURED",Bottom of Hill,Not Applicable,Sealed,Dry,Not Raining,Night,Rear End,2,Driver Rider,1: PDO,No Control,,,1337654.44,1662528.39,1.33765E+13
2019-3970-8/07/2020,2 Metropolitan,BOWDEN,5007,CITY OF CHARLES STURT,2,0,0,0,0,2019,April,Wednesday,11:50 AM,40,Not Divided,Straight road,Level,Not Applicable,Sealed,Dry,Not Raining,Daylight,Hit Parked Vehicle,2,Driver Rider,1: PDO,No Control,,,1326799.41,1673358.76,1.3268E+13