REPORT_ID,Stats Area,Suburb,Postcode,LGA Name,Total Units,Total Cas,Total Fats,Total SI,Total MI,Year,Month,Day,Time,Area Speed,Position Type,Horizontal Align,Vertical Align,Other Feat,Road Surface,Moisture Cond,Weather Cond,DayNight,Crash Type,Unit Resp,Entity Code,CSEF Severity,Traffic Ctrls,DUI Involved,Drugs Involved,ACCLOC_X,ACCLOC_Y,UNIQUE_LOC
2019-3971-8/07/2020,1 City,ADELAIDE,5000,CITY OF ADELAIDE,2,1,0,0,1,2019,April,Thursday,9:10 AM,50,T-Junction,Straight road,Level,Not Applicable,Sealed,Dry,Not Raining,Daylight,Hit Pedestrian,1,Driver Rider,2: MI,No Control,,,1328151.93,1670970.99,1.32815E+13
2019-3972-8/07/2020,2 Metropolitan,MOUNT BARKER,5251,DC MT.BARKER.                 ,3,1,0,0,1,2019,April,Thursday,7:40 AM,50,Divided Road,Straight road,Level,Median Opening (not at I/S),Sealed,Dry,Not Raining,Daylight,Hit Fixed Object,1,Driver Rider,2: MI,No Control,,,1352149.82,1654263.31,1.35215E+13
2019-3973-8/07/2020,2 Metropolitan,WINGFIELD,5013,CITY OF PORT ADELAIDE ENFIELD,2,0,0,0,0,2019,April,Wednesday,4:30 PM,60,Cross Road,Straight road,Level,Not Applicable,Sealed,Dry,Not Raining,Daylight,Rear End,2,Driver Rider,1: PDO,Traffic Signals,,,1324323.55,1679167.08,1.32432E+13
2019-3974-8/07/2020,2 Metropolitan,ROSE PARK,5067,"CC OF NORWOOD,PAYNEHAM & ST PETERS",2,1,0,0,1,2019,April,Wednesday,3:45 PM,60,Not Divided,Straight road,Level,Not Applicable,Sealed,Dry,Not Raining,Daylight,Rear End,2,Driver Rider,2: MI,No Control,,,1331394.67,1670387.77,1.3314E+13
2019-3975-8/07/2020,3 Country,LOWER LIGHT,5501,DC MALLALA.                   ,2,2,0,0,2,2019,April,Thursday,2:30 PM,110,Divided Road,Straight road,Level,"Bridge, Culvert, Causeway",Sealed,Dry,Not Raining,Daylight,Hit Fixed Object,1,Driver Rider,2: MI,No Control,,,1316654.23,1712952.65,1.31665E+13
2019-3976-8/07/2020,2 Metropolitan,O'HALLORAN HILL,5158,CC MARION.                    ,2,0,0,0,0,2019,April,Thursday,3:50 PM,100,Freeway,Straight road,Slope,Not Applicable,Sealed,Dry,Not Raining,Daylight,Rear End,1,Driver Rider,1: PDO,No Control,,,1323007.89,1655437.31,1.32301E+13
2019-3977-8/07/2020,2 Metropolitan,SALISBURY DOWNS,5108,CITY OF SALISBURY,3,0,0,0,0,2019,April,Thursday,4:20 PM,60,Divided Road,Straight road,Level,Not Applicable,Sealed,Dry,Not Raining,Daylight,Rear End,1,Driver Rider,1: PDO,No Control,,,1331607.45,1686691.77,1.33161E+13
2019-3978-8/07/2020,2 Metropolitan,REGENCY PARK,5010,CITY OF PORT ADELAIDE ENFIELD,2,0,0,0,0,2019,April,Wednesday,9:30 PM,60,Cross Road,Straight road,Level,Not Applicable,Sealed,Dry,Not Raining,Night,Rear End,1,Driver Rider,1: PDO,Traffic Signals,,,1326067.73,1676378.46,1.32607E+13
2019-3979-8/07/2020,2 Metropolitan,HECTORVILLE,5073,CC CAMPBELLTOWN.              ,2,0,0,0,0,2019,April,Wednesday,11:00 PM,50,Not Divided,Straight road,Level,Not Applicable,Sealed,Dry,Not Raining,Night,Hit Parked Vehicle,1,Driver Rider,1: PDO,No Control,,,1334515.08,1674058.45,1.33452E+13
2019-3980-8/07/2020,3 Country,STRATHALBYN,5255,ALEXANDRINA COUNCIL,2,0,0,0,0,2019,April,Thursday,2:00 AM,100,Not Divided,Straight road,Level,Not Applicable,Sealed,Dry,Not Raining,Night,Hit Animal,2,Animal,1: PDO,No Control,,,1354160.82,1637545.88,1.35416E+13
2019-3981-8/07/2020,3 Country,SANDILANDS,5571,YORKE PENINSULA COUNCIL,2,2,0,0,2,2019,April,Thursday,4:20 PM,100,Not Divided,Straight road,Slope,Not Applicable,Sealed,Dry,Not Raining,Daylight,Hit Fixed Object,1,Driver Rider,2: MI,No Control,,,1264002.93,1718295.82,1.264E+13
2019-3982-8/07/2020,1 City,NORTH ADELAIDE,5006,CITY OF ADELAIDE,3,0,0,0,0,2019,April,Wednesday,6:50 PM,50,Divided Road,Straight road,Level,Not Applicable,Sealed,Dry,Not Raining,Night,Rear End,1,Driver Rider,1: PDO,No Control,,,1328169.73,1672990.06,1.32817E+13
2019-3983-8/07/2020,1 City,NORTH ADELAIDE,5006,CITY OF ADELAIDE,2,0,0,0,0,2019,April,Wednesday,6:57 PM,50,T-Junction,Straight road,Level,Not Applicable,Sealed,Dry,Not Raining,Night,Right Angle,2,Driver Rider,1: PDO,No Control,,,1328179.06,1672953.9,1.32818E+13
2019-3984-8/07/2020,2 Metropolitan,FORRESTON,5233,THE ADELAIDE HILLS COUNCIL,1,1,0,0,1,2019,April,Thursday,2:53 PM,80,Not Divided,"CURVED, VIEW OBSCURED",Slope,Not Applicable,Sealed,Dry,Not Raining,Daylight,Roll Over,1,Driver Rider,2: MI,No Control,,,1354313.44,1683537.27,1.35431E+13
2019-3985-8/07/2020,2 Metropolitan,WALKERVILLE,5081,WALKERVILLE TOWN COUNCIL,2,0,0,0,0,2019,April,Thursday,10:22 PM,60,Divided Road,Straight road,Level,Not Applicable,Sealed,Dry,Not Raining,Night,Hit Parked Vehicle,2,Driver Rider,1: PDO,No Control,,,1329645.47,1674117.44,1.32965E+13
2019-3986-8/07/2020,2 Metropolitan,BROADVIEW,5083,CITY OF PORT ADELAIDE ENFIELD,2,0,0,0,0,2019,April,Friday,8:12 AM,60,Divided Road,Straight road,Level,Not Applicable,Sealed,Dry,Unknown,Daylight,Hit Parked Vehicle,2,Driver Rider,1: PDO,No Control,,,1329838.15,1676458.01,1.32984E+13
2019-3987-8/07/2020,2 Metropolitan,TORRENSVILLE,5031,CITY OF WEST TORRENS,2,0,0,0,0,2019,April,Friday,4:35 AM,60,Divided Road,Straight road,Level,Driveway or Entrance,Sealed,Wet,Raining,Night,Rear End,1,Driver Rider,1: PDO,No Control,,,1325596.81,1671575.49,1.3256E+13
2019-3988-8/07/2020,3 Country,MYPONGA,5202,DC YANKALILLA.                ,1,1,0,0,1,2019,April,Friday,1:30 AM,100,Not Divided,Straight road,Slope,Not Applicable,Unsealed,Dry,Not Raining,Night,Roll Over,1,Driver Rider,2: MI,No Control,Y,,1310324.12,1617461.56,1.31032E+13
2019-3989-8/07/2020,3 Country,TANUNDA,5352,THE BAROSSA COUNCIL.,2,0,0,0,0,2019,April,Friday,9:10 AM,50,Not Divided,Straight road,Level,Not Applicable,Sealed,Dry,Not Raining,Daylight,Side Swipe,1,Driver Rider,1: PDO,No Control,,,1363853.84,1714767.26,1.36385E+13
2019-3990-8/07/2020,2 Metropolitan,EDWARDSTOWN,5039,CC MARION.                    ,2,1,0,1,0,2019,April,Friday,10:48 AM,50,Not Divided,Straight road,Level,Driveway or Entrance,Sealed,Dry,Not Raining,Daylight,Hit Pedestrian,1,Driver Rider,3: SI,No Control,,,1325810.58,1664783.84,1.32581E+13
2019-3991-8/07/2020,2 Metropolitan,TORRENSVILLE,5031,CITY OF WEST TORRENS,3,1,0,0,1,2019,April,Friday,10:00 AM,50,T-Junction,Straight road,Level,Not Applicable,Sealed,Dry,Not Raining,Daylight,Right Angle,1,Driver Rider,2: MI,No Control,,,1325078.42,1670972.54,1.32508E+13
2019-3992-8/07/2020,2 Metropolitan,MAWSON LAKES,5095,CITY OF SALISBURY,2,0,0,0,0,2019,April,Thursday,1:50 PM,90,Divided Road,Straight road,Level,Not Applicable,Sealed,Dry,Not Raining,Daylight,Side Swipe,2,Driver Rider,1: PDO,No Control,,,1328887.2,1683569.91,1.32889E+13
2019-3993-8/07/2020,2 Metropolitan,BLACKWOOD,5051,CC MITCHAM.                   ,2,1,0,0,1,2019,April,Friday,10:30 AM,50,Not Divided,Straight road,Level,Driveway or Entrance,Sealed,Dry,Not Raining,Daylight,Right Angle,2,Driver Rider,2: MI,No Control,,,1329483.28,1660123.17,1.32948E+13
2019-3994-8/07/2020,3 Country,WAROOKA,5577,YORKE PENINSULA COUNCIL,2,0,0,0,0,2019,April,Friday,11:20 AM,40,Not Divided,Straight road,Level,Roadworks,Unsealed,Dry,Not Raining,Daylight,Hit Object on Road,1,Driver Rider,1: PDO,No Control,,,1218771.5,1657995.99,1.21877E+13
2019-3995-8/07/2020,2 Metropolitan,MANSFIELD PARK,5012,CITY OF PORT ADELAIDE ENFIELD,2,1,0,0,1,2019,April,Friday,12:25 PM,60,T-Junction,Straight road,Level,Not Applicable,Sealed,Dry,Not Raining,Daylight,Right Angle,2,Driver Rider,2: MI,No Control,,,1323926.71,1678241.03,1.32393E+13
2019-3996-8/07/2020,2 Metropolitan,URRBRAE,5064,CITY OF UNLEY,2,0,0,0,0,2019,April,Tuesday,4:25 PM,60,Divided Road,"CURVED, VIEW OBSCURED",Slope,Not Applicable,Sealed,Dry,Not Raining,Daylight,Rear End,1,Driver Rider,1: PDO,No Control,,,1332325.08,1666338.76,1.33233E+13
2019-3997-8/07/2020,2 Metropolitan,FELIXSTOW,5070,"CC OF NORWOOD,PAYNEHAM & ST PETERS",2,0,0,0,0,2019,April,Friday,12:23 PM,60,Divided Road,Straight road,Slope,Driveway or Entrance,Sealed,Dry,Not Raining,Daylight,Rear End,2,Driver Rider,1: PDO,No Control,,,1333521.91,1674397.22,1.33352E+13
2019-3998-8/07/2020,2 Metropolitan,TORRENS PARK,5062,CC MITCHAM.                   ,2,1,0,0,1,2019,April,Thursday,4:30 PM,60,Cross Road,Straight road,Level,Not Applicable,Sealed,Dry,Not Raining,Daylight,Rear End,1,Driver Rider,2: MI,Roundabout,,,1330012.26,1664229.65,1.33001E+13
2019-3999-8/07/2020,2 Metropolitan,MAYLANDS,5069,"CC OF NORWOOD,PAYNEHAM & ST PETERS",3,0,0,0,0,2019,April,Friday,12:30 PM,60,Divided Road,Straight road,Level,Not Applicable,Sealed,Dry,Not Raining,Daylight,Rear End,2,Driver Rider,1: PDO,No Control,,,1332227.4,1672193.23,1.33223E+13
2019-4000-8/07/2020,3 Country,PALMER,5237,MID MURRAY DISTRICT COUNCIL,2,1,0,0,1,2019,April,Monday,3:55 AM,50,Not Divided,Straight road,Slope,Not Applicable,Sealed,Dry,Not Raining,Night,Hit Animal,2,Animal,2: MI,No Control,,,1380203.47,1676814.88,1.3802E+13
2019-4001-8/07/2020,3 Country,TANUNDA,5352,THE BAROSSA COUNCIL.,2,1,0,0,1,2019,April,Friday,2:09 PM,50,T-Junction,"CURVED, VIEW OBSCURED",Level,Not Applicable,Sealed,Dry,Not Raining,Daylight,Rear End,2,Driver Rider,2: MI,No Control,,,1364932.24,1715707.52,1.36493E+13
2019-4002-8/07/2020,2 Metropolitan,ASCOT PARK,5043,CC MARION.                    ,2,0,0,0,0,2019,April,Friday,1:00 PM,50,Not Divided,Straight road,Level,Not Applicable,Sealed,Dry,Not Raining,Daylight,Head On,9,Other,1: PDO,No Control,,,1325109.14,1664324.27,1.32511E+13
2019-4003-8/07/2020,2 Metropolitan,MORPHETT VALE,5162,CITY OF ONKAPARINGA,2,0,0,0,0,2019,April,Friday,2:29 PM,60,Cross Road,Straight road,Level,Not Applicable,Sealed,Dry,Not Raining,Daylight,Right Angle,1,Driver Rider,1: PDO,Roundabout,,,1321901.02,1651049.42,1.3219E+13
2019-4004-8/07/2020,2 Metropolitan,KESWICK,5035,CITY OF WEST TORRENS,2,1,0,1,0,2019,April,Friday,2:25 PM,60,Cross Road,Straight road,Level,Not Applicable,Sealed,Dry,Not Raining,Daylight,Right Angle,1,Driver Rider,3: SI,Traffic Signals,,Y,1325794.33,1668947.63,1.32579E+13
2019-4005-8/07/2020,2 Metropolitan,LITTLEHAMPTON,5250,DC MT.BARKER.                 ,2,1,0,0,1,2019,April,Friday,1:16 PM,80,Not Divided,Straight road,Slope,Not Applicable,Sealed,Dry,Not Raining,Daylight,Side Swipe,1,Driver Rider,2: MI,No Control,,,1353086.1,1656550.06,1.35309E+13
2019-4006-8/07/2020,2 Metropolitan,MALVERN,5061,CITY OF UNLEY,2,0,0,0,0,2019,April,Friday,12:30 PM,60,Not Divided,Straight road,Level,Not Applicable,Sealed,Dry,Not Raining,Daylight,Hit Parked Vehicle,1,Driver Rider,1: PDO,No Control,,,1329105.41,1667388.18,1.32911E+13
2019-4007-8/07/2020,2 Metropolitan,SALISBURY EAST,5109,CITY OF SALISBURY,2,1,0,0,1,2019,April,Friday,2:50 PM,80,T-Junction,"CURVED, VIEW OPEN",Slope,Not Applicable,Sealed,Dry,Not Raining,Daylight,Roll Over,1,Driver Rider,2: MI,Traffic Signals,,,1336485.48,1687419.78,1.33649E+13
2019-4008-8/07/2020,2 Metropolitan,WALKERVILLE,5081,WALKERVILLE TOWN COUNCIL,3,1,0,0,1,2019,April,Friday,3:15 PM,60,Cross Road,Straight road,Level,Not Applicable,Sealed,Dry,Not Raining,Daylight,Rear End,1,Driver Rider,2: MI,Traffic Signals,,,1329488.84,1674243.03,1.32949E+13
2019-4009-8/07/2020,2 Metropolitan,PASADENA,5042,CC MITCHAM.                   ,2,1,0,0,1,2019,February,Saturday,6:00 PM,60,Divided Road,Straight road,Level,Not Applicable,Sealed,Dry,Not Raining,Daylight,Rear End,2,Driver Rider,2: MI,No Control,,,1327538.66,1663359.16,1.32754E+13
2019-4010-8/07/2020,2 Metropolitan,MODBURY,5092,CITY OF TEA TREE GULLY,2,0,0,0,0,2019,April,Wednesday,7:30 AM,60,Cross Road,Straight road,Level,Not Applicable,Sealed,Dry,Not Raining,Daylight,Rear End,1,Driver Rider,1: PDO,Traffic Signals,,,1336189.32,1680597.27,1.33619E+13
2019-4011-8/07/2020,2 Metropolitan,LOCKLEYS,5032,CITY OF WEST TORRENS,2,1,0,0,1,2019,April,Friday,4:00 PM,60,Cross Road,Straight road,Level,Not Applicable,Sealed,Wet,Raining,Daylight,Rear End,1,Driver Rider,2: MI,Traffic Signals,,,1320926.91,1669968.19,1.32093E+13
2019-4012-8/07/2020,3 Country,PARILLA,5303,SOUTHERN MALLEE DISTRICT COUNCIL,2,1,0,0,1,2019,March,Monday,11:00 PM,80,Not Divided,"CURVED, VIEW OPEN",Unknown,Not Applicable,Unsealed,Unknown,Unknown,Night,Hit Fixed Object,1,Driver Rider,2: MI,No Control,Y,,1516652.65,1627604.12,1.51665E+13
2019-4013-8/07/2020,2 Metropolitan,PARALOWIE,5108,CITY OF SALISBURY,2,0,0,0,0,2019,April,Friday,2:29 PM,50,Cross Road,Straight road,Level,Not Applicable,Sealed,Dry,Not Raining,Daylight,Right Angle,1,Driver Rider,1: PDO,No Control,,,1328774.1,1688525.9,1.32877E+13
2019-4014-8/07/2020,2 Metropolitan,MELROSE PARK,5039,CC MITCHAM.                   ,2,0,0,0,0,2019,April,Friday,2:25 PM,50,Not Divided,Straight road,Level,Road hump or Slow point,Sealed,Dry,Not Raining,Daylight,Rear End,1,Driver Rider,1: PDO,No Control,,,1326286.97,1664200.45,1.32629E+13
2019-4015-8/07/2020,1 City,ADELAIDE,5000,CITY OF ADELAIDE,2,0,0,0,0,2019,April,Friday,6:00 PM,50,Cross Road,Straight road,Level,Not Applicable,Sealed,Dry,Not Raining,Night,Side Swipe,2,Driver Rider,1: PDO,Traffic Signals,,,1328466.7,1671134.19,1.32847E+13
2019-4016-8/07/2020,2 Metropolitan,OAKLANDS PARK,5046,CC MARION.                    ,2,0,0,0,0,2019,April,Friday,1:00 PM,60,Not Divided,Straight road,Level,Not Applicable,Sealed,Dry,Not Raining,Daylight,Side Swipe,1,Driver Rider,1: PDO,No Control,,,1322773.22,1660733.12,1.32277E+13
2019-4017-8/07/2020,2 Metropolitan,WINDSOR GARDENS,5087,CITY OF PORT ADELAIDE ENFIELD,3,1,0,0,1,2019,April,Friday,6:30 PM,60,Divided Road,Straight road,Level,Not Applicable,Sealed,Dry,Not Raining,Night,Rear End,1,Driver Rider,2: MI,No Control,,,1333367.74,1677710.64,1.33337E+13
2019-4018-8/07/2020,2 Metropolitan,TORRENSVILLE,5031,CITY OF WEST TORRENS,2,0,0,0,0,2019,April,Friday,6:00 PM,60,Divided Road,Straight road,Level,Not Applicable,Sealed,Dry,Not Raining,Night,Side Swipe,2,Driver Rider,1: PDO,No Control,,,1325423.96,1672036.09,1.32542E+13
2019-4019-8/07/2020,3 Country,TANUNDA,5352,THE BAROSSA COUNCIL.,2,1,0,0,1,2019,April,Friday,5:05 PM,50,Cross Road,Straight road,Level,Not Applicable,Sealed,Dry,Not Raining,Daylight,Right Angle,2,Driver Rider,2: MI,Give Way Sign,,,1363463.92,1714421.88,1.36346E+13
2019-4020-8/07/2020,3 Country,COONALPYN,5265,COORONG DISTRICT COUNCIL,2,1,1,0,0,2019,April,Friday,5:00 PM,110,Not Divided,Straight road,Level,Not Applicable,Sealed,Dry,Not Raining,Daylight,Head On,1,Driver Rider,4: Fatal,No Control,,,1443053.11,1574741.92,1.44305E+13
2019-4021-8/07/2020,3 Country,STRUAN,5271,DC NARACOORTE & LUCINDALE.,2,0,0,0,0,2019,April,Friday,7:40 PM,110,Not Divided,Straight road,Level,Not Applicable,Sealed,Dry,Not Raining,Night,Hit Animal,2,Animal,1: PDO,No Control,,,1515570.78,1420163.9,1.51557E+13
2019-4022-8/07/2020,3 Country,FARRELL FLAT,5416,REGIONAL COUNCIL OF GOYDER,2,0,0,0,0,2019,April,Tuesday,7:00 AM,110,Not Divided,"CURVED, VIEW OPEN",Slope,Not Applicable,Sealed,Dry,Not Raining,Daylight,Hit Fixed Object,1,Driver Rider,1: PDO,No Control,,,1346305.38,1793321.28,1.34631E+13
2019-4023-8/07/2020,2 Metropolitan,MODBURY,5092,CITY OF TEA TREE GULLY,2,2,0,0,2,2019,April,Friday,9:40 PM,60,Cross Road,Straight road,Level,Not Applicable,Sealed,Dry,Not Raining,Night,Right Angle,1,Driver Rider,2: MI,Traffic Signals,,,1336876.15,1680848.77,1.33688E+13
2019-4024-8/07/2020,2 Metropolitan,NAILSWORTH,5083,CITY OF PROSPECT,3,0,0,0,0,2019,April,Friday,10:35 PM,60,Divided Road,Straight road,Level,Not Applicable,Sealed,Dry,Not Raining,Night,Hit Parked Vehicle,1,Driver Rider,1: PDO,No Control,,,1328909.65,1674709.16,1.32891E+13
2019-4025-8/07/2020,2 Metropolitan,BALHANNAH,5242,THE ADELAIDE HILLS COUNCIL,2,1,0,0,1,2019,April,Saturday,12:30 AM,80,Not Divided,"CURVED, VIEW OPEN",Slope,Not Applicable,Sealed,Dry,Not Raining,Night,Hit Fixed Object,1,Driver Rider,2: MI,No Control,,,1347456.41,1665900.54,1.34746E+13
2019-4026-8/07/2020,3 Country,NURIOOTPA,5355,THE BAROSSA COUNCIL.,3,0,0,0,0,2019,April,Saturday,5:30 AM,50,T-Junction,Straight road,Level,Not Applicable,Sealed,Dry,Not Raining,Night,Hit Fixed Object,1,Driver Rider,1: PDO,No Control,,,1365552.76,1719834.01,1.36555E+13
2019-4027-8/07/2020,1 City,ADELAIDE,5000,CITY OF ADELAIDE,3,2,0,0,2,2019,April,Saturday,6:45 AM,50,Cross Road,Straight road,Level,Not Applicable,Sealed,Dry,Not Raining,Night,Rear End,1,Driver Rider,2: MI,Traffic Signals,,,1329591.05,1670383.34,1.32959E+13
2019-4028-8/07/2020,3 Country,ENCOUNTER BAY,5211,DC VICTOR HARBOR.             ,2,1,0,0,1,2019,April,Friday,2:35 PM,60,T-Junction,Straight road,Level,Not Applicable,Sealed,Dry,Not Raining,Daylight,Right Angle,2,Driver Rider,2: MI,Give Way Sign,,,1325579.54,1600086.52,1.32558E+13
2019-4029-8/07/2020,2 Metropolitan,MORPHETT VALE,5162,CITY OF ONKAPARINGA,2,0,0,0,0,2019,April,Saturday,9:58 AM,100,Interchange,Straight road,Level,Not Applicable,Sealed,Dry,Not Raining,Daylight,Hit Fixed Object,1,Driver Rider,1: PDO,No Control,,,1319114.69,1647839.48,1.31912E+13
2019-4030-8/07/2020,2 Metropolitan,GILBERTON,5081,WALKERVILLE TOWN COUNCIL,2,0,0,0,0,2019,April,Friday,5:15 PM,60,Not Divided,Straight road,Level,Not Applicable,Sealed,Dry,Not Raining,Daylight,Rear End,2,Driver Rider,1: PDO,No Control,,,1329617.05,1673115.78,1.32962E+13
2019-4031-8/07/2020,3 Country,GIFFORD HILL,5253,RC MURRAY BRIDGE.             ,2,1,1,0,0,2019,April,Saturday,4:28 AM,110,Freeway,Straight road,Slope,Not Applicable,Sealed,Dry,Not Raining,Night,Rear End,1,Driver Rider,4: Fatal,No Control,,,1384711.46,1644359.51,1.38471E+13
2019-4032-8/07/2020,2 Metropolitan,LEABROOK,5068,CITY OF BURNSIDE,2,1,0,0,1,2019,April,Saturday,10:30 AM,60,Cross Road,Straight road,Level,Not Applicable,Sealed,Dry,Not Raining,Daylight,Rear End,2,Driver Rider,2: MI,Traffic Signals,,,1333899.19,1670462.72,1.3339E+13
2019-4033-8/07/2020,2 Metropolitan,BLAKEVIEW,5114,CITY OF PLAYFORD.,2,0,0,0,0,2019,April,Friday,11:00 PM,50,Not Divided,Straight road,Level,Not Applicable,Sealed,Dry,Not Raining,Night,Hit Parked Vehicle,2,Driver Rider,1: PDO,No Control,,,1338931.63,1698283,1.33893E+13
2019-4034-8/07/2020,3 Country,COONAMIA,5540,PT.PIRIE CITY & DIST. COUNCIL ,2,2,0,0,2,2019,April,Saturday,11:15 AM,100,Not Divided,"CURVED, VIEW OPEN",Level,Not Applicable,Sealed,Dry,Not Raining,Daylight,Head On,2,Driver Rider,2: MI,No Control,,Y,1283521.36,1863895.89,1.28352E+13
2019-4035-8/07/2020,2 Metropolitan,COWANDILLA,5033,CITY OF WEST TORRENS,3,0,0,0,0,2019,April,Saturday,1:00 PM,60,Divided Road,Straight road,Level,Not Applicable,Sealed,Dry,Not Raining,Daylight,Rear End,2,Driver Rider,1: PDO,No Control,,,1324147.76,1669959.45,1.32415E+13
2019-4036-8/07/2020,2 Metropolitan,FULLARTON,5063,CITY OF UNLEY,2,1,0,1,0,2019,April,Saturday,1:24 PM,50,Not Divided,Straight road,Level,Not Applicable,Sealed,Dry,Not Raining,Daylight,Hit Parked Vehicle,1,Driver Rider,3: SI,No Control,,,1330082.86,1667132.23,1.33008E+13
2019-4037-8/07/2020,3 Country,RISDON PARK,5540,PT.PIRIE CITY & DIST. COUNCIL ,2,0,0,0,0,2019,April,Saturday,1:50 PM,50,T-Junction,Straight road,Level,Not Applicable,Sealed,Dry,Not Raining,Daylight,Rear End,2,Driver Rider,1: PDO,No Control,,,1278867.48,1864209.57,1.27887E+13
2019-4038-8/07/2020,2 Metropolitan,MAWSON LAKES,5095,CITY OF SALISBURY,2,0,0,0,0,2019,April,Saturday,1:05 PM,40,Not Divided,Straight road,Level,Not Applicable,Sealed,Dry,Not Raining,Daylight,Hit Parked Vehicle,1,Driver Rider,1: PDO,No Control,,,1330372.74,1683863.01,1.33037E+13
2019-4039-8/07/2020,2 Metropolitan,GEPPS CROSS,5094,CITY OF PORT ADELAIDE ENFIELD,2,0,0,0,0,2019,April,Saturday,2:10 PM,60,Divided Road,Straight road,Level,Roadworks,Sealed,Dry,Not Raining,Daylight,Side Swipe,2,Driver Rider,1: PDO,No Control,,,1328761.45,1680098.14,1.32876E+13
2019-4040-8/07/2020,2 Metropolitan,ENFIELD,5085,CITY OF PORT ADELAIDE ENFIELD,2,0,0,0,0,2019,April,Wednesday,6:30 AM,60,Cross Road,Straight road,Level,Not Applicable,Sealed,Dry,Not Raining,Night,Right Angle,2,Driver Rider,1: PDO,Give Way Sign,,,1328847.83,1677554.59,1.32885E+13
2019-4041-8/07/2020,1 City,ADELAIDE,5000,CITY OF ADELAIDE,3,1,0,0,1,2019,April,Saturday,3:07 PM,60,Cross Road,Straight road,Level,Not Applicable,Sealed,Dry,Not Raining,Daylight,Right Turn,1,Driver Rider,2: MI,Traffic Signals,,,1327363.85,1670321.47,1.32736E+13
2019-4042-8/07/2020,2 Metropolitan,VALLEY VIEW,5093,CITY OF TEA TREE GULLY,3,1,0,0,1,2019,April,Tuesday,6:05 PM,60,Divided Road,"CURVED, VIEW OBSCURED",Level,Not Applicable,Sealed,Dry,Not Raining,Night,Hit Fixed Object,1,Driver Rider,2: MI,No Control,,,1335433.04,1679648.65,1.33543E+13
2019-4043-8/07/2020,2 Metropolitan,DOVER GARDENS,5048,CC MARION.                    ,2,0,0,0,0,2019,April,Thursday,7:54 PM,60,Cross Road,Straight road,Level,Not Applicable,Sealed,Dry,Not Raining,Night,Right Turn,2,Driver Rider,1: PDO,Traffic Signals,,,1322777.1,1660604.93,1.32278E+13
2019-4044-8/07/2020,2 Metropolitan,OAKDEN,5086,CITY OF PORT ADELAIDE ENFIELD,2,0,0,0,0,2019,April,Saturday,4:40 PM,50,Cross Road,Straight road,Level,Not Applicable,Sealed,Dry,Not Raining,Daylight,Right Angle,2,Driver Rider,1: PDO,Roundabout,,,1332046.12,1678084.56,1.33205E+13
2019-4045-8/07/2020,2 Metropolitan,HAWTHORN,5062,CC MITCHAM.                   ,2,2,0,0,2,2019,April,Saturday,3:48 PM,50,Cross Road,"CURVED, VIEW OPEN",Level,Not Applicable,Sealed,Dry,Not Raining,Daylight,Right Angle,2,Driver Rider,2: MI,Roundabout,,,1328293.47,1665031.89,1.32829E+13
2019-4046-8/07/2020,2 Metropolitan,UNLEY,5061,CITY OF UNLEY,2,0,0,0,0,2019,April,Saturday,5:15 PM,60,Not Divided,Straight road,Level,Not Applicable,Sealed,Dry,Not Raining,Daylight,Side Swipe,1,Driver Rider,1: PDO,No Control,,,1329095.06,1667687.85,1.3291E+13
2019-4047-8/07/2020,3 Country,BINNUM,5262,DC NARACOORTE & LUCINDALE.,2,1,0,0,1,2019,April,Saturday,3:30 PM,110,Not Divided,"CURVED, VIEW OPEN",Level,Not Applicable,Sealed,Dry,Not Raining,Daylight,Hit Object on Road,1,Driver Rider,2: MI,No Control,,,1518361.65,1452326.7,1.51836E+13
2019-4048-8/07/2020,2 Metropolitan,LOBETHAL,5241,THE ADELAIDE HILLS COUNCIL,2,0,0,0,0,2019,April,Wednesday,3:00 PM,80,Not Divided,"CURVED, VIEW OPEN",Level,Not Applicable,Sealed,Dry,Not Raining,Daylight,Hit Fixed Object,1,Driver Rider,1: PDO,No Control,,,1355848.41,1673930.19,1.35585E+13
2019-4049-8/07/2020,3 Country,LOXTON,5333,LOXTON WAIKERIE DISTRICT COUNCIL,2,0,0,0,0,2019,April,Saturday,9:20 PM,100,Cross Road,"CURVED, VIEW OPEN",Level,Not Applicable,Sealed,Dry,Not Raining,Night,Hit Fixed Object,1,Driver Rider,1: PDO,Give Way Sign,,,1512512.9,1714002.12,1.51251E+13
2019-4050-8/07/2020,3 Country,HIGHLAND VALLEY,5255,ALEXANDRINA COUNCIL,1,1,0,0,1,2019,April,Saturday,8:45 PM,100,Not Divided,"CURVED, VIEW OBSCURED",Bottom of Hill,Not Applicable,Unsealed,Dry,Not Raining,Night,Roll Over,1,Driver Rider,2: MI,No Control,,,1358779.71,1644587.99,1.35878E+13
2019-4051-8/07/2020,2 Metropolitan,ONKAPARINGA HILLS,5163,CITY OF ONKAPARINGA,2,1,0,0,1,2019,April,Saturday,10:40 PM,60,Not Divided,Straight road,Crest of Hill,Not Applicable,Sealed,Dry,Not Raining,Night,Head On,2,Driver Rider,2: MI,No Control,,Y,1322023.94,1646797.34,1.32202E+13