REPORT_ID,Stats Area,Suburb,Postcode,LGA Name,Total Units,Total Cas,Total Fats,Total SI,Total MI,Year,Month,Day,Time,Area Speed,Position Type,Horizontal Align,Vertical Align,Other Feat,Road Surface,Moisture Cond,Weather Cond,DayNight,Crash Type,Unit Resp,Entity Code,CSEF Severity,Traffic Ctrls,DUI Involved,Drugs Involved,ACCLOC_X,ACCLOC_Y,UNIQUE_LOC
2019-4052-8/07/2020,3 Country,MUNDULLA WEST,5270,DC TATIARA.                   ,2,0,0,0,0,2019,April,Wednesday,7:30 AM,100,Not Divided,"CURVED, VIEW OPEN",Level,Driveway or Entrance,Sealed,Dry,Not Raining,Daylight,Hit Fixed Object,1,Driver Rider,1: PDO,No Control,,,1500271.16,1492370.87,1.50027E+13
2019-4053-8/07/2020,2 Metropolitan,ELIZABETH NORTH,5113,CITY OF PLAYFORD.,2,0,0,0,0,2019,April,Saturday,10:52 PM,50,T-Junction,Straight road,Level,Not Applicable,Sealed,Dry,Not Raining,Night,Roll Over,1,Driver Rider,1: PDO,No Control,,,1336001.46,1695233.35,1.336E+13
2019-4054-8/07/2020,3 Country,CYGNET RIVER,5223,KANGAROO ISLAND COUNCIL,2,1,0,0,1,2019,April,Saturday,11:15 PM,80,Not Divided,Straight road,Level,"Bridge, Culvert, Causeway",Sealed,Dry,Not Raining,Night,Hit Fixed Object,1,Driver Rider,2: MI,No Control,,,1228160.68,1588034.52,1.22816E+13
2019-4055-8/07/2020,2 Metropolitan,HUNTFIELD HEIGHTS,5163,CITY OF ONKAPARINGA,2,0,0,0,0,2019,April,Sunday,1:50 AM,50,T-Junction,Straight road,Slope,Not Applicable,Sealed,Dry,Not Raining,Night,Roll Over,1,Driver Rider,1: PDO,No Control,,,1320068.38,1646100.78,1.32007E+13
2019-4056-8/07/2020,2 Metropolitan,SEATON,5023,CITY OF CHARLES STURT,2,2,0,0,2,2019,April,Monday,10:30 PM,60,Not Divided,Straight road,Level,Not Applicable,Sealed,Dry,Not Raining,Night,Hit Parked Vehicle,1,Driver Rider,2: MI,No Control,,,1321370.36,1675474.58,1.32137E+13
2019-4057-8/07/2020,2 Metropolitan,MYRTLE BANK,5064,CITY OF UNLEY,2,1,0,0,1,2019,April,Sunday,7:33 AM,60,T-Junction,Straight road,Level,Not Applicable,Sealed,Dry,Not Raining,Daylight,Right Angle,1,Driver Rider,2: MI,Traffic Signals,Y,,1330752.74,1666735.72,1.33075E+13
2019-4058-8/07/2020,2 Metropolitan,SAMPSON FLAT,5114,CITY OF PLAYFORD.,2,1,0,0,1,2019,April,Sunday,3:57 AM,100,Not Divided,Straight road,Level,Not Applicable,Sealed,Dry,Not Raining,Night,Hit Fixed Object,1,Driver Rider,2: MI,No Control,,,1348129.31,1690595.44,1.34813E+13
2019-4059-8/07/2020,2 Metropolitan,CRAFERS,5152,THE ADELAIDE HILLS COUNCIL,2,0,0,0,0,2019,April,Sunday,9:00 AM,60,Not Divided,"CURVED, VIEW OPEN",Bottom of Hill,Not Applicable,Sealed,Dry,Not Raining,Daylight,Hit Animal,2,Animal,1: PDO,No Control,,,1338160.12,1663927.9,1.33816E+13
2019-4060-8/07/2020,2 Metropolitan,BEDFORD PARK,5042,CC MITCHAM.                   ,2,0,0,0,0,2019,April,Saturday,3:50 PM,70,Divided Road,Straight road,Level,Not Applicable,Sealed,Dry,Not Raining,Daylight,Side Swipe,2,Driver Rider,1: PDO,No Control,,,1325689.22,1660966.17,1.32569E+13
2019-4061-8/07/2020,3 Country,OLARY,5440,,1,1,0,1,0,2019,April,Saturday,1:30 PM,110,Not Divided,Straight road,Level,"Bridge, Culvert, Causeway",Sealed,Dry,Not Raining,Daylight,Roll Over,1,Driver Rider,3: SI,No Control,,Y,1495762.81,1955726.7,1.49576E+13
2019-4062-8/07/2020,3 Country,PARILLA,5303,SOUTHERN MALLEE DISTRICT COUNCIL,1,0,0,0,0,2019,April,Saturday,8:00 PM,50,Not Divided,Straight road,Level,Not Applicable,Unsealed,Dry,Not Raining,Night,Roll Over,1,Driver Rider,1: PDO,No Control,,,1520751.06,1632467.71,1.52075E+13
2019-4063-8/07/2020,3 Country,MINLATON,5575,YORKE PENINSULA COUNCIL,3,0,0,0,0,2019,April,Sunday,1:55 PM,50,Cross Road,Straight road,Level,Not Applicable,Sealed,Dry,Not Raining,Daylight,Right Angle,1,Driver Rider,1: PDO,Give Way Sign,,,1237427.02,1690365.76,1.23743E+13
2019-4064-8/07/2020,2 Metropolitan,BROOKLYN PARK,5032,CITY OF WEST TORRENS,2,0,0,0,0,2019,April,Sunday,2:00 PM,50,Cross Road,Straight road,Level,Not Applicable,Sealed,Dry,Not Raining,Daylight,Right Turn,2,Driver Rider,1: PDO,Traffic Signals,,,1323131.39,1670090.51,1.32313E+13
2019-4065-8/07/2020,3 Country,FLINDERS RANGES,5434,,2,1,0,1,0,2019,April,Saturday,4:03 PM,90,Not Divided,"CURVED, VIEW OPEN",Bottom of Hill,Not Applicable,Sealed,Dry,Not Raining,Daylight,Hit Fixed Object,1,Driver Rider,3: SI,No Control,,,1352239.06,2064487.6,1.35224E+13
2019-4066-8/07/2020,1 City,ADELAIDE,5000,CITY OF ADELAIDE,2,1,0,0,1,2019,April,Sunday,3:46 PM,60,T-Junction,Straight road,Level,Not Applicable,Sealed,Dry,Not Raining,Daylight,Rear End,2,Driver Rider,2: MI,Traffic Signals,,,1327391.56,1670156.91,1.32739E+13
2019-4067-8/07/2020,2 Metropolitan,WOODSIDE,5244,THE ADELAIDE HILLS COUNCIL,2,1,0,0,1,2019,April,Sunday,10:05 AM,80,Not Divided,Straight road,Level,Not Applicable,Unsealed,Dry,Not Raining,Daylight,Hit Object on Road,1,Driver Rider,2: MI,No Control,,,1351394.42,1670049.65,1.35139E+13
2019-4068-8/07/2020,3 Country,WOODCHESTER,5255,ALEXANDRINA COUNCIL,2,1,0,1,0,2019,April,Saturday,9:30 PM,100,Not Divided,Straight road,Level,Not Applicable,Sealed,Dry,Not Raining,Night,Hit Fixed Object,1,Driver Rider,3: SI,No Control,,,1363745.35,1640508.16,1.36375E+13
2019-4069-8/07/2020,2 Metropolitan,BRAHMA LODGE,5109,CITY OF SALISBURY,2,0,0,0,0,2019,April,Sunday,4:30 PM,50,Not Divided,Straight road,Level,Not Applicable,Sealed,Dry,Not Raining,Daylight,Hit Parked Vehicle,2,Driver Rider,1: PDO,No Control,,,1334086.76,1686943.47,1.33409E+13
2019-4070-8/07/2020,2 Metropolitan,SALISBURY NORTH,5108,CITY OF SALISBURY,2,0,0,0,0,2019,April,Friday,6:45 PM,50,T-Junction,Straight road,Level,Not Applicable,Sealed,Dry,Not Raining,Night,Right Angle,2,Driver Rider,1: PDO,No Control,,,1331868.93,1691172.59,1.33187E+13
2019-4071-8/07/2020,2 Metropolitan,NORWOOD,5067,CITY OF BURNSIDE,2,0,0,0,0,2019,April,Sunday,7:10 PM,60,Not Divided,Straight road,Level,Not Applicable,Sealed,Dry,Not Raining,Night,Side Swipe,1,Driver Rider,1: PDO,No Control,,,1332249.44,1671387.97,1.33225E+13
2019-4072-8/07/2020,2 Metropolitan,HINDMARSH,5007,CITY OF CHARLES STURT,2,0,0,0,0,2019,April,Sunday,6:30 PM,60,T-Junction,Straight road,Level,Not Applicable,Sealed,Dry,Not Raining,Night,Side Swipe,1,Driver Rider,1: PDO,Give Way Sign,,,1326196.45,1672840.38,1.3262E+13
2019-4073-8/07/2020,3 Country,MURRAY BRIDGE,5253,RC MURRAY BRIDGE.             ,2,1,0,0,1,2019,April,Sunday,3:35 PM,60,Cross Road,Straight road,Level,Not Applicable,Sealed,Dry,Not Raining,Daylight,Right Angle,1,Driver Rider,2: MI,Give Way Sign,,,1388498.44,1644790.92,1.3885E+13
2019-4074-8/07/2020,2 Metropolitan,TEA TREE GULLY,5091,CITY OF TEA TREE GULLY,1,1,0,0,1,2019,April,Sunday,8:08 PM,60,T-Junction,Straight road,Slope,Not Applicable,Sealed,Dry,Not Raining,Night,Roll Over,9,Other,2: MI,No Control,,,1340448.14,1681905.85,1.34045E+13
2019-4075-8/07/2020,2 Metropolitan,PARA HILLS,5096,CITY OF SALISBURY,2,0,0,0,0,2019,April,Sunday,8:00 PM,60,T-Junction,Straight road,Crest of Hill,Not Applicable,Sealed,Dry,Not Raining,Night,Side Swipe,1,Driver Rider,1: PDO,Stop Sign,,,1334428.9,1683032.96,1.33443E+13
2019-4076-8/07/2020,2 Metropolitan,HINDMARSH,5007,CITY OF CHARLES STURT,2,1,0,0,1,2019,April,Sunday,4:53 PM,60,Divided Road,Straight road,Level,Not Applicable,Sealed,Dry,Not Raining,Daylight,Side Swipe,1,Driver Rider,2: MI,No Control,,,1325870.9,1673121.42,1.32587E+13
2019-4077-8/07/2020,2 Metropolitan,KESWICK,5035,CITY OF WEST TORRENS,3,0,0,0,0,2019,April,Sunday,9:29 PM,60,Cross Road,Straight road,Level,Not Applicable,Sealed,Dry,Not Raining,Night,Right Turn,1,Driver Rider,1: PDO,Traffic Signals,,,1325794.33,1668947.63,1.32579E+13
2019-4078-8/07/2020,3 Country,MOUNT GAMBIER,5290,CC MT.GAMBIER.                ,2,2,0,0,2,2019,April,Sunday,11:10 AM,60,T-Junction,Straight road,Level,Not Applicable,Sealed,Dry,Not Raining,Daylight,Right Turn,2,Driver Rider,2: MI,Traffic Signals,,,1511787.45,1339461.41,1.51179E+13
2019-4079-8/07/2020,3 Country,PORT PIRIE WEST,5540,PT.PIRIE CITY & DIST. COUNCIL ,2,0,0,0,0,2019,April,Sunday,6:20 PM,50,Cross Road,Straight road,Level,Not Applicable,Sealed,Dry,Not Raining,Night,Right Angle,2,Driver Rider,1: PDO,Give Way Sign,,,1278899.2,1865437.79,1.2789E+13
2019-4080-8/07/2020,2 Metropolitan,GAWLER SOUTH,5118,CT GAWLER.                    ,2,0,0,0,0,2019,April,Monday,7:15 AM,50,T-Junction,Straight road,Level,Not Applicable,Sealed,Dry,Not Raining,Daylight,Right Angle,2,Driver Rider,1: PDO,Stop Sign,,,1343372.58,1705500.37,1.34337E+13
2019-4081-8/07/2020,2 Metropolitan,WARRADALE,5046,CC MARION.                    ,2,0,0,0,0,2019,April,Monday,10:40 AM,60,T-Junction,Straight road,Level,Not Applicable,Sealed,Dry,Not Raining,Daylight,Right Angle,1,Driver Rider,1: PDO,Give Way Sign,,,1322771.26,1660797.92,1.32277E+13
2019-4082-8/07/2020,2 Metropolitan,SEACLIFF,5049,CITY OF HOLDFAST BAY,2,1,0,0,1,2019,April,Tuesday,1:00 PM,50,Not Divided,Straight road,Level,Not Applicable,Sealed,Dry,Not Raining,Daylight,Rear End,1,Driver Rider,2: MI,No Control,,,1320608.38,1659116.43,1.32061E+13
2019-4083-8/07/2020,2 Metropolitan,KESWICK,5035,CITY OF WEST TORRENS,3,0,0,0,0,2019,April,Monday,9:50 AM,60,Not Divided,Straight road,Level,Not Applicable,Sealed,Dry,Not Raining,Daylight,Rear End,1,Driver Rider,1: PDO,No Control,,,1326091.28,1668956.29,1.32609E+13
2019-4084-8/07/2020,2 Metropolitan,PENFIELD GARDENS,5121,CITY OF PLAYFORD.,4,1,0,0,1,2019,April,Monday,8:30 AM,80,Cross Road,Straight road,Level,Not Applicable,Sealed,Dry,Not Raining,Daylight,Right Angle,2,Driver Rider,2: MI,Stop Sign,,,1331985.26,1698516.9,1.33199E+13
2019-4085-8/07/2020,2 Metropolitan,MEDINDIE,5081,WALKERVILLE TOWN COUNCIL,3,1,0,0,1,2019,April,Monday,8:15 AM,60,Not Divided,Straight road,Slope,Not Applicable,Sealed,Dry,Not Raining,Daylight,Side Swipe,2,Driver Rider,2: MI,No Control,,,1329454.7,1673865.55,1.32946E+13
2019-4086-8/07/2020,3 Country,BELALIE NORTH,5491,NORTHERN AREAS DISTRICT COUNCIL,2,0,0,0,0,2019,April,Monday,9:00 AM,100,Not Divided,Straight road,Level,Not Applicable,Unsealed,Dry,Not Raining,Daylight,Rear End,1,Driver Rider,1: PDO,No Control,,,1341751.85,1868819.45,1.34175E+13
2019-4087-8/07/2020,2 Metropolitan,WINDSOR GARDENS,5087,CITY OF PORT ADELAIDE ENFIELD,2,0,0,0,0,2019,April,Monday,12:30 PM,60,Divided Road,Straight road,Level,Not Applicable,Sealed,Dry,Not Raining,Daylight,Rear End,2,Driver Rider,1: PDO,No Control,,,1333135.99,1677498.22,1.33314E+13
2019-4088-8/07/2020,2 Metropolitan,UNLEY,5061,CITY OF UNLEY,2,0,0,0,0,2019,April,Monday,4:30 PM,50,T-Junction,Straight road,Level,Not Applicable,Sealed,Dry,Not Raining,Daylight,Rear End,1,Driver Rider,1: PDO,No Control,,,1329708.85,1667924.73,1.32971E+13
2019-4089-8/07/2020,2 Metropolitan,RICHMOND,5033,CITY OF WEST TORRENS,2,0,0,0,0,2019,April,Monday,8:50 AM,60,T-Junction,"CURVED, VIEW OBSCURED",Level,Not Applicable,Sealed,Dry,Not Raining,Daylight,Side Swipe,1,Driver Rider,1: PDO,Stop Sign,,,1325770.23,1669854.14,1.32577E+13
2019-4090-8/07/2020,2 Metropolitan,MILE END,5031,CITY OF WEST TORRENS,2,1,0,0,1,2019,April,Monday,1:45 PM,50,Not Divided,Straight road,Level,Not Applicable,Sealed,Dry,Not Raining,Daylight,Side Swipe,2,Driver Rider,2: MI,No Control,,,1326561.16,1670819.7,1.32656E+13
2019-4091-8/07/2020,2 Metropolitan,WALKERVILLE,5081,WALKERVILLE TOWN COUNCIL,2,0,0,0,0,2019,April,Monday,8:50 AM,60,T-Junction,Straight road,Level,Not Applicable,Sealed,Dry,Not Raining,Daylight,Right Turn,2,Driver Rider,1: PDO,No Control,,,1329861.24,1674670.61,1.32986E+13
2019-4092-8/07/2020,2 Metropolitan,QUEENSTOWN,5014,CITY OF PORT ADELAIDE ENFIELD,2,0,0,0,0,2019,April,Monday,9:30 AM,50,T-Junction,Straight road,Level,Not Applicable,Sealed,Dry,Not Raining,Daylight,Right Angle,2,Driver Rider,1: PDO,No Control,,,1320813.6,1678003.6,1.32081E+13
2019-4093-8/07/2020,3 Country,SNOWTOWN,5520,WAKEFIELD REGIONAL COUNCIL,2,0,0,0,0,2019,April,Wednesday,11:00 AM,60,Not Divided,Straight road,Level,Not Applicable,Sealed,Dry,Not Raining,Daylight,Side Swipe,2,Driver Rider,1: PDO,No Control,,,1293916.3,1803565.95,1.29392E+13
2019-4094-8/07/2020,2 Metropolitan,KLEMZIG,5087,CITY OF PORT ADELAIDE ENFIELD,3,0,0,0,0,2019,April,Monday,2:20 PM,60,Divided Road,Straight road,Level,Not Applicable,Sealed,Dry,Not Raining,Daylight,Rear End,1,Driver Rider,1: PDO,No Control,,,1331968.91,1676503.5,1.33197E+13
2019-4095-8/07/2020,2 Metropolitan,BEVERLEY,5009,CITY OF CHARLES STURT,2,0,0,0,0,2019,April,Monday,2:40 PM,60,T-Junction,Straight road,Level,Not Applicable,Sealed,Dry,Not Raining,Daylight,Right Angle,2,Driver Rider,1: PDO,Stop Sign,,,1323726.19,1674973.84,1.32373E+13
2019-4096-8/07/2020,2 Metropolitan,SMITHFIELD PLAINS,5114,CITY OF PLAYFORD.,2,0,0,0,0,2019,April,Monday,2:00 PM,50,Not Divided,Straight road,Level,Not Applicable,Sealed,Dry,Not Raining,Daylight,Hit Fixed Object,1,Driver Rider,1: PDO,No Control,,,1336146.12,1698418.99,1.33615E+13
2019-4097-8/07/2020,3 Country,SNOWTOWN,5520,WAKEFIELD REGIONAL COUNCIL,2,0,0,0,0,2019,April,Monday,12:46 PM,100,Not Divided,Straight road,Level,Not Applicable,Sealed,Dry,Not Raining,Daylight,Hit Object on Road,1,Driver Rider,1: PDO,No Control,,,1293035.47,1803891.67,1.29304E+13
2019-4098-8/07/2020,2 Metropolitan,ENFIELD,5085,CITY OF PORT ADELAIDE ENFIELD,2,0,0,0,0,2019,April,Monday,9:30 AM,60,T-Junction,Straight road,Level,Not Applicable,Sealed,Dry,Not Raining,Daylight,Rear End,1,Driver Rider,1: PDO,Traffic Signals,,,1328821.62,1678606.27,1.32882E+13
2019-4099-8/07/2020,2 Metropolitan,THEBARTON,5031,CITY OF WEST TORRENS,3,0,0,0,0,2019,April,Monday,2:30 PM,60,T-Junction,Straight road,Level,Not Applicable,Sealed,Dry,Not Raining,Daylight,Rear End,2,Driver Rider,1: PDO,Traffic Signals,,,1325687.29,1671374.32,1.32569E+13
2019-4100-8/07/2020,3 Country,COORONG,5264,COORONG DISTRICT COUNCIL,1,0,0,0,0,2019,April,Monday,1:05 PM,100,Not Divided,Straight road,Level,Not Applicable,Sealed,Dry,Not Raining,Daylight,Other,1,Driver Rider,1: PDO,No Control,,,1405196.94,1555380.73,1.4052E+13
2019-4101-8/07/2020,3 Country,KANGAROO INN,5280,DC ROBE.                      ,1,0,0,0,0,2019,April,Monday,3:55 PM,110,Not Divided,Straight road,Level,Not Applicable,Sealed,Dry,Not Raining,Daylight,Left Road - Out of Control,1,Driver Rider,1: PDO,No Control,,,1458002.05,1399501.81,1.458E+13
2019-4102-8/07/2020,2 Metropolitan,PORT ADELAIDE,5015,CITY OF PORT ADELAIDE ENFIELD,2,0,0,0,0,2019,April,Monday,1:45 PM,50,T-Junction,Straight road,Level,Not Applicable,Sealed,Dry,Not Raining,Daylight,Right Angle,2,Driver Rider,1: PDO,Stop Sign,,,1319952.87,1679603.61,1.31995E+13
2019-4103-8/07/2020,2 Metropolitan,PARKSIDE,5063,CITY OF UNLEY,2,1,0,0,1,2019,April,Monday,8:00 AM,60,Cross Road,Straight road,Level,Not Applicable,Sealed,Dry,Not Raining,Daylight,Side Swipe,1,Passenger,2: MI,Traffic Signals,,,1329057.06,1668981.6,1.32906E+13
2019-4104-8/07/2020,2 Metropolitan,MEDINDIE GARDENS,5081,CITY OF PROSPECT,3,0,0,0,0,2019,April,Monday,5:50 PM,60,T-Junction,Straight road,Level,Not Applicable,Sealed,Dry,Not Raining,Night,Hit Fixed Object,1,Driver Rider,1: PDO,No Control,,,1329175.27,1674229.06,1.32918E+13
2019-4105-8/07/2020,2 Metropolitan,SEATON,5023,CITY OF CHARLES STURT,4,1,0,0,1,2019,April,Monday,6:13 PM,60,Not Divided,Straight road,Level,Driveway or Entrance,Sealed,Dry,Not Raining,Night,Right Angle,2,Driver Rider,2: MI,No Control,,,1320875.55,1674687.08,1.32088E+13
2019-4106-8/07/2020,2 Metropolitan,UNLEY PARK,5061,CITY OF UNLEY,2,0,0,0,0,2019,April,Monday,5:30 PM,40,T-Junction,Straight road,Level,Not Applicable,Sealed,Dry,Not Raining,Daylight,Right Turn,2,Driver Rider,1: PDO,Traffic Signals,,,1328249.29,1666230.09,1.32825E+13
2019-4107-8/07/2020,2 Metropolitan,TROTT PARK,5158,CC MARION.                    ,3,1,0,0,1,2019,April,Monday,5:23 PM,100,Freeway,Straight road,Level,Not Applicable,Sealed,Dry,Not Raining,Daylight,Rear End,2,Driver Rider,2: MI,No Control,,,1323004.47,1655076.92,1.323E+13
2019-4108-8/07/2020,2 Metropolitan,FORESTVILLE,5035,CITY OF UNLEY,2,1,0,0,1,2019,April,Monday,6:10 PM,60,T-Junction,Straight road,Level,Not Applicable,Sealed,Dry,Not Raining,Night,Right Angle,1,Driver Rider,2: MI,No Control,,,1326423.1,1668286.76,1.32642E+13
2019-4109-8/07/2020,2 Metropolitan,OVINGHAM,5082,CITY OF CHARLES STURT,2,0,0,0,0,2019,April,Monday,7:05 PM,60,Cross Road,Straight road,Level,Not Applicable,Sealed,Dry,Not Raining,Night,Right Turn,1,Driver Rider,1: PDO,Traffic Signals,,,1327121.41,1673280.8,1.32712E+13
2019-4110-8/07/2020,2 Metropolitan,ELIZABETH VALE,5112,CITY OF SALISBURY,2,0,0,0,0,2019,April,Monday,9:52 PM,50,Not Divided,Straight road,Level,Unknown,Sealed,Dry,Not Raining,Night,Hit Parked Vehicle,2,Driver Rider,1: PDO,No Control,Y,,1334081.77,1689198.17,1.33408E+13
2019-4111-8/07/2020,2 Metropolitan,POORAKA,5095,CITY OF SALISBURY,2,0,0,0,0,2019,April,Monday,8:30 AM,70,Divided Road,Straight road,Level,Unknown,Sealed,Dry,Not Raining,Daylight,Side Swipe,2,Driver Rider,1: PDO,No Control,,,1329974.77,1681755.93,1.32998E+13
2019-4112-8/07/2020,3 Country,WAIKERIE,5330,LOXTON WAIKERIE DISTRICT COUNCIL,2,1,0,0,1,2019,April,Monday,4:20 PM,100,Not Divided,Straight road,Bottom of Hill,Not Applicable,Unsealed,Dry,Not Raining,Daylight,Hit Object on Road,1,Driver Rider,2: MI,No Control,,,1451753.19,1739798.72,1.45175E+13
2019-4113-8/07/2020,2 Metropolitan,KLEMZIG,5087,CITY OF PORT ADELAIDE ENFIELD,2,1,0,0,1,2019,April,Monday,9:30 PM,60,T-Junction,Straight road,Level,Not Applicable,Sealed,Dry,Not Raining,Night,Right Angle,2,Driver Rider,2: MI,Traffic Signals,,,1331881.33,1675724.54,1.33188E+13
2019-4114-8/07/2020,2 Metropolitan,WOODVILLE PARK,5011,CITY OF CHARLES STURT,3,1,0,0,1,2019,April,Monday,3:45 PM,60,Not Divided,Straight road,Level,Not Applicable,Sealed,Dry,Not Raining,Daylight,Rear End,1,Driver Rider,2: MI,No Control,,,1323917.75,1674910.54,1.32392E+13
2019-4115-8/07/2020,3 Country,MOUNT GAMBIER,5290,CC MT.GAMBIER.                ,2,0,0,0,0,2019,April,Monday,9:30 PM,60,T-Junction,Straight road,Level,Not Applicable,Sealed,Dry,Not Raining,Night,Right Turn,1,Driver Rider,1: PDO,Traffic Signals,,,1511787.45,1339461.41,1.51179E+13
2019-4116-8/07/2020,2 Metropolitan,SKYE,5072,CITY OF BURNSIDE,2,0,0,0,0,2019,April,Monday,11:35 PM,50,Not Divided,Straight road,Slope,Not Applicable,Sealed,Dry,Not Raining,Night,Hit Fixed Object,1,Driver Rider,1: PDO,No Control,,,1336858.73,1670648.71,1.33686E+13
2019-4117-8/07/2020,2 Metropolitan,WEST BEACH,5024,CITY OF WEST TORRENS,2,1,0,0,1,2019,April,Tuesday,6:22 AM,60,Divided Road,"CURVED, VIEW OPEN",Level,Not Applicable,Sealed,Dry,Not Raining,Night,Side Swipe,1,Driver Rider,2: MI,No Control,,,1320543.24,1667336.98,1.32054E+13
2019-4118-8/07/2020,2 Metropolitan,ATHELSTONE,5076,CC CAMPBELLTOWN.              ,2,0,0,0,0,2019,April,Monday,6:45 PM,60,T-Junction,Straight road,Level,Not Applicable,Sealed,Dry,Not Raining,Night,Rear End,2,Driver Rider,1: PDO,No Control,,,1338091.82,1676551.75,1.33809E+13
2019-4119-8/07/2020,2 Metropolitan,PARAFIELD,5095,CITY OF SALISBURY,2,0,0,0,0,2019,April,Tuesday,7:03 AM,80,Cross Road,Straight road,Level,Not Applicable,Sealed,Dry,Not Raining,Daylight,Right Angle,2,Driver Rider,1: PDO,Traffic Signals,,,1331812.14,1683486.03,1.33181E+13
2019-4120-8/07/2020,2 Metropolitan,PARK HOLME,5043,CC MARION.                    ,3,0,0,0,0,2019,April,Tuesday,6:15 AM,60,Cross Road,Straight road,Level,Not Applicable,Sealed,Dry,Not Raining,Night,Rear End,1,Driver Rider,1: PDO,Traffic Signals,,,1324329.28,1663279.45,1.32433E+13
2019-4121-8/07/2020,3 Country,BLINMAN,5730,,2,0,0,0,0,2019,April,Monday,5:35 PM,90,Not Divided,"CURVED, VIEW OPEN",Slope,Not Applicable,Sealed,Dry,Not Raining,Daylight,Rear End,1,Driver Rider,1: PDO,No Control,,,1350675.74,2088713.53,1.35068E+13
2019-4122-8/07/2020,2 Metropolitan,MOUNT BARKER,5251,DC MT.BARKER.                 ,2,0,0,0,0,2019,April,Monday,3:45 PM,60,Cross Road,Straight road,Level,Not Applicable,Sealed,Dry,Not Raining,Daylight,Side Swipe,2,Driver Rider,1: PDO,Traffic Signals,,,1351314.75,1654262.86,1.35132E+13
2019-4123-8/07/2020,2 Metropolitan,LEAWOOD GARDENS,5150,CITY OF BURNSIDE,2,0,0,0,0,2019,April,Tuesday,7:53 AM,90,Divided Road,"CURVED, VIEW OPEN",Slope,Not Applicable,Sealed,Dry,Not Raining,Daylight,Rear End,2,Driver Rider,1: PDO,No Control,,,1335385.55,1665045.19,1.33539E+13
2019-4124-8/07/2020,2 Metropolitan,ROSSLYN PARK,5072,CITY OF BURNSIDE,2,0,0,0,0,2019,April,Monday,3:45 AM,60,Cross Road,Straight road,Level,Not Applicable,Sealed,Dry,Not Raining,Night,Right Angle,2,Driver Rider,1: PDO,Stop Sign,,,1334756.2,1671144.07,1.33476E+13
2019-4125-8/07/2020,2 Metropolitan,HECTORVILLE,5073,CC CAMPBELLTOWN.              ,2,0,0,0,0,2019,April,Tuesday,11:40 AM,60,T-Junction,Straight road,Level,Not Applicable,Sealed,Dry,Not Raining,Daylight,Right Angle,1,Driver Rider,1: PDO,No Control,,,1333796.76,1674339.42,1.3338E+13
2019-4126-8/07/2020,2 Metropolitan,PARAFIELD GARDENS,5107,CITY OF SALISBURY,2,1,0,0,1,2019,April,Tuesday,8:15 AM,60,T-Junction,Straight road,Level,Not Applicable,Sealed,Dry,Not Raining,Daylight,Right Angle,2,Driver Rider,2: MI,No Control,,,1330537.2,1685677.36,1.33054E+13
2019-4127-8/07/2020,2 Metropolitan,WINDSOR GARDENS,5087,CITY OF PORT ADELAIDE ENFIELD,3,2,0,0,2,2019,April,Tuesday,9:00 AM,60,T-Junction,Straight road,Level,Not Applicable,Sealed,Dry,Not Raining,Daylight,Rear End,2,Driver Rider,2: MI,Traffic Signals,,,1333433.85,1677755.39,1.33343E+13
2019-4128-8/07/2020,2 Metropolitan,PARAFIELD GARDENS,5107,CITY OF SALISBURY,2,1,0,0,1,2019,April,Tuesday,12:00 PM,60,Divided Road,Straight road,Level,Not Applicable,Sealed,Dry,Not Raining,Daylight,Hit Fixed Object,1,Driver Rider,2: MI,No Control,,Y,1330991.75,1686251.8,1.33099E+13
2019-4129-8/07/2020,3 Country,PORT PIRIE WEST,5540,PT.PIRIE CITY & DIST. COUNCIL ,3,1,0,0,1,2019,April,Tuesday,1:10 PM,50,T-Junction,Straight road,Level,Not Applicable,Sealed,Dry,Not Raining,Daylight,Right Angle,1,Driver Rider,2: MI,No Control,,,1279262.88,1865428.55,1.27926E+13
2019-4130-8/07/2020,2 Metropolitan,PARA HILLS WEST,5096,CITY OF SALISBURY,2,0,0,0,0,2019,April,Tuesday,1:10 PM,60,Not Divided,Straight road,Level,Not Applicable,Sealed,Dry,Not Raining,Daylight,Side Swipe,2,Driver Rider,1: PDO,No Control,,,1333925.77,1684304.79,1.33393E+13
2019-4131-8/07/2020,2 Metropolitan,PARADISE,5075,CC CAMPBELLTOWN.              ,2,1,0,0,1,2019,April,Monday,5:40 PM,60,Divided Road,Straight road,Level,Driveway or Entrance,Sealed,Dry,Not Raining,Night,Rear End,2,Driver Rider,2: MI,No Control,,,1334547.11,1676868.96,1.33455E+13
2019-4132-8/07/2020,2 Metropolitan,HOVE,5048,CITY OF HOLDFAST BAY,2,0,0,0,0,2019,April,Tuesday,1:50 PM,60,T-Junction,Straight road,Level,Not Applicable,Sealed,Dry,Not Raining,Daylight,Rear End,2,Driver Rider,1: PDO,Traffic Signals,,,1321124.72,1661308.89,1.32113E+13
2019-4133-8/07/2020,2 Metropolitan,WINGFIELD,5013,CITY OF PORT ADELAIDE ENFIELD,2,1,0,0,1,2019,April,Tuesday,3:05 PM,60,Cross Road,Straight road,Level,Not Applicable,Sealed,Dry,Not Raining,Daylight,Rear End,2,Driver Rider,2: MI,Traffic Signals,,,1323910.63,1679162.4,1.32391E+13