REPORT_ID,Stats Area,Suburb,Postcode,LGA Name,Total Units,Total Cas,Total Fats,Total SI,Total MI,Year,Month,Day,Time,Area Speed,Position Type,Horizontal Align,Vertical Align,Other Feat,Road Surface,Moisture Cond,Weather Cond,DayNight,Crash Type,Unit Resp,Entity Code,CSEF Severity,Traffic Ctrls,DUI Involved,Drugs Involved,ACCLOC_X,ACCLOC_Y,UNIQUE_LOC
2019-4381-8/07/2020,3 Country,HAWKER,5434,THE FLINDERS RANGES COUNCIL.,1,0,0,0,0,2019,May,Sunday,6:30 AM,110,Not Divided,"CURVED, VIEW OBSCURED",Level,Not Applicable,Sealed,Dry,Not Raining,Night,Left Road - Out of Control,1,Driver Rider,1: PDO,No Control,,,1327230.6,2010015,1.32723E+13
2019-4382-8/07/2020,2 Metropolitan,MOUNT GEORGE,5155,THE ADELAIDE HILLS COUNCIL,1,0,0,0,0,2019,May,Sunday,8:00 PM,80,Not Divided,"CURVED, VIEW OBSCURED",Slope,Not Applicable,Sealed,Dry,Not Raining,Night,Left Road - Out of Control,1,Driver Rider,1: PDO,No Control,,,1341836.31,1663712.42,1.34184E+13
2019-4383-8/07/2020,2 Metropolitan,GLOBE DERBY PARK,5110,CITY OF SALISBURY,2,0,0,0,0,2019,May,Monday,8:20 AM,90,Divided Road,Straight road,Level,Not Applicable,Sealed,Dry,Not Raining,Daylight,Rear End,1,Driver Rider,1: PDO,No Control,,,1328591.42,1687565.66,1.32859E+13
2019-4384-8/07/2020,2 Metropolitan,GEPPS CROSS,5094,CITY OF PORT ADELAIDE ENFIELD,2,2,0,0,2,2019,May,Monday,8:40 AM,60,T-Junction,Straight road,Slope,Driveway or Entrance,Sealed,Dry,Not Raining,Daylight,Right Angle,2,Driver Rider,2: MI,Traffic Signals,,,1330666.13,1679769.22,1.33067E+13
2019-4385-8/07/2020,2 Metropolitan,WILLASTON,5118,CT GAWLER.                    ,3,1,0,1,0,2019,May,Monday,8:05 AM,50,Not Divided,Straight road,Slope,Not Applicable,Sealed,Dry,Not Raining,Daylight,Hit Fixed Object,1,Driver Rider,3: SI,No Control,,,1342579.75,1708004.81,1.34258E+13
2019-4386-8/07/2020,2 Metropolitan,MITCHELL PARK,5043,CC MARION.                    ,2,1,0,0,1,2019,May,Thursday,10:20 AM,50,T-Junction,Straight road,Level,Not Applicable,Sealed,Dry,Not Raining,Daylight,Rear End,2,Driver Rider,2: MI,No Control,,,1325079.59,1661873.57,1.32508E+13
2019-4387-8/07/2020,1 City,NORTH ADELAIDE,5006,CITY OF ADELAIDE,3,0,0,0,0,2019,May,Monday,7:15 AM,60,Divided Road,Straight road,Level,Unknown,Sealed,Dry,Not Raining,Daylight,Rear End,1,Driver Rider,1: PDO,No Control,,,1327269.87,1673406.61,1.32727E+13
2019-4388-8/07/2020,2 Metropolitan,ST PETERS,5069,"CC OF NORWOOD,PAYNEHAM & ST PETERS",2,0,0,0,0,2019,May,Monday,8:20 AM,60,Cross Road,Straight road,Level,Not Applicable,Sealed,Dry,Not Raining,Daylight,Right Angle,2,Driver Rider,1: PDO,Stop Sign,,,1331023.92,1672514.98,1.33102E+13
2019-4389-8/07/2020,2 Metropolitan,LARGS BAY,5016,CITY OF PORT ADELAIDE ENFIELD,2,0,0,0,0,2019,May,Monday,12:15 AM,50,Not Divided,Straight road,Level,Not Applicable,Unsealed,Dry,Not Raining,Night,Hit Animal,2,Animal,1: PDO,No Control,,,1319316.91,1681992.82,1.31932E+13
2019-4390-8/07/2020,2 Metropolitan,SEFTON PARK,5083,CITY OF PROSPECT,3,0,0,0,0,2019,May,Monday,11:05 AM,60,Cross Road,"CURVED, VIEW OPEN",Level,Not Applicable,Sealed,Dry,Not Raining,Daylight,Hit Fixed Object,1,Driver Rider,1: PDO,Give Way Sign,,,1328885.97,1675966.5,1.32889E+13
2019-4391-8/07/2020,2 Metropolitan,MAWSON LAKES,5095,CITY OF SALISBURY,3,0,0,0,0,2019,May,Monday,8:00 AM,70,Divided Road,Straight road,Level,Not Applicable,Sealed,Dry,Not Raining,Daylight,Rear End,1,Driver Rider,1: PDO,No Control,,,1329594.47,1684457.98,1.32959E+13
2019-4392-8/07/2020,2 Metropolitan,PROSPECT,5082,CITY OF PROSPECT,2,0,0,0,0,2019,May,Saturday,11:30 PM,40,Not Divided,Straight road,Slope,Not Applicable,Sealed,Unknown,Unknown,Night,Hit Parked Vehicle,2,Driver Rider,1: PDO,No Control,,,1328727.78,1675224.7,1.32873E+13
2019-4393-8/07/2020,2 Metropolitan,CHRISTIES BEACH,5165,CITY OF ONKAPARINGA,2,0,0,0,0,2019,May,Friday,12:02 PM,60,Divided Road,Straight road,Level,Not Applicable,Sealed,Wet,Raining,Daylight,Rear End,2,Driver Rider,1: PDO,No Control,,,1316107.27,1647386.5,1.31611E+13
2019-4394-8/07/2020,1 City,ADELAIDE,5000,CITY OF ADELAIDE,2,0,0,0,0,2019,May,Monday,1:45 PM,50,Divided Road,Straight road,Level,Not Applicable,Sealed,Dry,Not Raining,Daylight,Hit Fixed Object,1,Driver Rider,1: PDO,No Control,,,1329502.64,1671128.65,1.3295E+13
2019-4395-8/07/2020,2 Metropolitan,NORWOOD,5067,"CC OF NORWOOD,PAYNEHAM & ST PETERS",2,0,0,0,0,2019,May,Monday,2:00 PM,60,Cross Road,"CURVED, VIEW OPEN",Level,Not Applicable,Sealed,Dry,Not Raining,Daylight,Side Swipe,1,Driver Rider,1: PDO,Roundabout,,,1330623.32,1670361.88,1.33062E+13
2019-4396-8/07/2020,2 Metropolitan,PARAFIELD,5106,CITY OF SALISBURY,3,0,0,0,0,2019,May,Monday,1:50 PM,80,Divided Road,Straight road,Level,Not Applicable,Sealed,Dry,Not Raining,Daylight,Rear End,1,Driver Rider,1: PDO,No Control,,,1331929.98,1683672.73,1.33193E+13
2019-4397-8/07/2020,2 Metropolitan,MODBURY,5092,CITY OF TEA TREE GULLY,2,0,0,0,0,2019,May,Monday,3:10 PM,60,Cross Road,Straight road,Level,Not Applicable,Sealed,Dry,Not Raining,Daylight,Right Turn,1,Driver Rider,1: PDO,Traffic Signals,,,1336876.66,1680842.59,1.33688E+13
2019-4398-8/07/2020,2 Metropolitan,ELIZABETH EAST,5112,CITY OF PLAYFORD.,2,1,0,0,1,2019,May,Monday,2:55 PM,80,Divided Road,Straight road,Level,Not Applicable,Sealed,Dry,Not Raining,Daylight,Rear End,2,Driver Rider,2: MI,No Control,,,1336098.05,1692270.74,1.3361E+13
2019-4399-8/07/2020,2 Metropolitan,TONSLEY,5042,CC MARION.                    ,2,0,0,0,0,2019,May,Tuesday,12:30 PM,50,Not Divided,Straight road,Level,Not Applicable,Sealed,Wet,Raining,Daylight,Hit Parked Vehicle,2,Driver Rider,1: PDO,No Control,,,1325326.4,1660771.32,1.32533E+13
2019-4400-8/07/2020,2 Metropolitan,O'HALLORAN HILL,5158,CC MARION.                    ,1,0,0,0,0,2019,May,Monday,3:40 PM,80,Divided Road,"CURVED, VIEW OPEN",Level,Not Applicable,Sealed,Dry,Not Raining,Daylight,Left Road - Out of Control,1,Driver Rider,1: PDO,No Control,,,1323868.65,1655375.12,1.32387E+13
2019-4401-8/07/2020,2 Metropolitan,HALLETT COVE,5158,CC MARION.                    ,2,0,0,0,0,2019,May,Monday,11:30 AM,50,T-Junction,Straight road,Slope,Not Applicable,Sealed,Dry,Not Raining,Daylight,Hit Parked Vehicle,1,Driver Rider,1: PDO,No Control,,,1320286.82,1653788.8,1.32029E+13
2019-4402-8/07/2020,2 Metropolitan,BEDFORD PARK,5042,CC MARION.                    ,2,1,0,0,1,2019,May,Thursday,6:20 AM,70,Divided Road,Straight road,Level,Not Applicable,Sealed,Dry,Not Raining,Night,Rear End,2,Driver Rider,2: MI,No Control,,,1325245.31,1660543.15,1.32525E+13
2019-4403-8/07/2020,2 Metropolitan,ELIZABETH SOUTH,5112,CITY OF PLAYFORD.,2,0,0,0,0,2019,May,Monday,2:50 PM,60,Divided Road,Straight road,Level,Not Applicable,Sealed,Dry,Not Raining,Daylight,Rear End,2,Driver Rider,1: PDO,No Control,,,1334426.55,1690510.7,1.33443E+13
2019-4404-8/07/2020,2 Metropolitan,MARRYATVILLE,5068,"CC OF NORWOOD,PAYNEHAM & ST PETERS",2,0,0,0,0,2019,May,Monday,4:30 PM,60,T-Junction,Straight road,Level,Not Applicable,Sealed,Dry,Not Raining,Daylight,Right Angle,1,Driver Rider,1: PDO,Give Way Sign,,,1333040.42,1670437.84,1.33304E+13
2019-4405-8/07/2020,2 Metropolitan,KLEMZIG,5087,CITY OF PORT ADELAIDE ENFIELD,2,0,0,0,0,2019,May,Monday,6:00 PM,60,Divided Road,Straight road,Level,Not Applicable,Sealed,Dry,Not Raining,Night,Rear End,1,Driver Rider,1: PDO,No Control,,,1331948.49,1676485.79,1.33195E+13
2019-4406-8/07/2020,2 Metropolitan,HINDMARSH,5007,CITY OF CHARLES STURT,2,1,0,0,1,2019,May,Monday,6:02 PM,50,Cross Road,Straight road,Level,Not Applicable,Sealed,Dry,Not Raining,Night,Right Angle,2,Driver Rider,2: MI,Give Way Sign,,,1325692.23,1673113.04,1.32569E+13
2019-4407-8/07/2020,2 Metropolitan,MANNINGHAM,5086,CITY OF PORT ADELAIDE ENFIELD,2,0,0,0,0,2019,May,Monday,6:21 PM,60,Divided Road,"CURVED, VIEW OPEN",Level,Not Applicable,Sealed,Dry,Not Raining,Night,Rear End,1,Driver Rider,1: PDO,No Control,,,1330733.33,1676568.76,1.33073E+13
2019-4408-8/07/2020,2 Metropolitan,BELAIR,5052,CC MITCHAM.                   ,2,1,0,0,1,2019,May,Monday,6:20 PM,60,T-Junction,Straight road,Level,Not Applicable,Sealed,Dry,Not Raining,Night,Right Angle,1,Driver Rider,2: MI,No Control,,,1330303.71,1662610.93,1.3303E+13
2019-4409-8/07/2020,2 Metropolitan,BRIGHTON,5048,CITY OF HOLDFAST BAY,2,0,0,0,0,2019,May,Monday,3:25 PM,60,T-Junction,Straight road,Level,Roadworks,Sealed,Dry,Not Raining,Daylight,Side Swipe,2,Driver Rider,1: PDO,No Control,,,1321145.67,1660646.16,1.32115E+13
2019-4410-8/07/2020,1 City,NORTH ADELAIDE,5006,CITY OF ADELAIDE,2,0,0,0,0,2019,May,Monday,7:12 PM,50,Cross Road,Straight road,Level,Not Applicable,Sealed,Dry,Not Raining,Night,Right Turn,1,Driver Rider,1: PDO,Traffic Signals,,,1328428.41,1671809.75,1.32843E+13
2019-4411-8/07/2020,2 Metropolitan,BEDFORD PARK,5042,CC MITCHAM.                   ,2,1,0,0,1,2019,May,Monday,7:00 PM,70,T-Junction,Straight road,Level,Not Applicable,Sealed,Dry,Not Raining,Night,Hit Pedestrian,1,Driver Rider,2: MI,Traffic Signals,,,1325156.2,1660414.38,1.32516E+13
2019-4412-8/07/2020,2 Metropolitan,NORTH PLYMPTON,5037,CITY OF WEST TORRENS,3,1,0,0,1,2019,May,Monday,5:15 PM,60,Cross Road,Straight road,Level,Not Applicable,Sealed,Dry,Not Raining,Daylight,Right Angle,2,Driver Rider,2: MI,Stop Sign,,,1324217.15,1667394.67,1.32422E+13
2019-4413-8/07/2020,3 Country,ANANGU PITJANTJATJARA YANKUNYTJATJARA,872,,1,1,1,0,0,2019,May,Monday,10:30 AM,100,Not Divided,Straight road,Slope,Not Applicable,Unsealed,Dry,Not Raining,Daylight,Roll Over,1,Driver Rider,4: Fatal,No Control,,,418912.72,2632905.11,4.18913E+12
2019-4414-8/07/2020,3 Country,MAITLAND,5573,YORKE PENINSULA COUNCIL,3,1,0,0,1,2019,May,Monday,7:00 PM,100,Multiple,"CURVED, VIEW OPEN",Level,Not Applicable,Sealed,Dry,Not Raining,Night,Hit Fixed Object,1,Driver Rider,2: MI,Give Way Sign,,,1255634.49,1739242.87,1.25563E+13
2019-4415-8/07/2020,2 Metropolitan,PROSPECT,5082,CITY OF PROSPECT,2,2,0,1,1,2019,May,Monday,11:20 PM,60,Cross Road,Straight road,Level,Not Applicable,Sealed,Dry,Not Raining,Night,Right Turn,1,Driver Rider,3: SI,Traffic Signals,,,1327235.97,1676403.16,1.32724E+13
2019-4416-8/07/2020,3 Country,INKERMAN,5550,WAKEFIELD REGIONAL COUNCIL,2,1,0,0,1,2019,May,Monday,11:15 PM,110,Divided Road,Straight road,Level,Not Applicable,Sealed,Dry,Not Raining,Night,Roll Over,1,Driver Rider,2: MI,No Control,Y,,1297443.84,1743773.31,1.29744E+13
2019-4417-8/07/2020,2 Metropolitan,SALISBURY,5108,CITY OF SALISBURY,2,0,0,0,0,2019,May,Tuesday,1:30 AM,60,Divided Road,Straight road,Level,Not Applicable,Sealed,Dry,Not Raining,Night,Rear End,2,Driver Rider,1: PDO,No Control,,,1332198.37,1687758.15,1.3322E+13
2019-4418-8/07/2020,2 Metropolitan,GREENWITH,5125,CITY OF TEA TREE GULLY,2,0,0,0,0,2019,May,Monday,10:00 PM,60,Cross Road,"CURVED, VIEW OPEN",Bottom of Hill,Not Applicable,Sealed,Dry,Not Raining,Night,Hit Fixed Object,1,Driver Rider,1: PDO,Roundabout,,,1339701.4,1687043.21,1.3397E+13
2019-4419-8/07/2020,2 Metropolitan,SALISBURY EAST,5109,CITY OF SALISBURY,2,1,0,1,0,2019,May,Tuesday,2:50 AM,60,Cross Road,Straight road,Level,Not Applicable,Sealed,Dry,Not Raining,Night,Hit Fixed Object,1,Driver Rider,3: SI,Traffic Signals,,Y,1335641.47,1686469.85,1.33564E+13
2019-4420-8/07/2020,3 Country,BERRI,5343,THE BERRI BARMERA COUNCIL,2,0,0,0,0,2019,May,Tuesday,8:35 AM,60,T-Junction,"CURVED, VIEW OPEN",Slope,Not Applicable,Sealed,Dry,Not Raining,Daylight,Right Turn,2,Driver Rider,1: PDO,No Control,,,1514209.68,1733976.76,1.51421E+13
2019-4421-8/07/2020,2 Metropolitan,KENSINGTON,5068,"CC OF NORWOOD,PAYNEHAM & ST PETERS",2,1,0,0,1,2019,May,Tuesday,8:40 AM,60,T-Junction,Straight road,Level,Not Applicable,Sealed,Dry,Not Raining,Daylight,Right Turn,1,Driver Rider,2: MI,No Control,,,1332704.45,1671084.38,1.3327E+13
2019-4422-8/07/2020,3 Country,BERRI,5343,THE BERRI BARMERA COUNCIL,1,0,0,0,0,2019,May,Tuesday,7:45 AM,60,Not Divided,"CURVED, VIEW OPEN",Level,Not Applicable,Sealed,Dry,Not Raining,Daylight,Roll Over,1,Driver Rider,1: PDO,No Control,,,1515780.94,1735922.34,1.51578E+13
2019-4423-8/07/2020,2 Metropolitan,FITZROY,5082,CITY OF PROSPECT,2,0,0,0,0,2019,May,Monday,11:50 AM,60,Cross Road,Straight road,Level,Not Applicable,Sealed,Dry,Not Raining,Daylight,Side Swipe,2,Driver Rider,1: PDO,Traffic Signals,,,1327513.27,1673636.83,1.32751E+13
2019-4424-8/07/2020,2 Metropolitan,TUSMORE,5065,CITY OF BURNSIDE,2,0,0,0,0,2019,May,Tuesday,9:33 AM,60,Cross Road,Straight road,Slope,Not Applicable,Sealed,Dry,Not Raining,Daylight,Side Swipe,1,Driver Rider,1: PDO,Traffic Signals,,,1332311.5,1669056.54,1.33231E+13
2019-4425-8/07/2020,2 Metropolitan,PARA HILLS WEST,5096,CITY OF SALISBURY,2,0,0,0,0,2019,May,Monday,2:40 PM,80,Divided Road,Straight road,Level,Not Applicable,Sealed,Dry,Not Raining,Daylight,Rear End,2,Driver Rider,1: PDO,No Control,,,1332560.68,1684436.6,1.33256E+13
2019-4426-8/07/2020,2 Metropolitan,WEST BEACH,5024,CITY OF WEST TORRENS,2,1,0,1,0,2019,May,Monday,8:30 AM,50,Not Divided,Straight road,Level,Roadworks,Sealed,Dry,Not Raining,Daylight,Hit Fixed Object,1,Driver Rider,3: SI,No Control,,,1320011.75,1667817.28,1.32001E+13
2019-4427-8/07/2020,3 Country,WALLAROO MINES,5554,COPPER COAST DISTRICT COUNCIL,2,1,0,0,1,2019,May,Tuesday,10:00 AM,60,Not Divided,Straight road,Level,Not Applicable,Sealed,Wet,Raining,Daylight,Side Swipe,2,Driver Rider,2: MI,No Control,,,1248634.34,1780166.64,1.24863E+13
2019-4428-8/07/2020,3 Country,WELBOURN HILL,5724,,2,0,0,0,0,2019,May,Sunday,9:30 PM,100,Not Divided,Straight road,Level,Not Applicable,Unsealed,Dry,Not Raining,Night,Hit Animal,2,Animal,1: PDO,No Control,,,852176.18,2518828.48,8.52176E+12
2019-4429-8/07/2020,2 Metropolitan,NORWOOD,5067,"CC OF NORWOOD,PAYNEHAM & ST PETERS",2,0,0,0,0,2019,May,Monday,6:55 PM,60,Cross Road,Straight road,Level,Not Applicable,Sealed,Dry,Not Raining,Night,Side Swipe,2,Driver Rider,1: PDO,Roundabout,,,1330623.32,1670361.88,1.33062E+13
2019-4430-8/07/2020,2 Metropolitan,GLENGOWRIE,5044,CC MARION.                    ,2,1,0,0,1,2019,May,Tuesday,11:10 AM,60,Cross Road,Straight road,Level,Not Applicable,Sealed,Wet,Raining,Daylight,Right Angle,1,Driver Rider,2: MI,Give Way Sign,,,1322668.58,1664197.71,1.32267E+13
2019-4431-8/07/2020,2 Metropolitan,WEST BEACH,5024,CITY OF WEST TORRENS,2,1,0,0,1,2019,May,Thursday,6:00 PM,80,Divided Road,Straight road,Level,Not Applicable,Sealed,Wet,Raining,Night,Rear End,2,Driver Rider,2: MI,No Control,,,1320926.98,1668903.75,1.32093E+13
2019-4432-8/07/2020,2 Metropolitan,PENFIELD GARDENS,5121,CITY OF PLAYFORD.,2,1,0,0,1,2019,May,Tuesday,12:21 PM,80,Cross Road,Straight road,Level,Not Applicable,Sealed,Wet,Not Raining,Daylight,Right Angle,1,Driver Rider,2: MI,Give Way Sign,,,1328945.63,1700236.7,1.32895E+13
2019-4433-8/07/2020,1 City,NORTH ADELAIDE,5006,CITY OF ADELAIDE,2,0,0,0,0,2019,May,Tuesday,12:00 PM,50,Not Divided,Straight road,Level,Not Applicable,Sealed,Wet,Not Raining,Daylight,Right Turn,2,Driver Rider,1: PDO,No Control,,,1329254.7,1672734.16,1.32926E+13
2019-4434-8/07/2020,2 Metropolitan,POORAKA,5095,CITY OF SALISBURY,2,0,0,0,0,2019,May,Monday,12:00 PM,50,T-Junction,Straight road,Level,Not Applicable,Sealed,Dry,Not Raining,Daylight,Side Swipe,2,Driver Rider,1: PDO,No Control,,,1330595.04,1680691.1,1.3306E+13
2019-4435-8/07/2020,2 Metropolitan,DRY CREEK,5094,CITY OF PORT ADELAIDE ENFIELD,2,0,0,0,0,2019,May,Tuesday,2:10 PM,70,Not Divided,"CURVED, VIEW OBSCURED",Level,Not Applicable,Sealed,Wet,Not Raining,Daylight,Hit Fixed Object,1,Driver Rider,1: PDO,No Control,,,1328664.97,1680452.79,1.32867E+13
2019-4436-8/07/2020,2 Metropolitan,KILBURN,5084,CITY OF PORT ADELAIDE ENFIELD,3,0,0,0,0,2019,May,Tuesday,12:29 PM,60,T-Junction,Straight road,Level,Not Applicable,Sealed,Wet,Not Raining,Daylight,Hit Fixed Object,1,Driver Rider,1: PDO,No Control,,,1327211.42,1677616.73,1.32721E+13
2019-4437-8/07/2020,3 Country,ANNADALE,5356,MID MURRAY DISTRICT COUNCIL,2,0,0,0,0,2019,May,Tuesday,10:45 AM,110,Not Divided,Straight road,Level,Not Applicable,Sealed,Dry,Not Raining,Daylight,Head On,1,Driver Rider,1: PDO,No Control,,,1402351.38,1727416.5,1.40235E+13
2019-4438-8/07/2020,3 Country,NILDOTTIE,5238,MID MURRAY DISTRICT COUNCIL,2,2,0,1,1,2019,May,Tuesday,12:25 PM,100,Not Divided,Straight road,Crest of Hill,Not Applicable,Unsealed,Dry,Not Raining,Daylight,Hit Parked Vehicle,1,Driver Rider,3: SI,No Control,,,1426939.4,1696216.89,1.42694E+13
2019-4439-8/07/2020,2 Metropolitan,PROSPECT,5082,CITY OF PROSPECT,2,0,0,0,0,2019,May,Tuesday,2:45 PM,60,T-Junction,Straight road,Level,Not Applicable,Sealed,Wet,Raining,Daylight,Right Turn,2,Driver Rider,1: PDO,No Control,,,1327234.65,1676659.71,1.32724E+13
2019-4440-8/07/2020,2 Metropolitan,INGLE FARM,5098,CITY OF SALISBURY,2,0,0,0,0,2019,May,Tuesday,2:50 PM,60,T-Junction,Straight road,Level,Not Applicable,Sealed,Wet,Not Raining,Daylight,Right Angle,2,Driver Rider,1: PDO,No Control,,,1333548.07,1681245.39,1.33355E+13
2019-4441-8/07/2020,2 Metropolitan,LEABROOK,5068,CITY OF BURNSIDE,3,1,0,0,1,2019,May,Tuesday,2:28 PM,60,Not Divided,Straight road,Level,Not Applicable,Sealed,Wet,Raining,Daylight,Rear End,1,Driver Rider,2: MI,No Control,,,1333915.73,1669896.72,1.33392E+13
2019-4442-8/07/2020,2 Metropolitan,STEPNEY,5069,"CC OF NORWOOD,PAYNEHAM & ST PETERS",3,1,0,0,1,2019,May,Tuesday,3:00 PM,60,Not Divided,Straight road,Level,Not Applicable,Sealed,Wet,Not Raining,Daylight,Rear End,1,Driver Rider,2: MI,No Control,,,1331282.29,1672623.39,1.33128E+13
2019-4443-8/07/2020,2 Metropolitan,WELLAND,5007,CITY OF CHARLES STURT,2,0,0,0,0,2019,May,Tuesday,4:15 PM,60,Not Divided,Straight road,Level,Not Applicable,Sealed,Wet,Raining,Daylight,Rear End,2,Driver Rider,1: PDO,No Control,,,1324807.95,1673186.9,1.32481E+13
2019-4444-8/07/2020,1 City,NORTH ADELAIDE,5006,CITY OF ADELAIDE,2,0,0,0,0,2019,May,Tuesday,3:15 PM,50,Not Divided,Straight road,Level,Not Applicable,Sealed,Wet,Raining,Daylight,Side Swipe,2,Driver Rider,1: PDO,No Control,,,1329293.37,1672758.16,1.32929E+13
2019-4445-8/07/2020,1 City,NORTH ADELAIDE,5006,CITY OF ADELAIDE,2,1,0,0,1,2019,May,Tuesday,5:00 PM,50,Not Divided,Straight road,Level,Not Applicable,Sealed,Wet,Raining,Daylight,Side Swipe,1,Driver Rider,2: MI,No Control,,,1329324.17,1672777.18,1.32932E+13
2019-4446-8/07/2020,2 Metropolitan,MODBURY HEIGHTS,5092,CITY OF TEA TREE GULLY,4,0,0,0,0,2019,May,Tuesday,3:45 PM,80,Divided Road,Straight road,Level,Not Applicable,Sealed,Wet,Not Raining,Daylight,Rear End,1,Driver Rider,1: PDO,No Control,,,1335938.15,1682450.02,1.33594E+13
2019-4447-8/07/2020,2 Metropolitan,GLANDORE,5037,CC MARION.                    ,2,0,0,0,0,2019,May,Tuesday,7:30 AM,60,Divided Road,Straight road,Level,Not Applicable,Sealed,Dry,Not Raining,Daylight,Hit Parked Vehicle,1,Driver Rider,1: PDO,No Control,,,1325852.5,1666950.37,1.32585E+13
2019-4448-8/07/2020,1 City,ADELAIDE,5000,CITY OF ADELAIDE,2,0,0,0,0,2019,May,Tuesday,4:05 PM,50,T-Junction,Straight road,Level,Not Applicable,Sealed,Wet,Raining,Daylight,Right Angle,1,Driver Rider,1: PDO,No Control,,,1328793.65,1670355.71,1.32879E+13
2019-4449-8/07/2020,2 Metropolitan,GOLDEN GROVE,5125,CITY OF TEA TREE GULLY,2,0,0,0,0,2019,May,Tuesday,6:00 PM,60,Cross Road,Straight road,Level,Not Applicable,Sealed,Wet,Raining,Night,Rear End,2,Driver Rider,1: PDO,Traffic Signals,,,1337903.73,1685352.47,1.3379E+13
2019-4450-8/07/2020,3 Country,MURRAY BRIDGE,5253,RC MURRAY BRIDGE.             ,2,0,0,0,0,2019,May,Tuesday,3:30 PM,50,Cross Road,Straight road,Level,Not Applicable,Sealed,Dry,Not Raining,Daylight,Right Angle,1,Driver Rider,1: PDO,Give Way Sign,,,1389021.5,1647256.25,1.38902E+13
2019-4451-8/07/2020,2 Metropolitan,BELAIR,5052,CC MITCHAM.                   ,2,1,0,0,1,2019,May,Tuesday,5:53 PM,60,Not Divided,"CURVED, VIEW OPEN",Slope,Not Applicable,Sealed,Wet,Not Raining,Night,Head On,2,Driver Rider,2: MI,No Control,,,1330588.72,1663002.4,1.33059E+13
2019-4452-8/07/2020,3 Country,MOUNT GAMBIER,5290,CC MT.GAMBIER.                ,3,1,0,0,1,2019,May,Tuesday,5:15 PM,60,T-Junction,Straight road,Level,Not Applicable,Sealed,Wet,Raining,Daylight,Hit Fixed Object,9,Other,2: MI,No Control,,,1508431.51,1341637.88,1.50843E+13
2019-4453-8/07/2020,2 Metropolitan,MODBURY NORTH,5092,CITY OF TEA TREE GULLY,3,0,0,0,0,2019,May,Tuesday,5:40 PM,80,Cross Road,Straight road,Slope,Not Applicable,Sealed,Wet,Raining,Night,Rear End,1,Driver Rider,1: PDO,Traffic Signals,,,1335950.3,1682345.28,1.33595E+13
2019-4454-8/07/2020,1 City,ADELAIDE,5000,CITY OF ADELAIDE,2,1,0,0,1,2019,May,Tuesday,4:45 PM,50,T-Junction,"CURVED, VIEW OPEN",Level,Not Applicable,Sealed,Wet,Not Raining,Daylight,Side Swipe,2,Driver Rider,2: MI,Traffic Signals,,,1329586.53,1670547.57,1.32959E+13
2019-4455-8/07/2020,2 Metropolitan,WINGFIELD,5013,CITY OF PORT ADELAIDE ENFIELD,2,0,0,0,0,2019,May,Tuesday,6:54 PM,60,Cross Road,Straight road,Level,Not Applicable,Sealed,Wet,Raining,Night,Right Turn,1,Driver Rider,1: PDO,Traffic Signals,,,1323910.63,1679162.4,1.32391E+13
2019-4456-8/07/2020,2 Metropolitan,PAYNEHAM,5070,"CC OF NORWOOD,PAYNEHAM & ST PETERS",2,0,0,0,0,2019,May,Tuesday,5:45 PM,60,Cross Road,Straight road,Level,Not Applicable,Sealed,Wet,Not Raining,Night,Right Angle,1,Driver Rider,1: PDO,Traffic Signals,,,1332174.87,1673786.03,1.33218E+13
2019-4457-8/07/2020,2 Metropolitan,BOWDEN,5007,CITY OF CHARLES STURT,2,1,0,0,1,2019,May,Tuesday,5:50 PM,60,Divided Road,Straight road,Level,Not Applicable,Sealed,Wet,Raining,Night,Rear End,2,Driver Rider,2: MI,No Control,,,1326787.44,1672931.41,1.32679E+13
2019-4458-8/07/2020,2 Metropolitan,SEAFORD RISE,5169,CITY OF ONKAPARINGA,3,0,0,0,0,2019,May,Tuesday,5:40 PM,60,Cross Road,Straight road,Level,Not Applicable,Sealed,Wet,Raining,Night,Right Angle,2,Driver Rider,1: PDO,Traffic Signals,,,1317537.2,1641650.26,1.31754E+13
2019-4459-8/07/2020,2 Metropolitan,PORT ADELAIDE,5015,CITY OF PORT ADELAIDE ENFIELD,2,1,0,0,1,2019,May,Tuesday,8:50 PM,60,Divided Road,Straight road,Level,Roadworks,Sealed,Wet,Raining,Night,Rear End,1,Driver Rider,2: MI,No Control,,,1321024.85,1680196.93,1.32103E+13
2019-4460-8/07/2020,2 Metropolitan,UNLEY,5061,CITY OF UNLEY,2,1,0,0,1,2019,May,Tuesday,6:40 PM,60,T-Junction,Straight road,Level,Not Applicable,Sealed,Dry,Not Raining,Night,Right Angle,1,Driver Rider,2: MI,No Control,,,1328785.57,1668956.37,1.32879E+13
2019-4461-8/07/2020,2 Metropolitan,GAWLER BELT,5118,LIGHT REGIONAL COUNCIL,2,0,0,0,0,2019,May,Tuesday,6:03 PM,110,Divided Road,Straight road,Level,Not Applicable,Sealed,Wet,Raining,Night,Rear End,2,Driver Rider,1: PDO,No Control,,,1342766.56,1709008.02,1.34277E+13
2019-4462-8/07/2020,2 Metropolitan,HIGHBURY,5089,CITY OF TEA TREE GULLY,2,0,0,0,0,2019,May,Tuesday,12:30 PM,80,Not Divided,"CURVED, VIEW OBSCURED",Slope,Not Applicable,Sealed,Wet,Raining,Daylight,Hit Fixed Object,1,Driver Rider,1: PDO,No Control,,,1340648.09,1680066.69,1.34065E+13