REPORT_ID,Stats Area,Suburb,Postcode,LGA Name,Total Units,Total Cas,Total Fats,Total SI,Total MI,Year,Month,Day,Time,Area Speed,Position Type,Horizontal Align,Vertical Align,Other Feat,Road Surface,Moisture Cond,Weather Cond,DayNight,Crash Type,Unit Resp,Entity Code,CSEF Severity,Traffic Ctrls,DUI Involved,Drugs Involved,ACCLOC_X,ACCLOC_Y,UNIQUE_LOC
2019-4463-8/07/2020,2 Metropolitan,BUCHFELDE,5118,LIGHT REGIONAL COUNCIL,4,2,0,0,2,2019,May,Tuesday,6:03 PM,110,Divided Road,Straight road,Level,Not Applicable,Sealed,Wet,Raining,Night,Hit Fixed Object,1,Driver Rider,2: MI,No Control,,,1341244.74,1706355.85,1.34125E+13
2019-4464-8/07/2020,2 Metropolitan,CHAIN OF PONDS,5231,THE ADELAIDE HILLS COUNCIL,2,1,0,1,0,2019,May,Wednesday,1:15 AM,100,Not Divided,"CURVED, VIEW OBSCURED",Slope,Not Applicable,Sealed,Wet,Raining,Night,Hit Fixed Object,1,Driver Rider,3: SI,No Control,,,1350416.51,1682531.1,1.35042E+13
2019-4465-8/07/2020,2 Metropolitan,TONSLEY,5042,CC MARION.                    ,2,0,0,0,0,2019,May,Wednesday,6:50 AM,60,Divided Road,"CURVED, VIEW OPEN",Level,Roadworks,Sealed,Dry,Not Raining,Night,Hit Fixed Object,1,Driver Rider,1: PDO,No Control,,,1325995.76,1661584.54,1.326E+13
2019-4466-8/07/2020,2 Metropolitan,PARAFIELD,5106,CITY OF SALISBURY,2,0,0,0,0,2019,May,Wednesday,6:58 AM,50,Not Divided,Straight road,Level,Not Applicable,Sealed,Dry,Not Raining,Daylight,Hit Parked Vehicle,1,Driver Rider,1: PDO,No Control,,,1333005.78,1685322.42,1.33301E+13
2019-4467-8/07/2020,2 Metropolitan,MOUNT BARKER,5251,DC MT.BARKER.                 ,3,0,0,0,0,2019,May,Wednesday,7:10 AM,60,Divided Road,Straight road,Level,Not Applicable,Sealed,Wet,Not Raining,Daylight,Rear End,1,Driver Rider,1: PDO,No Control,,,1351010.69,1654853.12,1.35101E+13
2019-4468-8/07/2020,2 Metropolitan,ELIZABETH PARK,5113,CITY OF PLAYFORD.,4,0,0,0,0,2019,May,Wednesday,8:15 AM,80,Cross Road,Straight road,Level,Not Applicable,Sealed,Dry,Not Raining,Daylight,Rear End,1,Driver Rider,1: PDO,Traffic Signals,,,1335998.94,1693731.34,1.336E+13
2019-4469-8/07/2020,2 Metropolitan,STURT,5047,CC MARION.                    ,2,0,0,0,0,2019,May,Wednesday,7:49 AM,70,Ramp Off,Straight road,Slope,Not Applicable,Sealed,Dry,Not Raining,Daylight,Side Swipe,2,Driver Rider,1: PDO,No Control,,,1324360.34,1659906.24,1.32436E+13
2019-4470-8/07/2020,2 Metropolitan,MITCHELL PARK,5043,CC MARION.                    ,2,1,0,0,1,2019,May,Wednesday,8:35 AM,50,Cross Road,Straight road,Level,Not Applicable,Sealed,Dry,Not Raining,Daylight,Right Turn,1,Driver Rider,2: MI,No Control,,,1324906.36,1660740.25,1.32491E+13
2019-4471-8/07/2020,2 Metropolitan,SALISBURY PLAIN,5109,CITY OF SALISBURY,2,1,0,0,1,2019,May,Wednesday,8:30 AM,80,Divided Road,Straight road,Crest of Hill,Not Applicable,Sealed,Wet,Not Raining,Daylight,Rear End,2,Driver Rider,2: MI,No Control,,,1335266.96,1687889.69,1.33527E+13
2019-4472-8/07/2020,2 Metropolitan,TORRENS PARK,5062,CC MITCHAM.                   ,1,1,0,0,1,2019,May,Tuesday,9:09 AM,60,Cross Road,Straight road,Bottom of Hill,Not Applicable,Sealed,Dry,Not Raining,Daylight,Left Road - Out of Control,1,Driver Rider,2: MI,Roundabout,,,1330012.26,1664229.65,1.33001E+13
2019-4473-8/07/2020,2 Metropolitan,SALISBURY PLAIN,5109,CITY OF SALISBURY,3,2,0,0,2,2019,May,Wednesday,8:30 AM,80,Divided Road,Straight road,Crest of Hill,Not Applicable,Sealed,Wet,Not Raining,Daylight,Rear End,1,Driver Rider,2: MI,No Control,,,1335292.69,1687922.24,1.33529E+13
2019-4474-8/07/2020,2 Metropolitan,GULFVIEW HEIGHTS,5096,CITY OF SALISBURY,2,0,0,0,0,2019,May,Tuesday,2:40 PM,80,T-Junction,Straight road,Level,Not Applicable,Sealed,Dry,Not Raining,Daylight,Right Angle,2,Driver Rider,1: PDO,No Control,,,1334860.72,1683900.51,1.33486E+13
2019-4475-8/07/2020,1 City,ADELAIDE,5000,CITY OF ADELAIDE,2,1,0,0,1,2019,May,Wednesday,9:40 AM,50,T-Junction,Straight road,Level,Not Applicable,Sealed,Dry,Not Raining,Daylight,Rear End,1,Driver Rider,2: MI,Traffic Signals,,,1328851.92,1670527.45,1.32885E+13
2019-4476-8/07/2020,2 Metropolitan,HOVE,5048,CITY OF HOLDFAST BAY,2,0,0,0,0,2019,May,Tuesday,1:11 PM,50,T-Junction,"CURVED, VIEW OPEN",Level,Not Applicable,Sealed,Wet,Raining,Daylight,Hit Fixed Object,1,Driver Rider,1: PDO,Give Way Sign,,,1321598.47,1660975.96,1.3216E+13
2019-4477-8/07/2020,2 Metropolitan,ELIZABETH VALE,5112,CITY OF PLAYFORD.,2,0,0,0,0,2019,May,Wednesday,8:50 AM,80,T-Junction,Straight road,Level,Not Applicable,Sealed,Dry,Not Raining,Daylight,Rear End,2,Driver Rider,1: PDO,Traffic Signals,,,1336141.79,1690279.18,1.33614E+13
2019-4478-8/07/2020,2 Metropolitan,ROSTREVOR,5073,CC CAMPBELLTOWN.              ,2,0,0,0,0,2019,May,Wednesday,8:00 AM,60,Not Divided,Straight road,Level,Not Applicable,Sealed,Dry,Not Raining,Daylight,Rear End,2,Driver Rider,1: PDO,No Control,,,1337034.89,1674687.34,1.33704E+13
2019-4479-8/07/2020,2 Metropolitan,SALISBURY EAST,5109,CITY OF SALISBURY,2,1,0,0,1,2019,May,Tuesday,6:30 PM,60,Cross Road,Straight road,Level,Not Applicable,Sealed,Wet,Raining,Night,Right Turn,1,Driver Rider,2: MI,Traffic Signals,,,1334189.82,1684652.72,1.33419E+13
2019-4480-8/07/2020,2 Metropolitan,SALISBURY NORTH,5108,CITY OF SALISBURY,2,0,0,0,0,2019,May,Wednesday,9:30 AM,60,Not Divided,Straight road,Level,Not Applicable,Sealed,Wet,Not Raining,Daylight,Rear End,1,Driver Rider,1: PDO,No Control,,,1330966.59,1690179.39,1.33097E+13
2019-4481-8/07/2020,2 Metropolitan,ST MARYS,5042,CC MITCHAM.                   ,2,1,0,0,1,2019,May,Tuesday,6:25 PM,40,Cross Road,Straight road,Level,Roadworks,Sealed,Wet,Not Raining,Night,Right Turn,1,Driver Rider,2: MI,Traffic Signals,,,1326004.51,1661277.67,1.32601E+13
2019-4482-8/07/2020,2 Metropolitan,STEPNEY,5069,"CC OF NORWOOD,PAYNEHAM & ST PETERS",2,0,0,0,0,2019,May,Tuesday,4:30 PM,60,Not Divided,Straight road,Level,Not Applicable,Sealed,Dry,Not Raining,Daylight,Side Swipe,2,Driver Rider,1: PDO,No Control,,,1331202.63,1671734.29,1.3312E+13
2019-4483-8/07/2020,2 Metropolitan,NORWOOD,5067,"CC OF NORWOOD,PAYNEHAM & ST PETERS",3,0,0,0,0,2019,May,Wednesday,8:50 AM,60,Divided Road,Straight road,Crest of Hill,Not Applicable,Sealed,Wet,Not Raining,Daylight,Rear End,1,Driver Rider,1: PDO,No Control,,,1330612.33,1671561.15,1.33061E+13
2019-4484-8/07/2020,2 Metropolitan,GREEN FIELDS,5107,CITY OF SALISBURY,2,0,0,0,0,2019,May,Wednesday,11:15 AM,90,T-Junction,Straight road,Level,Not Applicable,Sealed,Dry,Not Raining,Daylight,Rear End,1,Driver Rider,1: PDO,Traffic Signals,,,1328674.22,1685896.53,1.32867E+13
2019-4485-8/07/2020,2 Metropolitan,MITCHELL PARK,5043,CC MARION.                    ,2,0,0,0,0,2019,May,Wednesday,11:58 AM,60,Divided Road,Straight road,Level,Not Applicable,Sealed,Dry,Not Raining,Daylight,Hit Fixed Object,1,Driver Rider,1: PDO,No Control,,,1324402.85,1660862.19,1.3244E+13
2019-4486-8/07/2020,3 Country,MOUNT GAMBIER,5290,CC MT.GAMBIER.                ,4,1,0,0,1,2019,May,Wednesday,11:45 AM,50,T-Junction,Straight road,Level,Not Applicable,Sealed,Dry,Not Raining,Daylight,Hit Fixed Object,1,Driver Rider,2: MI,No Control,,,1511441.61,1338534.76,1.51144E+13
2019-4487-8/07/2020,2 Metropolitan,REGENCY PARK,5010,CITY OF PORT ADELAIDE ENFIELD,2,0,0,0,0,2019,May,Wednesday,9:30 AM,60,T-Junction,Straight road,Level,Not Applicable,Sealed,Dry,Not Raining,Daylight,Rear End,1,Driver Rider,1: PDO,Traffic Signals,,,1325576.98,1678478.59,1.32558E+13
2019-4488-8/07/2020,3 Country,RENMARK,5341,DC RENMARK PARINGA            ,2,0,0,0,0,2019,May,Wednesday,10:30 AM,50,T-Junction,Straight road,Level,Driveway or Entrance,Sealed,Dry,Not Raining,Daylight,Right Angle,2,Driver Rider,1: PDO,Give Way Sign,,,1528314.95,1745000.34,1.52832E+13
2019-4489-8/07/2020,2 Metropolitan,STURT,5047,CC MARION.                    ,2,0,0,0,0,2019,May,Wednesday,1:35 PM,60,Cross Road,Straight road,Level,Not Applicable,Sealed,Dry,Not Raining,Daylight,Right Turn,1,Driver Rider,1: PDO,Traffic Signals,,,1323558.89,1660650.4,1.32356E+13
2019-4490-8/07/2020,2 Metropolitan,PARALOWIE,5108,CITY OF SALISBURY,2,0,0,0,0,2019,May,Tuesday,3:30 PM,50,T-Junction,Straight road,Level,Not Applicable,Sealed,Wet,Raining,Daylight,Rear End,2,Driver Rider,1: PDO,Roundabout,,,1328531.98,1689432.9,1.32853E+13
2019-4491-8/07/2020,3 Country,SEDAN,5353,MID MURRAY DISTRICT COUNCIL,2,1,0,0,1,2019,May,Tuesday,3:30 PM,100,Not Divided,"CURVED, VIEW OPEN",Crest of Hill,Not Applicable,Sealed,Wet,Raining,Daylight,Hit Fixed Object,1,Driver Rider,2: MI,No Control,,,1386686.88,1708825.63,1.38669E+13
2019-4492-8/07/2020,2 Metropolitan,NORTON SUMMIT,5136,THE ADELAIDE HILLS COUNCIL,3,0,0,0,0,2019,May,Wednesday,8:05 AM,60,Not Divided,Straight road,Slope,Not Applicable,Sealed,Wet,Not Raining,Daylight,Hit Fixed Object,1,Driver Rider,1: PDO,No Control,,,1340011.22,1670380.97,1.34001E+13
2019-4493-8/07/2020,3 Country,COOBER PEDY,5723,DC COOBER PEDY                ,2,0,0,0,0,2019,May,Wednesday,1:40 PM,50,T-Junction,Straight road,Level,Not Applicable,Sealed,Dry,Not Raining,Daylight,Right Angle,1,Driver Rider,1: PDO,No Control,,,977866.91,2329859.85,9.77867E+12
2019-4494-8/07/2020,3 Country,PIKE RIVER,5340,DC RENMARK PARINGA            ,4,1,0,0,1,2019,May,Tuesday,2:30 PM,110,Not Divided,Straight road,Level,Not Applicable,Sealed,Dry,Not Raining,Daylight,Rear End,1,Driver Rider,2: MI,No Control,,,1531379.83,1734563.57,1.53138E+13
2019-4495-8/07/2020,2 Metropolitan,DAW PARK,5041,CC MITCHAM.                   ,2,0,0,0,0,2019,May,Wednesday,2:00 PM,50,Not Divided,Straight road,Level,Not Applicable,Sealed,Dry,Not Raining,Daylight,Hit Parked Vehicle,1,Driver Rider,1: PDO,No Control,,,1326754.17,1663743.15,1.32675E+13
2019-4496-8/07/2020,2 Metropolitan,WILLASTON,5118,CT GAWLER.                    ,3,0,0,0,0,2019,May,Tuesday,6:03 PM,110,Divided Road,Straight road,Level,Not Applicable,Sealed,Wet,Raining,Night,Hit Fixed Object,1,Driver Rider,1: PDO,No Control,,,1342362.4,1708573.95,1.34236E+13
2019-4497-8/07/2020,2 Metropolitan,MOUNT BARKER,5251,DC MT.BARKER.                 ,2,0,0,0,0,2019,May,Wednesday,3:30 PM,60,Cross Road,Straight road,Level,Not Applicable,Sealed,Dry,Not Raining,Daylight,Side Swipe,2,Driver Rider,1: PDO,Traffic Signals,,,1351314.75,1654262.86,1.35132E+13
2019-4498-8/07/2020,2 Metropolitan,WILLASTON,5118,LIGHT REGIONAL COUNCIL,2,0,0,0,0,2019,May,Tuesday,6:03 PM,110,Divided Road,Straight road,Level,Not Applicable,Sealed,Wet,Raining,Night,Hit Fixed Object,1,Driver Rider,1: PDO,No Control,,,1341770.26,1707403.22,1.34177E+13
2019-4499-8/07/2020,2 Metropolitan,MARRYATVILLE,5068,"CC OF NORWOOD,PAYNEHAM & ST PETERS",2,1,0,0,1,2019,May,Tuesday,4:35 PM,60,Cross Road,Straight road,Level,Not Applicable,Sealed,Wet,Raining,Daylight,Rear End,1,Driver Rider,2: MI,Traffic Signals,,,1332269.85,1670409.71,1.33227E+13
2019-4500-8/07/2020,2 Metropolitan,WOODVILLE PARK,5011,CITY OF CHARLES STURT,2,0,0,0,0,2019,May,Wednesday,11:15 AM,60,Not Divided,Straight road,Level,Not Applicable,Sealed,Dry,Not Raining,Daylight,Rear End,1,Driver Rider,1: PDO,No Control,,,1323918.91,1674916.08,1.32392E+13
2019-4501-8/07/2020,2 Metropolitan,WALKERVILLE,5081,WALKERVILLE TOWN COUNCIL,2,0,0,0,0,2019,May,Wednesday,6:40 AM,60,Divided Road,Straight road,Level,Not Applicable,Sealed,Dry,Not Raining,Night,Rear End,1,Driver Rider,1: PDO,No Control,,,1329767.15,1674587.64,1.32977E+13
2019-4502-8/07/2020,2 Metropolitan,KENSINGTON PARK,5068,CITY OF BURNSIDE,4,0,0,0,0,2019,May,Wednesday,5:07 PM,60,Not Divided,Straight road,Level,Not Applicable,Sealed,Dry,Not Raining,Daylight,Rear End,1,Driver Rider,1: PDO,No Control,,,1333866.38,1671560.4,1.33387E+13
2019-4503-8/07/2020,2 Metropolitan,ELIZABETH GROVE,5112,CITY OF PLAYFORD.,2,1,0,0,1,2019,May,Wednesday,4:40 PM,50,Divided Road,"CURVED, VIEW OPEN",Level,Not Applicable,Sealed,Dry,Not Raining,Daylight,Side Swipe,2,Other,2: MI,No Control,,,1335650.28,1691595.39,1.33565E+13
2019-4504-8/07/2020,2 Metropolitan,VALE PARK,5081,WALKERVILLE TOWN COUNCIL,2,3,0,0,3,2019,May,Wednesday,5:38 PM,60,Cross Road,Straight road,Level,Not Applicable,Sealed,Dry,Not Raining,Night,Rear End,2,Driver Rider,2: MI,Traffic Signals,,,1331204.6,1674756.32,1.33121E+13
2019-4505-8/07/2020,2 Metropolitan,HINDMARSH,5007,CITY OF CHARLES STURT,2,0,0,0,0,2019,May,Wednesday,8:40 AM,60,Divided Road,Straight road,Level,Not Applicable,Sealed,Dry,Not Raining,Daylight,Rear End,1,Driver Rider,1: PDO,No Control,,,1325774.87,1673268.12,1.32578E+13
2019-4506-8/07/2020,2 Metropolitan,MELROSE PARK,5039,CC MITCHAM.                   ,2,0,0,0,0,2019,May,Wednesday,3:21 PM,50,Not Divided,Straight road,Level,Not Applicable,Sealed,Dry,Not Raining,Daylight,Hit Parked Vehicle,1,Driver Rider,1: PDO,No Control,,,1326018.88,1663935.87,1.32602E+13
2019-4507-8/07/2020,2 Metropolitan,CAMDEN PARK,5038,CITY OF WEST TORRENS,2,0,0,0,0,2019,May,Wednesday,5:55 PM,50,Not Divided,Straight road,Level,Not Applicable,Sealed,Dry,Not Raining,Night,Rear End,2,Driver Rider,1: PDO,No Control,,,1323255.73,1666716.99,1.32326E+13
2019-4508-8/07/2020,2 Metropolitan,URRBRAE,5064,CC MITCHAM.                   ,3,0,0,0,0,2019,May,Wednesday,6:00 PM,60,Not Divided,Straight road,Level,Not Applicable,Sealed,Dry,Not Raining,Night,Rear End,2,Driver Rider,1: PDO,No Control,,,1330768.16,1666256.13,1.33077E+13
2019-4509-8/07/2020,2 Metropolitan,MOUNT BARKER,5251,DC MT.BARKER.                 ,1,1,0,0,1,2019,May,Wednesday,6:44 PM,60,Not Divided,"CURVED, VIEW OBSCURED",Slope,Roadworks,Sealed,Dry,Not Raining,Night,Other,1,Driver Rider,2: MI,No Control,,,1353144.06,1654053.87,1.35314E+13
2019-4510-8/07/2020,2 Metropolitan,KANGARILLA,5157,CITY OF ONKAPARINGA,2,1,0,0,1,2019,May,Wednesday,8:05 PM,60,Not Divided,Straight road,Level,Not Applicable,Sealed,Dry,Not Raining,Night,Hit Parked Vehicle,1,Driver Rider,2: MI,No Control,,,1333127.17,1646723.66,1.33313E+13
2019-4511-8/07/2020,2 Metropolitan,GILBERTON,5081,WALKERVILLE TOWN COUNCIL,2,0,0,0,0,2019,May,Wednesday,8:30 PM,50,Not Divided,Straight road,Level,Driveway or Entrance,Sealed,Dry,Not Raining,Night,Right Angle,2,Driver Rider,1: PDO,No Control,,,1329878.38,1673725.07,1.32988E+13
2019-4512-8/07/2020,1 City,ADELAIDE,5000,CITY OF ADELAIDE,2,0,0,0,0,2019,May,Wednesday,10:00 PM,50,Cross Road,Straight road,Level,Not Applicable,Sealed,Wet,Raining,Night,Right Turn,2,Driver Rider,1: PDO,Traffic Signals,,,1327951.24,1669556.92,1.32795E+13
2019-4513-8/07/2020,2 Metropolitan,HACKHAM WEST,5163,CITY OF ONKAPARINGA,2,0,0,0,0,2019,May,Wednesday,10:45 PM,50,Not Divided,Straight road,Crest of Hill,Not Applicable,Sealed,Wet,Raining,Night,Hit Fixed Object,1,Driver Rider,1: PDO,No Control,,,1320582.87,1646886.58,1.32058E+13
2019-4514-8/07/2020,3 Country,PORT ELLIOT,5212,ALEXANDRINA COUNCIL,2,1,0,0,1,2019,May,Wednesday,11:15 PM,50,Not Divided,Straight road,Level,Not Applicable,Sealed,Wet,Not Raining,Night,Hit Fixed Object,1,Driver Rider,2: MI,No Control,,,1333538.45,1603256.67,1.33354E+13
2019-4515-8/07/2020,1 City,ADELAIDE,5000,CITY OF ADELAIDE,2,0,0,0,0,2019,May,Thursday,5:40 AM,50,T-Junction,Straight road,Level,Not Applicable,Sealed,Wet,Not Raining,Night,Hit Fixed Object,1,Driver Rider,1: PDO,No Control,,Y,1328346.8,1671131.3,1.32835E+13
2019-4516-8/07/2020,2 Metropolitan,SALISBURY EAST,5109,CITY OF SALISBURY,2,1,0,0,1,2019,May,Thursday,7:25 AM,80,Divided Road,Straight road,Level,Not Applicable,Sealed,Wet,Raining,Daylight,Rear End,2,Driver Rider,2: MI,No Control,,,1333314.47,1685394.96,1.33331E+13
2019-4517-8/07/2020,2 Metropolitan,WALKERVILLE,5081,WALKERVILLE TOWN COUNCIL,2,0,0,0,0,2019,May,Thursday,8:30 AM,60,T-Junction,Straight road,Level,Not Applicable,Sealed,Wet,Raining,Daylight,Right Angle,1,Driver Rider,1: PDO,Give Way Sign,,,1330237.19,1674995.03,1.33024E+13
2019-4518-8/07/2020,2 Metropolitan,WOODCROFT,5162,CITY OF ONKAPARINGA,1,1,0,0,1,2019,May,Thursday,8:40 AM,80,Divided Road,Straight road,Slope,Not Applicable,Sealed,Wet,Raining,Daylight,Roll Over,1,Driver Rider,2: MI,No Control,,,1323020.49,1652213.67,1.32302E+13
2019-4519-8/07/2020,2 Metropolitan,WALKERVILLE,5081,CITY OF PROSPECT,2,0,0,0,0,2019,May,Thursday,9:05 AM,60,Divided Road,Straight road,Level,Not Applicable,Sealed,Wet,Raining,Daylight,Rear End,1,Driver Rider,1: PDO,No Control,,,1330274.63,1675040.09,1.33028E+13
2019-4520-8/07/2020,2 Metropolitan,URRBRAE,5064,CC MITCHAM.                   ,2,1,0,0,1,2019,May,Thursday,8:55 AM,80,Freeway,Straight road,Slope,Not Applicable,Sealed,Wet,Raining,Daylight,Rear End,1,Driver Rider,2: MI,No Control,,,1332852.4,1665819,1.33285E+13
2019-4521-8/07/2020,2 Metropolitan,OSBORNE,5017,CITY OF PORT ADELAIDE ENFIELD,2,1,0,0,1,2019,May,Wednesday,5:00 PM,60,Divided Road,Straight road,Level,Not Applicable,Sealed,Dry,Not Raining,Daylight,Side Swipe,2,Driver Rider,2: MI,No Control,,,1319971.68,1685004.15,1.31997E+13
2019-4522-8/07/2020,2 Metropolitan,STIRLING,5152,THE ADELAIDE HILLS COUNCIL,2,0,0,0,0,2019,May,Thursday,7:10 AM,100,Divided Road,Straight road,Level,Not Applicable,Sealed,Wet,Raining,Daylight,Rear End,1,Driver Rider,1: PDO,No Control,,,1339244.67,1661976.02,1.33925E+13
2019-4523-8/07/2020,3 Country,PORT PIRIE,5540,PT.PIRIE CITY & DIST. COUNCIL ,2,0,0,0,0,2019,April,Friday,11:30 AM,50,Not Divided,Straight road,Level,Not Applicable,Sealed,Dry,Not Raining,Daylight,Hit Object on Road,1,Driver Rider,1: PDO,No Control,,,1280073.96,1865663.82,1.28007E+13
2019-4524-8/07/2020,2 Metropolitan,PROSPECT,5082,CITY OF PROSPECT,2,0,0,0,0,2019,May,Thursday,11:00 AM,60,Cross Road,Straight road,Level,Not Applicable,Sealed,Wet,Raining,Daylight,Rear End,2,Driver Rider,1: PDO,Traffic Signals,,,1327235.97,1676403.16,1.32724E+13
2019-4525-8/07/2020,2 Metropolitan,PROSPECT,5082,CITY OF PROSPECT,2,1,0,0,1,2019,May,Wednesday,4:00 PM,50,Not Divided,Straight road,Level,Not Applicable,Sealed,Wet,Raining,Daylight,Rear End,2,Driver Rider,2: MI,No Control,,,1328064.86,1676136.36,1.32807E+13
2019-4526-8/07/2020,2 Metropolitan,HINDMARSH,5007,CITY OF CHARLES STURT,3,5,0,0,5,2019,May,Thursday,12:09 PM,60,Cross Road,Straight road,Level,Not Applicable,Sealed,Wet,Raining,Daylight,Rear End,1,Driver Rider,2: MI,Traffic Signals,,,1326463.81,1672651.14,1.32646E+13
2019-4527-8/07/2020,3 Country,WILD DOG VALLEY,5271,DC NARACOORTE & LUCINDALE.,2,0,0,0,0,2019,April,Friday,8:50 AM,100,Not Divided,Straight road,Level,Driveway or Entrance,Sealed,Dry,Not Raining,Daylight,Right Angle,2,Driver Rider,1: PDO,No Control,,,1516893.33,1446348.22,1.51689E+13
2019-4528-8/07/2020,3 Country,CYGNET RIVER,5223,KANGAROO ISLAND COUNCIL,2,1,0,1,0,2019,May,Tuesday,10:00 PM,100,Not Divided,Straight road,Level,Not Applicable,Sealed,Wet,Not Raining,Night,Hit Fixed Object,1,Driver Rider,3: SI,No Control,,Y,1230384.35,1585631.91,1.23038E+13
2019-4529-8/07/2020,2 Metropolitan,O'HALLORAN HILL,5158,CC MARION.                    ,3,2,0,0,2,2019,May,Thursday,12:55 PM,100,Crossover,Straight road,Level,Not Applicable,Sealed,Wet,Raining,Daylight,Side Swipe,1,Driver Rider,2: MI,No Control,,,1323403.37,1657311.96,1.3234E+13
2019-4530-8/07/2020,2 Metropolitan,FERRYDEN PARK,5010,CITY OF PORT ADELAIDE ENFIELD,3,1,0,0,1,2019,May,Thursday,1:20 PM,50,Not Divided,Straight road,Level,Not Applicable,Sealed,Dry,Not Raining,Daylight,Rear End,2,Driver Rider,2: MI,No Control,,,1324929.72,1676920.62,1.32493E+13
2019-4531-8/07/2020,3 Country,SANDILANDS,5571,YORKE PENINSULA COUNCIL,2,1,0,0,1,2019,May,Thursday,8:40 AM,100,Cross Road,Straight road,Level,Not Applicable,Unsealed,Wet,Raining,Daylight,Right Angle,1,Driver Rider,2: MI,Give Way Sign,,,1260484.33,1713868.54,1.26048E+13
2019-4532-8/07/2020,3 Country,MURRAY BRIDGE,5253,RC MURRAY BRIDGE.             ,2,0,0,0,0,2019,May,Thursday,1:30 PM,50,T-Junction,Straight road,Level,Driveway or Entrance,Sealed,Wet,Raining,Daylight,Right Angle,2,Driver Rider,1: PDO,No Control,,,1390615.48,1645549.04,1.39062E+13
2019-4533-8/07/2020,2 Metropolitan,ENFIELD,5085,CITY OF PORT ADELAIDE ENFIELD,2,1,0,0,1,2019,May,Tuesday,3:30 PM,60,Divided Road,Straight road,Level,Not Applicable,Sealed,Wet,Raining,Daylight,Rear End,2,Driver Rider,2: MI,No Control,,,1328799.21,1679117.95,1.3288E+13
2019-4534-8/07/2020,2 Metropolitan,NORWOOD,5067,"CC OF NORWOOD,PAYNEHAM & ST PETERS",2,1,0,0,1,2019,May,Thursday,11:55 AM,50,Cross Road,Straight road,Level,Not Applicable,Sealed,Wet,Raining,Daylight,Hit Fixed Object,1,Driver Rider,2: MI,Roundabout,,,1331241.45,1670715.28,1.33124E+13
2019-4535-8/07/2020,1 City,ADELAIDE,5000,CITY OF ADELAIDE,2,0,0,0,0,2019,May,Thursday,8:50 AM,30,Not Divided,Straight road,Level,Not Applicable,Sealed,Dry,Not Raining,Daylight,Hit Parked Vehicle,2,Driver Rider,1: PDO,No Control,,,1328391.97,1671312.08,1.32839E+13
2019-4536-8/07/2020,2 Metropolitan,SEFTON PARK,5083,CITY OF PROSPECT,2,0,0,0,0,2019,May,Thursday,2:14 PM,60,Cross Road,Straight road,Level,Not Applicable,Sealed,Wet,Raining,Daylight,Right Turn,1,Driver Rider,1: PDO,Give Way Sign,,,1328876.71,1675973.95,1.32888E+13
2019-4537-8/07/2020,2 Metropolitan,SHEA-OAK LOG,5371,LIGHT REGIONAL COUNCIL,2,1,0,0,1,2019,May,Thursday,2:45 PM,100,Cross Road,Straight road,Level,Not Applicable,Sealed,Wet,Raining,Daylight,Right Angle,1,Driver Rider,2: MI,Stop Sign,,,1345589.38,1713688.99,1.34559E+13
2019-4538-8/07/2020,2 Metropolitan,EVANSTON PARK,5116,CT GAWLER.                    ,2,0,0,0,0,2019,May,Thursday,12:30 PM,60,T-Junction,Straight road,Level,Not Applicable,Sealed,Wet,Raining,Daylight,Right Turn,2,Driver Rider,1: PDO,Traffic Signals,,,1341881.56,1703214.18,1.34188E+13
2019-4539-8/07/2020,3 Country,URANIA,5573,YORKE PENINSULA COUNCIL,2,0,0,0,0,2019,May,Thursday,9:15 AM,100,Not Divided,Straight road,Level,Not Applicable,Unsealed,Wet,Raining,Daylight,Hit Fixed Object,1,Driver Rider,1: PDO,No Control,,,1239991.25,1714545.65,1.23999E+13
2019-4540-8/07/2020,2 Metropolitan,WEST LAKES,5021,CITY OF CHARLES STURT,4,1,0,0,1,2019,May,Thursday,3:56 PM,60,Divided Road,Straight road,Level,Not Applicable,Sealed,Wet,Not Raining,Daylight,Rear End,1,Driver Rider,2: MI,No Control,,,1319836.82,1678915.45,1.31984E+13
2019-4541-8/07/2020,2 Metropolitan,EDINBURGH,5111,CITY OF SALISBURY,2,0,0,0,0,2019,May,Thursday,3:30 PM,60,T-Junction,Straight road,Level,Not Applicable,Sealed,Wet,Raining,Daylight,Hit Fixed Object,1,Driver Rider,1: PDO,No Control,,,1332251.1,1691490.84,1.33225E+13
2019-4542-8/07/2020,2 Metropolitan,STEPNEY,5069,"CC OF NORWOOD,PAYNEHAM & ST PETERS",2,0,0,0,0,2019,May,Thursday,3:15 PM,60,Not Divided,Straight road,Level,Not Applicable,Sealed,Wet,Raining,Daylight,Rear End,1,Driver Rider,1: PDO,No Control,,,1331131.58,1672424.84,1.33113E+13
2019-4543-8/07/2020,2 Metropolitan,WOODVILLE GARDENS,5012,CITY OF PORT ADELAIDE ENFIELD,2,0,0,0,0,2019,May,Thursday,4:15 PM,50,Not Divided,Straight road,Level,Driveway or Entrance,Sealed,Wet,Raining,Daylight,Right Turn,2,Driver Rider,1: PDO,No Control,,,1324121.48,1676743.01,1.32412E+13
2019-4544-8/07/2020,2 Metropolitan,PARA HILLS WEST,5096,CITY OF SALISBURY,3,0,0,0,0,2019,May,Thursday,4:26 PM,60,Cross Road,Straight road,Level,Not Applicable,Sealed,Wet,Raining,Daylight,Rear End,1,Driver Rider,1: PDO,Traffic Signals,,,1333434.52,1683702.92,1.33344E+13