REPORT_ID,Stats Area,Suburb,Postcode,LGA Name,Total Units,Total Cas,Total Fats,Total SI,Total MI,Year,Month,Day,Time,Area Speed,Position Type,Horizontal Align,Vertical Align,Other Feat,Road Surface,Moisture Cond,Weather Cond,DayNight,Crash Type,Unit Resp,Entity Code,CSEF Severity,Traffic Ctrls,DUI Involved,Drugs Involved,ACCLOC_X,ACCLOC_Y,UNIQUE_LOC
2019-4545-8/07/2020,2 Metropolitan,PROSPECT,5082,CITY OF PROSPECT,2,0,0,0,0,2019,May,Thursday,4:40 PM,60,Cross Road,Straight road,Level,Not Applicable,Sealed,Wet,Raining,Daylight,Right Angle,1,Driver Rider,1: PDO,Traffic Signals,,,1327235.97,1676403.16,1.32724E+13
2019-4546-8/07/2020,2 Metropolitan,PAYNEHAM,5070,"CC OF NORWOOD,PAYNEHAM & ST PETERS",2,1,0,0,1,2019,May,Thursday,3:45 PM,60,T-Junction,Straight road,Level,Not Applicable,Sealed,Wet,Raining,Daylight,Rear End,1,Driver Rider,2: MI,No Control,,,1332710.4,1674035.96,1.33271E+13
2019-4547-8/07/2020,2 Metropolitan,ROSEWATER,5013,CITY OF PORT ADELAIDE ENFIELD,2,0,0,0,0,2019,April,Monday,4:15 PM,60,T-Junction,Straight road,Level,Not Applicable,Sealed,Dry,Not Raining,Daylight,Side Swipe,2,Driver Rider,1: PDO,Traffic Signals,,,1322285.28,1679115.61,1.32229E+13
2019-4548-8/07/2020,2 Metropolitan,WARRADALE,5046,CC MARION.                    ,2,1,0,0,1,2019,April,Sunday,2:02 PM,60,Cross Road,Straight road,Level,Not Applicable,Sealed,Dry,Not Raining,Daylight,Rear End,2,Driver Rider,2: MI,Traffic Signals,,,1321892.17,1663023.87,1.32189E+13
2019-4549-8/07/2020,2 Metropolitan,HAZELWOOD PARK,5066,CITY OF BURNSIDE,2,0,0,0,0,2019,May,Thursday,6:49 PM,60,Divided Road,Straight road,Level,Not Applicable,Sealed,Wet,Raining,Night,Hit Fixed Object,1,Driver Rider,1: PDO,No Control,,,1333932.32,1669231.98,1.33393E+13
2019-4550-8/07/2020,2 Metropolitan,SHEIDOW PARK,5158,CC MARION.                    ,2,0,0,0,0,2019,May,Thursday,5:45 PM,80,T-Junction,Straight road,Slope,Not Applicable,Sealed,Wet,Raining,Night,Right Angle,1,Driver Rider,1: PDO,No Control,,,1320864.69,1654361.45,1.32087E+13
2019-4551-8/07/2020,2 Metropolitan,GREENWITH,5125,CITY OF TEA TREE GULLY,4,0,0,0,0,2019,May,Thursday,7:10 PM,60,Not Divided,Straight road,Slope,Not Applicable,Sealed,Wet,Raining,Night,Hit Fixed Object,1,Driver Rider,1: PDO,No Control,,,1337422.91,1687384.66,1.33742E+13
2019-4552-8/07/2020,2 Metropolitan,GAWLER SOUTH,5118,CT GAWLER.                    ,2,0,0,0,0,2019,May,Thursday,6:37 PM,50,Not Divided,Straight road,Slope,Not Applicable,Sealed,Wet,Not Raining,Night,Hit Parked Vehicle,1,Driver Rider,1: PDO,No Control,,,1343412.49,1705309.5,1.34341E+13
2019-4553-8/07/2020,2 Metropolitan,REGENCY PARK,5010,CITY OF PORT ADELAIDE ENFIELD,2,0,0,0,0,2019,May,Thursday,9:30 AM,60,T-Junction,Straight road,Level,Not Applicable,Sealed,Wet,Raining,Daylight,Side Swipe,2,Driver Rider,1: PDO,Traffic Signals,,,1326449.52,1676375.13,1.32645E+13
2019-4554-8/07/2020,2 Metropolitan,ATHELSTONE,5076,CC CAMPBELLTOWN.              ,3,0,0,0,0,2019,May,Thursday,7:30 PM,50,Not Divided,Straight road,Slope,Not Applicable,Sealed,Wet,Raining,Night,Hit Fixed Object,1,Driver Rider,1: PDO,No Control,,,1338084.49,1677232.2,1.33808E+13
2019-4555-8/07/2020,2 Metropolitan,GREEN FIELDS,5107,CITY OF SALISBURY,4,2,0,0,2,2019,May,Thursday,6:15 PM,80,T-Junction,Straight road,Level,Not Applicable,Sealed,Wet,Raining,Night,Rear End,1,Driver Rider,2: MI,Traffic Signals,,,1328669.7,1685257.38,1.32867E+13
2019-4556-8/07/2020,2 Metropolitan,SEAFORD RISE,5169,CITY OF ONKAPARINGA,2,1,0,0,1,2019,May,Thursday,9:00 PM,60,Cross Road,Straight road,Level,Not Applicable,Sealed,Dry,Not Raining,Night,Rear End,2,Driver Rider,2: MI,Roundabout,,,1316759.69,1641519.43,1.31676E+13
2019-4557-8/07/2020,2 Metropolitan,TEA TREE GULLY,5091,CITY OF TEA TREE GULLY,2,0,0,0,0,2019,May,Thursday,7:28 PM,60,Divided Road,Straight road,Level,Not Applicable,Sealed,Wet,Not Raining,Night,Side Swipe,2,Driver Rider,1: PDO,No Control,,,1339776.34,1681913.71,1.33978E+13
2019-4558-8/07/2020,3 Country,RENDELSHAM,5280,WATTLE RANGE COUNCIL,1,1,0,0,1,2019,May,Thursday,9:23 PM,110,Not Divided,Straight road,Level,Not Applicable,Sealed,Wet,Not Raining,Night,Roll Over,1,Driver Rider,2: MI,No Control,Y,,1461573.74,1373658.47,1.46157E+13
2019-4559-8/07/2020,2 Metropolitan,CLELAND,5152,THE ADELAIDE HILLS COUNCIL,3,1,0,0,1,2019,May,Thursday,10:30 PM,80,Not Divided,"CURVED, VIEW OBSCURED",Slope,Not Applicable,Sealed,Wet,Raining,Night,Hit Fixed Object,1,Driver Rider,2: MI,No Control,Y,,1336392.28,1667574.36,1.33639E+13
2019-4560-8/07/2020,2 Metropolitan,PARAFIELD GARDENS,5107,CITY OF SALISBURY,3,0,0,0,0,2019,May,Friday,5:55 AM,60,Divided Road,Straight road,Level,Not Applicable,Sealed,Wet,Raining,Night,Rear End,1,Driver Rider,1: PDO,No Control,,,1331334.01,1686668.5,1.33133E+13
2019-4561-8/07/2020,3 Country,BAROOTA,5495,DC MT.REMARKABLE.             ,1,1,0,0,1,2019,May,Friday,12:05 AM,110,Not Divided,Straight road,Level,Not Applicable,Sealed,Wet,Raining,Night,Roll Over,1,Driver Rider,2: MI,No Control,,,1278168.9,1889802.67,1.27817E+13
2019-4562-8/07/2020,2 Metropolitan,INGLE FARM,5098,CITY OF SALISBURY,2,0,0,0,0,2019,May,Friday,6:10 AM,60,Divided Road,Straight road,Slope,Not Applicable,Sealed,Wet,Not Raining,Night,Hit Fixed Object,1,Driver Rider,1: PDO,No Control,,,1333061.84,1681229.46,1.33306E+13
2019-4563-8/07/2020,2 Metropolitan,GREEN FIELDS,5107,CITY OF SALISBURY,2,0,0,0,0,2019,May,Friday,6:25 AM,50,Not Divided,Straight road,Level,Not Applicable,Sealed,Dry,Not Raining,Night,Hit Parked Vehicle,1,Driver Rider,1: PDO,No Control,,,1329142.65,1685243.94,1.32914E+13
2019-4564-8/07/2020,3 Country,MANNUM,5238,MID MURRAY DISTRICT COUNCIL,2,1,0,0,1,2019,May,Friday,6:45 AM,50,Cross Road,Straight road,Level,Not Applicable,Sealed,Wet,Raining,Night,Right Turn,2,Driver Rider,2: MI,Give Way Sign,,,1392654.23,1669524.59,1.39265E+13
2019-4565-8/07/2020,2 Metropolitan,MITCHELL PARK,5043,CC MARION.                    ,4,0,0,0,0,2019,May,Friday,7:30 AM,60,Divided Road,Straight road,Level,Not Applicable,Sealed,Wet,Raining,Daylight,Rear End,1,Driver Rider,1: PDO,No Control,,,1324368.03,1661938.51,1.32437E+13
2019-4566-8/07/2020,1 City,NORTH ADELAIDE,5006,CITY OF ADELAIDE,2,0,0,0,0,2019,May,Friday,7:25 AM,60,Cross Road,Straight road,Level,Not Applicable,Sealed,Wet,Raining,Daylight,Rear End,1,Driver Rider,1: PDO,Traffic Signals,,,1329586.59,1672940.18,1.32959E+13
2019-4567-8/07/2020,2 Metropolitan,PLYMPTON,5038,CITY OF WEST TORRENS,2,0,0,0,0,2019,May,Friday,8:10 AM,60,Divided Road,Straight road,Level,Driveway or Entrance,Sealed,Dry,Not Raining,Daylight,Rear End,2,Driver Rider,1: PDO,No Control,,,1324575.86,1666835.05,1.32458E+13
2019-4568-8/07/2020,2 Metropolitan,MANNINGHAM,5086,CITY OF PORT ADELAIDE ENFIELD,3,0,0,0,0,2019,May,Friday,8:20 AM,60,T-Junction,Straight road,Level,Not Applicable,Sealed,Dry,Not Raining,Daylight,Right Angle,1,Driver Rider,1: PDO,No Control,,,1330469.13,1675517.37,1.33047E+13
2019-4569-8/07/2020,2 Metropolitan,HINDMARSH,5007,CITY OF CHARLES STURT,3,1,0,0,1,2019,May,Friday,8:38 AM,60,Cross Road,Straight road,Level,Not Applicable,Sealed,Wet,Not Raining,Daylight,Rear End,1,Driver Rider,2: MI,Traffic Signals,,,1326440.45,1672631.13,1.32644E+13
2019-4570-8/07/2020,2 Metropolitan,STURT,5047,CC MARION.                    ,2,1,0,0,1,2019,May,Friday,7:15 AM,70,T-Junction,Straight road,Level,Not Applicable,Sealed,Dry,Not Raining,Daylight,Side Swipe,2,Driver Rider,2: MI,Traffic Signals,,,1324267.03,1659445.45,1.32427E+13
2019-4571-8/07/2020,2 Metropolitan,MODBURY HEIGHTS,5092,CITY OF TEA TREE GULLY,2,0,0,0,0,2019,May,Thursday,5:50 PM,70,T-Junction,Straight road,Level,Not Applicable,Sealed,Wet,Raining,Night,Side Swipe,2,Driver Rider,1: PDO,Traffic Signals,,,1337519.8,1682500.28,1.33752E+13
2019-4572-8/07/2020,2 Metropolitan,EVERARD PARK,5035,CITY OF UNLEY,2,0,0,0,0,2019,May,Friday,8:30 AM,60,Divided Road,Straight road,Level,Not Applicable,Sealed,Dry,Not Raining,Daylight,Rear End,2,Driver Rider,1: PDO,No Control,,,1325879.14,1667771.33,1.32588E+13
2019-4573-8/07/2020,2 Metropolitan,WEST BEACH,5024,CITY OF WEST TORRENS,2,1,0,0,1,2019,May,Friday,6:40 AM,80,Divided Road,Straight road,Level,Not Applicable,Sealed,Wet,Raining,Night,Rear End,2,Driver Rider,2: MI,No Control,,,1320927.05,1668901.62,1.32093E+13
2019-4574-8/07/2020,2 Metropolitan,MUNNO PARA,5115,CITY OF PLAYFORD.,3,0,0,0,0,2019,May,Thursday,4:45 PM,60,Cross Road,Straight road,Level,Not Applicable,Sealed,Dry,Not Raining,Daylight,Rear End,2,Driver Rider,1: PDO,Traffic Signals,,,1336692.66,1698550.18,1.33669E+13
2019-4575-8/07/2020,2 Metropolitan,LOWER MITCHAM,5062,CC MITCHAM.                   ,2,0,0,0,0,2019,May,Wednesday,5:15 PM,60,T-Junction,Straight road,Level,Not Applicable,Sealed,Dry,Not Raining,Daylight,Rear End,2,Driver Rider,1: PDO,Traffic Signals,,,1329170.96,1665061.71,1.32917E+13
2019-4576-8/07/2020,2 Metropolitan,VALE PARK,5081,WALKERVILLE TOWN COUNCIL,4,0,0,0,0,2019,May,Friday,6:50 AM,60,Divided Road,Straight road,Slope,Not Applicable,Sealed,Dry,Not Raining,Night,Rear End,1,Driver Rider,1: PDO,No Control,,,1330697.57,1675315.49,1.3307E+13
2019-4577-8/07/2020,2 Metropolitan,INGLE FARM,5098,CITY OF SALISBURY,2,0,0,0,0,2019,May,Thursday,4:50 PM,70,Cross Road,Straight road,Bottom of Hill,Not Applicable,Sealed,Wet,Raining,Daylight,Rear End,2,Driver Rider,1: PDO,Traffic Signals,,,1332129.24,1681792.46,1.33213E+13
2019-4578-8/07/2020,2 Metropolitan,DRY CREEK,5094,CITY OF PORT ADELAIDE ENFIELD,2,0,0,0,0,2019,May,Thursday,2:40 PM,50,Not Divided,Straight road,Level,Driveway or Entrance,Sealed,Wet,Not Raining,Daylight,Right Angle,1,Driver Rider,1: PDO,No Control,,,1327919.1,1680643.52,1.32792E+13
2019-4579-8/07/2020,2 Metropolitan,KURRALTA PARK,5037,CITY OF WEST TORRENS,2,0,0,0,0,2019,May,Saturday,12:30 PM,60,Divided Road,Straight road,Level,Not Applicable,Sealed,Wet,Raining,Daylight,Rear End,2,Driver Rider,1: PDO,No Control,,,1325737.29,1667686.14,1.32574E+13
2019-4580-8/07/2020,1 City,NORTH ADELAIDE,5006,CITY OF ADELAIDE,2,1,0,0,1,2019,May,Friday,11:15 AM,50,T-Junction,Straight road,Level,Not Applicable,Sealed,Dry,Not Raining,Daylight,Right Turn,2,Driver Rider,2: MI,No Control,,,1329620.24,1672525.9,1.32962E+13
2019-4581-8/07/2020,2 Metropolitan,MACCLESFIELD,5153,DC MT.BARKER.                 ,3,1,0,0,1,2019,May,Tuesday,7:30 PM,100,Not Divided,Straight road,Level,Not Applicable,Sealed,Wet,Raining,Night,Hit Fixed Object,1,Driver Rider,2: MI,No Control,,,1350053.34,1643111.48,1.35005E+13
2019-4582-8/07/2020,2 Metropolitan,OVINGHAM,5082,CITY OF CHARLES STURT,2,0,0,0,0,2019,May,Friday,11:30 AM,60,Cross Road,Straight road,Bottom of Hill,Not Applicable,Sealed,Dry,Not Raining,Daylight,Rear End,2,Driver Rider,1: PDO,Traffic Signals,,,1327131.58,1673269.49,1.32713E+13
2019-4583-8/07/2020,3 Country,STIRLING NORTH,5710,CC PT.AUGUSTA.                ,2,0,0,0,0,2019,May,Friday,11:45 AM,50,Not Divided,Straight road,Level,Not Applicable,Sealed,Dry,Not Raining,Daylight,Side Swipe,1,Driver Rider,1: PDO,No Control,,,1266250.74,1938818.53,1.26625E+13
2019-4584-8/07/2020,3 Country,MOUNT GAMBIER,5290,CC MT.GAMBIER.                ,2,0,0,0,0,2019,May,Friday,12:05 PM,50,Not Divided,Straight road,Level,Not Applicable,Sealed,Dry,Not Raining,Daylight,Rear End,2,Driver Rider,1: PDO,No Control,,,1510122.8,1340188.81,1.51012E+13
2019-4585-8/07/2020,2 Metropolitan,MARION,5043,CC MARION.                    ,2,0,0,0,0,2019,May,Friday,11:50 AM,10,Not Divided,Straight road,Level,Driveway or Entrance,Sealed,Dry,Not Raining,Daylight,Hit Pedestrian,1,Driver Rider,1: PDO,No Control,,,1324101.79,1661377.16,1.3241E+13
2019-4586-8/07/2020,2 Metropolitan,SMITHFIELD,5114,CITY OF PLAYFORD.,2,1,0,0,1,2019,May,Thursday,4:30 PM,80,Divided Road,Straight road,Level,Not Applicable,Sealed,Wet,Raining,Daylight,Rear End,2,Driver Rider,2: MI,No Control,,,1337324.8,1696146.45,1.33733E+13
2019-4587-8/07/2020,1 City,NORTH ADELAIDE,5006,CITY OF ADELAIDE,2,1,0,0,1,2019,May,Thursday,5:00 PM,50,T-Junction,Straight road,Level,Not Applicable,Sealed,Wet,Raining,Daylight,Side Swipe,2,Driver Rider,2: MI,Give Way Sign,,,1327759.16,1672619.62,1.32776E+13
2019-4588-8/07/2020,2 Metropolitan,BROMPTON,5007,CITY OF CHARLES STURT,2,1,0,0,1,2019,May,Friday,1:29 PM,60,T-Junction,Straight road,Level,Not Applicable,Sealed,Dry,Not Raining,Daylight,Side Swipe,2,Driver Rider,2: MI,No Control,,,1326801.24,1674198.81,1.3268E+13
2019-4589-8/07/2020,2 Metropolitan,MAWSON LAKES,5095,CITY OF SALISBURY,2,0,0,0,0,2019,May,Friday,12:30 PM,80,Divided Road,Straight road,Level,Not Applicable,Sealed,Dry,Not Raining,Daylight,Side Swipe,2,Driver Rider,1: PDO,No Control,,,1328705.84,1683158.33,1.32871E+13
2019-4590-8/07/2020,2 Metropolitan,VERDUN,5245,THE ADELAIDE HILLS COUNCIL,2,0,0,0,0,2019,May,Friday,8:00 AM,60,Cross Road,Straight road,Level,Not Applicable,Sealed,Wet,Not Raining,Daylight,Rear End,2,Driver Rider,1: PDO,Give Way Sign,,,1345213.89,1660872.64,1.34521E+13
2019-4591-8/07/2020,2 Metropolitan,ECHUNGA,5153,DC MT.BARKER.                 ,2,0,0,0,0,2019,June,Saturday,2:30 PM,100,Not Divided,Straight road,Bottom of Hill,Not Applicable,Sealed,Wet,Raining,Daylight,Hit Fixed Object,1,Driver Rider,1: PDO,No Control,,,1345381.48,1649365.61,1.34538E+13
2019-4592-8/07/2020,2 Metropolitan,ST IVES,5252,DC MT.BARKER.                 ,2,0,0,0,0,2019,May,Friday,8:35 AM,110,Freeway,Straight road,Slope,Not Applicable,Sealed,Wet,Raining,Daylight,Hit Fixed Object,1,Driver Rider,1: PDO,No Control,,,1361832.89,1649418.82,1.36183E+13
2019-4593-8/07/2020,2 Metropolitan,MAWSON LAKES,5095,CITY OF SALISBURY,2,0,0,0,0,2019,May,Friday,2:27 PM,50,T-Junction,Straight road,Level,Not Applicable,Sealed,Dry,Not Raining,Daylight,Right Angle,1,Driver Rider,1: PDO,No Control,,,1330489.89,1683822.36,1.33049E+13
2019-4594-8/07/2020,2 Metropolitan,WESTBOURNE PARK,5041,CC MITCHAM.                   ,2,1,0,0,1,2019,May,Friday,8:45 AM,60,Divided Road,Straight road,Level,Not Applicable,Sealed,Dry,Not Raining,Daylight,Rear End,2,Driver Rider,2: MI,No Control,,,1327508.64,1666174.89,1.32751E+13
2019-4595-8/07/2020,2 Metropolitan,FULHAM,5024,CITY OF WEST TORRENS,2,0,0,0,0,2019,May,Thursday,8:35 AM,60,Cross Road,Straight road,Level,Not Applicable,Sealed,Wet,Raining,Daylight,Rear End,2,Driver Rider,1: PDO,Traffic Signals,,,1320990.23,1670855.57,1.32099E+13
2019-4596-8/07/2020,2 Metropolitan,PORT ADELAIDE,5015,CITY OF PORT ADELAIDE ENFIELD,2,0,0,0,0,2019,May,Friday,3:00 PM,50,Not Divided,Straight road,Level,Not Applicable,Sealed,Dry,Not Raining,Daylight,Side Swipe,2,Driver Rider,1: PDO,No Control,,,1320483.23,1680031.32,1.32048E+13
2019-4597-8/07/2020,2 Metropolitan,DIREK,5110,CITY OF SALISBURY,2,0,0,0,0,2019,May,Thursday,11:30 PM,80,Not Divided,Straight road,Level,Not Applicable,Sealed,Wet,Raining,Night,Hit Fixed Object,1,Driver Rider,1: PDO,No Control,,,1329204.92,1693400.78,1.32921E+13
2019-4598-8/07/2020,2 Metropolitan,LINDEN PARK,5065,CITY OF BURNSIDE,2,0,0,0,0,2019,May,Friday,3:25 PM,60,T-Junction,Straight road,Level,Not Applicable,Sealed,Dry,Not Raining,Daylight,Rear End,2,Driver Rider,1: PDO,No Control,,,1332337.37,1668146.29,1.33234E+13
2019-4599-8/07/2020,2 Metropolitan,GLENELG EAST,5045,CITY OF HOLDFAST BAY,2,0,0,0,0,2019,May,Friday,4:05 PM,60,Cross Road,Straight road,Level,Not Applicable,Sealed,Dry,Not Raining,Daylight,Side Swipe,1,Driver Rider,1: PDO,Traffic Signals,,,1322637.42,1665387.9,1.32264E+13
2019-4600-8/07/2020,2 Metropolitan,CAMPBELLTOWN,5074,CC CAMPBELLTOWN.              ,2,0,0,0,0,2019,May,Wednesday,9:00 AM,50,Not Divided,Straight road,Level,Not Applicable,Sealed,Dry,Not Raining,Daylight,Right Turn,2,Driver Rider,1: PDO,No Control,,,1334012.49,1674569.53,1.33401E+13
2019-4601-8/07/2020,3 Country,HOSKIN CORNER,5461,WAKEFIELD REGIONAL COUNCIL,2,0,0,0,0,2019,May,Thursday,8:30 AM,100,Not Divided,Straight road,Level,Not Applicable,Unsealed,Wet,Raining,Daylight,Hit Fixed Object,1,Driver Rider,1: PDO,No Control,,,1317982.02,1751263.06,1.31798E+13
2019-4602-8/07/2020,2 Metropolitan,FORESTVILLE,5035,CITY OF UNLEY,2,0,0,0,0,2019,May,Friday,9:15 AM,40,T-Junction,"CURVED, VIEW OBSCURED",Level,Not Applicable,Sealed,Dry,Not Raining,Daylight,Right Angle,2,Driver Rider,1: PDO,Stop Sign,,,1326648.47,1667573.42,1.32665E+13
2019-4603-8/07/2020,2 Metropolitan,SOMERTON PARK,5044,CITY OF HOLDFAST BAY,2,0,0,0,0,2019,May,Friday,5:00 PM,50,Not Divided,Straight road,Level,Not Applicable,Sealed,Dry,Not Raining,Daylight,Hit Parked Vehicle,2,Driver Rider,1: PDO,No Control,,,1320300.76,1663600.23,1.3203E+13
2019-4604-8/07/2020,3 Country,RAMCO,5322,LOXTON WAIKERIE DISTRICT COUNCIL,2,0,0,0,0,2019,May,Friday,4:20 PM,80,Not Divided,Straight road,Level,Not Applicable,Sealed,Dry,Not Raining,Daylight,Hit Fixed Object,1,Driver Rider,1: PDO,No Control,,,1453929.89,1749446.94,1.45393E+13
2019-4605-8/07/2020,2 Metropolitan,MAWSON LAKES,5095,CITY OF SALISBURY,2,0,0,0,0,2019,May,Friday,5:34 PM,80,Divided Road,Straight road,Level,Not Applicable,Sealed,Dry,Not Raining,Night,Rear End,2,Driver Rider,1: PDO,No Control,,,1328673.49,1683191.68,1.32867E+13
2019-4606-8/07/2020,2 Metropolitan,TORRENSVILLE,5031,CITY OF WEST TORRENS,2,1,0,0,1,2019,May,Friday,5:55 PM,60,Divided Road,Straight road,Level,Not Applicable,Sealed,Dry,Not Raining,Night,Rear End,1,Driver Rider,2: MI,No Control,,,1324517.87,1670950.55,1.32452E+13
2019-4607-8/07/2020,2 Metropolitan,NORWOOD,5067,"CC OF NORWOOD,PAYNEHAM & ST PETERS",2,0,0,0,0,2019,May,Friday,5:55 PM,60,T-Junction,Straight road,Level,Not Applicable,Sealed,Dry,Not Raining,Night,Rear End,2,Driver Rider,1: PDO,No Control,,,1331834.28,1671751.17,1.33183E+13
2019-4608-8/07/2020,2 Metropolitan,STURT,5047,CC MARION.                    ,3,0,0,0,0,2019,May,Friday,6:30 PM,100,Interchange,Straight road,Level,Not Applicable,Sealed,Dry,Not Raining,Night,Side Swipe,1,Driver Rider,1: PDO,No Control,,,1324226.13,1659622.77,1.32423E+13
2019-4609-8/07/2020,2 Metropolitan,DAW PARK,5041,CC MITCHAM.                   ,2,0,0,0,0,2019,May,Friday,4:40 PM,50,Cross Road,Straight road,Level,Not Applicable,Sealed,Dry,Not Raining,Daylight,Rear End,2,Driver Rider,1: PDO,Traffic Signals,,,1326717.86,1664971.41,1.32672E+13
2019-4610-8/07/2020,3 Country,TANUNDA,5352,THE BAROSSA COUNCIL.,2,2,0,1,1,2019,May,Friday,6:50 PM,80,Not Divided,Straight road,Level,Not Applicable,Sealed,Dry,Not Raining,Night,Head On,1,Driver Rider,3: SI,No Control,,,1365329.45,1714671.46,1.36533E+13
2019-4611-8/07/2020,3 Country,VICTOR HARBOR,5211,DC VICTOR HARBOR.             ,2,0,0,0,0,2019,May,Friday,6:10 PM,60,Cross Road,Straight road,Level,Not Applicable,Sealed,Dry,Not Raining,Night,Right Angle,2,Driver Rider,1: PDO,Give Way Sign,,,1328426.85,1601494.32,1.32843E+13
2019-4612-8/07/2020,2 Metropolitan,ALDINGA,5173,CITY OF ONKAPARINGA,2,0,0,0,0,2019,May,Friday,3:45 PM,90,T-Junction,Straight road,Bottom of Hill,Not Applicable,Sealed,Dry,Not Raining,Daylight,Rear End,2,Driver Rider,1: PDO,No Control,,,1317720.24,1634676.66,1.31772E+13
2019-4613-8/07/2020,3 Country,STRATHALBYN,5255,ALEXANDRINA COUNCIL,2,1,0,0,1,2019,May,Friday,6:20 PM,80,Not Divided,"CURVED, VIEW OPEN",Slope,Not Applicable,Sealed,Dry,Not Raining,Night,Hit Fixed Object,1,Driver Rider,2: MI,No Control,,,1353506.11,1635465.53,1.35351E+13
2019-4614-8/07/2020,2 Metropolitan,OTTOWAY,5013,CITY OF PORT ADELAIDE ENFIELD,2,0,0,0,0,2019,May,Friday,10:45 PM,50,Cross Road,Straight road,Level,Not Applicable,Sealed,Dry,Not Raining,Night,Hit Fixed Object,1,Driver Rider,1: PDO,Roundabout,,,1322530.82,1679556,1.32253E+13
2019-4615-8/07/2020,2 Metropolitan,ELIZABETH PARK,5113,CITY OF PLAYFORD.,1,0,0,0,0,2019,May,Friday,11:00 PM,50,Not Divided,"CURVED, VIEW OBSCURED",Level,Not Applicable,Sealed,Wet,Raining,Night,Left Road - Out of Control,1,Driver Rider,1: PDO,No Control,,,1336810.25,1694899.9,1.33681E+13
2019-4616-8/07/2020,1 City,ADELAIDE,5000,CITY OF ADELAIDE,2,0,0,0,0,2019,May,Friday,11:40 PM,50,T-Junction,Straight road,Level,Not Applicable,Sealed,Wet,Not Raining,Night,Side Swipe,2,Driver Rider,1: PDO,Traffic Signals,,,1329012.45,1671149.03,1.32901E+13
2019-4617-8/07/2020,1 City,ADELAIDE,5000,CITY OF ADELAIDE,2,0,0,0,0,2019,May,Saturday,12:59 AM,50,Not Divided,Straight road,Level,Not Applicable,Sealed,Wet,Not Raining,Night,Hit Parked Vehicle,1,Driver Rider,1: PDO,No Control,,,1328797.25,1669581.44,1.3288E+13
2019-4618-8/07/2020,3 Country,SPRING FARM,5453,CLARE AND GILBERT VALLEYS DISTRICT COUNCIL,2,2,0,0,2,2019,May,Saturday,12:30 AM,100,Not Divided,"CURVED, VIEW OPEN",Slope,Not Applicable,Sealed,Dry,Not Raining,Night,Hit Fixed Object,1,Driver Rider,2: MI,No Control,Y,,1336764.14,1791213.87,1.33676E+13
2019-4619-8/07/2020,3 Country,NURIOOTPA,5355,THE BAROSSA COUNCIL.,2,1,0,1,0,2019,May,Saturday,5:50 AM,50,Not Divided,Straight road,Level,Not Applicable,Sealed,Wet,Raining,Night,Hit Pedestrian,2,Pedestrian,3: SI,No Control,,,1365924.45,1720319.43,1.36592E+13
2019-4620-8/07/2020,2 Metropolitan,WINGFIELD,5013,CITY OF PORT ADELAIDE ENFIELD,3,1,0,0,1,2019,May,Friday,4:10 PM,60,Cross Road,Straight road,Level,Not Applicable,Sealed,Dry,Not Raining,Daylight,Rear End,2,Driver Rider,2: MI,Traffic Signals,,,1326388.52,1679169.53,1.32639E+13
2019-4621-8/07/2020,2 Metropolitan,ALDINGA BEACH,5173,CITY OF ONKAPARINGA,2,0,0,0,0,2019,May,Saturday,6:00 AM,50,Not Divided,Straight road,Level,Not Applicable,Sealed,Dry,Not Raining,Night,Hit Fixed Object,1,Driver Rider,1: PDO,No Control,,,1313167.82,1630207.36,1.31317E+13
2019-4622-8/07/2020,2 Metropolitan,PARA HILLS,5096,CITY OF SALISBURY,2,1,0,0,1,2019,May,Saturday,9:40 AM,60,T-Junction,Straight road,Slope,Not Applicable,Sealed,Wet,Raining,Daylight,Right Turn,2,Driver Rider,2: MI,Stop Sign,,,1334428.9,1683032.96,1.33443E+13
2019-4623-8/07/2020,3 Country,TANTANOOLA,5280,WATTLE RANGE COUNCIL,1,1,0,1,0,2019,May,Saturday,9:12 AM,110,Not Divided,Straight road,Level,Not Applicable,Sealed,Wet,Raining,Daylight,Roll Over,1,Driver Rider,3: SI,No Control,,,1482244.51,1359518.12,1.48225E+13
2019-4624-8/07/2020,2 Metropolitan,WALKERVILLE,5081,WALKERVILLE TOWN COUNCIL,2,0,0,0,0,2019,May,Friday,9:00 AM,60,Cross Road,Straight road,Level,Not Applicable,Sealed,Wet,Not Raining,Daylight,Rear End,2,Driver Rider,1: PDO,Traffic Signals,,,1329934.16,1673775.13,1.32993E+13
2019-4625-8/07/2020,2 Metropolitan,HAMPSTEAD GARDENS,5086,CITY OF PORT ADELAIDE ENFIELD,3,0,0,0,0,2019,May,Saturday,11:54 AM,60,T-Junction,Straight road,Level,Not Applicable,Sealed,Wet,Raining,Daylight,Right Angle,1,Driver Rider,1: PDO,Stop Sign,,,1331523.2,1676587.57,1.33152E+13
2019-4626-8/07/2020,2 Metropolitan,BROADVIEW,5083,CITY OF PROSPECT,2,0,0,0,0,2019,May,Saturday,6:20 AM,60,Multiple,Straight road,Level,Not Applicable,Sealed,Wet,Raining,Night,Right Turn,2,Driver Rider,1: PDO,Stop Sign,,,1330457.88,1676005.78,1.33046E+13
2019-4627-8/07/2020,3 Country,MURRAY BRIDGE,5253,RC MURRAY BRIDGE.             ,2,0,0,0,0,2019,May,Saturday,12:20 PM,50,Cross Road,Straight road,Slope,Not Applicable,Sealed,Dry,Not Raining,Daylight,Right Angle,2,Driver Rider,1: PDO,Give Way Sign,,,1389306.87,1646035.96,1.38931E+13