REPORT_ID,Stats Area,Suburb,Postcode,LGA Name,Total Units,Total Cas,Total Fats,Total SI,Total MI,Year,Month,Day,Time,Area Speed,Position Type,Horizontal Align,Vertical Align,Other Feat,Road Surface,Moisture Cond,Weather Cond,DayNight,Crash Type,Unit Resp,Entity Code,CSEF Severity,Traffic Ctrls,DUI Involved,Drugs Involved,ACCLOC_X,ACCLOC_Y,UNIQUE_LOC
2019-4873-8/07/2020,2 Metropolitan,PORT ADELAIDE,5015,CITY OF PORT ADELAIDE ENFIELD,2,1,0,0,1,2019,May,Friday,2:30 PM,60,T-Junction,Straight road,Level,Not Applicable,Sealed,Dry,Not Raining,Daylight,Rear End,2,Driver Rider,2: MI,No Control,,,1320486.5,1678923.84,1.32049E+13
2019-4874-8/07/2020,2 Metropolitan,TOORAK GARDENS,5065,CITY OF BURNSIDE,2,1,0,0,1,2019,May,Friday,12:25 PM,60,T-Junction,Straight road,Level,Not Applicable,Sealed,Dry,Not Raining,Daylight,Side Swipe,2,Driver Rider,2: MI,No Control,,,1332273.39,1670292.03,1.33227E+13
2019-4875-8/07/2020,2 Metropolitan,ELIZABETH SOUTH,5112,CITY OF PLAYFORD.,2,1,0,0,1,2019,May,Friday,2:34 PM,60,T-Junction,Straight road,Level,Not Applicable,Sealed,Dry,Not Raining,Daylight,Right Angle,2,Driver Rider,2: MI,No Control,,Y,1335215.14,1692411.87,1.33522E+13
2019-4876-8/07/2020,2 Metropolitan,MORPHETT VALE,5162,CITY OF ONKAPARINGA,2,0,0,0,0,2019,May,Friday,4:45 PM,70,Cross Road,Straight road,Slope,Not Applicable,Sealed,Dry,Not Raining,Daylight,Rear End,1,Driver Rider,1: PDO,Traffic Signals,,,1319739.6,1650989.54,1.31974E+13
2019-4877-8/07/2020,2 Metropolitan,DULWICH,5065,CITY OF BURNSIDE,2,0,0,0,0,2019,May,Wednesday,8:45 AM,60,T-Junction,Straight road,Level,Not Applicable,Sealed,Dry,Not Raining,Daylight,Right Angle,2,Driver Rider,1: PDO,No Control,,,1330656.29,1669532.66,1.33066E+13
2019-4878-8/07/2020,3 Country,MOUNT GAMBIER,5290,CC MT.GAMBIER.                ,2,0,0,0,0,2019,May,Friday,4:37 PM,50,T-Junction,Straight road,Level,Not Applicable,Sealed,Dry,Not Raining,Daylight,Right Turn,1,Driver Rider,1: PDO,No Control,,,1508718.22,1341831.76,1.50872E+13
2019-4879-8/07/2020,2 Metropolitan,POORAKA,5095,CITY OF SALISBURY,2,0,0,0,0,2019,May,Friday,5:45 PM,50,Not Divided,Straight road,Level,Driveway or Entrance,Sealed,Dry,Not Raining,Night,Hit Pedestrian,2,Pedestrian,1: PDO,No Control,,,1330749.71,1681985.08,1.33075E+13
2019-4880-8/07/2020,2 Metropolitan,PORT ADELAIDE,5015,CITY OF PORT ADELAIDE ENFIELD,1,1,0,0,1,2019,May,Friday,5:30 PM,50,Not Divided,Straight road,Level,Not Applicable,Sealed,Dry,Not Raining,Night,Roll Over,1,Driver Rider,2: MI,No Control,,,1320937.31,1681176.88,1.32094E+13
2019-4881-8/07/2020,2 Metropolitan,WINGFIELD,5013,CITY OF PORT ADELAIDE ENFIELD,4,1,0,0,1,2019,May,Friday,2:40 PM,60,Divided Road,Straight road,Level,Not Applicable,Sealed,Dry,Not Raining,Daylight,Rear End,1,Driver Rider,2: MI,No Control,,,1323981.66,1679154.33,1.32398E+13
2019-4882-8/07/2020,2 Metropolitan,POORAKA,5095,CITY OF SALISBURY,2,0,0,0,0,2019,May,Friday,5:20 PM,80,T-Junction,Straight road,Level,Not Applicable,Sealed,Dry,Not Raining,Night,Right Angle,2,Driver Rider,1: PDO,Stop Sign,,,1331536.65,1683142.51,1.33154E+13
2019-4883-8/07/2020,1 City,ADELAIDE,5000,CITY OF ADELAIDE,2,0,0,0,0,2019,May,Friday,6:31 PM,50,T-Junction,Straight road,Slope,Not Applicable,Sealed,Dry,Not Raining,Night,Rear End,1,Driver Rider,1: PDO,No Control,,,1328346.8,1671131.3,1.32835E+13
2019-4884-8/07/2020,2 Metropolitan,GEPPS CROSS,5094,CITY OF PORT ADELAIDE ENFIELD,2,1,0,0,1,2019,May,Friday,5:58 PM,60,Divided Road,Straight road,Slope,Not Applicable,Sealed,Dry,Not Raining,Night,Side Swipe,2,Driver Rider,2: MI,No Control,,,1329055.14,1679671.72,1.32906E+13
2019-4885-8/07/2020,2 Metropolitan,ASHFORD,5035,CITY OF WEST TORRENS,2,1,0,0,1,2019,May,Friday,6:18 PM,60,T-Junction,Straight road,Level,Not Applicable,Sealed,Dry,Not Raining,Night,Right Angle,1,Driver Rider,2: MI,No Control,,,1326385.5,1668265.44,1.32639E+13
2019-4886-8/07/2020,2 Metropolitan,MAYLANDS,5069,"CC OF NORWOOD,PAYNEHAM & ST PETERS",4,2,0,0,2,2019,May,Friday,9:05 PM,60,Cross Road,Straight road,Level,Not Applicable,Sealed,Dry,Not Raining,Night,Right Angle,1,Driver Rider,2: MI,Traffic Signals,,,1332227.63,1671761.35,1.33223E+13
2019-4887-8/07/2020,2 Metropolitan,MORPHETT VALE,5162,CITY OF ONKAPARINGA,2,0,0,0,0,2019,May,Friday,8:15 PM,60,Divided Road,Straight road,Slope,Median Opening (not at I/S),Sealed,Dry,Not Raining,Night,Hit Fixed Object,1,Driver Rider,1: PDO,No Control,Y,,1321953.16,1649133.18,1.32195E+13
2019-4888-8/07/2020,2 Metropolitan,QUEENSTOWN,5014,CITY OF PORT ADELAIDE ENFIELD,2,0,0,0,0,2019,May,Friday,5:16 PM,50,Not Divided,Straight road,Level,Not Applicable,Sealed,Dry,Not Raining,Daylight,Hit Parked Vehicle,1,Driver Rider,1: PDO,No Control,,,1320568.16,1677998.71,1.32057E+13
2019-4889-8/07/2020,2 Metropolitan,MAYLANDS,5069,"CC OF NORWOOD,PAYNEHAM & ST PETERS",2,1,0,0,1,2019,May,Friday,9:10 PM,60,Cross Road,Straight road,Slope,Not Applicable,Sealed,Dry,Not Raining,Night,Hit Pedestrian,1,Driver Rider,2: MI,Traffic Signals,Y,,1332227.63,1671761.35,1.33223E+13
2019-4890-8/07/2020,3 Country,HINDMARSH VALLEY,5211,DC VICTOR HARBOR.             ,2,1,0,1,0,2019,May,Saturday,12:45 AM,100,Not Divided,"CURVED, VIEW OBSCURED",Slope,Not Applicable,Sealed,Dry,Not Raining,Night,Hit Fixed Object,1,Driver Rider,3: SI,No Control,,,1330258.16,1610407.53,1.33026E+13
2019-4891-8/07/2020,3 Country,CRYSTAL BROOK,5523,PT.PIRIE CITY & DIST. COUNCIL ,3,1,0,0,1,2019,May,Saturday,7:35 AM,100,Not Divided,"CURVED, VIEW OPEN",Slope,Not Applicable,Sealed,Dry,Not Raining,Daylight,Roll Over,1,Driver Rider,2: MI,No Control,,,1300009.49,1845890.4,1.30001E+13
2019-4892-8/07/2020,2 Metropolitan,UNLEY,5061,CITY OF UNLEY,2,0,0,0,0,2019,May,Saturday,12:05 AM,40,Not Divided,Straight road,Level,Not Applicable,Sealed,Dry,Not Raining,Night,Hit Parked Vehicle,1,Driver Rider,1: PDO,No Control,,,1328814.03,1667934.71,1.32881E+13
2019-4893-8/07/2020,2 Metropolitan,ST PETERS,5069,"CC OF NORWOOD,PAYNEHAM & ST PETERS",2,0,0,0,0,2019,May,Saturday,9:34 AM,60,Divided Road,Straight road,Slope,Not Applicable,Sealed,Dry,Not Raining,Daylight,Rear End,2,Driver Rider,1: PDO,No Control,,,1330843.9,1672040.57,1.33084E+13
2019-4894-8/07/2020,2 Metropolitan,BRIGHTON,5048,CITY OF HOLDFAST BAY,2,0,0,0,0,2019,May,Saturday,9:25 AM,60,T-Junction,Straight road,Level,Not Applicable,Sealed,Dry,Not Raining,Daylight,Right Angle,2,Driver Rider,1: PDO,No Control,,,1321321.98,1660556.03,1.32132E+13
2019-4895-8/07/2020,1 City,ADELAIDE,5000,CITY OF ADELAIDE,2,1,0,0,1,2019,May,Friday,5:40 PM,60,Cross Road,Straight road,Level,Not Applicable,Sealed,Dry,Not Raining,Night,Side Swipe,2,Driver Rider,2: MI,Traffic Signals,,,1327363.85,1670321.47,1.32736E+13
2019-4896-8/07/2020,2 Metropolitan,PARKSIDE,5063,CITY OF UNLEY,2,1,0,1,0,2019,May,Thursday,7:45 AM,60,Not Divided,Straight road,Level,Not Applicable,Sealed,Dry,Not Raining,Daylight,Rear End,1,Driver Rider,3: SI,No Control,,,1330295.08,1668646.81,1.3303E+13
2019-4897-8/07/2020,2 Metropolitan,WATERLOO CORNER,5110,CITY OF SALISBURY,2,0,0,0,0,2019,May,Saturday,8:40 AM,70,T-Junction,Straight road,Level,Not Applicable,Sealed,Dry,Not Raining,Daylight,Side Swipe,2,Driver Rider,1: PDO,Roundabout,,,1328258.79,1692163.2,1.32826E+13
2019-4898-8/07/2020,2 Metropolitan,MELROSE PARK,5039,CC MITCHAM.                   ,2,0,0,0,0,2019,May,Saturday,11:10 AM,60,Cross Road,Straight road,Level,Not Applicable,Sealed,Dry,Not Raining,Daylight,Right Turn,2,Driver Rider,1: PDO,Traffic Signals,,,1325912.09,1664949,1.32591E+13
2019-4899-8/07/2020,3 Country,NARACOORTE,5271,DC NARACOORTE & LUCINDALE.,2,0,0,0,0,2019,May,Saturday,1:58 PM,60,Cross Road,Straight road,Level,Not Applicable,Sealed,Dry,Not Raining,Daylight,Hit Fixed Object,9,Other,1: PDO,Give Way Sign,,,1511598.49,1436175.67,1.5116E+13
2019-4900-8/07/2020,2 Metropolitan,INGLE FARM,5098,CITY OF SALISBURY,2,0,0,0,0,2019,May,Saturday,12:45 PM,50,Not Divided,Straight road,Level,Not Applicable,Sealed,Dry,Not Raining,Daylight,Hit Fixed Object,1,Driver Rider,1: PDO,No Control,,,1334058.7,1681919.36,1.33406E+13
2019-4901-8/07/2020,3 Country,TUMBY BAY,5605,DC TUMBY BAY.                 ,2,2,1,1,0,2019,May,Saturday,4:30 AM,100,Not Divided,"CURVED, VIEW OPEN",Level,Not Applicable,Sealed,Dry,Not Raining,Night,Hit Fixed Object,1,Driver Rider,4: Fatal,No Control,,,1099113.08,1737086.42,1.09911E+13
2019-4902-8/07/2020,3 Country,MOUNT GAMBIER,5290,CC MT.GAMBIER.                ,2,2,0,0,2,2019,May,Saturday,1:20 PM,50,Cross Road,Straight road,Bottom of Hill,Not Applicable,Sealed,Dry,Not Raining,Daylight,Right Angle,2,Driver Rider,2: MI,Give Way Sign,,,1509354.79,1341526.67,1.50936E+13
2019-4903-8/07/2020,1 City,ADELAIDE,5000,CITY OF ADELAIDE,2,0,0,0,0,2019,May,Thursday,5:46 PM,50,Cross Road,Straight road,Level,Not Applicable,Sealed,Dry,Not Raining,Night,Right Turn,1,Driver Rider,1: PDO,Traffic Signals,,,1328463.96,1670516.22,1.32846E+13
2019-4904-8/07/2020,2 Metropolitan,SMITHFIELD,5114,CITY OF PLAYFORD.,3,0,0,0,0,2019,May,Friday,4:15 PM,80,Divided Road,Straight road,Level,Not Applicable,Sealed,Dry,Not Raining,Daylight,Rear End,1,Driver Rider,1: PDO,No Control,,,1337780.65,1696952.53,1.33778E+13
2019-4905-8/07/2020,2 Metropolitan,GAWLER EAST,5118,CT GAWLER.                    ,1,0,0,0,0,2019,May,Saturday,1:40 PM,80,T-Junction,"CURVED, VIEW OPEN",Level,Not Applicable,Sealed,Dry,Not Raining,Daylight,Roll Over,1,Driver Rider,1: PDO,Give Way Sign,,,1345776.04,1706540.78,1.34578E+13
2019-4906-8/07/2020,2 Metropolitan,MODBURY NORTH,5092,CITY OF TEA TREE GULLY,2,0,0,0,0,2019,May,Saturday,3:20 PM,60,T-Junction,Straight road,Slope,Not Applicable,Sealed,Dry,Not Raining,Daylight,Hit Fixed Object,1,Driver Rider,1: PDO,No Control,,,1335452.79,1682330.71,1.33545E+13
2019-4907-8/07/2020,2 Metropolitan,HOLDEN HILL,5088,CITY OF PORT ADELAIDE ENFIELD,3,0,0,0,0,2019,May,Saturday,3:26 PM,60,Cross Road,Straight road,Level,Not Applicable,Sealed,Dry,Not Raining,Daylight,Side Swipe,2,Driver Rider,1: PDO,Traffic Signals,,,1333815.87,1678085.87,1.33382E+13
2019-4908-8/07/2020,2 Metropolitan,HAWTHORNDENE,5051,CC MITCHAM.                   ,2,0,0,0,0,2019,May,Friday,6:30 PM,60,T-Junction,"CURVED, VIEW OPEN",Slope,Not Applicable,Sealed,Dry,Not Raining,Night,Right Angle,1,Driver Rider,1: PDO,Stop Sign,,,1330046.87,1659778.23,1.33005E+13
2019-4909-8/07/2020,2 Metropolitan,MUNNO PARA,5115,CITY OF PLAYFORD.,2,1,0,0,1,2019,May,Friday,9:30 PM,50,T-Junction,Straight road,Level,Not Applicable,Sealed,Dry,Not Raining,Night,Right Turn,2,Driver Rider,2: MI,No Control,,,1338079.83,1698072.97,1.33808E+13
2019-4910-8/07/2020,2 Metropolitan,NORTHFIELD,5085,CITY OF PORT ADELAIDE ENFIELD,2,1,0,1,0,2019,May,Saturday,3:45 PM,60,T-Junction,Straight road,Crest of Hill,Not Applicable,Sealed,Dry,Not Raining,Daylight,Rear End,2,Driver Rider,3: SI,No Control,,,1330859.68,1680068.64,1.33086E+13
2019-4911-8/07/2020,2 Metropolitan,PLYMPTON,5038,CITY OF WEST TORRENS,2,1,0,0,1,2019,May,Saturday,4:00 PM,60,T-Junction,Straight road,Level,Not Applicable,Sealed,Dry,Not Raining,Daylight,Side Swipe,1,Driver Rider,2: MI,No Control,,,1323649.56,1666086.57,1.32365E+13
2019-4912-8/07/2020,3 Country,MIDGEE,5602,DC FRANKLIN HARBOR.           ,1,1,0,1,0,2019,May,Friday,10:34 PM,110,Not Divided,Straight road,Level,Not Applicable,Sealed,Dry,Not Raining,Night,Left Road - Out of Control,1,Driver Rider,3: SI,No Control,Y,,1191452.99,1847759.05,1.19145E+13
2019-4913-8/07/2020,2 Metropolitan,HILLIER,5116,CITY OF PLAYFORD.,2,1,0,1,0,2019,May,Thursday,7:45 PM,110,Freeway,Straight road,Level,Not Applicable,Sealed,Dry,Not Raining,Night,Hit Object on Road,1,Driver Rider,3: SI,No Control,,,1336185.97,1703099.67,1.33619E+13
2019-4914-8/07/2020,2 Metropolitan,PARAFIELD GARDENS,5107,CITY OF SALISBURY,2,0,0,0,0,2019,May,Saturday,11:30 PM,50,Not Divided,Straight road,Level,Not Applicable,Sealed,Dry,Not Raining,Night,Hit Parked Vehicle,1,Driver Rider,1: PDO,No Control,,,1330339.27,1684764.79,1.33034E+13
2019-4915-8/07/2020,2 Metropolitan,CHANDLERS HILL,5159,CITY OF ONKAPARINGA,1,0,0,0,0,2019,May,Sunday,3:00 AM,70,Not Divided,"CURVED, VIEW OBSCURED",Level,Not Applicable,Sealed,Dry,Not Raining,Night,Roll Over,1,Driver Rider,1: PDO,No Control,,,1329362.95,1652635.12,1.32936E+13
2019-4916-8/07/2020,2 Metropolitan,ELIZABETH DOWNS,5113,CITY OF PLAYFORD.,4,1,0,1,0,2019,May,Sunday,2:50 AM,50,Not Divided,Straight road,Level,Not Applicable,Sealed,Dry,Not Raining,Night,Hit Parked Vehicle,1,Driver Rider,3: SI,No Control,,Y,1337435.05,1694712.99,1.33744E+13
2019-4917-8/07/2020,2 Metropolitan,SOUTH PLYMPTON,5038,CC MARION.                    ,2,1,0,0,1,2019,May,Saturday,11:45 AM,60,Cross Road,Straight road,Level,Not Applicable,Sealed,Dry,Not Raining,Daylight,Rear End,2,Driver Rider,2: MI,Traffic Signals,,,1324280.88,1665110.12,1.32428E+13
2019-4918-8/07/2020,3 Country,WHYALLA NORRIE,5608,CC WHYALLA.                   ,2,0,0,0,0,2019,May,Sunday,8:15 AM,50,Not Divided,Straight road,Level,Driveway or Entrance,Sealed,Dry,Not Raining,Daylight,Right Angle,1,Driver Rider,1: PDO,No Control,,,1237396.84,1882844.55,1.2374E+13
2019-4919-8/07/2020,3 Country,KOOTABERRA,5713,,2,0,0,0,0,2019,May,Saturday,10:00 AM,110,Not Divided,Straight road,Level,Driveway or Entrance,Sealed,Dry,Not Raining,Daylight,Rear End,2,Driver Rider,1: PDO,No Control,,,1233339.58,1978092.13,1.23334E+13
2019-4920-8/07/2020,2 Metropolitan,SEACLIFF,5049,CITY OF HOLDFAST BAY,2,0,0,0,0,2019,May,Saturday,12:15 PM,60,Divided Road,Straight road,Slope,Not Applicable,Sealed,Dry,Not Raining,Daylight,Rear End,2,Driver Rider,1: PDO,No Control,,,1321199.11,1658844.91,1.3212E+13
2019-4921-8/07/2020,2 Metropolitan,WINGFIELD,5013,CITY OF PORT ADELAIDE ENFIELD,2,0,0,0,0,2019,May,Sunday,10:30 AM,90,Freeway,Straight road,Level,Not Applicable,Sealed,Wet,Raining,Daylight,Hit Fixed Object,1,Driver Rider,1: PDO,No Control,,,1323903.22,1681026.93,1.3239E+13
2019-4922-8/07/2020,2 Metropolitan,MAGILL,5072,CITY OF BURNSIDE,2,0,0,0,0,2019,May,Saturday,8:25 PM,60,Not Divided,Straight road,Level,Driveway or Entrance,Sealed,Dry,Not Raining,Night,Rear End,1,Driver Rider,1: PDO,No Control,,,1335484.6,1671797.65,1.33549E+13
2019-4923-8/07/2020,2 Metropolitan,SALISBURY NORTH,5108,CITY OF SALISBURY,2,0,0,0,0,2019,May,Sunday,11:47 AM,50,T-Junction,Straight road,Level,Not Applicable,Sealed,Dry,Not Raining,Daylight,Side Swipe,2,Driver Rider,1: PDO,No Control,,,1331595.97,1690539.48,1.3316E+13
2019-4924-8/07/2020,2 Metropolitan,SEMAPHORE PARK,5019,CITY OF CHARLES STURT,2,1,0,0,1,2019,May,Saturday,12:30 PM,60,Cross Road,Straight road,Level,Not Applicable,Sealed,Dry,Not Raining,Daylight,Right Angle,2,Driver Rider,2: MI,Give Way Sign,,,1317680.49,1678427.35,1.31768E+13
2019-4925-8/07/2020,2 Metropolitan,WATERLOO CORNER,5110,CITY OF PLAYFORD.,2,1,0,0,1,2019,May,Sunday,12:46 PM,80,Cross Road,Straight road,Level,Not Applicable,Sealed,Wet,Raining,Daylight,Right Angle,1,Driver Rider,2: MI,Give Way Sign,,,1325927.14,1694182.2,1.32593E+13
2019-4926-8/07/2020,3 Country,BURRUNGULE,5291,DISTRICT COUNCIL OF GRANT,1,0,0,0,0,2019,May,Sunday,1:00 PM,110,Not Divided,"CURVED, VIEW OPEN",Slope,Not Applicable,Sealed,Wet,Not Raining,Daylight,Roll Over,1,Driver Rider,1: PDO,No Control,,,1498599.74,1348622.2,1.4986E+13
2019-4927-8/07/2020,2 Metropolitan,EDEN HILLS,5050,CC MITCHAM.                   ,2,0,0,0,0,2019,May,Saturday,9:25 PM,50,Not Divided,"CURVED, VIEW OPEN",Level,Not Applicable,Sealed,Dry,Not Raining,Night,Hit Fixed Object,1,Driver Rider,1: PDO,No Control,Y,,1328362.03,1660083.28,1.32836E+13
2019-4928-8/07/2020,2 Metropolitan,GRANGE,5022,CITY OF CHARLES STURT,2,0,0,0,0,2019,May,Friday,6:30 PM,60,Divided Road,Straight road,Level,Not Applicable,Sealed,Wet,Not Raining,Night,Rear End,1,Driver Rider,1: PDO,No Control,,,1319878.92,1673047.24,1.31988E+13
2019-4929-8/07/2020,2 Metropolitan,SELLICKS HILL,5174,CITY OF ONKAPARINGA,2,0,0,0,0,2019,May,Saturday,11:30 PM,80,Not Divided,Straight road,Level,Not Applicable,Sealed,Dry,Not Raining,Night,Hit Fixed Object,1,Driver Rider,1: PDO,No Control,,,1320011.09,1631230.48,1.32001E+13
2019-4930-8/07/2020,2 Metropolitan,CAMPBELLTOWN,5074,CC CAMPBELLTOWN.              ,2,1,0,0,1,2019,May,Sunday,5:58 PM,60,T-Junction,Straight road,Level,Not Applicable,Sealed,Wet,Not Raining,Night,Rear End,1,Driver Rider,2: MI,No Control,,,1335399.51,1674921.05,1.3354E+13
2019-4931-8/07/2020,3 Country,LANGHORNE CREEK,5255,ALEXANDRINA COUNCIL,2,1,0,0,1,2019,May,Saturday,5:00 PM,100,Not Divided,"CURVED, VIEW OPEN",Slope,Not Applicable,Sealed,Dry,Not Raining,Daylight,Rear End,2,Driver Rider,2: MI,No Control,,,1368470.92,1626211.02,1.36847E+13
2019-4932-8/07/2020,2 Metropolitan,GOLDEN GROVE,5125,CITY OF TEA TREE GULLY,2,1,0,0,1,2019,May,Sunday,6:15 PM,60,Cross Road,Straight road,Level,Not Applicable,Sealed,Wet,Not Raining,Night,Right Turn,2,Driver Rider,2: MI,Traffic Signals,Y,,1337859.71,1685518.84,1.33786E+13
2019-4933-8/07/2020,2 Metropolitan,ELIZABETH SOUTH,5112,CITY OF PLAYFORD.,2,0,0,0,0,2019,May,Sunday,10:00 PM,60,T-Junction,Straight road,Level,Not Applicable,Sealed,Wet,Raining,Night,Right Angle,2,Driver Rider,1: PDO,No Control,,,1334405.61,1690427.67,1.33441E+13
2019-4934-8/07/2020,3 Country,TANTANOOLA,5280,WATTLE RANGE COUNCIL,2,1,0,1,0,2019,May,Sunday,8:45 PM,110,Not Divided,"CURVED, VIEW OPEN",Level,Not Applicable,Sealed,Wet,Raining,Night,Hit Fixed Object,1,Driver Rider,3: SI,No Control,,,1491371.65,1351593.45,1.49137E+13
2019-4935-8/07/2020,3 Country,MIDGEE,5602,DC FRANKLIN HARBOR.           ,2,1,0,1,0,2019,May,Sunday,11:30 PM,110,Not Divided,Straight road,Level,Not Applicable,Sealed,Wet,Not Raining,Night,Hit Animal,2,Animal,3: SI,No Control,,,1190363.93,1833888.79,1.19036E+13
2019-4936-8/07/2020,2 Metropolitan,SALISBURY PARK,5109,CITY OF SALISBURY,2,0,0,0,0,2019,May,Monday,5:10 AM,80,Divided Road,Straight road,Level,Not Applicable,Sealed,Dry,Not Raining,Night,Hit Fixed Object,1,Driver Rider,1: PDO,No Control,,,1335623.95,1688380.96,1.33562E+13
2019-4937-8/07/2020,2 Metropolitan,PENFIELD GARDENS,5121,CITY OF PLAYFORD.,2,0,0,0,0,2019,May,Sunday,12:00 PM,80,Cross Road,"CURVED, VIEW OPEN",Level,Not Applicable,Unsealed,Wet,Raining,Daylight,Hit Fixed Object,1,Driver Rider,1: PDO,Stop Sign,,,1331985.26,1698516.9,1.33199E+13
2019-4938-8/07/2020,2 Metropolitan,KENSINGTON,5068,"CC OF NORWOOD,PAYNEHAM & ST PETERS",2,1,0,0,1,2019,April,Sunday,7:55 PM,50,Not Divided,Straight road,Level,Not Applicable,Sealed,Dry,Not Raining,Night,Hit Parked Vehicle,2,Driver Rider,2: MI,No Control,,,1332804.49,1670493.33,1.3328E+13
2019-4939-8/07/2020,2 Metropolitan,CROYDON,5008,CITY OF CHARLES STURT,2,1,0,0,1,2019,May,Monday,8:21 AM,60,Cross Road,Straight road,Level,Not Applicable,Sealed,Dry,Not Raining,Daylight,Right Angle,2,Driver Rider,2: MI,Traffic Signals,,,1325500.48,1673450.96,1.3255E+13
2019-4940-8/07/2020,3 Country,PORT PIRIE WEST,5540,PT.PIRIE CITY & DIST. COUNCIL ,2,0,0,0,0,2019,May,Monday,8:35 AM,50,Not Divided,Straight road,Level,Not Applicable,Sealed,Dry,Not Raining,Daylight,Right Angle,1,Driver Rider,1: PDO,No Control,,,1278892.93,1865208.38,1.27889E+13
2019-4941-8/07/2020,2 Metropolitan,HILLIER,5116,CT GAWLER.                    ,2,2,0,0,2,2019,May,Monday,9:00 AM,90,Cross Road,Straight road,Level,Not Applicable,Sealed,Dry,Not Raining,Daylight,Right Turn,2,Driver Rider,2: MI,Stop Sign,,,1336900.28,1702626.19,1.3369E+13
2019-4942-8/07/2020,2 Metropolitan,SALISBURY EAST,5109,CITY OF SALISBURY,2,1,0,0,1,2019,May,Monday,9:45 AM,60,T-Junction,Straight road,Level,Not Applicable,Sealed,Dry,Not Raining,Daylight,Right Angle,1,Driver Rider,2: MI,No Control,,,1334221.8,1686106.19,1.33422E+13
2019-4943-8/07/2020,3 Country,DUTTON,5356,MID MURRAY DISTRICT COUNCIL,3,0,0,0,0,2019,May,Sunday,2:00 PM,100,Not Divided,"CURVED, VIEW OPEN",Level,Not Applicable,Sealed,Wet,Not Raining,Daylight,Hit Fixed Object,1,Driver Rider,1: PDO,No Control,,,1379975.29,1731215.63,1.37998E+13
2019-4944-8/07/2020,3 Country,PASKEVILLE,5552,COPPER COAST DISTRICT COUNCIL,2,0,0,0,0,2019,May,Sunday,2:30 PM,100,Not Divided,Straight road,Level,Not Applicable,Sealed,Wet,Raining,Daylight,Other,9,Other,1: PDO,No Control,,,1266184.48,1771543.46,1.26618E+13
2019-4945-8/07/2020,2 Metropolitan,WOODSIDE,5244,THE ADELAIDE HILLS COUNCIL,2,0,0,0,0,2019,May,Monday,10:50 AM,50,Not Divided,Straight road,Level,Driveway or Entrance,Sealed,Dry,Not Raining,Daylight,Right Angle,2,Driver Rider,1: PDO,No Control,,,1353512.35,1666861.33,1.35351E+13
2019-4946-8/07/2020,2 Metropolitan,BEDFORD PARK,5042,CC MITCHAM.                   ,2,2,0,2,0,2019,May,Monday,10:15 AM,60,T-Junction,Straight road,Level,Not Applicable,Sealed,Dry,Not Raining,Daylight,Right Turn,1,Driver Rider,3: SI,Traffic Signals,Y,Y,1325724.1,1660702.39,1.32572E+13
2019-4947-8/07/2020,1 City,ADELAIDE,5000,CITY OF ADELAIDE,2,0,0,0,0,2019,May,Saturday,1:40 AM,50,T-Junction,Straight road,Level,Not Applicable,Sealed,Dry,Not Raining,Night,Hit Fixed Object,1,Driver Rider,1: PDO,No Control,,,1328291.95,1671046.72,1.32829E+13
2019-4948-8/07/2020,3 Country,FLAXMAN VALLEY,5235,THE BAROSSA COUNCIL.,2,1,0,1,0,2019,May,Saturday,11:30 AM,100,Not Divided,Straight road,Slope,Not Applicable,Sealed,Dry,Not Raining,Daylight,Hit Animal,2,Animal,3: SI,No Control,,,1373181.53,1705327.7,1.37318E+13
2019-4949-8/07/2020,3 Country,BORDERTOWN,5268,DC TATIARA.                   ,2,0,0,0,0,2019,May,Sunday,2:40 AM,60,T-Junction,Straight road,Level,Not Applicable,Sealed,Dry,Not Raining,Night,Hit Fixed Object,1,Driver Rider,1: PDO,No Control,,,1518209.42,1507989.44,1.51821E+13
2019-4950-8/07/2020,2 Metropolitan,TUSMORE,5065,CITY OF BURNSIDE,2,0,0,0,0,2019,May,Sunday,4:09 PM,60,Cross Road,Straight road,Level,Not Applicable,Sealed,Dry,Not Raining,Daylight,Right Turn,2,Driver Rider,1: PDO,Traffic Signals,,,1332323.44,1669056.96,1.33232E+13
2019-4951-8/07/2020,2 Metropolitan,GREENACRES,5086,CITY OF PORT ADELAIDE ENFIELD,4,0,0,0,0,2019,May,Monday,11:23 AM,60,Divided Road,Straight road,Level,Not Applicable,Sealed,Dry,Not Raining,Daylight,Hit Parked Vehicle,1,Driver Rider,1: PDO,No Control,,,1330435.54,1676992.43,1.33044E+13
2019-4952-8/07/2020,2 Metropolitan,PANORAMA,5041,CC MITCHAM.                   ,2,0,0,0,0,2019,May,Monday,12:17 PM,60,Cross Road,Straight road,Level,Not Applicable,Sealed,Dry,Not Raining,Daylight,Right Angle,2,Driver Rider,1: PDO,Stop Sign,,,1327996.82,1663499.93,1.328E+13
2019-4953-8/07/2020,2 Metropolitan,WELLAND,5007,CITY OF CHARLES STURT,2,0,0,0,0,2019,May,Monday,12:15 PM,60,Cross Road,Straight road,Level,Not Applicable,Sealed,Dry,Not Raining,Daylight,Right Angle,2,Driver Rider,1: PDO,Give Way Sign,,,1324861.82,1673188.4,1.32486E+13
2019-4954-8/07/2020,2 Metropolitan,ELIZABETH PARK,5113,CITY OF PLAYFORD.,3,0,0,0,0,2019,May,Monday,1:40 PM,60,Cross Road,Straight road,Level,Not Applicable,Sealed,Dry,Not Raining,Daylight,Rear End,1,Driver Rider,1: PDO,Traffic Signals,,,1336500.9,1694621.89,1.3365E+13