REPORT_ID,Stats Area,Suburb,Postcode,LGA Name,Total Units,Total Cas,Total Fats,Total SI,Total MI,Year,Month,Day,Time,Area Speed,Position Type,Horizontal Align,Vertical Align,Other Feat,Road Surface,Moisture Cond,Weather Cond,DayNight,Crash Type,Unit Resp,Entity Code,CSEF Severity,Traffic Ctrls,DUI Involved,Drugs Involved,ACCLOC_X,ACCLOC_Y,UNIQUE_LOC
2019-5038-8/07/2020,2 Metropolitan,BURNSIDE,5066,CITY OF BURNSIDE,2,0,0,0,0,2019,May,Wednesday,5:30 PM,60,T-Junction,Straight road,Slope,Not Applicable,Sealed,Dry,Not Raining,Night,Right Angle,2,Driver Rider,1: PDO,Stop Sign,,,1334752.82,1669124.21,1.33475E+13
2019-5039-8/07/2020,2 Metropolitan,PAYNEHAM,5070,"CC OF NORWOOD,PAYNEHAM & ST PETERS",2,0,0,0,0,2019,May,Wednesday,5:22 PM,60,T-Junction,Straight road,Level,Not Applicable,Sealed,Dry,Not Raining,Night,Right Turn,2,Driver Rider,1: PDO,No Control,,,1332189.38,1673275.77,1.33219E+13
2019-5040-8/07/2020,2 Metropolitan,CLARENCE PARK,5034,CITY OF UNLEY,2,1,0,0,1,2019,May,Wednesday,5:50 PM,40,T-Junction,Straight road,Level,Not Applicable,Sealed,Dry,Not Raining,Night,Hit Pedestrian,1,Driver Rider,2: MI,No Control,,,1326674.42,1666517.26,1.32667E+13
2019-5041-8/07/2020,2 Metropolitan,STIRLING,5152,THE ADELAIDE HILLS COUNCIL,2,1,0,1,0,2019,May,Wednesday,4:10 PM,50,Not Divided,Straight road,Slope,Driveway or Entrance,Sealed,Dry,Not Raining,Daylight,Hit Pedestrian,1,Driver Rider,3: SI,No Control,,,1338865.55,1661468.69,1.33887E+13
2019-5042-8/07/2020,2 Metropolitan,WOODVILLE,5011,CITY OF CHARLES STURT,2,0,0,0,0,2019,May,Wednesday,6:50 PM,50,Not Divided,Straight road,Level,Not Applicable,Sealed,Dry,Not Raining,Night,Hit Parked Vehicle,2,Driver Rider,1: PDO,No Control,,,1323816.29,1676401.3,1.32382E+13
2019-5043-8/07/2020,2 Metropolitan,PAYNEHAM,5070,"CC OF NORWOOD,PAYNEHAM & ST PETERS",2,0,0,0,0,2019,May,Wednesday,6:00 PM,60,T-Junction,Straight road,Level,Not Applicable,Sealed,Dry,Not Raining,Night,Side Swipe,2,Driver Rider,1: PDO,No Control,,,1332189.38,1673275.77,1.33219E+13
2019-5044-8/07/2020,2 Metropolitan,BURTON,5110,CITY OF SALISBURY,2,3,0,0,3,2019,May,Wednesday,7:50 PM,50,T-Junction,Straight road,Level,Not Applicable,Sealed,Dry,Not Raining,Night,Right Angle,2,Driver Rider,2: MI,No Control,,,1329291.76,1690006.99,1.32929E+13
2019-5045-8/07/2020,1 City,NORTH ADELAIDE,5006,CITY OF ADELAIDE,3,0,0,0,0,2019,May,Wednesday,9:00 PM,50,Divided Road,Straight road,Level,Not Applicable,Sealed,Dry,Not Raining,Night,Hit Parked Vehicle,2,Driver Rider,1: PDO,No Control,,,1328138.55,1673068.3,1.32814E+13
2019-5046-8/07/2020,2 Metropolitan,MORPHETT VALE,5162,CITY OF ONKAPARINGA,1,1,0,1,0,2019,May,Thursday,1:30 AM,60,Not Divided,Straight road,Level,Not Applicable,Sealed,Dry,Not Raining,Night,Roll Over,1,Driver Rider,3: SI,No Control,,,1319615.45,1649730.09,1.31962E+13
2019-5047-8/07/2020,2 Metropolitan,HIGHBURY,5089,CITY OF TEA TREE GULLY,2,1,0,0,1,2019,May,Thursday,8:25 AM,60,T-Junction,Straight road,Level,Not Applicable,Sealed,Dry,Not Raining,Daylight,Rear End,1,Driver Rider,2: MI,No Control,,,1339084.7,1678641.12,1.33909E+13
2019-5048-8/07/2020,2 Metropolitan,BRIGHTON,5048,CITY OF HOLDFAST BAY,3,0,0,0,0,2019,May,Wednesday,6:00 PM,60,Divided Road,Straight road,Level,Not Applicable,Sealed,Dry,Not Raining,Night,Rear End,2,Driver Rider,1: PDO,No Control,,,1321142.08,1660769.3,1.32114E+13
2019-5049-8/07/2020,2 Metropolitan,THEBARTON,5031,CITY OF WEST TORRENS,2,0,0,0,0,2019,May,Wednesday,1:30 PM,50,Not Divided,Straight road,Level,Not Applicable,Sealed,Dry,Not Raining,Daylight,Hit Parked Vehicle,1,Driver Rider,1: PDO,No Control,,,1326374.29,1671419.82,1.32637E+13
2019-5050-8/07/2020,3 Country,PASKEVILLE,5552,COPPER COAST DISTRICT COUNCIL,2,0,0,0,0,2019,May,Thursday,8:45 AM,100,Not Divided,"CURVED, VIEW OPEN",Level,Not Applicable,Sealed,Dry,Not Raining,Daylight,Roll Over,1,Driver Rider,1: PDO,No Control,,,1263310.99,1773072.22,1.26331E+13
2019-5051-8/07/2020,2 Metropolitan,PASADENA,5042,CC MITCHAM.                   ,2,1,0,0,1,2019,May,Wednesday,5:30 PM,60,T-Junction,Straight road,Level,Not Applicable,Sealed,Dry,Not Raining,Night,Side Swipe,1,Driver Rider,2: MI,Traffic Signals,,,1327582.64,1663353.57,1.32758E+13
2019-5052-8/07/2020,2 Metropolitan,GLENELG NORTH,5045,CITY OF WEST TORRENS,2,0,0,0,0,2019,May,Thursday,7:20 AM,60,T-Junction,Straight road,Level,Not Applicable,Sealed,Dry,Not Raining,Daylight,Rear End,2,Driver Rider,1: PDO,No Control,,,1321375.53,1666991.66,1.32138E+13
2019-5053-8/07/2020,2 Metropolitan,ELIZABETH NORTH,5113,CITY OF PLAYFORD.,2,0,0,0,0,2019,May,Thursday,9:30 AM,60,Cross Road,Straight road,Level,Not Applicable,Sealed,Dry,Not Raining,Daylight,Rear End,1,Driver Rider,1: PDO,Give Way Sign,,,1336436.19,1694658.79,1.33644E+13
2019-5054-8/07/2020,2 Metropolitan,WOODVILLE PARK,5011,CITY OF CHARLES STURT,2,0,0,0,0,2019,May,Thursday,10:35 AM,60,Cross Road,"CURVED, VIEW OPEN",Level,Not Applicable,Sealed,Dry,Not Raining,Daylight,Side Swipe,1,Driver Rider,1: PDO,Traffic Signals,,,1324192.45,1676259.66,1.32419E+13
2019-5055-8/07/2020,2 Metropolitan,KIDMAN PARK,5025,CITY OF CHARLES STURT,2,0,0,0,0,2019,May,Wednesday,12:20 PM,60,T-Junction,Straight road,Level,Not Applicable,Sealed,Dry,Not Raining,Daylight,Right Turn,2,Driver Rider,1: PDO,No Control,,,1321925.33,1673102.36,1.32193E+13
2019-5056-8/07/2020,2 Metropolitan,ST MARYS,5042,CC MITCHAM.                   ,2,0,0,0,0,2019,May,Thursday,11:06 AM,50,Cross Road,Straight road,Level,Not Applicable,Sealed,Dry,Not Raining,Daylight,Right Angle,1,Driver Rider,1: PDO,Stop Sign,,,1326304.51,1663102.85,1.32631E+13
2019-5057-8/07/2020,2 Metropolitan,MARRYATVILLE,5068,"CC OF NORWOOD,PAYNEHAM & ST PETERS",2,0,0,0,0,2019,May,Thursday,10:55 AM,60,Not Divided,Straight road,Level,Driveway or Entrance,Sealed,Dry,Not Raining,Daylight,Side Swipe,2,Driver Rider,1: PDO,No Control,,,1332992.28,1670435.84,1.33299E+13
2019-5058-8/07/2020,3 Country,CLAYTON BAY,5256,ALEXANDRINA COUNCIL,2,1,0,1,0,2019,May,Saturday,11:46 AM,50,Not Divided,Straight road,Level,Driveway or Entrance,Sealed,Dry,Not Raining,Daylight,Side Swipe,1,Driver Rider,3: SI,No Control,,,1355800.34,1606456.99,1.3558E+13
2019-5059-8/07/2020,2 Metropolitan,CLEARVIEW,5085,CITY OF PORT ADELAIDE ENFIELD,2,1,0,0,1,2019,May,Thursday,8:40 AM,60,T-Junction,Straight road,Level,Not Applicable,Sealed,Dry,Not Raining,Daylight,Rear End,2,Driver Rider,2: MI,Give Way Sign,,,1330376.08,1678804.47,1.33038E+13
2019-5060-8/07/2020,2 Metropolitan,UNLEY,5061,CITY OF UNLEY,2,1,0,0,1,2019,May,Thursday,12:00 PM,60,T-Junction,Straight road,Level,Not Applicable,Sealed,Dry,Not Raining,Daylight,Rear End,2,Driver Rider,2: MI,Traffic Signals,,,1329086.85,1667942.21,1.32909E+13
2019-5061-8/07/2020,3 Country,RENMARK,5341,DC RENMARK PARINGA            ,2,0,0,0,0,2019,May,Wednesday,5:30 PM,60,Cross Road,Straight road,Level,Not Applicable,Sealed,Dry,Not Raining,Night,Right Turn,1,Driver Rider,1: PDO,Give Way Sign,,,1527715.63,1744576.87,1.52772E+13
2019-5062-8/07/2020,2 Metropolitan,HIGHBURY,5089,CITY OF TEA TREE GULLY,2,0,0,0,0,2019,May,Wednesday,11:30 AM,50,Not Divided,"CURVED, VIEW OPEN",Level,Driveway or Entrance,Sealed,Dry,Not Raining,Daylight,Hit Parked Vehicle,1,Driver Rider,1: PDO,No Control,,,1337885.95,1677738.46,1.33789E+13
2019-5063-8/07/2020,2 Metropolitan,GLENGOWRIE,5044,CC MARION.                    ,1,1,0,1,0,2019,May,Monday,10:00 AM,60,Not Divided,Straight road,Level,Not Applicable,Sealed,Dry,Not Raining,Daylight,Other,1,Driver Rider,3: SI,No Control,,,1322648.56,1664929.88,1.32265E+13
2019-5064-8/07/2020,2 Metropolitan,ST MARYS,5042,CC MITCHAM.                   ,2,0,0,0,0,2019,May,Thursday,12:10 PM,60,Divided Road,Straight road,Level,Not Applicable,Sealed,Dry,Not Raining,Daylight,Side Swipe,2,Driver Rider,1: PDO,No Control,,,1326008.84,1661603.23,1.32601E+13
2019-5065-8/07/2020,2 Metropolitan,WINDSOR GARDENS,5087,CITY OF PORT ADELAIDE ENFIELD,2,0,0,0,0,2019,May,Thursday,9:00 AM,60,T-Junction,Straight road,Level,Not Applicable,Sealed,Dry,Not Raining,Daylight,Rear End,1,Driver Rider,1: PDO,Traffic Signals,,,1334277.9,1677653.6,1.33428E+13
2019-5066-8/07/2020,2 Metropolitan,PLYMPTON,5038,CITY OF WEST TORRENS,2,0,0,0,0,2019,May,Thursday,2:05 PM,60,Cross Road,Straight road,Level,Not Applicable,Sealed,Dry,Not Raining,Daylight,Right Angle,2,Driver Rider,1: PDO,Give Way Sign,,,1323609.56,1667029.66,1.32361E+13
2019-5067-8/07/2020,2 Metropolitan,ELIZABETH VALE,5112,CITY OF PLAYFORD.,3,0,0,0,0,2019,May,Thursday,3:00 PM,60,T-Junction,Straight road,Level,Not Applicable,Sealed,Dry,Not Raining,Daylight,Rear End,1,Driver Rider,1: PDO,No Control,,,1335254.54,1690056.88,1.33526E+13
2019-5068-8/07/2020,2 Metropolitan,COLONEL LIGHT GARDENS,5041,CC MITCHAM.                   ,2,0,0,0,0,2019,May,Friday,4:15 PM,60,Not Divided,Straight road,Level,Driveway or Entrance,Sealed,Dry,Not Raining,Daylight,Right Angle,2,Driver Rider,1: PDO,No Control,,,1328276.11,1663507.61,1.32828E+13
2019-5069-8/07/2020,2 Metropolitan,MARION,5043,CC MARION.                    ,2,1,0,0,1,2019,May,Thursday,3:15 PM,50,T-Junction,Straight road,Level,Not Applicable,Sealed,Dry,Not Raining,Daylight,Side Swipe,1,Driver Rider,2: MI,No Control,,,1324249.7,1662634.28,1.32425E+13
2019-5070-8/07/2020,2 Metropolitan,ELIZABETH,5112,CITY OF PLAYFORD.,2,0,0,0,0,2019,May,Thursday,4:55 PM,50,Divided Road,Straight road,Level,Driveway or Entrance,Sealed,Dry,Not Raining,Daylight,Right Turn,2,Driver Rider,1: PDO,No Control,,,1335513.26,1693104.31,1.33551E+13
2019-5071-8/07/2020,2 Metropolitan,COLLINSWOOD,5081,CITY OF PROSPECT,2,0,0,0,0,2019,May,Thursday,4:46 PM,60,T-Junction,Straight road,Level,Not Applicable,Sealed,Dry,Not Raining,Daylight,Right Turn,2,Driver Rider,1: PDO,No Control,,,1330186.09,1674963.57,1.33019E+13
2019-5072-8/07/2020,2 Metropolitan,BEDFORD PARK,5042,CC MITCHAM.                   ,2,0,0,0,0,2019,May,Thursday,4:50 PM,50,T-Junction,Straight road,Level,Not Applicable,Sealed,Dry,Not Raining,Daylight,Side Swipe,2,Driver Rider,1: PDO,Traffic Signals,,,1325149.68,1660407.47,1.32515E+13
2019-5073-8/07/2020,2 Metropolitan,MODBURY,5092,CITY OF TEA TREE GULLY,2,1,0,0,1,2019,May,Thursday,5:30 PM,60,T-Junction,Straight road,Level,Not Applicable,Sealed,Dry,Not Raining,Night,Right Angle,2,Driver Rider,2: MI,Roundabout,,,1337329.84,1680634.53,1.33733E+13
2019-5074-8/07/2020,2 Metropolitan,ELIZABETH SOUTH,5112,CITY OF PLAYFORD.,2,0,0,0,0,2019,May,Thursday,6:05 PM,60,T-Junction,Straight road,Level,Not Applicable,Sealed,Dry,Not Raining,Night,Side Swipe,2,Driver Rider,1: PDO,No Control,,,1334405.61,1690427.67,1.33441E+13
2019-5075-8/07/2020,2 Metropolitan,FINDON,5023,CITY OF CHARLES STURT,2,0,0,0,0,2019,May,Thursday,6:15 PM,60,Divided Road,Straight road,Level,Not Applicable,Sealed,Dry,Not Raining,Night,Hit Parked Vehicle,1,Driver Rider,1: PDO,No Control,,,1323305.5,1673481.84,1.32331E+13
2019-5076-8/07/2020,2 Metropolitan,KIDMAN PARK,5025,CITY OF CHARLES STURT,2,0,0,0,0,2019,May,Thursday,6:20 PM,60,T-Junction,Straight road,Level,Not Applicable,Sealed,Dry,Not Raining,Night,Hit Fixed Object,1,Driver Rider,1: PDO,No Control,,,1321925.33,1673102.36,1.32193E+13
2019-5077-8/07/2020,2 Metropolitan,GOLDEN GROVE,5125,CITY OF TEA TREE GULLY,2,1,0,0,1,2019,May,Thursday,6:13 PM,50,Not Divided,Straight road,Level,Not Applicable,Sealed,Dry,Not Raining,Night,Side Swipe,1,Driver Rider,2: MI,No Control,,,1337330.3,1685447.7,1.33733E+13
2019-5078-8/07/2020,2 Metropolitan,WINDSOR GARDENS,5087,CITY OF PORT ADELAIDE ENFIELD,2,0,0,0,0,2019,May,Wednesday,12:15 PM,60,Divided Road,Straight road,Level,Not Applicable,Sealed,Dry,Not Raining,Daylight,Side Swipe,1,Driver Rider,1: PDO,No Control,,,1333726.71,1678020.52,1.33373E+13
2019-5079-8/07/2020,2 Metropolitan,DARLINGTON,5047,CITY OF ONKAPARINGA,2,0,0,0,0,2019,May,Thursday,7:30 AM,60,T-Junction,Straight road,Slope,Not Applicable,Sealed,Dry,Not Raining,Daylight,Right Angle,2,Driver Rider,1: PDO,No Control,,,1324438.05,1659551.04,1.32444E+13
2019-5080-8/07/2020,2 Metropolitan,NOARLUNGA DOWNS,5168,CITY OF ONKAPARINGA,2,1,0,0,1,2019,May,Thursday,6:30 PM,60,Cross Road,Straight road,Level,Not Applicable,Sealed,Dry,Not Raining,Night,Right Angle,2,Driver Rider,2: MI,Roundabout,,,1317380.31,1646945.77,1.31738E+13
2019-5081-8/07/2020,2 Metropolitan,PROSPECT,5082,CITY OF PROSPECT,2,1,0,0,1,2019,May,Thursday,5:15 PM,60,Divided Road,Straight road,Level,Not Applicable,Sealed,Dry,Not Raining,Daylight,Rear End,2,Driver Rider,2: MI,No Control,,,1328874.7,1676048.98,1.32888E+13
2019-5082-8/07/2020,2 Metropolitan,CHERRY GARDENS,5157,CITY OF ONKAPARINGA,2,0,0,0,0,2019,May,Thursday,6:47 PM,70,T-Junction,Straight road,Level,Not Applicable,Sealed,Dry,Not Raining,Night,Right Turn,1,Driver Rider,1: PDO,Give Way Sign,,,1335558.8,1656391.94,1.33556E+13
2019-5083-8/07/2020,2 Metropolitan,GOLDEN GROVE,5125,CITY OF TEA TREE GULLY,4,1,0,0,1,2019,May,Thursday,5:45 PM,60,T-Junction,Straight road,Level,Not Applicable,Sealed,Dry,Not Raining,Night,Rear End,1,Driver Rider,2: MI,Stop Sign,,,1339817.54,1685942.16,1.33982E+13
2019-5084-8/07/2020,2 Metropolitan,SEAFORD MEADOWS,5169,CITY OF ONKAPARINGA,2,1,0,0,1,2019,May,Thursday,3:50 PM,60,Cross Road,Straight road,Level,Not Applicable,Sealed,Dry,Not Raining,Daylight,Rear End,2,Driver Rider,2: MI,Traffic Signals,,,1318114,1642829.74,1.31811E+13
2019-5085-8/07/2020,2 Metropolitan,TOTNESS,5250,DC MT.BARKER.                 ,1,0,0,0,0,2019,May,Thursday,6:15 PM,80,Ramp Off,"CURVED, VIEW OPEN",Level,Not Applicable,Sealed,Dry,Not Raining,Night,Other,1,Driver Rider,1: PDO,No Control,,,1350772.06,1655227.28,1.35077E+13
2019-5086-8/07/2020,3 Country,INNAMINCKA,5731,,1,2,0,1,1,2019,May,Wednesday,10:18 AM,100,Not Divided,Straight road,Level,Not Applicable,Unsealed,Dry,Not Raining,Daylight,Roll Over,1,Driver Rider,3: SI,No Control,,,1500186.76,2498227.74,1.50019E+13
2019-5087-8/07/2020,2 Metropolitan,UNLEY,5061,CITY OF UNLEY,3,1,0,1,0,2019,May,Thursday,5:13 PM,50,Not Divided,Straight road,Level,Not Applicable,Sealed,Dry,Not Raining,Daylight,Hit Parked Vehicle,1,Driver Rider,3: SI,No Control,,,1328368.31,1668458.64,1.32837E+13
2019-5088-8/07/2020,2 Metropolitan,BROOKLYN PARK,5032,CITY OF WEST TORRENS,2,1,0,0,1,2019,May,Thursday,5:35 PM,60,T-Junction,Straight road,Level,Not Applicable,Sealed,Dry,Not Raining,Night,Right Angle,1,Driver Rider,2: MI,No Control,,,1323593.19,1670925.11,1.32359E+13
2019-5089-8/07/2020,3 Country,PORT PIRIE,5540,PT.PIRIE CITY & DIST. COUNCIL ,2,0,0,0,0,2019,May,Thursday,3:45 PM,50,T-Junction,Straight road,Level,Not Applicable,Sealed,Dry,Not Raining,Daylight,Right Angle,2,Driver Rider,1: PDO,Give Way Sign,,,1280146.54,1865693.24,1.28015E+13
2019-5090-8/07/2020,2 Metropolitan,FELIXSTOW,5070,"CC OF NORWOOD,PAYNEHAM & ST PETERS",2,0,0,0,0,2019,May,Thursday,8:20 PM,50,Not Divided,"CURVED, VIEW OBSCURED",Slope,Not Applicable,Sealed,Dry,Not Raining,Night,Hit Fixed Object,1,Driver Rider,1: PDO,No Control,Y,,1333174.27,1674664.33,1.33317E+13
2019-5091-8/07/2020,2 Metropolitan,PETERHEAD,5016,CITY OF PORT ADELAIDE ENFIELD,2,0,0,0,0,2019,May,Friday,5:00 AM,50,Cross Road,Straight road,Level,Not Applicable,Sealed,Dry,Not Raining,Night,Hit Fixed Object,1,Driver Rider,1: PDO,Roundabout,,,1319430.33,1681200.44,1.31943E+13
2019-5092-8/07/2020,2 Metropolitan,O'HALLORAN HILL,5158,CC MARION.                    ,2,0,0,0,0,2019,May,Friday,6:50 AM,80,Divided Road,"CURVED, VIEW OPEN",Level,Not Applicable,Sealed,Wet,Not Raining,Night,Hit Fixed Object,1,Driver Rider,1: PDO,No Control,,,1324490.1,1657652.25,1.32449E+13
2019-5093-8/07/2020,2 Metropolitan,MAWSON LAKES,5095,CITY OF SALISBURY,7,0,0,0,0,2019,May,Friday,6:45 AM,70,Divided Road,Straight road,Level,Not Applicable,Sealed,Wet,Raining,Night,Rear End,1,Driver Rider,1: PDO,No Control,,,1329473.56,1684334.53,1.32947E+13
2019-5094-8/07/2020,2 Metropolitan,O'HALLORAN HILL,5158,CC MARION.                    ,2,0,0,0,0,2019,May,Friday,7:25 AM,100,Freeway,"CURVED, VIEW OPEN",Slope,Not Applicable,Sealed,Dry,Not Raining,Daylight,Rear End,2,Driver Rider,1: PDO,No Control,,,1323354.16,1657247.5,1.32335E+13
2019-5095-8/07/2020,2 Metropolitan,HOUGHTON,5131,THE ADELAIDE HILLS COUNCIL,2,1,0,1,0,2019,May,Friday,7:40 AM,80,Not Divided,"CURVED, VIEW OBSCURED",Slope,Not Applicable,Sealed,Wet,Raining,Daylight,Hit Fixed Object,9,Other,3: SI,No Control,,,1343186.74,1681492.88,1.34319E+13
2019-5096-8/07/2020,2 Metropolitan,WOODVILLE NORTH,5012,CITY OF CHARLES STURT,2,0,0,0,0,2019,May,Wednesday,11:15 AM,50,Not Divided,Straight road,Level,Driveway or Entrance,Sealed,Dry,Not Raining,Daylight,Side Swipe,2,Driver Rider,1: PDO,No Control,,,1323081.78,1677264.01,1.32308E+13
2019-5097-8/07/2020,2 Metropolitan,NAILSWORTH,5083,CITY OF PROSPECT,2,0,0,0,0,2019,May,Friday,7:52 AM,60,T-Junction,Straight road,Level,Not Applicable,Sealed,Dry,Not Raining,Daylight,Right Turn,1,Driver Rider,1: PDO,No Control,,,1328917.57,1674760.92,1.32892E+13
2019-5098-8/07/2020,1 City,ADELAIDE,5000,CITY OF ADELAIDE,2,1,0,0,1,2019,May,Friday,8:38 AM,50,Not Divided,Straight road,Level,Not Applicable,Sealed,Dry,Not Raining,Daylight,Hit Pedestrian,1,Driver Rider,2: MI,No Control,,,1328621.7,1670191.25,1.32862E+13
2019-5099-8/07/2020,2 Metropolitan,PAYNEHAM SOUTH,5070,"CC OF NORWOOD,PAYNEHAM & ST PETERS",2,0,0,0,0,2019,May,Friday,9:04 AM,60,Divided Road,Straight road,Level,Median Opening (not at I/S),Sealed,Dry,Not Raining,Daylight,Right Turn,2,Driver Rider,1: PDO,No Control,,,1332198.11,1672937.65,1.3322E+13
2019-5100-8/07/2020,2 Metropolitan,OVINGHAM,5082,CITY OF CHARLES STURT,2,0,0,0,0,2019,May,Friday,8:30 AM,40,Cross Road,Straight road,Bottom of Hill,Not Applicable,Sealed,Wet,Not Raining,Daylight,Rear End,2,Driver Rider,1: PDO,Traffic Signals,,,1327121.41,1673280.8,1.32712E+13
2019-5101-8/07/2020,3 Country,STIRLING NORTH,5710,CC PT.AUGUSTA.                ,2,0,0,0,0,2019,May,Thursday,9:45 AM,80,T-Junction,"CURVED, VIEW OPEN",Level,Driveway or Entrance,Sealed,Dry,Not Raining,Daylight,Right Angle,1,Driver Rider,1: PDO,No Control,,,1263309.1,1939914.76,1.26331E+13
2019-5102-8/07/2020,2 Metropolitan,PASADENA,5042,CC MITCHAM.                   ,2,1,0,0,1,2019,May,Friday,8:12 AM,60,Divided Road,Straight road,Slope,Not Applicable,Sealed,Dry,Not Raining,Daylight,Rear End,2,Driver Rider,2: MI,No Control,,,1327586.33,1663249.88,1.32759E+13
2019-5103-8/07/2020,2 Metropolitan,BELAIR,5052,CC MITCHAM.                   ,2,0,0,0,0,2019,May,Friday,10:05 AM,60,Not Divided,Straight road,Level,Not Applicable,Sealed,Dry,Not Raining,Daylight,Side Swipe,1,Driver Rider,1: PDO,No Control,,,1330425.1,1662039.2,1.33043E+13
2019-5104-8/07/2020,2 Metropolitan,MODBURY,5092,CITY OF TEA TREE GULLY,2,0,0,0,0,2019,May,Friday,9:40 AM,60,Cross Road,Straight road,Level,Not Applicable,Sealed,Dry,Not Raining,Daylight,Right Turn,2,Driver Rider,1: PDO,Traffic Signals,,,1336176.33,1680596.93,1.33618E+13
2019-5105-8/07/2020,2 Metropolitan,MAWSON LAKES,5095,CITY OF SALISBURY,2,1,0,0,1,2019,May,Friday,6:35 AM,90,Divided Road,Straight road,Level,"Bridge, Culvert, Causeway",Sealed,Wet,Raining,Night,Rear End,1,Driver Rider,2: MI,No Control,,,1328723.68,1683362.22,1.32872E+13
2019-5106-8/07/2020,2 Metropolitan,RICHMOND,5033,CITY OF WEST TORRENS,3,0,0,0,0,2019,May,Friday,11:03 AM,60,Divided Road,Straight road,Level,Not Applicable,Sealed,Dry,Not Raining,Daylight,Rear End,1,Driver Rider,1: PDO,No Control,,,1325352.93,1668933.58,1.32535E+13
2019-5107-8/07/2020,2 Metropolitan,GOLDEN GROVE,5125,CITY OF TEA TREE GULLY,2,0,0,0,0,2019,May,Friday,11:39 AM,60,T-Junction,Straight road,Level,Not Applicable,Sealed,Dry,Not Raining,Daylight,Right Turn,1,Driver Rider,1: PDO,Traffic Signals,,,1337574.11,1685175.27,1.33757E+13
2019-5108-8/07/2020,2 Metropolitan,MORPHETT VALE,5162,CITY OF ONKAPARINGA,2,0,0,0,0,2019,May,Friday,11:25 AM,50,Not Divided,"CURVED, VIEW OPEN",Level,Not Applicable,Sealed,Dry,Not Raining,Daylight,Hit Fixed Object,1,Driver Rider,1: PDO,No Control,,,1322377.27,1648564.93,1.32238E+13
2019-5109-8/07/2020,2 Metropolitan,MAGILL,5072,CC CAMPBELLTOWN.              ,2,0,0,0,0,2019,May,Friday,8:30 AM,50,Cross Road,Straight road,Level,Not Applicable,Sealed,Dry,Not Raining,Daylight,Right Turn,2,Driver Rider,1: PDO,Give Way Sign,,,1334847.7,1672714.49,1.33485E+13
2019-5110-8/07/2020,2 Metropolitan,ROSE PARK,5067,CITY OF BURNSIDE,2,0,0,0,0,2019,May,Friday,11:41 AM,60,Divided Road,Straight road,Level,Not Applicable,Sealed,Dry,Not Raining,Daylight,Rear End,2,Driver Rider,1: PDO,No Control,,,1330643.49,1670197.86,1.33064E+13
2019-5111-8/07/2020,2 Metropolitan,KENSINGTON,5068,"CC OF NORWOOD,PAYNEHAM & ST PETERS",2,0,0,0,0,2019,May,Thursday,1:30 PM,60,Cross Road,Straight road,Level,Not Applicable,Sealed,Dry,Not Raining,Daylight,Right Turn,2,Driver Rider,1: PDO,Traffic Signals,,,1332259.75,1671076.47,1.33226E+13
2019-5112-8/07/2020,2 Metropolitan,CHAIN OF PONDS,5231,THE ADELAIDE HILLS COUNCIL,2,0,0,0,0,2019,May,Friday,8:50 AM,80,Not Divided,"CURVED, VIEW OBSCURED",Level,Not Applicable,Sealed,Wet,Raining,Daylight,Head On,1,Driver Rider,1: PDO,No Control,,,1351350.41,1681110.31,1.35135E+13
2019-5113-8/07/2020,2 Metropolitan,PARALOWIE,5108,CITY OF SALISBURY,2,1,0,1,0,2019,May,Friday,12:12 PM,50,Divided Road,Straight road,Level,Not Applicable,Sealed,Dry,Not Raining,Daylight,Hit Fixed Object,1,Driver Rider,3: SI,No Control,,,1331780.74,1689113.15,1.33178E+13
2019-5114-8/07/2020,2 Metropolitan,MILE END,5031,CITY OF WEST TORRENS,2,0,0,0,0,2019,May,Thursday,7:30 AM,60,T-Junction,Straight road,Level,Not Applicable,Sealed,Dry,Not Raining,Daylight,Right Angle,2,Driver Rider,1: PDO,No Control,,,1326627.44,1671015.08,1.32663E+13
2019-5115-8/07/2020,2 Metropolitan,WARRADALE,5046,CC MARION.                    ,2,0,0,0,0,2019,May,Thursday,8:00 AM,60,Divided Road,Straight road,Level,Driveway or Entrance,Sealed,Dry,Not Raining,Daylight,Right Angle,1,Driver Rider,1: PDO,No Control,,,1322376.97,1663035.99,1.32238E+13
2019-5116-8/07/2020,2 Metropolitan,PARA HILLS WEST,5096,CITY OF SALISBURY,2,0,0,0,0,2019,May,Friday,12:50 PM,60,Not Divided,Straight road,Level,Driveway or Entrance,Sealed,Dry,Not Raining,Daylight,Right Angle,2,Driver Rider,1: PDO,No Control,,,1334095.51,1684536.28,1.3341E+13
2019-5117-8/07/2020,2 Metropolitan,PARAFIELD GARDENS,5107,CITY OF SALISBURY,2,1,0,0,1,2019,May,Friday,12:34 PM,50,T-Junction,Straight road,Level,Not Applicable,Sealed,Dry,Not Raining,Daylight,Right Angle,2,Driver Rider,2: MI,No Control,,,1330028.23,1687184.33,1.33003E+13
2019-5118-8/07/2020,3 Country,LOWER LIGHT,5501,DC MALLALA.                   ,2,0,0,0,0,2019,May,Friday,9:58 AM,110,Divided Road,Straight road,Level,"Bridge, Culvert, Causeway",Sealed,Dry,Not Raining,Daylight,Hit Parked Vehicle,2,Driver Rider,1: PDO,No Control,,,1316622.91,1712940.8,1.31662E+13