REPORT_ID,Stats Area,Suburb,Postcode,LGA Name,Total Units,Total Cas,Total Fats,Total SI,Total MI,Year,Month,Day,Time,Area Speed,Position Type,Horizontal Align,Vertical Align,Other Feat,Road Surface,Moisture Cond,Weather Cond,DayNight,Crash Type,Unit Resp,Entity Code,CSEF Severity,Traffic Ctrls,DUI Involved,Drugs Involved,ACCLOC_X,ACCLOC_Y,UNIQUE_LOC
2019-5119-8/07/2020,2 Metropolitan,PARKSIDE,5063,CITY OF UNLEY,2,0,0,0,0,2019,May,Friday,8:50 AM,60,Not Divided,Straight road,Level,Not Applicable,Sealed,Wet,Not Raining,Daylight,Rear End,2,Driver Rider,1: PDO,No Control,,,1329061.07,1668842.34,1.32906E+13
2019-5120-8/07/2020,2 Metropolitan,BLACKWOOD,5051,CC MITCHAM.                   ,2,1,1,0,0,2019,May,Friday,12:00 PM,50,Not Divided,Straight road,Level,Not Applicable,Sealed,Dry,Not Raining,Daylight,Hit Pedestrian,2,Pedestrian,4: Fatal,No Control,,,1329639.58,1660155.95,1.32964E+13
2019-5121-8/07/2020,2 Metropolitan,ROSTREVOR,5073,CC CAMPBELLTOWN.              ,2,0,0,0,0,2019,May,Thursday,10:00 AM,50,T-Junction,"CURVED, VIEW OBSCURED",Level,Not Applicable,Sealed,Dry,Not Raining,Daylight,Hit Parked Vehicle,1,Driver Rider,1: PDO,No Control,,,1336418.1,1674500.36,1.33642E+13
2019-5122-8/07/2020,3 Country,COONDAMBO,5719,,2,0,0,0,0,2019,May,Thursday,5:00 PM,110,Not Divided,Straight road,Level,Not Applicable,Sealed,Dry,Not Raining,Daylight,Hit Animal,2,Animal,1: PDO,No Control,,,1071610.52,2113137.9,1.07161E+13
2019-5123-8/07/2020,2 Metropolitan,SALISBURY EAST,5109,CITY OF SALISBURY,2,1,0,0,1,2019,May,Friday,2:46 PM,50,Not Divided,Straight road,Level,Not Applicable,Sealed,Dry,Not Raining,Daylight,Hit Fixed Object,1,Driver Rider,2: MI,No Control,,,1334071.88,1685900.54,1.33407E+13
2019-5124-8/07/2020,2 Metropolitan,NORWOOD,5067,"CC OF NORWOOD,PAYNEHAM & ST PETERS",2,0,0,0,0,2019,May,Friday,11:40 AM,50,Cross Road,Straight road,Level,Not Applicable,Sealed,Dry,Not Raining,Daylight,Right Angle,2,Driver Rider,1: PDO,Roundabout,,,1331864.56,1670732.76,1.33187E+13
2019-5125-8/07/2020,2 Metropolitan,WOODVILLE WEST,5011,CITY OF CHARLES STURT,2,1,0,0,1,2019,May,Friday,3:00 PM,60,Multiple,Straight road,Level,Not Applicable,Sealed,Dry,Not Raining,Daylight,Right Turn,2,Driver Rider,2: MI,Traffic Signals,,,1322380.46,1676205.03,1.32238E+13
2019-5126-8/07/2020,2 Metropolitan,ONKAPARINGA HILLS,5163,CITY OF ONKAPARINGA,2,0,0,0,0,2019,May,Friday,3:00 PM,80,Not Divided,"CURVED, VIEW OPEN",Level,Not Applicable,Sealed,Dry,Not Raining,Daylight,Hit Fixed Object,1,Driver Rider,1: PDO,No Control,,,1325654.33,1646372.59,1.32565E+13
2019-5127-8/07/2020,2 Metropolitan,WOODVILLE NORTH,5012,CITY OF CHARLES STURT,2,1,0,0,1,2019,May,Friday,3:24 PM,60,Divided Road,Straight road,Level,Not Applicable,Sealed,Dry,Not Raining,Daylight,Hit Pedestrian,2,Pedestrian,2: MI,No Control,,,1323748.64,1676597.21,1.32375E+13
2019-5128-8/07/2020,1 City,ADELAIDE,5000,CITY OF ADELAIDE,2,0,0,0,0,2019,May,Friday,3:30 PM,50,Cross Road,Straight road,Level,Not Applicable,Sealed,Dry,Not Raining,Daylight,Rear End,2,Driver Rider,1: PDO,Traffic Signals,,,1328501.78,1669879.19,1.3285E+13
2019-5129-8/07/2020,2 Metropolitan,QUEENSTOWN,5014,CITY OF PORT ADELAIDE ENFIELD,3,0,0,0,0,2019,May,Friday,9:50 AM,50,Not Divided,Straight road,Level,Driveway or Entrance,Sealed,Dry,Not Raining,Daylight,Right Angle,1,Driver Rider,1: PDO,No Control,,,1320663.61,1678337.16,1.32066E+13
2019-5130-8/07/2020,2 Metropolitan,NORWOOD,5067,"CC OF NORWOOD,PAYNEHAM & ST PETERS",2,0,0,0,0,2019,May,Friday,1:50 PM,60,Cross Road,"CURVED, VIEW OPEN",Level,Not Applicable,Sealed,Dry,Not Raining,Daylight,Side Swipe,1,Driver Rider,1: PDO,Roundabout,,,1330623.32,1670361.88,1.33062E+13
2019-5131-8/07/2020,2 Metropolitan,LINDEN PARK,5065,CITY OF BURNSIDE,2,1,0,0,1,2019,May,Friday,3:25 PM,60,T-Junction,Straight road,Level,Not Applicable,Sealed,Dry,Not Raining,Daylight,Side Swipe,2,Driver Rider,2: MI,No Control,,,1332345.13,1668247.58,1.33235E+13
2019-5132-8/07/2020,2 Metropolitan,CLAPHAM,5062,CC MITCHAM.                   ,2,1,0,1,0,2019,May,Friday,2:45 PM,60,T-Junction,Straight road,Bottom of Hill,Not Applicable,Sealed,Dry,Not Raining,Daylight,Right Turn,1,Driver Rider,3: SI,No Control,,,1328392.53,1663510.73,1.32839E+13
2019-5133-8/07/2020,2 Metropolitan,PORT ADELAIDE,5015,CITY OF PORT ADELAIDE ENFIELD,2,0,0,0,0,2019,May,Friday,4:30 PM,50,Divided Road,Straight road,Level,Not Applicable,Sealed,Dry,Not Raining,Daylight,Hit Pedestrian,2,Pedestrian,1: PDO,No Control,,,1319943.32,1679680.56,1.31994E+13
2019-5134-8/07/2020,1 City,ADELAIDE,5000,CITY OF ADELAIDE,2,0,0,0,0,2019,May,Friday,5:22 PM,50,T-Junction,Straight road,Level,Not Applicable,Sealed,Dry,Not Raining,Night,Right Angle,1,Driver Rider,1: PDO,No Control,,,1328820.59,1670368.74,1.32882E+13
2019-5135-8/07/2020,2 Metropolitan,WINGFIELD,5013,CITY OF PORT ADELAIDE ENFIELD,2,1,0,0,1,2019,May,Friday,6:14 PM,70,Not Divided,Straight road,Level,Driveway or Entrance,Sealed,Dry,Not Raining,Night,Right Angle,2,Driver Rider,2: MI,No Control,,,1326436.5,1680231.62,1.32644E+13
2019-5136-8/07/2020,2 Metropolitan,TORRENS PARK,5062,CC MITCHAM.                   ,2,1,0,0,1,2019,May,Thursday,8:15 AM,60,T-Junction,Straight road,Slope,Not Applicable,Sealed,Dry,Not Raining,Daylight,Rear End,2,Driver Rider,2: MI,No Control,,,1329626.23,1664220.37,1.32963E+13
2019-5137-8/07/2020,3 Country,CLARE,5453,CLARE AND GILBERT VALLEYS DISTRICT COUNCIL,1,1,0,1,0,2019,May,Friday,3:40 PM,50,Not Divided,Straight road,Bottom of Hill,Not Applicable,Sealed,Dry,Not Raining,Daylight,Roll Over,1,Driver Rider,3: SI,No Control,,,1333280.81,1789933.11,1.33328E+13
2019-5138-8/07/2020,2 Metropolitan,KILBURN,5084,CITY OF PORT ADELAIDE ENFIELD,2,0,0,0,0,2019,May,Friday,5:30 PM,60,T-Junction,Straight road,Level,Not Applicable,Sealed,Dry,Not Raining,Night,Hit Pedestrian,2,Driver Rider,1: PDO,No Control,,,1327216.79,1677388.32,1.32722E+13
2019-5139-8/07/2020,2 Metropolitan,STONYFELL,5066,CITY OF BURNSIDE,2,0,0,0,0,2019,May,Friday,7:15 PM,60,T-Junction,Straight road,Slope,Not Applicable,Sealed,Dry,Not Raining,Night,Rear End,2,Driver Rider,1: PDO,No Control,,,1334731.98,1669686.17,1.33473E+13
2019-5140-8/07/2020,2 Metropolitan,KURRALTA PARK,5037,CITY OF WEST TORRENS,2,1,0,0,1,2019,May,Friday,6:15 PM,60,Cross Road,Straight road,Level,Not Applicable,Sealed,Dry,Not Raining,Night,Right Turn,1,Driver Rider,2: MI,Traffic Signals,,,1325819.1,1668480.34,1.32582E+13
2019-5141-8/07/2020,2 Metropolitan,GREENACRES,5086,CITY OF PORT ADELAIDE ENFIELD,2,1,0,0,1,2019,May,Friday,7:00 PM,60,T-Junction,Straight road,Level,Driveway or Entrance,Sealed,Dry,Not Raining,Night,Right Angle,2,Driver Rider,2: MI,No Control,,,1331211.66,1676580.19,1.33121E+13
2019-5142-8/07/2020,2 Metropolitan,MORPHETT VALE,5162,CITY OF ONKAPARINGA,2,1,0,0,1,2019,May,Friday,2:45 PM,60,T-Junction,Straight road,Level,Not Applicable,Sealed,Dry,Not Raining,Daylight,Right Angle,1,Driver Rider,2: MI,Stop Sign,,Y,1320315.28,1651007.34,1.32032E+13
2019-5143-8/07/2020,3 Country,MYPONGA,5202,DC YANKALILLA.                ,2,0,0,0,0,2019,May,Friday,6:00 PM,100,Not Divided,"CURVED, VIEW OBSCURED",Slope,Not Applicable,Sealed,Dry,Not Raining,Night,Hit Fixed Object,1,Driver Rider,1: PDO,No Control,,,1310103.17,1618670.36,1.3101E+13
2019-5144-8/07/2020,2 Metropolitan,BURNSIDE,5066,CITY OF BURNSIDE,2,0,0,0,0,2019,May,Friday,10:50 PM,60,Not Divided,"CURVED, VIEW OPEN",Slope,Not Applicable,Sealed,Dry,Not Raining,Night,Hit Fixed Object,1,Driver Rider,1: PDO,No Control,,,1335041.8,1668312.36,1.33504E+13
2019-5145-8/07/2020,2 Metropolitan,BELAIR,5052,CC MITCHAM.                   ,3,1,0,0,1,2019,May,Saturday,6:30 AM,60,Not Divided,"CURVED, VIEW OBSCURED",Slope,Not Applicable,Sealed,Wet,Raining,Night,Hit Object on Road,1,Driver Rider,2: MI,No Control,,,1332295.36,1660647.06,1.3323E+13
2019-5146-8/07/2020,2 Metropolitan,BUCKLAND PARK,5120,CITY OF PLAYFORD.,2,1,0,0,1,2019,May,Saturday,7:01 AM,50,Cross Road,Straight road,Level,Not Applicable,Unsealed,Dry,Not Raining,Night,Right Angle,2,Driver Rider,2: MI,No Control,,,1323692.85,1698412.78,1.32369E+13
2019-5147-8/07/2020,2 Metropolitan,WEST CROYDON,5008,CITY OF CHARLES STURT,2,0,0,0,0,2019,May,Thursday,8:30 PM,50,Not Divided,Straight road,Level,Driveway or Entrance,Sealed,Dry,Not Raining,Night,Hit Parked Vehicle,2,Driver Rider,1: PDO,No Control,,,1324652.94,1675084.46,1.32465E+13
2019-5148-8/07/2020,2 Metropolitan,WAYVILLE,5034,CITY OF UNLEY,2,1,0,0,1,2019,May,Friday,4:40 PM,60,Not Divided,Straight road,Level,Not Applicable,Sealed,Wet,Not Raining,Daylight,Rear End,2,Driver Rider,2: MI,No Control,,,1327442.28,1668438.89,1.32744E+13
2019-5149-8/07/2020,2 Metropolitan,CROYDON PARK,5008,CITY OF PORT ADELAIDE ENFIELD,2,0,0,0,0,2019,May,Friday,4:00 PM,60,Divided Road,Straight road,Level,Not Applicable,Sealed,Dry,Not Raining,Daylight,Side Swipe,1,Driver Rider,1: PDO,No Control,,,1326071.16,1675619.65,1.32607E+13
2019-5150-8/07/2020,2 Metropolitan,POORAKA,5095,CITY OF SALISBURY,2,0,0,0,0,2019,May,Saturday,11:10 AM,70,Divided Road,Straight road,Level,Not Applicable,Sealed,Wet,Raining,Daylight,Rear End,2,Driver Rider,1: PDO,No Control,,,1330658.04,1682030.65,1.33066E+13
2019-5151-8/07/2020,2 Metropolitan,OAKLANDS PARK,5046,CC MARION.                    ,3,1,0,0,1,2019,May,Friday,3:47 PM,60,Cross Road,Straight road,Level,Not Applicable,Sealed,Dry,Not Raining,Daylight,Rear End,1,Driver Rider,2: MI,Traffic Signals,,,1323515.9,1663116.37,1.32352E+13
2019-5152-8/07/2020,2 Metropolitan,PARA HILLS WEST,5096,CITY OF SALISBURY,2,0,0,0,0,2019,May,Saturday,11:30 AM,60,Divided Road,Straight road,Level,Not Applicable,Sealed,Wet,Raining,Daylight,Hit Parked Vehicle,1,Driver Rider,1: PDO,No Control,,,1333178.91,1683362.36,1.33318E+13
2019-5153-8/07/2020,2 Metropolitan,FLAGSTAFF HILL,5159,CITY OF ONKAPARINGA,2,0,0,0,0,2019,May,Saturday,11:45 AM,60,Not Divided,Straight road,Slope,Not Applicable,Sealed,Wet,Raining,Daylight,Rear End,2,Driver Rider,1: PDO,No Control,,,1324730.09,1658899.86,1.32473E+13
2019-5154-8/07/2020,2 Metropolitan,MELROSE PARK,5039,CC MITCHAM.                   ,2,0,0,0,0,2019,May,Friday,5:30 PM,60,Cross Road,Straight road,Level,Not Applicable,Sealed,Dry,Not Raining,Night,Right Turn,1,Driver Rider,1: PDO,Traffic Signals,,,1325916.95,1664949.75,1.32592E+13
2019-5155-8/07/2020,2 Metropolitan,HAPPY VALLEY,5159,CITY OF ONKAPARINGA,2,0,0,0,0,2019,May,Saturday,11:55 AM,60,T-Junction,Straight road,Crest of Hill,Not Applicable,Sealed,Wet,Raining,Daylight,Rear End,2,Driver Rider,1: PDO,No Control,,,1323576.28,1653409.55,1.32358E+13
2019-5156-8/07/2020,2 Metropolitan,SEMAPHORE,5019,CITY OF PORT ADELAIDE ENFIELD,2,1,0,0,1,2019,May,Friday,1:30 PM,40,Cross Road,Straight road,Level,Not Applicable,Sealed,Dry,Not Raining,Daylight,Rear End,2,Driver Rider,2: MI,Traffic Signals,,,1318226.58,1680638.05,1.31823E+13
2019-5157-8/07/2020,2 Metropolitan,TORRENSVILLE,5031,CITY OF WEST TORRENS,2,0,0,0,0,2019,May,Saturday,12:25 PM,60,Cross Road,Straight road,Level,Not Applicable,Sealed,Dry,Not Raining,Daylight,Hit Fixed Object,1,Driver Rider,1: PDO,Traffic Signals,,,1325754.68,1670981.93,1.32576E+13
2019-5158-8/07/2020,3 Country,STRATHALBYN,5255,ALEXANDRINA COUNCIL,2,0,0,0,0,2019,May,Saturday,10:00 AM,100,Not Divided,"CURVED, VIEW OBSCURED",Level,"Bridge, Culvert, Causeway",Sealed,Wet,Not Raining,Daylight,Hit Fixed Object,1,Driver Rider,1: PDO,No Control,,,1351246.08,1629553.28,1.35125E+13
2019-5159-8/07/2020,3 Country,MOUNT COMPASS,5210,ALEXANDRINA COUNCIL,2,0,0,0,0,2019,May,Saturday,11:50 AM,100,T-Junction,Straight road,Level,Not Applicable,Sealed,Wet,Raining,Daylight,Right Angle,1,Driver Rider,1: PDO,No Control,,,1329478.33,1620451.93,1.32948E+13
2019-5160-8/07/2020,2 Metropolitan,CRAFERS,5152,THE ADELAIDE HILLS COUNCIL,3,0,0,0,0,2019,May,Saturday,9:47 AM,100,Interchange,Straight road,Level,Not Applicable,Sealed,Wet,Raining,Daylight,Rear End,1,Driver Rider,1: PDO,No Control,,,1338083.44,1662299.48,1.33808E+13
2019-5161-8/07/2020,3 Country,GLADSTONE,5473,NORTHERN AREAS DISTRICT COUNCIL,2,1,0,1,0,2019,May,Saturday,11:20 AM,100,Not Divided,Straight road,Level,Driveway or Entrance,Sealed,Dry,Not Raining,Daylight,Side Swipe,2,Driver Rider,3: SI,No Control,,Y,1309832.22,1852559.73,1.30983E+13
2019-5162-8/07/2020,2 Metropolitan,PORT ADELAIDE,5015,CITY OF PORT ADELAIDE ENFIELD,2,0,0,0,0,2019,May,Saturday,11:45 AM,60,Cross Road,Straight road,Level,Not Applicable,Sealed,Wet,Raining,Daylight,Rear End,2,Driver Rider,1: PDO,Traffic Signals,,,1320508.92,1679078.48,1.32051E+13
2019-5163-8/07/2020,2 Metropolitan,WESTBOURNE PARK,5041,CC MITCHAM.                   ,2,1,0,0,1,2019,May,Saturday,1:35 PM,60,Pedestrian Crossing,Straight road,Level,Not Applicable,Sealed,Wet,Not Raining,Daylight,Rear End,2,Driver Rider,2: MI,Traffic Signals,,,1327517.33,1665848.62,1.32752E+13
2019-5164-8/07/2020,2 Metropolitan,ST MARYS,5042,CC MITCHAM.                   ,2,0,0,0,0,2019,May,Wednesday,8:45 PM,50,T-Junction,Straight road,Level,Not Applicable,Sealed,Dry,Not Raining,Night,Hit Parked Vehicle,1,Driver Rider,1: PDO,No Control,,,1326642.09,1662069.32,1.32664E+13
2019-5165-8/07/2020,2 Metropolitan,ROSTREVOR,5073,CC CAMPBELLTOWN.              ,2,1,0,0,1,2019,May,Friday,9:00 PM,60,T-Junction,Straight road,Level,Not Applicable,Sealed,Wet,Not Raining,Night,Right Angle,1,Driver Rider,2: MI,No Control,,,1336499.09,1674582.7,1.3365E+13
2019-5166-8/07/2020,2 Metropolitan,KINGSWOOD,5062,CC MITCHAM.                   ,2,0,0,0,0,2019,May,Saturday,2:10 PM,60,Cross Road,Straight road,Level,Not Applicable,Sealed,Wet,Raining,Daylight,Right Angle,2,Driver Rider,1: PDO,Traffic Signals,,,1329135.99,1666253.56,1.32914E+13
2019-5167-8/07/2020,2 Metropolitan,SOUTH PLYMPTON,5038,CC MARION.                    ,3,0,0,0,0,2019,May,Saturday,2:30 PM,60,Cross Road,Straight road,Level,Not Applicable,Sealed,Wet,Not Raining,Daylight,Rear End,2,Driver Rider,1: PDO,Traffic Signals,,,1324237.94,1666104.08,1.32424E+13
2019-5168-8/07/2020,2 Metropolitan,SMITHFIELD,5114,CITY OF PLAYFORD.,3,1,0,0,1,2019,May,Saturday,1:45 PM,80,Divided Road,Straight road,Level,Not Applicable,Sealed,Dry,Not Raining,Daylight,Rear End,1,Driver Rider,2: MI,No Control,,,1337436.86,1696344.31,1.33744E+13
2019-5169-8/07/2020,1 City,ADELAIDE,5000,CITY OF ADELAIDE,2,1,0,0,1,2019,May,Saturday,4:10 PM,50,Divided Road,Straight road,Level,Not Applicable,Sealed,Wet,Raining,Daylight,Hit Parked Vehicle,1,Driver Rider,2: MI,No Control,,,1327650.25,1670807.08,1.32765E+13
2019-5170-8/07/2020,2 Metropolitan,KESWICK,5035,CITY OF WEST TORRENS,2,0,0,0,0,2019,May,Saturday,5:35 PM,50,Not Divided,Straight road,Level,Not Applicable,Sealed,Wet,Not Raining,Night,Right Turn,2,Driver Rider,1: PDO,No Control,,,1326189.46,1668490.18,1.32619E+13
2019-5171-8/07/2020,2 Metropolitan,GEPPS CROSS,5094,CITY OF PORT ADELAIDE ENFIELD,2,2,0,0,2,2019,May,Saturday,6:02 PM,60,Cross Road,"CURVED, VIEW OPEN",Level,Not Applicable,Sealed,Wet,Raining,Night,Right Turn,2,Driver Rider,2: MI,Traffic Signals,,,1330377.17,1679315.41,1.33038E+13
2019-5172-8/07/2020,3 Country,MOUNT GAMBIER,5290,CC MT.GAMBIER.                ,2,0,0,0,0,2019,May,Saturday,6:49 PM,50,Not Divided,Straight road,Level,Not Applicable,Sealed,Wet,Not Raining,Night,Hit Parked Vehicle,2,Driver Rider,1: PDO,No Control,,,1508841.6,1341774.65,1.50884E+13
2019-5173-8/07/2020,2 Metropolitan,HALLETT COVE,5158,CC MARION.                    ,2,1,0,1,0,2019,May,Saturday,7:55 PM,80,T-Junction,Straight road,Level,Not Applicable,Sealed,Wet,Not Raining,Night,Right Turn,2,Driver Rider,3: SI,No Control,,,1321385.64,1654936.41,1.32139E+13
2019-5174-8/07/2020,2 Metropolitan,ELIZABETH VALE,5112,CITY OF PLAYFORD.,3,0,0,0,0,2019,May,Saturday,7:20 PM,60,Cross Road,Straight road,Level,Not Applicable,Sealed,Wet,Raining,Night,Hit Fixed Object,1,Driver Rider,1: PDO,Roundabout,,,1334450.22,1689811.49,1.33445E+13
2019-5175-8/07/2020,2 Metropolitan,OTTOWAY,5013,CITY OF PORT ADELAIDE ENFIELD,2,0,0,0,0,2019,May,Saturday,7:20 PM,60,Cross Road,Straight road,Level,Not Applicable,Sealed,Wet,Raining,Night,Right Angle,1,Driver Rider,1: PDO,Stop Sign,,,1322882.11,1679348.41,1.32288E+13
2019-5176-8/07/2020,2 Metropolitan,OLD REYNELLA,5161,CITY OF ONKAPARINGA,2,1,0,0,1,2019,May,Sunday,12:50 AM,50,Not Divided,Straight road,Level,Not Applicable,Sealed,Dry,Not Raining,Night,Hit Fixed Object,1,Driver Rider,2: MI,No Control,Y,,1322449.62,1652451.62,1.32245E+13
2019-5177-8/07/2020,2 Metropolitan,ENFIELD,5085,CITY OF PORT ADELAIDE ENFIELD,2,0,0,0,0,2019,May,Sunday,10:15 AM,60,Divided Road,Straight road,Level,Not Applicable,Sealed,Wet,Raining,Daylight,Side Swipe,1,Driver Rider,1: PDO,No Control,,,1328818.25,1678725.04,1.32882E+13
2019-5178-8/07/2020,3 Country,PORT AUGUSTA,5700,CC PT.AUGUSTA.                ,3,0,0,0,0,2019,May,Sunday,10:00 AM,50,Not Divided,Straight road,Slope,Not Applicable,Sealed,Dry,Not Raining,Daylight,Side Swipe,2,Driver Rider,1: PDO,No Control,,,1260781.91,1940254.87,1.26078E+13
2019-5179-8/07/2020,2 Metropolitan,WINGFIELD,5013,CITY OF PORT ADELAIDE ENFIELD,2,3,0,0,3,2019,May,Sunday,11:15 AM,60,Divided Road,Straight road,Level,Not Applicable,Sealed,Wet,Not Raining,Daylight,Rear End,1,Driver Rider,2: MI,No Control,,,1324240.59,1679161.08,1.32424E+13
2019-5180-8/07/2020,2 Metropolitan,PARACOMBE,5132,THE ADELAIDE HILLS COUNCIL,2,2,0,0,2,2019,May,Sunday,1:10 AM,80,Not Divided,"CURVED, VIEW OPEN",Slope,Not Applicable,Sealed,Wet,Not Raining,Night,Hit Fixed Object,1,Driver Rider,2: MI,No Control,,,1342838.15,1679362.85,1.34284E+13
2019-5181-8/07/2020,2 Metropolitan,BELAIR,5052,CC MITCHAM.                   ,2,0,0,0,0,2019,May,Sunday,11:40 AM,60,Not Divided,"CURVED, VIEW OPEN",Crest of Hill,Not Applicable,Sealed,Wet,Raining,Daylight,Hit Fixed Object,1,Driver Rider,1: PDO,No Control,,,1332680.9,1660407.88,1.33268E+13
2019-5182-8/07/2020,1 City,ADELAIDE,5000,CITY OF ADELAIDE,2,0,0,0,0,2019,May,Saturday,5:30 PM,50,Cross Road,Straight road,Level,Not Applicable,Sealed,Dry,Not Raining,Night,Rear End,2,Driver Rider,1: PDO,Traffic Signals,,,1329020.91,1670834.63,1.32902E+13
2019-5183-8/07/2020,2 Metropolitan,MODBURY NORTH,5092,CITY OF TEA TREE GULLY,2,1,0,0,1,2019,May,Sunday,12:10 PM,60,Cross Road,Straight road,Level,Not Applicable,Sealed,Wet,Not Raining,Daylight,Right Turn,2,Driver Rider,2: MI,Traffic Signals,,,1336150.87,1681195.09,1.33615E+13
2019-5184-8/07/2020,2 Metropolitan,FULHAM GARDENS,5024,CITY OF CHARLES STURT,3,0,0,0,0,2019,May,Sunday,1:15 PM,50,Not Divided,Straight road,Level,Not Applicable,Sealed,Wet,Not Raining,Daylight,Hit Fixed Object,1,Driver Rider,1: PDO,No Control,,,1320911.6,1672355.17,1.32091E+13
2019-5185-8/07/2020,2 Metropolitan,LOWER HERMITAGE,5131,THE ADELAIDE HILLS COUNCIL,2,0,0,0,0,2019,May,Sunday,1:04 PM,80,Not Divided,"CURVED, VIEW OBSCURED",Slope,Not Applicable,Sealed,Wet,Raining,Daylight,Hit Fixed Object,1,Driver Rider,1: PDO,No Control,,,1346204.74,1686546.17,1.34621E+13
2019-5186-8/07/2020,2 Metropolitan,SURREY DOWNS,5126,CITY OF TEA TREE GULLY,2,0,0,0,0,2019,May,Sunday,1:30 PM,50,Not Divided,Straight road,Slope,Not Applicable,Sealed,Wet,Raining,Daylight,Hit Parked Vehicle,1,Driver Rider,1: PDO,No Control,,,1339035.12,1683992.03,1.33904E+13
2019-5187-8/07/2020,2 Metropolitan,WINGFIELD,5013,CITY OF PORT ADELAIDE ENFIELD,2,0,0,0,0,2019,May,Sunday,3:15 PM,40,Divided Road,Straight road,Level,Roadworks,Sealed,Wet,Not Raining,Daylight,Rear End,2,Driver Rider,1: PDO,No Control,,,1325438.1,1680735.55,1.32544E+13
2019-5188-8/07/2020,2 Metropolitan,PENFIELD,5121,CITY OF PLAYFORD.,2,0,0,0,0,2019,May,Sunday,4:40 PM,80,Not Divided,Straight road,Level,Not Applicable,Sealed,Wet,Not Raining,Daylight,Hit Fixed Object,1,Driver Rider,1: PDO,No Control,,,1332945.3,1696637.35,1.33295E+13
2019-5189-8/07/2020,2 Metropolitan,SALISBURY DOWNS,5108,CITY OF SALISBURY,2,0,0,0,0,2019,May,Sunday,5:17 PM,60,Cross Road,Straight road,Level,Not Applicable,Sealed,Wet,Raining,Night,Right Angle,2,Driver Rider,1: PDO,Roundabout,,,1330533.89,1687541.31,1.33053E+13
2019-5190-8/07/2020,2 Metropolitan,TAPEROO,5017,CITY OF PORT ADELAIDE ENFIELD,2,1,0,0,1,2019,May,Sunday,5:35 PM,50,Cross Road,Straight road,Level,Not Applicable,Sealed,Wet,Raining,Night,Right Angle,2,Driver Rider,2: MI,Give Way Sign,,,1319623.64,1684787.06,1.31962E+13
2019-5191-8/07/2020,1 City,ADELAIDE,5000,CITY OF ADELAIDE,2,1,0,0,1,2019,May,Sunday,5:10 PM,50,Cross Road,Straight road,Level,Not Applicable,Sealed,Wet,Raining,Daylight,Right Angle,2,Driver Rider,2: MI,Traffic Signals,,,1329024.85,1670686.76,1.32903E+13
2019-5192-8/07/2020,2 Metropolitan,NORWOOD,5067,"CC OF NORWOOD,PAYNEHAM & ST PETERS",2,0,0,0,0,2019,May,Sunday,6:00 PM,60,Cross Road,Straight road,Level,Not Applicable,Sealed,Wet,Raining,Night,Right Angle,1,Driver Rider,1: PDO,Stop Sign,,,1332073.07,1670405.35,1.33207E+13
2019-5193-8/07/2020,2 Metropolitan,SALISBURY EAST,5109,CITY OF SALISBURY,2,2,0,0,2,2019,May,Sunday,7:55 PM,80,T-Junction,Straight road,Level,Not Applicable,Sealed,Dry,Not Raining,Night,Right Turn,1,Driver Rider,2: MI,Traffic Signals,,,1336038.27,1686960.47,1.33604E+13
2019-5194-8/07/2020,3 Country,FINNISS,5255,ALEXANDRINA COUNCIL,2,1,1,0,0,2019,May,Sunday,3:55 PM,100,Not Divided,Straight road,Level,Not Applicable,Sealed,Wet,Raining,Daylight,Hit Fixed Object,1,Driver Rider,4: Fatal,No Control,,,1349135.49,1619314.72,1.34914E+13
2019-5195-8/07/2020,3 Country,YAHL,5291,DISTRICT COUNCIL OF GRANT,2,1,1,0,0,2019,May,Sunday,5:30 PM,110,Not Divided,"CURVED, VIEW OPEN",Level,Not Applicable,Sealed,Unknown,Unknown,Night,Hit Fixed Object,1,Driver Rider,4: Fatal,No Control,,Y,1518775.93,1336210.3,1.51878E+13
2019-5196-8/07/2020,2 Metropolitan,ROSEWATER,5013,CITY OF PORT ADELAIDE ENFIELD,3,0,0,0,0,2019,May,Sunday,8:35 PM,50,Not Divided,Straight road,Level,Not Applicable,Sealed,Wet,Raining,Night,Hit Fixed Object,1,Driver Rider,1: PDO,No Control,,,1321653.34,1679593.33,1.32165E+13
2019-5197-8/07/2020,2 Metropolitan,HAPPY VALLEY,5159,CITY OF ONKAPARINGA,3,2,0,2,0,2019,May,Sunday,8:10 PM,80,T-Junction,"CURVED, VIEW OPEN",Level,Not Applicable,Sealed,Wet,Raining,Night,Right Angle,1,Driver Rider,3: SI,Traffic Signals,Y,,1324309.46,1655855.42,1.32431E+13
2019-5198-8/07/2020,2 Metropolitan,ONKAPARINGA HILLS,5163,CITY OF ONKAPARINGA,2,1,1,0,0,2019,May,Sunday,11:20 PM,80,Not Divided,"CURVED, VIEW OPEN",Level,Not Applicable,Sealed,Wet,Unknown,Night,Hit Fixed Object,1,Driver Rider,4: Fatal,No Control,Y,,1325584.58,1646346.99,1.32559E+13
2019-5199-8/07/2020,2 Metropolitan,PANORAMA,5041,CC MITCHAM.                   ,2,0,0,0,0,2019,May,Monday,8:12 AM,50,Cross Road,Straight road,Level,Not Applicable,Sealed,Dry,Not Raining,Daylight,Right Angle,1,Driver Rider,1: PDO,Give Way Sign,,,1327999.27,1663395.32,1.328E+13
2019-5200-8/07/2020,2 Metropolitan,DAW PARK,5041,CC MITCHAM.                   ,3,0,0,0,0,2019,May,Monday,9:03 AM,60,Divided Road,Straight road,Level,Not Applicable,Sealed,Dry,Not Raining,Daylight,Rear End,2,Driver Rider,1: PDO,No Control,,,1327592.16,1663547.61,1.32759E+13