REPORT_ID,Stats Area,Suburb,Postcode,LGA Name,Total Units,Total Cas,Total Fats,Total SI,Total MI,Year,Month,Day,Time,Area Speed,Position Type,Horizontal Align,Vertical Align,Other Feat,Road Surface,Moisture Cond,Weather Cond,DayNight,Crash Type,Unit Resp,Entity Code,CSEF Severity,Traffic Ctrls,DUI Involved,Drugs Involved,ACCLOC_X,ACCLOC_Y,UNIQUE_LOC
2019-5201-8/07/2020,2 Metropolitan,TORRENSVILLE,5031,CITY OF WEST TORRENS,2,0,0,0,0,2019,May,Sunday,11:40 PM,50,Divided Road,Straight road,Level,Not Applicable,Sealed,Wet,Raining,Night,Hit Parked Vehicle,2,Driver Rider,1: PDO,No Control,,,1324688.54,1670955.43,1.32469E+13
2019-5202-8/07/2020,1 City,ADELAIDE,5000,CITY OF ADELAIDE,2,0,0,0,0,2019,May,Monday,6:40 AM,60,Divided Road,Straight road,Level,Not Applicable,Sealed,Wet,Not Raining,Night,Rear End,1,Driver Rider,1: PDO,No Control,,,1327365.23,1670279.63,1.32737E+13
2019-5203-8/07/2020,2 Metropolitan,TONSLEY,5042,CC MARION.                    ,2,0,0,0,0,2019,May,Friday,4:05 PM,40,Divided Road,Straight road,Level,Roadworks,Sealed,Dry,Not Raining,Daylight,Rear End,2,Driver Rider,1: PDO,No Control,,,1325908.47,1661209.34,1.32591E+13
2019-5204-8/07/2020,3 Country,COMPTON,5291,CC MT.GAMBIER.                ,2,0,0,0,0,2019,May,Monday,7:20 AM,80,T-Junction,Straight road,Level,Not Applicable,Sealed,Dry,Not Raining,Daylight,Hit Fixed Object,1,Driver Rider,1: PDO,No Control,,,1507337.66,1339923.75,1.50734E+13
2019-5205-8/07/2020,2 Metropolitan,WESTBOURNE PARK,5041,CC MITCHAM.                   ,2,2,0,0,2,2019,May,Monday,9:30 AM,60,Cross Road,Straight road,Level,Not Applicable,Sealed,Dry,Not Raining,Daylight,Right Turn,2,Driver Rider,2: MI,Traffic Signals,,,1327508,1666198.52,1.32751E+13
2019-5206-8/07/2020,3 Country,PIPALYATJARA,872,,2,1,0,0,1,2019,May,Monday,9:00 AM,100,Not Divided,Straight road,Level,Not Applicable,Sealed,Dry,Not Raining,Daylight,Hit Pedestrian,2,Pedestrian,2: MI,No Control,,,415748.24,2630859.98,4.15748E+12
2019-5207-8/07/2020,2 Metropolitan,PASADENA,5042,CC MITCHAM.                   ,2,0,0,0,0,2019,May,Monday,12:15 PM,60,Divided Road,Straight road,Level,Not Applicable,Sealed,Dry,Not Raining,Daylight,Hit Fixed Object,1,Driver Rider,1: PDO,No Control,,,1327102.43,1661792.21,1.3271E+13
2019-5208-8/07/2020,3 Country,PAGES FLAT,5172,ALEXANDRINA COUNCIL,2,0,0,0,0,2019,May,Wednesday,3:15 PM,100,Not Divided,Straight road,Level,Not Applicable,Sealed,Dry,Not Raining,Daylight,Hit Animal,2,Animal,1: PDO,No Control,,,1322217.42,1626195.55,1.32222E+13
2019-5209-8/07/2020,3 Country,MCCRACKEN,5211,DC VICTOR HARBOR.             ,2,1,0,0,1,2019,May,Monday,9:45 AM,40,Not Divided,Straight road,Level,Not Applicable,Sealed,Dry,Not Raining,Daylight,Hit Fixed Object,1,Driver Rider,2: MI,No Control,,,1328844.62,1602239.24,1.32885E+13
2019-5210-8/07/2020,2 Metropolitan,MAWSON LAKES,5095,CITY OF SALISBURY,2,0,0,0,0,2019,May,Monday,11:00 AM,50,T-Junction,Straight road,Level,Not Applicable,Sealed,Dry,Not Raining,Daylight,Rear End,2,Driver Rider,1: PDO,No Control,,,1330486.09,1683736.33,1.33049E+13
2019-5211-8/07/2020,2 Metropolitan,BRIGHTON,5048,CITY OF HOLDFAST BAY,2,0,0,0,0,2019,May,Monday,12:45 PM,50,T-Junction,Straight road,Level,Not Applicable,Sealed,Dry,Not Raining,Daylight,Right Turn,1,Driver Rider,1: PDO,No Control,,,1320348.75,1660926.42,1.32035E+13
2019-5212-8/07/2020,3 Country,YALATA,5690,,2,1,0,0,1,2019,May,Monday,11:00 AM,110,Not Divided,Straight road,Level,Not Applicable,Sealed,Wet,Raining,Daylight,Hit Fixed Object,1,Driver Rider,2: MI,No Control,,,652249.13,2064886.31,6.52249E+12
2019-5213-8/07/2020,3 Country,WATTLE FLAT,5203,DC YANKALILLA.                ,2,0,0,0,0,2019,May,Monday,8:43 AM,100,Not Divided,"CURVED, VIEW OPEN",Slope,Not Applicable,Sealed,Wet,Not Raining,Daylight,Hit Fixed Object,1,Driver Rider,1: PDO,No Control,,,1308881.28,1616323,1.30888E+13
2019-5214-8/07/2020,3 Country,PENOLA,5277,WATTLE RANGE COUNCIL,2,0,0,0,0,2019,May,Monday,9:10 AM,80,Not Divided,Straight road,Level,Driveway or Entrance,Sealed,Wet,Unknown,Daylight,Right Angle,2,Driver Rider,1: PDO,No Control,,,1517983.96,1390893.42,1.51798E+13
2019-5215-8/07/2020,3 Country,MURRAY BRIDGE,5253,RC MURRAY BRIDGE.             ,2,1,0,0,1,2019,May,Sunday,8:45 PM,50,Cross Road,Straight road,Level,Not Applicable,Sealed,Wet,Raining,Night,Rear End,2,Driver Rider,2: MI,Roundabout,,,1389576.32,1645940.72,1.38958E+13
2019-5216-8/07/2020,2 Metropolitan,ONE TREE HILL,5114,CITY OF PLAYFORD.,3,0,0,0,0,2019,May,Monday,2:50 PM,100,Not Divided,Straight road,Level,Not Applicable,Sealed,Wet,Raining,Daylight,Head On,2,Driver Rider,1: PDO,No Control,,,1342226.73,1693126.62,1.34223E+13
2019-5217-8/07/2020,3 Country,GLENCOE,5291,WATTLE RANGE COUNCIL,2,1,1,0,0,2019,May,Monday,1:25 PM,100,Not Divided,Straight road,Slope,Not Applicable,Sealed,Dry,Not Raining,Daylight,Hit Fixed Object,1,Driver Rider,4: Fatal,No Control,,,1490007.88,1357697.64,1.49001E+13
2019-5218-8/07/2020,2 Metropolitan,HINDMARSH,5007,CITY OF CHARLES STURT,3,1,0,0,1,2019,May,Monday,11:40 AM,60,T-Junction,Straight road,Level,Not Applicable,Sealed,Dry,Not Raining,Daylight,Rear End,1,Driver Rider,2: MI,Traffic Signals,,,1326125.23,1672575.24,1.32613E+13
2019-5219-8/07/2020,2 Metropolitan,OAKLANDS PARK,5046,CC MARION.                    ,3,0,0,0,0,2019,May,Monday,3:00 PM,50,T-Junction,Straight road,Level,Not Applicable,Sealed,Wet,Raining,Daylight,Right Angle,1,Driver Rider,1: PDO,No Control,,,1323245.73,1661633.75,1.32325E+13
2019-5220-8/07/2020,2 Metropolitan,TRINITY GARDENS,5068,"CC OF NORWOOD,PAYNEHAM & ST PETERS",2,1,0,0,1,2019,May,Monday,4:50 PM,50,Cross Road,Straight road,Level,Not Applicable,Sealed,Wet,Not Raining,Daylight,Right Angle,1,Driver Rider,2: MI,Give Way Sign,,,1332859.24,1672065.37,1.33286E+13
2019-5221-8/07/2020,2 Metropolitan,RICHMOND,5033,CITY OF WEST TORRENS,2,0,0,0,0,2019,May,Monday,3:02 PM,60,Divided Road,Straight road,Level,Not Applicable,Sealed,Dry,Not Raining,Daylight,Side Swipe,2,Driver Rider,1: PDO,No Control,,,1325788.21,1669192.27,1.32579E+13
2019-5222-8/07/2020,2 Metropolitan,ST MORRIS,5068,"CC OF NORWOOD,PAYNEHAM & ST PETERS",2,0,0,0,0,2019,May,Monday,2:30 PM,60,Not Divided,Straight road,Level,Driveway or Entrance,Sealed,Dry,Not Raining,Daylight,Hit Parked Vehicle,1,Driver Rider,1: PDO,No Control,,,1333281.08,1671789.43,1.33328E+13
2019-5223-8/07/2020,2 Metropolitan,LEABROOK,5068,CITY OF BURNSIDE,4,0,0,0,0,2019,May,Monday,5:38 PM,60,Not Divided,Straight road,Level,Not Applicable,Sealed,Wet,Not Raining,Night,Hit Fixed Object,1,Driver Rider,1: PDO,No Control,,,1333921,1669716.79,1.33392E+13
2019-5224-8/07/2020,2 Metropolitan,FULLARTON,5063,CITY OF UNLEY,2,0,0,0,0,2019,May,Monday,8:00 AM,60,Not Divided,Straight road,Level,Not Applicable,Sealed,Dry,Not Raining,Daylight,Side Swipe,2,Driver Rider,1: PDO,No Control,,,1330769.2,1668269.72,1.33077E+13
2019-5225-8/07/2020,2 Metropolitan,TORRENSVILLE,5031,CITY OF WEST TORRENS,2,1,0,1,0,2019,May,Monday,6:05 PM,60,Divided Road,Straight road,Level,Not Applicable,Sealed,Wet,Raining,Night,Hit Pedestrian,2,Pedestrian,3: SI,No Control,Y,,1325536.22,1671756.64,1.32554E+13
2019-5226-8/07/2020,2 Metropolitan,PAYNEHAM,5070,"CC OF NORWOOD,PAYNEHAM & ST PETERS",2,0,0,0,0,2019,May,Monday,3:45 PM,60,Cross Road,Straight road,Level,Not Applicable,Sealed,Dry,Not Raining,Daylight,Side Swipe,2,Driver Rider,1: PDO,Traffic Signals,,,1332172.02,1673790.11,1.33217E+13
2019-5227-8/07/2020,2 Metropolitan,ELIZABETH VALE,5112,CITY OF PLAYFORD.,2,0,0,0,0,2019,May,Monday,6:20 PM,80,T-Junction,"CURVED, VIEW OPEN",Level,Not Applicable,Sealed,Wet,Raining,Night,Rear End,2,Driver Rider,1: PDO,Traffic Signals,,,1336162.73,1690282.12,1.33616E+13
2019-5228-8/07/2020,2 Metropolitan,GOLDEN GROVE,5125,CITY OF TEA TREE GULLY,2,0,0,0,0,2019,May,Monday,6:00 PM,60,Not Divided,"CURVED, VIEW OPEN",Level,Not Applicable,Sealed,Wet,Raining,Night,Hit Fixed Object,1,Driver Rider,1: PDO,No Control,,,1339217.35,1686006.18,1.33922E+13
2019-5229-8/07/2020,2 Metropolitan,SALISBURY PLAIN,5109,CITY OF SALISBURY,2,0,0,0,0,2019,May,Monday,5:00 PM,60,Cross Road,Straight road,Level,Not Applicable,Sealed,Dry,Not Raining,Daylight,Side Swipe,1,Driver Rider,1: PDO,Roundabout,,,1333807.7,1687916.19,1.33381E+13
2019-5230-8/07/2020,2 Metropolitan,BROWN HILL CREEK,5062,CC MITCHAM.                   ,3,1,0,0,1,2019,May,Monday,6:40 PM,100,Freeway,"CURVED, VIEW OPEN",Slope,Not Applicable,Sealed,Wet,Raining,Night,Rear End,1,Driver Rider,2: MI,No Control,,,1333301.62,1665283.29,1.3333E+13
2019-5231-8/07/2020,2 Metropolitan,ROSTREVOR,5073,CC CAMPBELLTOWN.              ,2,0,0,0,0,2019,May,Monday,6:53 PM,60,Not Divided,Straight road,Level,Not Applicable,Sealed,Wet,Not Raining,Night,Rear End,1,Driver Rider,1: PDO,No Control,,,1335450.32,1673087.43,1.33545E+13
2019-5232-8/07/2020,2 Metropolitan,SALISBURY DOWNS,5108,CITY OF SALISBURY,2,0,0,0,0,2019,May,Monday,4:00 PM,60,Divided Road,Straight road,Level,Driveway or Entrance,Sealed,Wet,Not Raining,Daylight,Side Swipe,1,Driver Rider,1: PDO,No Control,,,1331482.98,1686857.21,1.33148E+13
2019-5233-8/07/2020,2 Metropolitan,KINGSWOOD,5062,CC MITCHAM.                   ,2,0,0,0,0,2019,May,Monday,4:15 PM,60,Cross Road,Straight road,Level,Not Applicable,Sealed,Dry,Not Raining,Daylight,Right Turn,2,Driver Rider,1: PDO,Traffic Signals,,,1329135.99,1666253.56,1.32914E+13
2019-5234-8/07/2020,2 Metropolitan,ELIZABETH PARK,5113,CITY OF PLAYFORD.,4,1,0,1,0,2019,May,Monday,9:04 PM,80,Cross Road,Straight road,Level,Not Applicable,Sealed,Dry,Not Raining,Night,Right Angle,2,Driver Rider,3: SI,Traffic Signals,,,1336500.9,1694621.89,1.3365E+13
2019-5235-8/07/2020,2 Metropolitan,BRAHMA LODGE,5109,CITY OF SALISBURY,2,1,0,0,1,2019,May,Monday,9:55 PM,80,Divided Road,Straight road,Level,Not Applicable,Sealed,Wet,Raining,Night,Hit Fixed Object,1,Driver Rider,2: MI,No Control,,,1334013.68,1686340.19,1.33401E+13
2019-5236-8/07/2020,2 Metropolitan,STIRLING,5152,THE ADELAIDE HILLS COUNCIL,1,1,0,0,1,2019,May,Monday,8:30 PM,80,T-Junction,"CURVED, VIEW OPEN",Level,Not Applicable,Sealed,Wet,Raining,Night,Left Road - Out of Control,1,Driver Rider,2: MI,No Control,,,1338154.83,1661214.25,1.33816E+13
2019-5237-8/07/2020,2 Metropolitan,BELAIR,5052,CC MITCHAM.                   ,2,0,0,0,0,2019,May,Tuesday,12:10 AM,60,Not Divided,"CURVED, VIEW OBSCURED",Slope,Not Applicable,Sealed,Wet,Raining,Night,Hit Fixed Object,1,Driver Rider,1: PDO,No Control,,,1332324.93,1660642.85,1.33233E+13
2019-5238-8/07/2020,2 Metropolitan,WINGFIELD,5013,CITY OF PORT ADELAIDE ENFIELD,2,1,0,0,1,2019,May,Tuesday,3:35 AM,60,Divided Road,Straight road,Level,Not Applicable,Sealed,Wet,Raining,Night,Hit Fixed Object,1,Driver Rider,2: MI,No Control,,,1324937.58,1679187.92,1.32494E+13
2019-5239-8/07/2020,2 Metropolitan,CROYDON PARK,5008,CITY OF PORT ADELAIDE ENFIELD,2,0,0,0,0,2019,May,Tuesday,5:30 AM,60,Not Divided,Straight road,Level,Not Applicable,Sealed,Wet,Not Raining,Night,Side Swipe,2,Driver Rider,1: PDO,No Control,,,1326077.9,1675794.77,1.32608E+13
2019-5240-8/07/2020,2 Metropolitan,SPRINGFIELD,5062,CC MITCHAM.                   ,2,1,0,0,1,2019,May,Tuesday,7:49 AM,60,Not Divided,Straight road,Level,Not Applicable,Sealed,Dry,Not Raining,Daylight,Side Swipe,2,Driver Rider,2: MI,No Control,,,1330800.65,1665054.93,1.3308E+13
2019-5241-8/07/2020,2 Metropolitan,KESWICK,5035,CITY OF WEST TORRENS,2,0,0,0,0,2019,May,Tuesday,7:48 AM,50,Not Divided,Straight road,Level,Not Applicable,Sealed,Dry,Not Raining,Daylight,Hit Fixed Object,1,Driver Rider,1: PDO,No Control,,,1326446.64,1668826.16,1.32645E+13
2019-5242-8/07/2020,2 Metropolitan,NOARLUNGA CENTRE,5168,CITY OF ONKAPARINGA,2,0,0,0,0,2019,May,Tuesday,9:00 AM,50,Not Divided,Straight road,Slope,Driveway or Entrance,Sealed,Dry,Not Raining,Daylight,Side Swipe,2,Driver Rider,1: PDO,No Control,,,1317484.54,1647147.54,1.31749E+13
2019-5243-8/07/2020,2 Metropolitan,POORAKA,5095,CITY OF SALISBURY,2,1,0,0,1,2019,May,Monday,11:45 AM,80,T-Junction,Straight road,Level,Not Applicable,Sealed,Dry,Not Raining,Daylight,Rear End,2,Driver Rider,2: MI,Stop Sign,,,1331520.62,1683155,1.33152E+13
2019-5244-8/07/2020,3 Country,YALATA,5690,,1,0,0,0,0,2019,May,Monday,4:00 PM,110,Not Divided,Straight road,Level,Not Applicable,Sealed,Dry,Not Raining,Daylight,Roll Over,1,Driver Rider,1: PDO,No Control,,,665047.93,2063617.36,6.65048E+12
2019-5245-8/07/2020,2 Metropolitan,WINGFIELD,5013,CITY OF PORT ADELAIDE ENFIELD,2,1,0,0,1,2019,May,Monday,1:32 PM,50,Cross Road,Straight road,Level,Not Applicable,Sealed,Dry,Not Raining,Daylight,Hit Parked Vehicle,2,Driver Rider,2: MI,Give Way Sign,,,1325714.67,1680474.43,1.32572E+13
2019-5246-8/07/2020,2 Metropolitan,TRINITY GARDENS,5068,"CC OF NORWOOD,PAYNEHAM & ST PETERS",2,0,0,0,0,2019,May,Monday,6:00 PM,50,Not Divided,Straight road,Slope,Driveway or Entrance,Sealed,Dry,Not Raining,Night,Hit Parked Vehicle,1,Driver Rider,1: PDO,No Control,,,1332981.02,1672003.89,1.33298E+13
2019-5247-8/07/2020,2 Metropolitan,DRY CREEK,5094,CITY OF PORT ADELAIDE ENFIELD,2,1,0,0,1,2019,May,Tuesday,9:19 AM,60,T-Junction,Straight road,Level,Not Applicable,Unsealed,Dry,Not Raining,Daylight,Right Angle,1,Driver Rider,2: MI,Give Way Sign,,,1327643.67,1680495.2,1.32764E+13
2019-5248-8/07/2020,2 Metropolitan,ANDREWS FARM,5114,CITY OF PLAYFORD.,2,0,0,0,0,2019,May,Monday,4:10 PM,50,Not Divided,Straight road,Level,Not Applicable,Sealed,Dry,Not Raining,Daylight,Hit Pedestrian,2,Pedestrian,1: PDO,No Control,,,1335668.39,1699042.31,1.33567E+13
2019-5249-8/07/2020,2 Metropolitan,SALISBURY EAST,5109,CITY OF SALISBURY,2,0,0,0,0,2019,May,Monday,10:20 PM,80,Cross Road,Straight road,Level,Not Applicable,Sealed,Wet,Raining,Night,Side Swipe,2,Driver Rider,1: PDO,Traffic Signals,,,1333995.93,1686285.66,1.334E+13
2019-5250-8/07/2020,2 Metropolitan,UNDERDALE,5032,CITY OF WEST TORRENS,2,1,0,0,1,2019,April,Saturday,12:20 AM,60,T-Junction,Straight road,Level,Not Applicable,Sealed,Dry,Not Raining,Night,Rear End,2,Driver Rider,2: MI,Traffic Signals,,,1323855.47,1670942.23,1.32386E+13
2019-5251-8/07/2020,2 Metropolitan,URRBRAE,5064,CC MITCHAM.                   ,2,1,0,0,1,2019,May,Tuesday,7:58 AM,60,Cross Road,Straight road,Level,Not Applicable,Sealed,Wet,Raining,Daylight,Rear End,2,Driver Rider,2: MI,Traffic Signals,,,1330765.11,1666293.95,1.33077E+13
2019-5252-8/07/2020,2 Metropolitan,CAMPBELLTOWN,5074,CC CAMPBELLTOWN.              ,2,0,0,0,0,2019,May,Tuesday,10:50 AM,60,Divided Road,Straight road,Level,Not Applicable,Sealed,Wet,Raining,Daylight,Hit Parked Vehicle,1,Driver Rider,1: PDO,No Control,,,1333970.45,1674835.86,1.33397E+13
2019-5253-8/07/2020,2 Metropolitan,QUEENSTOWN,5014,CITY OF PORT ADELAIDE ENFIELD,2,0,0,0,0,2019,May,Tuesday,10:50 AM,60,T-Junction,Straight road,Level,Not Applicable,Sealed,Wet,Raining,Daylight,Hit Fixed Object,1,Driver Rider,1: PDO,Traffic Signals,,,1320944.93,1677835.48,1.32095E+13
2019-5254-8/07/2020,2 Metropolitan,CROYDON PARK,5008,CITY OF PORT ADELAIDE ENFIELD,3,0,0,0,0,2019,May,Tuesday,11:35 AM,60,Divided Road,Straight road,Level,Not Applicable,Sealed,Wet,Not Raining,Daylight,Rear End,1,Driver Rider,1: PDO,No Control,,,1325651.51,1676355.49,1.32565E+13
2019-5255-8/07/2020,3 Country,MINNIPA,5654,DC WUDINNA. (DC LE HUNTE.),1,0,0,0,0,2019,May,Tuesday,8:20 AM,110,Not Divided,"CURVED, VIEW OPEN",Level,Not Applicable,Sealed,Dry,Not Raining,Daylight,Left Road - Out of Control,1,Driver Rider,1: PDO,No Control,,,1017565.21,1902488.56,1.01757E+13
2019-5256-8/07/2020,2 Metropolitan,KURRALTA PARK,5037,CITY OF WEST TORRENS,2,1,0,0,1,2019,May,Friday,8:10 AM,60,Divided Road,Straight road,Level,Not Applicable,Sealed,Dry,Not Raining,Daylight,Side Swipe,1,Driver Rider,2: MI,No Control,,,1325266.18,1667341.19,1.32527E+13
2019-5257-8/07/2020,2 Metropolitan,LINDEN PARK,5065,CITY OF BURNSIDE,2,0,0,0,0,2019,May,Tuesday,7:45 AM,60,Not Divided,Straight road,Level,Driveway or Entrance,Sealed,Dry,Not Raining,Daylight,Right Turn,1,Driver Rider,1: PDO,No Control,,,1332318.84,1668832.45,1.33232E+13
2019-5258-8/07/2020,2 Metropolitan,MCLAREN VALE,5171,CITY OF ONKAPARINGA,2,0,0,0,0,2019,May,Tuesday,12:20 PM,80,Not Divided,"CURVED, VIEW OPEN",Level,Not Applicable,Sealed,Wet,Raining,Daylight,Hit Pedestrian,2,Pedestrian,1: PDO,No Control,,,1319584.17,1641086.41,1.31958E+13
2019-5259-8/07/2020,2 Metropolitan,MEDINDIE,5081,WALKERVILLE TOWN COUNCIL,3,1,0,0,1,2019,May,Saturday,12:30 PM,60,Cross Road,Straight road,Level,Not Applicable,Sealed,Wet,Raining,Daylight,Rear End,1,Driver Rider,2: MI,Traffic Signals,,,1328342.94,1673681.81,1.32834E+13
2019-5260-8/07/2020,2 Metropolitan,OAKDEN,5086,CITY OF PORT ADELAIDE ENFIELD,2,0,0,0,0,2019,May,Tuesday,1:15 PM,70,T-Junction,Straight road,Level,Not Applicable,Sealed,Wet,Raining,Daylight,Side Swipe,1,Driver Rider,1: PDO,Traffic Signals,,,1332015.37,1679307.05,1.33202E+13
2019-5261-8/07/2020,2 Metropolitan,OLD NOARLUNGA,5168,CITY OF ONKAPARINGA,2,1,0,0,1,2019,March,Wednesday,8:45 AM,60,T-Junction,Straight road,Slope,Not Applicable,Sealed,Dry,Not Raining,Daylight,Rear End,2,Driver Rider,2: MI,No Control,,,1318007.28,1642059.97,1.31801E+13
2019-5262-8/07/2020,2 Metropolitan,PORT ADELAIDE,5015,CITY OF PORT ADELAIDE ENFIELD,2,0,0,0,0,2019,May,Tuesday,12:23 PM,50,Not Divided,Straight road,Level,Not Applicable,Sealed,Wet,Raining,Daylight,Right Angle,1,Driver Rider,1: PDO,No Control,,,1320246.69,1680145.99,1.32025E+13
2019-5263-8/07/2020,3 Country,GLENROY,5277,WATTLE RANGE COUNCIL,2,1,0,0,1,2019,May,Tuesday,1:35 PM,110,Not Divided,Straight road,Level,Driveway or Entrance,Sealed,Wet,Not Raining,Daylight,Roll Over,1,Driver Rider,2: MI,No Control,,,1519912.19,1406311.93,1.51991E+13
2019-5264-8/07/2020,2 Metropolitan,ATHOL PARK,5012,CITY OF CHARLES STURT,2,0,0,0,0,2019,May,Tuesday,1:50 PM,60,Cross Road,Straight road,Level,Not Applicable,Sealed,Wet,Raining,Daylight,Right Angle,1,Driver Rider,1: PDO,Stop Sign,,,1323915.04,1678751.95,1.32392E+13
2019-5265-8/07/2020,2 Metropolitan,NOARLUNGA DOWNS,5168,CITY OF ONKAPARINGA,2,0,0,0,0,2019,May,Tuesday,2:00 PM,60,Not Divided,Straight road,Crest of Hill,Not Applicable,Sealed,Wet,Not Raining,Daylight,Hit Fixed Object,1,Driver Rider,1: PDO,No Control,,,1317369.33,1646711.7,1.31737E+13
2019-5266-8/07/2020,2 Metropolitan,NETLEY,5037,CITY OF WEST TORRENS,2,0,0,0,0,2019,May,Tuesday,2:30 PM,60,Not Divided,Straight road,Level,Not Applicable,Sealed,Wet,Not Raining,Daylight,Hit Pedestrian,1,Driver Rider,1: PDO,No Control,,,1324186.19,1668147.17,1.32419E+13
2019-5267-8/07/2020,2 Metropolitan,SMITHFIELD PLAINS,5114,CITY OF PLAYFORD.,2,0,0,0,0,2019,May,Monday,9:20 PM,50,Not Divided,Straight road,Level,Driveway or Entrance,Sealed,Wet,Raining,Night,Right Angle,1,Driver Rider,1: PDO,No Control,,,1336170.79,1698083.85,1.33617E+13
2019-5268-8/07/2020,2 Metropolitan,MOUNT BARKER,5251,DC MT.BARKER.                 ,2,0,0,0,0,2019,May,Tuesday,7:40 AM,110,Not Divided,"CURVED, VIEW OBSCURED",Level,Not Applicable,Sealed,Wet,Not Raining,Daylight,Hit Animal,2,Animal,1: PDO,No Control,,,1352674.7,1655640.92,1.35268E+13
2019-5269-8/07/2020,3 Country,WINTINNA,5723,,2,0,0,0,0,2019,May,Sunday,9:00 PM,110,Not Divided,"CURVED, VIEW OPEN",Level,Not Applicable,Sealed,Dry,Not Raining,Night,Hit Animal,2,Animal,1: PDO,No Control,,,903214.96,2466248.17,9.03215E+12
2019-5270-8/07/2020,2 Metropolitan,KINGSWOOD,5062,CC MITCHAM.                   ,2,0,0,0,0,2019,May,Tuesday,10:40 AM,60,Cross Road,Straight road,Level,Not Applicable,Sealed,Dry,Not Raining,Daylight,Side Swipe,2,Driver Rider,1: PDO,Traffic Signals,,,1329135.99,1666253.56,1.32914E+13
2019-5271-8/07/2020,2 Metropolitan,BEDFORD PARK,5042,CC MITCHAM.                   ,2,0,0,0,0,2019,May,Tuesday,2:20 PM,70,T-Junction,Straight road,Slope,Not Applicable,Sealed,Dry,Not Raining,Daylight,Rear End,1,Driver Rider,1: PDO,Traffic Signals,,,1325156.2,1660414.38,1.32516E+13
2019-5272-8/07/2020,2 Metropolitan,ELIZABETH EAST,5112,CITY OF PLAYFORD.,4,4,0,4,0,2019,May,Tuesday,3:00 PM,80,Divided Road,Straight road,Level,Not Applicable,Sealed,Wet,Raining,Daylight,Side Swipe,1,Driver Rider,3: SI,No Control,,,1336133.77,1692016.92,1.33613E+13
2019-5273-8/07/2020,2 Metropolitan,BIRKENHEAD,5015,CITY OF PORT ADELAIDE ENFIELD,2,1,0,0,1,2019,May,Tuesday,8:45 AM,60,T-Junction,Straight road,Level,Not Applicable,Sealed,Wet,Not Raining,Daylight,Rear End,2,Driver Rider,2: MI,Traffic Signals,,,1319959.07,1680684.57,1.31996E+13
2019-5274-8/07/2020,2 Metropolitan,WYNN VALE,5092,CITY OF TEA TREE GULLY,2,0,0,0,0,2019,May,Tuesday,4:05 PM,70,T-Junction,Straight road,Level,Not Applicable,Sealed,Wet,Raining,Daylight,Hit Fixed Object,1,Driver Rider,1: PDO,Traffic Signals,,,1335750.14,1683084.6,1.33575E+13
2019-5275-8/07/2020,2 Metropolitan,GEPPS CROSS,5085,CITY OF PORT ADELAIDE ENFIELD,2,0,0,0,0,2019,May,Tuesday,8:15 AM,60,Cross Road,Straight road,Level,Not Applicable,Sealed,Wet,Not Raining,Daylight,Hit Pedestrian,1,Driver Rider,1: PDO,Traffic Signals,,,1330377.17,1679315.41,1.33038E+13
2019-5276-8/07/2020,2 Metropolitan,BEDFORD PARK,5042,CC MARION.                    ,3,0,0,0,0,2019,May,Tuesday,2:47 PM,70,T-Junction,Straight road,Slope,Not Applicable,Sealed,Dry,Not Raining,Daylight,Side Swipe,2,Driver Rider,1: PDO,Traffic Signals,,,1324843.72,1660104.42,1.32484E+13
2019-5277-8/07/2020,2 Metropolitan,STURT,5047,CC MARION.                    ,2,2,0,0,2,2019,May,Tuesday,3:50 PM,60,T-Junction,Straight road,Level,Not Applicable,Sealed,Dry,Not Raining,Daylight,Side Swipe,1,Driver Rider,2: MI,No Control,,Y,1323836.41,1660663.63,1.32384E+13
2019-5278-8/07/2020,2 Metropolitan,GLENALTA,5052,CC MITCHAM.                   ,2,1,0,0,1,2019,May,Tuesday,2:50 PM,60,Not Divided,Straight road,Level,Not Applicable,Sealed,Wet,Raining,Daylight,Side Swipe,2,Driver Rider,2: MI,No Control,,,1330384.18,1661423.91,1.33038E+13
2019-5279-8/07/2020,2 Metropolitan,ELIZABETH GROVE,5112,CITY OF PLAYFORD.,3,1,0,0,1,2019,May,Tuesday,5:10 PM,80,Divided Road,Straight road,Level,Not Applicable,Sealed,Wet,Raining,Daylight,Rear End,1,Driver Rider,2: MI,No Control,,,1336084.19,1692207.79,1.33608E+13
2019-5280-8/07/2020,2 Metropolitan,OVINGHAM,5082,CITY OF PROSPECT,4,2,0,0,2,2019,May,Tuesday,5:35 PM,60,Not Divided,Straight road,Level,Not Applicable,Sealed,Wet,Raining,Night,Rear End,1,Driver Rider,2: MI,No Control,,,1327290.73,1674124.93,1.32729E+13
2019-5281-8/07/2020,2 Metropolitan,ELIZABETH PARK,5113,CITY OF PLAYFORD.,2,0,0,0,0,2019,May,Tuesday,6:04 PM,60,T-Junction,Straight road,Level,Not Applicable,Sealed,Wet,Not Raining,Night,Right Turn,1,Driver Rider,1: PDO,No Control,,,1337952.31,1694573.42,1.33795E+13
2019-5282-8/07/2020,2 Metropolitan,MAWSON LAKES,5095,CITY OF SALISBURY,2,0,0,0,0,2019,May,Tuesday,4:06 PM,60,Not Divided,Straight road,Bottom of Hill,Not Applicable,Sealed,Wet,Raining,Daylight,Hit Pedestrian,1,Driver Rider,1: PDO,No Control,,,1330729.39,1683837.45,1.33073E+13
2019-5283-8/07/2020,2 Metropolitan,ST MARYS,5042,CC MITCHAM.                   ,2,1,0,0,1,2019,May,Tuesday,5:30 PM,40,Cross Road,Straight road,Level,Roadworks,Sealed,Wet,Raining,Night,Rear End,2,Driver Rider,2: MI,Traffic Signals,,,1326004.51,1661277.67,1.32601E+13