REPORT_ID,Stats Area,Suburb,Postcode,LGA Name,Total Units,Total Cas,Total Fats,Total SI,Total MI,Year,Month,Day,Time,Area Speed,Position Type,Horizontal Align,Vertical Align,Other Feat,Road Surface,Moisture Cond,Weather Cond,DayNight,Crash Type,Unit Resp,Entity Code,CSEF Severity,Traffic Ctrls,DUI Involved,Drugs Involved,ACCLOC_X,ACCLOC_Y,UNIQUE_LOC
2019-5284-8/07/2020,2 Metropolitan,ONE TREE HILL,5114,CITY OF PLAYFORD.,2,1,0,0,1,2019,May,Tuesday,9:06 PM,100,Not Divided,"CURVED, VIEW OBSCURED",Crest of Hill,Not Applicable,Sealed,Wet,Not Raining,Night,Hit Fixed Object,1,Driver Rider,2: MI,No Control,,,1340700.1,1694073.15,1.3407E+13
2019-5285-8/07/2020,2 Metropolitan,ELIZABETH DOWNS,5113,CITY OF PLAYFORD.,2,0,0,0,0,2019,May,Tuesday,12:00 PM,50,T-Junction,Straight road,Level,Not Applicable,Sealed,Wet,Raining,Daylight,Right Angle,2,Driver Rider,1: PDO,No Control,,,1337078.71,1694847.43,1.33708E+13
2019-5286-8/07/2020,2 Metropolitan,BELAIR,5052,CC MITCHAM.                   ,2,0,0,0,0,2019,May,Tuesday,8:50 PM,60,Not Divided,Straight road,Level,Not Applicable,Sealed,Wet,Raining,Night,Hit Fixed Object,1,Driver Rider,1: PDO,No Control,,,1329008.36,1662363.53,1.32901E+13
2019-5287-8/07/2020,2 Metropolitan,ONE TREE HILL,5114,CITY OF PLAYFORD.,2,1,0,0,1,2019,May,Tuesday,9:15 PM,100,Not Divided,"CURVED, VIEW OBSCURED",Crest of Hill,Not Applicable,Sealed,Wet,Not Raining,Night,Rear End,1,Driver Rider,2: MI,No Control,,,1340700.1,1694073.15,1.3407E+13
2019-5288-8/07/2020,2 Metropolitan,BEDFORD PARK,5042,CC MITCHAM.                   ,3,0,0,0,0,2019,May,Tuesday,8:30 PM,70,T-Junction,Straight road,Level,Not Applicable,Sealed,Wet,Raining,Night,Right Angle,2,Driver Rider,1: PDO,Traffic Signals,,,1325149.68,1660407.47,1.32515E+13
2019-5289-8/07/2020,2 Metropolitan,ALDINGA,5173,CITY OF ONKAPARINGA,2,0,0,0,0,2019,May,Tuesday,10:00 PM,80,T-Junction,Straight road,Level,Not Applicable,Sealed,Dry,Not Raining,Night,Hit Fixed Object,1,Driver Rider,1: PDO,Give Way Sign,Y,,1315386.24,1635481.61,1.31539E+13
2019-5290-8/07/2020,2 Metropolitan,CHELTENHAM,5014,CITY OF CHARLES STURT,2,0,0,0,0,2019,May,Wednesday,6:10 AM,60,Not Divided,Straight road,Level,Not Applicable,Sealed,Wet,Raining,Night,Rear End,1,Driver Rider,1: PDO,No Control,,,1322201.47,1677059.25,1.3222E+13
2019-5291-8/07/2020,2 Metropolitan,SALISBURY,5108,CITY OF SALISBURY,2,1,0,0,1,2019,May,Wednesday,8:09 AM,60,Divided Road,Straight road,Level,Not Applicable,Sealed,Dry,Not Raining,Daylight,Rear End,2,Driver Rider,2: MI,No Control,,,1332761.68,1688485.91,1.33276E+13
2019-5292-8/07/2020,2 Metropolitan,MANNINGHAM,5086,CITY OF PORT ADELAIDE ENFIELD,2,0,0,0,0,2019,May,Wednesday,8:10 AM,60,T-Junction,Straight road,Level,Not Applicable,Sealed,Wet,Raining,Daylight,Right Turn,1,Driver Rider,1: PDO,No Control,,,1330469.13,1675517.37,1.33047E+13
2019-5293-8/07/2020,3 Country,WHITE HILL,5254,RC MURRAY BRIDGE.             ,2,0,0,0,0,2019,May,Wednesday,7:35 AM,100,T-Junction,Straight road,Level,Not Applicable,Sealed,Dry,Not Raining,Daylight,Side Swipe,2,Driver Rider,1: PDO,No Control,,,1383986.17,1645120.26,1.38399E+13
2019-5294-8/07/2020,2 Metropolitan,MILE END,5031,CITY OF WEST TORRENS,2,1,0,0,1,2019,May,Wednesday,8:50 AM,60,T-Junction,Straight road,Level,Not Applicable,Sealed,Wet,Raining,Daylight,Rear End,1,Driver Rider,2: MI,No Control,,,1326613.31,1671159.5,1.32661E+13
2019-5295-8/07/2020,3 Country,RENMARK,5341,DC RENMARK PARINGA            ,2,0,0,0,0,2019,May,Wednesday,8:44 AM,60,Cross Road,Straight road,Level,Not Applicable,Sealed,Wet,Not Raining,Daylight,Side Swipe,1,Driver Rider,1: PDO,Give Way Sign,,,1528366.03,1745057.51,1.52837E+13
2019-5296-8/07/2020,3 Country,WORROLONG,5291,DISTRICT COUNCIL OF GRANT,2,1,0,0,1,2019,May,Wednesday,9:14 AM,100,Cross Road,"CURVED, VIEW OPEN",Level,Not Applicable,Sealed,Wet,Raining,Daylight,Right Angle,1,Driver Rider,2: MI,Give Way Sign,,,1518174.79,1340941.64,1.51818E+13
2019-5297-8/07/2020,2 Metropolitan,PARA HILLS WEST,5096,CITY OF SALISBURY,3,0,0,0,0,2019,May,Wednesday,7:45 AM,80,Divided Road,Straight road,Level,Not Applicable,Sealed,Wet,Not Raining,Daylight,Rear End,2,Driver Rider,1: PDO,No Control,,,1332482.43,1684337.81,1.33248E+13
2019-5298-8/07/2020,2 Metropolitan,MITCHELL PARK,5043,CC MARION.                    ,2,0,0,0,0,2019,May,Wednesday,8:40 AM,60,Divided Road,Straight road,Level,Driveway or Entrance,Sealed,Wet,Not Raining,Daylight,Right Angle,1,Driver Rider,1: PDO,No Control,,,1324734.1,1663281.93,1.32473E+13
2019-5299-8/07/2020,2 Metropolitan,REGENCY PARK,5010,CITY OF PORT ADELAIDE ENFIELD,2,0,0,0,0,2019,May,Tuesday,3:30 PM,50,Not Divided,Straight road,Level,Driveway or Entrance,Sealed,Dry,Not Raining,Daylight,Rear End,2,Driver Rider,1: PDO,No Control,,,1325940.7,1678485.21,1.32594E+13
2019-5300-8/07/2020,2 Metropolitan,GEPPS CROSS,5085,CITY OF PORT ADELAIDE ENFIELD,2,0,0,0,0,2019,May,Wednesday,10:30 AM,60,Cross Road,Straight road,Level,Not Applicable,Sealed,Wet,Raining,Daylight,Hit Fixed Object,1,Driver Rider,1: PDO,Traffic Signals,,,1330377.17,1679315.41,1.33038E+13
2019-5301-8/07/2020,2 Metropolitan,POORAKA,5095,CITY OF SALISBURY,2,0,0,0,0,2019,May,Friday,11:20 AM,50,Not Divided,Straight road,Level,Not Applicable,Sealed,Dry,Not Raining,Daylight,Hit Pedestrian,2,Pedestrian,1: PDO,No Control,,,1330109.66,1680876.74,1.33011E+13
2019-5302-8/07/2020,2 Metropolitan,KENT TOWN,5067,"CC OF NORWOOD,PAYNEHAM & ST PETERS",2,1,0,0,1,2019,May,Tuesday,3:13 PM,60,Divided Road,Straight road,Level,Not Applicable,Sealed,Wet,Not Raining,Daylight,Rear End,2,Driver Rider,2: MI,No Control,,,1329892.19,1671277.83,1.32989E+13
2019-5303-8/07/2020,2 Metropolitan,LONSDALE,5160,CITY OF ONKAPARINGA,2,0,0,0,0,2019,May,Wednesday,12:29 PM,80,T-Junction,Straight road,Level,Not Applicable,Sealed,Dry,Not Raining,Daylight,Rear End,2,Driver Rider,1: PDO,Traffic Signals,,,1318716.44,1651448.02,1.31872E+13
2019-5304-8/07/2020,2 Metropolitan,VALLEY VIEW,5093,CITY OF SALISBURY,2,0,0,0,0,2019,May,Wednesday,12:25 PM,50,Not Divided,Straight road,Slope,Not Applicable,Sealed,Dry,Not Raining,Daylight,Hit Fixed Object,1,Driver Rider,1: PDO,No Control,,,1333891.99,1680113.38,1.33389E+13
2019-5305-8/07/2020,2 Metropolitan,PARADISE,5075,CC CAMPBELLTOWN.              ,2,0,0,0,0,2019,May,Tuesday,8:10 AM,60,Divided Road,"CURVED, VIEW OPEN",Level,Not Applicable,Sealed,Dry,Not Raining,Daylight,Rear End,1,Driver Rider,1: PDO,No Control,,,1334618.3,1675949.57,1.33462E+13
2019-5306-8/07/2020,2 Metropolitan,OAKDEN,5086,CITY OF PORT ADELAIDE ENFIELD,2,0,0,0,0,2019,May,Wednesday,1:16 PM,50,Cross Road,Straight road,Level,Roadworks,Sealed,Wet,Raining,Daylight,Right Angle,1,Driver Rider,1: PDO,Roundabout,,,1332046.12,1678084.56,1.33205E+13
2019-5307-8/07/2020,2 Metropolitan,PARA HILLS WEST,5096,CITY OF SALISBURY,2,0,0,0,0,2019,May,Wednesday,1:30 PM,50,T-Junction,Straight road,Level,Not Applicable,Sealed,Dry,Not Raining,Daylight,Right Angle,2,Driver Rider,1: PDO,No Control,,,1332862.36,1683826.05,1.33286E+13
2019-5308-8/07/2020,2 Metropolitan,BLAIR ATHOL,5084,CITY OF PORT ADELAIDE ENFIELD,2,0,0,0,0,2019,May,Wednesday,2:30 PM,60,T-Junction,Straight road,Level,Not Applicable,Sealed,Dry,Not Raining,Daylight,Right Angle,1,Driver Rider,1: PDO,No Control,,,1328361.66,1679263.58,1.32836E+13
2019-5309-8/07/2020,3 Country,KAPUNDA,5373,LIGHT REGIONAL COUNCIL,3,0,0,0,0,2019,May,Wednesday,2:45 PM,100,Not Divided,"CURVED, VIEW OPEN",Slope,Not Applicable,Sealed,Wet,Raining,Daylight,Hit Fixed Object,1,Driver Rider,1: PDO,No Control,,,1361808.18,1736115.88,1.36181E+13
2019-5310-8/07/2020,2 Metropolitan,LINDEN PARK,5065,CITY OF BURNSIDE,4,0,0,0,0,2019,May,Wednesday,3:00 PM,60,Divided Road,Straight road,Slope,Not Applicable,Sealed,Dry,Not Raining,Daylight,Rear End,1,Driver Rider,1: PDO,No Control,,,1332313.29,1669011.46,1.33231E+13
2019-5311-8/07/2020,2 Metropolitan,ROSTREVOR,5073,CC CAMPBELLTOWN.              ,2,1,0,0,1,2019,May,Wednesday,2:25 PM,50,T-Junction,Straight road,Level,Not Applicable,Sealed,Dry,Not Raining,Daylight,Right Angle,2,Driver Rider,2: MI,No Control,,,1336469.43,1673220.42,1.33647E+13
2019-5312-8/07/2020,2 Metropolitan,ELIZABETH,5112,CITY OF PLAYFORD.,2,0,0,0,0,2019,May,Wednesday,3:33 PM,50,Divided Road,Straight road,Level,Driveway or Entrance,Sealed,Dry,Not Raining,Daylight,Right Turn,1,Driver Rider,1: PDO,No Control,,,1335513.26,1693104.31,1.33551E+13
2019-5313-8/07/2020,2 Metropolitan,YATALA VALE,5126,CITY OF TEA TREE GULLY,2,0,0,0,0,2019,May,Wednesday,4:20 PM,50,T-Junction,Straight road,Level,Not Applicable,Sealed,Dry,Not Raining,Daylight,Right Turn,2,Driver Rider,1: PDO,No Control,,,1341657.49,1684330.92,1.34166E+13
2019-5314-8/07/2020,2 Metropolitan,OAKBANK,5243,THE ADELAIDE HILLS COUNCIL,3,3,0,0,3,2019,May,Tuesday,6:10 PM,60,Not Divided,Straight road,Level,Not Applicable,Sealed,Wet,Not Raining,Night,Rear End,2,Driver Rider,2: MI,No Control,,,1350342.81,1663385,1.35034E+13
2019-5315-8/07/2020,2 Metropolitan,EDEN HILLS,5050,CC MITCHAM.                   ,2,0,0,0,0,2019,May,Wednesday,4:20 PM,60,Divided Road,Straight road,Level,Not Applicable,Sealed,Wet,Not Raining,Daylight,Rear End,2,Driver Rider,1: PDO,No Control,,,1326995.87,1659645.66,1.327E+13
2019-5316-8/07/2020,2 Metropolitan,ST MARYS,5042,CC MITCHAM.                   ,2,0,0,0,0,2019,May,Wednesday,12:30 PM,70,Cross Road,"CURVED, VIEW OPEN",Level,Not Applicable,Sealed,Dry,Not Raining,Daylight,Rear End,2,Driver Rider,1: PDO,Traffic Signals,,,1326011.15,1661281.91,1.32601E+13
2019-5317-8/07/2020,2 Metropolitan,PARKSIDE,5063,CITY OF UNLEY,2,1,0,0,1,2019,May,Thursday,2:00 PM,60,Not Divided,Straight road,Level,Not Applicable,Sealed,Dry,Not Raining,Daylight,Hit Pedestrian,1,Pedestrian,2: MI,No Control,,,1329070.81,1668520.01,1.32907E+13
2019-5318-8/07/2020,1 City,NORTH ADELAIDE,5006,CITY OF ADELAIDE,2,1,0,0,1,2019,May,Wednesday,6:47 PM,60,Cross Road,Straight road,Slope,Not Applicable,Sealed,Dry,Not Raining,Night,Hit Pedestrian,2,Driver Rider,2: MI,Traffic Signals,,,1327887.77,1671596.04,1.32789E+13
2019-5319-8/07/2020,2 Metropolitan,PARAFIELD GARDENS,5107,CITY OF SALISBURY,2,0,0,0,0,2019,May,Wednesday,7:58 PM,70,Cross Road,Straight road,Level,Not Applicable,Sealed,Wet,Not Raining,Night,Right Angle,2,Driver Rider,1: PDO,Roundabout,,,1329053.39,1685667.81,1.32905E+13
2019-5320-8/07/2020,3 Country,UCOLTA,5422,DC OF PETERBOROUGH,1,1,0,1,0,2019,May,Wednesday,5:00 PM,110,Not Divided,Straight road,Level,Not Applicable,Sealed,Dry,Not Raining,Daylight,Left Road - Out of Control,1,Driver Rider,3: SI,No Control,,,1372287.17,1889085.65,1.37229E+13
2019-5321-8/07/2020,2 Metropolitan,WYNN VALE,5127,CITY OF TEA TREE GULLY,5,1,0,0,1,2019,May,Wednesday,5:55 PM,80,Divided Road,Straight road,Level,Not Applicable,Sealed,Wet,Not Raining,Night,Rear End,1,Driver Rider,2: MI,No Control,,,1335734.8,1683126.55,1.33574E+13
2019-5322-8/07/2020,2 Metropolitan,MORPHETT VALE,5162,CITY OF ONKAPARINGA,2,0,0,0,0,2019,May,Wednesday,8:40 PM,60,Cross Road,Straight road,Level,Not Applicable,Sealed,Wet,Raining,Night,Right Angle,2,Driver Rider,1: PDO,Roundabout,,,1321901.02,1651049.42,1.3219E+13
2019-5323-8/07/2020,2 Metropolitan,WAYVILLE,5034,CITY OF UNLEY,2,1,0,0,1,2019,May,Wednesday,4:00 PM,60,Cross Road,Straight road,Level,Not Applicable,Sealed,Wet,Not Raining,Daylight,Rear End,2,Driver Rider,2: MI,Traffic Signals,,,1327426.25,1668913.54,1.32743E+13
2019-5324-8/07/2020,2 Metropolitan,NORWOOD,5067,"CC OF NORWOOD,PAYNEHAM & ST PETERS",3,0,0,0,0,2019,May,Wednesday,9:53 PM,50,Cross Road,Straight road,Level,Not Applicable,Sealed,Wet,Raining,Night,Hit Parked Vehicle,1,Driver Rider,1: PDO,Stop Sign,,,1331654.18,1671073.37,1.33165E+13
2019-5325-8/07/2020,3 Country,WHYALLA NORRIE,5608,CC WHYALLA.                   ,2,0,0,0,0,2019,May,Wednesday,11:30 PM,60,Divided Road,Straight road,Level,Not Applicable,Sealed,Wet,Raining,Night,Hit Fixed Object,1,Driver Rider,1: PDO,No Control,,,1237729.86,1883443.8,1.23773E+13
2019-5326-8/07/2020,2 Metropolitan,TORRENSVILLE,5031,CITY OF WEST TORRENS,2,0,0,0,0,2019,May,Thursday,6:30 AM,60,Cross Road,Straight road,Level,Not Applicable,Sealed,Dry,Not Raining,Night,Right Turn,1,Driver Rider,1: PDO,Traffic Signals,,Y,1325754.68,1670981.93,1.32576E+13
2019-5327-8/07/2020,2 Metropolitan,PASADENA,5042,CC MITCHAM.                   ,2,1,0,0,1,2019,May,Thursday,8:10 AM,60,T-Junction,Straight road,Level,Not Applicable,Sealed,Wet,Not Raining,Daylight,Right Turn,2,Driver Rider,2: MI,No Control,,,1327593.23,1663023.71,1.32759E+13
2019-5328-8/07/2020,2 Metropolitan,DARLINGTON,5047,CITY OF ONKAPARINGA,2,1,0,0,1,2019,May,Thursday,8:16 AM,80,Divided Road,"CURVED, VIEW OPEN",Slope,Not Applicable,Sealed,Wet,Not Raining,Daylight,Hit Fixed Object,1,Driver Rider,2: MI,No Control,Y,,1324101.79,1659081.91,1.3241E+13
2019-5329-8/07/2020,2 Metropolitan,HAHNDORF,5245,DC MT.BARKER.                 ,2,1,0,0,1,2019,May,Thursday,8:00 AM,40,T-Junction,Straight road,Level,Not Applicable,Sealed,Wet,Raining,Daylight,Side Swipe,1,Driver Rider,2: MI,No Control,,,1347414.94,1658218.43,1.34742E+13
2019-5330-8/07/2020,2 Metropolitan,SALISBURY EAST,5109,CITY OF TEA TREE GULLY,2,0,0,0,0,2019,May,Thursday,7:50 AM,60,Divided Road,Straight road,Slope,Not Applicable,Sealed,Dry,Not Raining,Daylight,Rear End,1,Driver Rider,1: PDO,No Control,,,1337598.35,1685937.34,1.3376E+13
2019-5331-8/07/2020,2 Metropolitan,BURTON,5110,CITY OF SALISBURY,2,0,0,0,0,2019,May,Thursday,8:00 AM,70,Not Divided,Straight road,Level,Not Applicable,Sealed,Dry,Not Raining,Daylight,Side Swipe,1,Driver Rider,1: PDO,No Control,,Y,1329395.54,1691425.57,1.3294E+13
2019-5332-8/07/2020,2 Metropolitan,HAMPSTEAD GARDENS,5086,CITY OF PORT ADELAIDE ENFIELD,2,1,0,1,0,2019,May,Thursday,9:11 AM,50,Cross Road,Straight road,Level,Not Applicable,Sealed,Dry,Not Raining,Daylight,Right Angle,2,Driver Rider,3: SI,Give Way Sign,,,1331244.72,1676017.37,1.33125E+13
2019-5333-8/07/2020,2 Metropolitan,NORTH PLYMPTON,5037,CITY OF WEST TORRENS,2,0,0,0,0,2019,May,Thursday,10:00 AM,60,T-Junction,Straight road,Level,Not Applicable,Sealed,Dry,Not Raining,Daylight,Hit Fixed Object,1,Driver Rider,1: PDO,No Control,,,1322588.08,1667213.3,1.32259E+13
2019-5334-8/07/2020,2 Metropolitan,PAECHTOWN,5245,DC MT.BARKER.                 ,4,2,0,0,2,2019,May,Tuesday,1:42 PM,110,Freeway,Straight road,Level,Not Applicable,Sealed,Wet,Raining,Daylight,Hit Fixed Object,1,Driver Rider,2: MI,No Control,,,1347197.73,1657975.79,1.3472E+13
2019-5335-8/07/2020,2 Metropolitan,EDWARDSTOWN,5039,CC MARION.                    ,2,0,0,0,0,2019,May,Friday,10:40 AM,50,Not Divided,Straight road,Level,Not Applicable,Sealed,Dry,Not Raining,Daylight,Rear End,2,Driver Rider,1: PDO,No Control,,,1325751.65,1663388.1,1.32575E+13
2019-5336-8/07/2020,2 Metropolitan,HACKNEY,5069,"CC OF NORWOOD,PAYNEHAM & ST PETERS",3,1,0,0,1,2019,May,Tuesday,1:30 PM,60,Divided Road,Straight road,Level,Not Applicable,Sealed,Wet,Not Raining,Daylight,Side Swipe,2,Driver Rider,2: MI,No Control,,,1329844.58,1671597.63,1.32985E+13
2019-5337-8/07/2020,2 Metropolitan,WAYVILLE,5034,CITY OF UNLEY,2,0,0,0,0,2019,May,Thursday,11:55 AM,60,Cross Road,Straight road,Level,Not Applicable,Sealed,Dry,Not Raining,Daylight,Rear End,2,Driver Rider,1: PDO,Traffic Signals,,,1326865.31,1668904.7,1.32687E+13
2019-5338-8/07/2020,2 Metropolitan,REDWOOD PARK,5097,CITY OF TEA TREE GULLY,2,1,0,0,1,2019,May,Thursday,12:30 PM,70,T-Junction,Straight road,Level,Not Applicable,Sealed,Dry,Not Raining,Daylight,Right Angle,1,Driver Rider,2: MI,No Control,,Y,1337585,1682912.72,1.33759E+13
2019-5339-8/07/2020,2 Metropolitan,CAMPBELLTOWN,5074,CC CAMPBELLTOWN.              ,2,1,0,0,1,2019,May,Wednesday,9:25 AM,60,Divided Road,Straight road,Level,Not Applicable,Sealed,Wet,Raining,Daylight,Rear End,2,Driver Rider,2: MI,No Control,,,1334172.69,1675213.5,1.33417E+13
2019-5340-8/07/2020,2 Metropolitan,HAPPY VALLEY,5159,CITY OF ONKAPARINGA,2,0,0,0,0,2019,May,Thursday,10:55 AM,50,Divided Road,Straight road,Level,Median Opening (not at I/S),Sealed,Dry,Not Raining,Daylight,Side Swipe,2,Driver Rider,1: PDO,No Control,,,1326293.23,1653139.89,1.32629E+13
2019-5341-8/07/2020,3 Country,KARCULTABY,5654,DC STREAKY BAY.               ,2,0,0,0,0,2019,May,Thursday,5:30 AM,110,Not Divided,Straight road,Level,Not Applicable,Sealed,Dry,Not Raining,Night,Head On,1,Driver Rider,1: PDO,No Control,,,994155.45,1916036.57,9.94155E+12
2019-5342-8/07/2020,2 Metropolitan,GAWLER,5118,CT GAWLER.                    ,2,1,0,0,1,2019,May,Thursday,1:20 PM,50,T-Junction,Straight road,Bottom of Hill,Not Applicable,Sealed,Dry,Not Raining,Daylight,Right Turn,2,Driver Rider,2: MI,Traffic Signals,,,1343360.57,1706588.67,1.34336E+13
2019-5343-8/07/2020,2 Metropolitan,WAYVILLE,5034,CITY OF UNLEY,2,0,0,0,0,2019,May,Thursday,8:15 AM,50,Not Divided,Straight road,Level,Driveway or Entrance,Sealed,Wet,Not Raining,Daylight,Right Angle,2,Driver Rider,1: PDO,No Control,,,1327481.82,1668783.24,1.32748E+13
2019-5344-8/07/2020,2 Metropolitan,PARAFIELD,5106,CITY OF SALISBURY,2,0,0,0,0,2019,May,Wednesday,4:30 PM,80,Divided Road,Straight road,Level,Not Applicable,Sealed,Wet,Not Raining,Daylight,Rear End,2,Driver Rider,1: PDO,No Control,,,1332500.34,1684393.11,1.3325E+13
2019-5345-8/07/2020,2 Metropolitan,MORPHETT VALE,5162,CITY OF ONKAPARINGA,2,0,0,0,0,2019,May,Thursday,8:30 AM,50,Not Divided,Straight road,Level,Driveway or Entrance,Sealed,Dry,Not Raining,Daylight,Right Angle,1,Driver Rider,1: PDO,No Control,,,1320694.92,1650135.64,1.3207E+13
2019-5346-8/07/2020,3 Country,SOLOMONTOWN,5540,PT.PIRIE CITY & DIST. COUNCIL ,2,1,1,0,0,2019,May,Thursday,12:16 PM,80,Not Divided,Straight road,Level,Driveway or Entrance,Sealed,Dry,Not Raining,Daylight,Side Swipe,1,Driver Rider,4: Fatal,No Control,,,1282045.75,1864564.45,1.28205E+13
2019-5347-8/07/2020,2 Metropolitan,PARK HOLME,5043,CC MARION.                    ,2,1,0,0,1,2019,May,Thursday,3:45 PM,60,Divided Road,Straight road,Level,Not Applicable,Sealed,Dry,Not Raining,Daylight,Side Swipe,1,Driver Rider,2: MI,No Control,,,1324008.25,1663130.21,1.32401E+13
2019-5348-8/07/2020,2 Metropolitan,HILLCREST,5086,CITY OF PORT ADELAIDE ENFIELD,2,0,0,0,0,2019,May,Thursday,4:47 PM,50,T-Junction,Straight road,Level,Driveway or Entrance,Sealed,Dry,Not Raining,Daylight,Right Turn,2,Driver Rider,1: PDO,No Control,,,1333692.54,1678046.93,1.33369E+13
2019-5349-8/07/2020,2 Metropolitan,HENDON,5014,CITY OF CHARLES STURT,2,0,0,0,0,2019,May,Thursday,5:25 PM,60,Divided Road,Straight road,Level,Not Applicable,Sealed,Dry,Not Raining,Night,Rear End,2,Driver Rider,1: PDO,No Control,,,1320865.58,1677446.2,1.32087E+13
2019-5350-8/07/2020,1 City,ADELAIDE,5000,CITY OF ADELAIDE,3,0,0,0,0,2019,May,Thursday,5:37 PM,60,T-Junction,Straight road,Level,Not Applicable,Sealed,Dry,Not Raining,Night,Right Turn,2,Driver Rider,1: PDO,Give Way Sign,,,1327377.74,1670639.77,1.32738E+13
2019-5351-8/07/2020,2 Metropolitan,RIDLEYTON,5008,CITY OF CHARLES STURT,2,0,0,0,0,2019,May,Thursday,5:42 PM,60,Cross Road,Straight road,Level,Not Applicable,Sealed,Dry,Not Raining,Night,Hit Fixed Object,1,Driver Rider,1: PDO,Stop Sign,,,1326317.87,1674576.99,1.32632E+13
2019-5352-8/07/2020,2 Metropolitan,PARK HOLME,5043,CC MARION.                    ,3,0,0,0,0,2019,May,Thursday,5:35 PM,50,Not Divided,Straight road,Level,Not Applicable,Sealed,Dry,Not Raining,Night,Hit Parked Vehicle,1,Driver Rider,1: PDO,No Control,,,1324211.5,1664218.64,1.32421E+13
2019-5353-8/07/2020,2 Metropolitan,NOARLUNGA CENTRE,5168,CITY OF ONKAPARINGA,2,0,0,0,0,2019,May,Thursday,6:30 PM,50,Not Divided,Straight road,Level,Driveway or Entrance,Sealed,Dry,Not Raining,Night,Hit Fixed Object,1,Driver Rider,1: PDO,No Control,,,1318675.98,1647330.99,1.31868E+13
2019-5354-8/07/2020,2 Metropolitan,FULHAM,5024,CITY OF WEST TORRENS,3,0,0,0,0,2019,May,Thursday,6:10 PM,60,Cross Road,Straight road,Level,Not Applicable,Sealed,Dry,Not Raining,Night,Right Turn,1,Driver Rider,1: PDO,Traffic Signals,,,1320981.07,1670844.76,1.32098E+13
2019-5355-8/07/2020,2 Metropolitan,VIRGINIA,5120,CITY OF PLAYFORD.,2,0,0,0,0,2019,May,Thursday,6:30 PM,60,Cross Road,Straight road,Level,Not Applicable,Sealed,Dry,Not Raining,Night,Right Angle,2,Driver Rider,1: PDO,Give Way Sign,,,1327930.42,1700809.33,1.32793E+13
2019-5356-8/07/2020,2 Metropolitan,HAPPY VALLEY,5159,CITY OF ONKAPARINGA,2,2,0,0,2,2019,May,Wednesday,6:00 PM,60,T-Junction,Straight road,Level,Not Applicable,Sealed,Wet,Raining,Night,Rear End,1,Driver Rider,2: MI,Stop Sign,,,1326281.49,1653501.44,1.32628E+13
2019-5357-8/07/2020,3 Country,WAIKERIE,5330,LOXTON WAIKERIE DISTRICT COUNCIL,2,1,1,0,0,2019,May,Thursday,5:20 PM,110,Not Divided,Straight road,Level,Not Applicable,Sealed,Dry,Not Raining,Night,Head On,1,Driver Rider,4: Fatal,No Control,,,1462705.67,1747042.29,1.46271E+13
2019-5358-8/07/2020,2 Metropolitan,TUSMORE,5065,CITY OF BURNSIDE,2,1,0,0,1,2019,May,Thursday,4:00 PM,60,Divided Road,Straight road,Level,Not Applicable,Sealed,Dry,Not Raining,Daylight,Hit Fixed Object,1,Driver Rider,2: MI,No Control,,,1332313.1,1669225.13,1.33231E+13
2019-5359-8/07/2020,1 City,ADELAIDE,5000,CITY OF ADELAIDE,2,1,0,0,1,2019,May,Thursday,8:55 PM,50,T-Junction,Straight road,Level,Not Applicable,Sealed,Dry,Not Raining,Night,Hit Pedestrian,2,Pedestrian,2: MI,No Control,,,1328901.98,1671145.37,1.3289E+13
2019-5360-8/07/2020,2 Metropolitan,FULLARTON,5063,CITY OF UNLEY,2,1,0,0,1,2019,May,Thursday,6:20 PM,60,Cross Road,Straight road,Level,Not Applicable,Sealed,Dry,Not Raining,Night,Hit Pedestrian,2,Pedestrian,2: MI,Traffic Signals,,,1330731.84,1667482.42,1.33073E+13
2019-5361-8/07/2020,2 Metropolitan,ELIZABETH NORTH,5113,CITY OF PLAYFORD.,2,0,0,0,0,2019,May,Thursday,10:45 PM,50,Not Divided,Straight road,Level,Not Applicable,Sealed,Dry,Not Raining,Night,Hit Fixed Object,1,Driver Rider,1: PDO,No Control,,,1336859.6,1695519.93,1.33686E+13
2019-5362-8/07/2020,3 Country,PALMER,5237,MID MURRAY DISTRICT COUNCIL,2,1,0,1,0,2019,May,Thursday,9:50 PM,100,Not Divided,Straight road,Level,Not Applicable,Sealed,Dry,Not Raining,Night,Hit Pedestrian,2,Pedestrian,3: SI,No Control,Y,,1381134.45,1676292.55,1.38113E+13
2019-5363-8/07/2020,2 Metropolitan,PARADISE,5075,CC CAMPBELLTOWN.              ,2,0,0,0,0,2019,May,Friday,5:00 AM,60,Not Divided,Straight road,Level,Not Applicable,Sealed,Dry,Not Raining,Night,Hit Fixed Object,1,Driver Rider,1: PDO,No Control,,,1336540.48,1676687.1,1.33654E+13
2019-5364-8/07/2020,2 Metropolitan,GAWLER SOUTH,5118,CT GAWLER.                    ,2,0,0,0,0,2019,May,Friday,6:00 AM,50,Cross Road,Straight road,Level,Not Applicable,Sealed,Dry,Not Raining,Night,Right Angle,1,Driver Rider,1: PDO,Roundabout,,,1342934.62,1705594.27,1.34294E+13
2019-5365-8/07/2020,2 Metropolitan,CUMBERLAND PARK,5041,CC MITCHAM.                   ,2,0,0,0,0,2019,May,Friday,7:23 AM,60,Divided Road,Straight road,Level,Driveway or Entrance,Sealed,Dry,Not Raining,Daylight,Hit Parked Vehicle,1,Driver Rider,1: PDO,No Control,,,1326926.17,1666181.34,1.32693E+13