REPORT_ID,Stats Area,Suburb,Postcode,LGA Name,Total Units,Total Cas,Total Fats,Total SI,Total MI,Year,Month,Day,Time,Area Speed,Position Type,Horizontal Align,Vertical Align,Other Feat,Road Surface,Moisture Cond,Weather Cond,DayNight,Crash Type,Unit Resp,Entity Code,CSEF Severity,Traffic Ctrls,DUI Involved,Drugs Involved,ACCLOC_X,ACCLOC_Y,UNIQUE_LOC
2019-5693-8/07/2020,3 Country,MOUNT GAMBIER,5290,CC MT.GAMBIER.                ,2,0,0,0,0,2019,June,Saturday,7:50 PM,50,Cross Road,Straight road,Level,Not Applicable,Sealed,Dry,Not Raining,Night,Right Turn,2,Driver Rider,1: PDO,Traffic Signals,,,1509991.76,1339982.6,1.50999E+13
2019-5694-8/07/2020,2 Metropolitan,UPPER STURT,5156,CC MITCHAM.                   ,2,0,0,0,0,2019,June,Thursday,6:20 PM,60,Not Divided,Straight road,Level,Not Applicable,Sealed,Dry,Not Raining,Night,Head On,1,Driver Rider,1: PDO,No Control,,,1332960.96,1659955.31,1.33296E+13
2019-5695-8/07/2020,2 Metropolitan,HOPE VALLEY,5090,CITY OF TEA TREE GULLY,6,0,0,0,0,2019,June,Saturday,7:25 PM,60,Divided Road,Straight road,Level,Not Applicable,Sealed,Dry,Not Raining,Night,Rear End,2,Driver Rider,1: PDO,No Control,,,1336659.71,1679456.04,1.33666E+13
2019-5696-8/07/2020,2 Metropolitan,MAWSON LAKES,5095,CITY OF SALISBURY,2,1,0,0,1,2019,June,Saturday,7:00 PM,50,Cross Road,Straight road,Level,Not Applicable,Sealed,Dry,Not Raining,Night,Hit Pedestrian,1,Driver Rider,2: MI,Traffic Signals,,,1330469.76,1683414.48,1.33047E+13
2019-5697-8/07/2020,2 Metropolitan,WOODVILLE SOUTH,5011,CITY OF CHARLES STURT,3,2,0,0,2,2019,June,Saturday,11:20 PM,60,Not Divided,Straight road,Level,Not Applicable,Sealed,Dry,Not Raining,Night,Side Swipe,2,Driver Rider,2: MI,No Control,,,1322978.43,1674576.3,1.32298E+13
2019-5698-8/07/2020,2 Metropolitan,CLELAND,5152,THE ADELAIDE HILLS COUNCIL,2,1,0,0,1,2019,June,Saturday,11:40 PM,80,Not Divided,"CURVED, VIEW OPEN",Level,Not Applicable,Sealed,Dry,Not Raining,Night,Hit Fixed Object,1,Driver Rider,2: MI,No Control,,,1338715.86,1665528.52,1.33872E+13
2019-5699-8/07/2020,2 Metropolitan,PROSPECT,5082,CITY OF PROSPECT,2,1,0,0,1,2019,June,Sunday,12:13 AM,60,Cross Road,Straight road,Level,Not Applicable,Sealed,Dry,Not Raining,Night,Right Angle,1,Driver Rider,2: MI,Traffic Signals,,,1328862.28,1676441.72,1.32886E+13
2019-5700-8/07/2020,2 Metropolitan,KANMANTOO,5252,DC MT.BARKER.                 ,2,0,0,0,0,2019,June,Sunday,12:06 AM,100,T-Junction,Straight road,Level,Not Applicable,Sealed,Dry,Not Raining,Night,Hit Fixed Object,1,Driver Rider,1: PDO,No Control,Y,,1367664.35,1649139.88,1.36766E+13
2019-5701-8/07/2020,2 Metropolitan,WARRADALE,5046,CC MARION.                    ,2,0,0,0,0,2019,June,Sunday,3:39 AM,60,Not Divided,Straight road,Level,Not Applicable,Sealed,Dry,Not Raining,Night,Hit Fixed Object,1,Driver Rider,1: PDO,No Control,,,1322729.6,1662181.75,1.32273E+13
2019-5702-8/07/2020,3 Country,DINGABLEDINGA,5172,ALEXANDRINA COUNCIL,2,0,0,0,0,2019,June,Saturday,10:00 PM,100,Not Divided,Straight road,Level,Not Applicable,Sealed,Dry,Not Raining,Night,Hit Fixed Object,1,Driver Rider,1: PDO,No Control,,,1331011.01,1632766.82,1.33101E+13
2019-5703-8/07/2020,2 Metropolitan,VERDUN,5245,THE ADELAIDE HILLS COUNCIL,2,0,0,0,0,2019,June,Sunday,4:50 AM,110,Interchange,Straight road,Level,Not Applicable,Sealed,Dry,Not Raining,Night,Hit Fixed Object,1,Driver Rider,1: PDO,No Control,Y,,1344896.68,1660164.17,1.3449E+13
2019-5704-8/07/2020,2 Metropolitan,RIDLEYTON,5008,CITY OF CHARLES STURT,2,0,0,0,0,2019,June,Sunday,1:00 AM,50,Not Divided,Straight road,Level,Not Applicable,Sealed,Dry,Not Raining,Night,Hit Parked Vehicle,1,Driver Rider,1: PDO,No Control,,,1325965.84,1674160.94,1.32597E+13
2019-5705-8/07/2020,1 City,ADELAIDE,5000,CITY OF ADELAIDE,2,0,0,0,0,2019,June,Friday,4:00 PM,60,Divided Road,Straight road,Level,Not Applicable,Sealed,Dry,Not Raining,Daylight,Rear End,2,Driver Rider,1: PDO,No Control,,,1327392.99,1670105.85,1.32739E+13
2019-5706-8/07/2020,2 Metropolitan,PARA HILLS,5096,CITY OF SALISBURY,2,0,0,0,0,2019,June,Sunday,12:15 PM,60,T-Junction,Straight road,Level,Not Applicable,Sealed,Wet,Raining,Daylight,Hit Fixed Object,1,Driver Rider,1: PDO,Roundabout,,,1334460.86,1682400.51,1.33446E+13
2019-5707-8/07/2020,2 Metropolitan,ABERFOYLE PARK,5159,CITY OF ONKAPARINGA,2,0,0,0,0,2019,June,Saturday,3:30 PM,50,Not Divided,Straight road,Level,Driveway or Entrance,Sealed,Dry,Not Raining,Daylight,Rear End,1,Driver Rider,1: PDO,No Control,,,1328813.88,1655262.57,1.32881E+13
2019-5708-8/07/2020,3 Country,RACECOURSE BAY,5291,DISTRICT COUNCIL OF GRANT,2,1,0,0,1,2019,June,Saturday,3:00 PM,100,Not Divided,"CURVED, VIEW OBSCURED",Level,Not Applicable,Sealed,Dry,Not Raining,Daylight,Hit Fixed Object,1,Driver Rider,2: MI,No Control,,,1505482.8,1314984.56,1.50548E+13
2019-5709-8/07/2020,2 Metropolitan,INGLE FARM,5098,CITY OF SALISBURY,2,0,0,0,0,2019,June,Sunday,1:30 PM,60,T-Junction,Straight road,Slope,Driveway or Entrance,Sealed,Wet,Raining,Daylight,Right Angle,1,Driver Rider,1: PDO,Stop Sign,,,1333064.99,1681165.89,1.33307E+13
2019-5710-8/07/2020,2 Metropolitan,WESTBOURNE PARK,5041,CC MITCHAM.                   ,2,0,0,0,0,2019,June,Thursday,3:30 PM,60,Divided Road,Straight road,Level,Not Applicable,Sealed,Dry,Not Raining,Daylight,Side Swipe,1,Driver Rider,1: PDO,No Control,,,1327544.4,1665035.04,1.32754E+13
2019-5711-8/07/2020,2 Metropolitan,SEFTON PARK,5083,CITY OF PORT ADELAIDE ENFIELD,2,0,0,0,0,2019,June,Sunday,2:27 PM,60,T-Junction,Straight road,Level,Not Applicable,Sealed,Wet,Raining,Daylight,Hit Fixed Object,1,Driver Rider,1: PDO,No Control,,,1329030.84,1676437.2,1.32903E+13
2019-5712-8/07/2020,1 City,ADELAIDE,5000,CITY OF ADELAIDE,2,0,0,0,0,2019,June,Sunday,3:00 PM,50,Cross Road,Straight road,Level,Not Applicable,Sealed,Wet,Raining,Daylight,Right Angle,2,Driver Rider,1: PDO,Traffic Signals,,,1329224.36,1671166.59,1.32922E+13
2019-5713-8/07/2020,2 Metropolitan,STURT,5047,CC MARION.                    ,3,1,0,0,1,2019,June,Sunday,3:22 PM,60,T-Junction,Straight road,Level,Not Applicable,Sealed,Wet,Raining,Daylight,Right Turn,2,Driver Rider,2: MI,Traffic Signals,,,1324436.61,1659891.18,1.32444E+13
2019-5714-8/07/2020,2 Metropolitan,HIGHBURY,5089,CITY OF TEA TREE GULLY,2,1,0,0,1,2019,June,Sunday,3:15 PM,60,T-Junction,"CURVED, VIEW OPEN",Slope,Not Applicable,Sealed,Wet,Raining,Daylight,Hit Fixed Object,1,Driver Rider,2: MI,No Control,,,1339796.81,1679555.71,1.3398E+13
2019-5715-8/07/2020,1 City,ADELAIDE,5000,CITY OF ADELAIDE,2,0,0,0,0,2019,June,Saturday,5:15 PM,50,Cross Road,Straight road,Level,Not Applicable,Sealed,Dry,Not Raining,Night,Hit Pedestrian,1,Driver Rider,1: PDO,Traffic Signals,,,1329584.36,1670218.48,1.32958E+13
2019-5716-8/07/2020,3 Country,FINNISS,5255,ALEXANDRINA COUNCIL,1,1,0,0,1,2019,June,Saturday,3:55 PM,100,Not Divided,Straight road,Level,Not Applicable,Sealed,Dry,Not Raining,Daylight,Roll Over,1,Driver Rider,2: MI,No Control,,,1343907.93,1619452.42,1.34391E+13
2019-5717-8/07/2020,2 Metropolitan,ELIZABETH,5112,CITY OF PLAYFORD.,2,0,0,0,0,2019,June,Sunday,4:50 PM,50,Divided Road,Straight road,Level,Driveway or Entrance,Sealed,Dry,Not Raining,Daylight,Right Angle,1,Driver Rider,1: PDO,No Control,,,1335406.03,1693143.89,1.33541E+13
2019-5718-8/07/2020,2 Metropolitan,MODBURY NORTH,5092,CITY OF TEA TREE GULLY,2,1,0,0,1,2019,June,Sunday,5:17 PM,60,Not Divided,Straight road,Slope,Not Applicable,Sealed,Dry,Not Raining,Night,Hit Pedestrian,2,Pedestrian,2: MI,No Control,,,1335657.19,1682124.52,1.33566E+13
2019-5719-8/07/2020,2 Metropolitan,PORT NOARLUNGA SOUTH,5167,CITY OF ONKAPARINGA,3,0,0,0,0,2019,June,Sunday,5:00 PM,60,Divided Road,Straight road,Slope,Not Applicable,Sealed,Wet,Raining,Daylight,Hit Fixed Object,1,Driver Rider,1: PDO,No Control,Y,,1316271.14,1645530.32,1.31627E+13
2019-5720-8/07/2020,2 Metropolitan,REGENCY PARK,5010,CITY OF PORT ADELAIDE ENFIELD,4,0,0,0,0,2019,June,Sunday,6:30 PM,50,Not Divided,Straight road,Level,Not Applicable,Sealed,Wet,Not Raining,Night,Rear End,2,Driver Rider,1: PDO,No Control,,,1325567.33,1678030.94,1.32557E+13
2019-5721-8/07/2020,3 Country,HAYBOROUGH,5211,DC VICTOR HARBOR.             ,2,1,0,0,1,2019,June,Sunday,6:45 PM,60,Cross Road,Straight road,Slope,Not Applicable,Sealed,Wet,Not Raining,Night,Right Angle,2,Driver Rider,2: MI,Give Way Sign,,,1329904.97,1602901.99,1.32991E+13
2019-5722-8/07/2020,2 Metropolitan,CLARENDON,5157,CITY OF ONKAPARINGA,1,0,0,0,0,2019,June,Sunday,8:44 PM,80,Not Divided,"CURVED, VIEW OBSCURED",Slope,Not Applicable,Sealed,Wet,Not Raining,Night,Roll Over,1,Driver Rider,1: PDO,No Control,Y,,1328845.7,1651059.37,1.32885E+13
2019-5723-8/07/2020,3 Country,ROXBY DOWNS,5725,,3,0,0,0,0,2019,June,Sunday,7:45 PM,100,Not Divided,Straight road,Level,Not Applicable,Sealed,Dry,Not Raining,Night,Hit Animal,2,Animal,1: PDO,No Control,,,1198142.24,2167500.57,1.19814E+13
2019-5724-8/07/2020,3 Country,PINNAROO,5304,SOUTHERN MALLEE DISTRICT COUNCIL,1,0,0,0,0,2019,June,Saturday,5:30 PM,100,Not Divided,"CURVED, VIEW OPEN",Level,Not Applicable,Unsealed,Dry,Not Raining,Night,Roll Over,1,Driver Rider,1: PDO,No Control,,,1542175.6,1623480.31,1.54218E+13
2019-5725-8/07/2020,2 Metropolitan,TRANMERE,5073,CC CAMPBELLTOWN.              ,2,1,0,0,1,2019,June,Sunday,1:25 PM,50,Not Divided,Straight road,Level,Not Applicable,Sealed,Wet,Raining,Daylight,Hit Fixed Object,1,Driver Rider,2: MI,No Control,,,1334368.23,1673640.29,1.33437E+13
2019-5726-8/07/2020,2 Metropolitan,SALISBURY HEIGHTS,5109,CITY OF SALISBURY,2,0,0,0,0,2019,June,Sunday,12:30 PM,80,T-Junction,Straight road,Level,Not Applicable,Sealed,Wet,Raining,Daylight,Hit Fixed Object,1,Driver Rider,1: PDO,No Control,,,1335937.64,1688754.16,1.33594E+13
2019-5727-8/07/2020,3 Country,KEITH,5267,DC TATIARA.                   ,1,0,0,0,0,2019,June,Monday,7:30 AM,110,Not Divided,Straight road,Level,Not Applicable,Sealed,Wet,Not Raining,Daylight,Roll Over,1,Driver Rider,1: PDO,No Control,,,1486236.27,1529266.49,1.48624E+13
2019-5728-8/07/2020,2 Metropolitan,PARKSIDE,5063,CITY OF UNLEY,2,1,0,0,1,2019,June,Sunday,4:25 PM,60,Cross Road,Straight road,Level,Not Applicable,Sealed,Dry,Not Raining,Daylight,Rear End,2,Driver Rider,2: MI,Traffic Signals,,,1330707.08,1668319.59,1.33071E+13
2019-5729-8/07/2020,3 Country,MAITLAND,5573,YORKE PENINSULA COUNCIL,2,1,0,0,1,2019,June,Sunday,12:30 PM,80,Not Divided,"CURVED, VIEW OPEN",Level,Not Applicable,Sealed,Wet,Raining,Daylight,Head On,1,Driver Rider,2: MI,No Control,,,1245217.07,1734828.65,1.24522E+13
2019-5730-8/07/2020,2 Metropolitan,WEST BEACH,5024,CITY OF WEST TORRENS,5,4,1,1,2,2019,June,Monday,10:20 AM,50,Not Divided,Straight road,Level,Not Applicable,Sealed,Dry,Not Raining,Daylight,Hit Pedestrian,1,Driver Rider,4: Fatal,No Control,,,1319927.41,1668099.36,1.31993E+13
2019-5731-8/07/2020,3 Country,ANGASTON,5353,THE BAROSSA COUNCIL.,2,0,0,0,0,2019,June,Sunday,6:45 PM,50,Not Divided,Straight road,Slope,Not Applicable,Sealed,Dry,Not Raining,Night,Hit Parked Vehicle,2,Driver Rider,1: PDO,No Control,,,1370681.75,1715792.03,1.37068E+13
2019-5732-8/07/2020,2 Metropolitan,GLANDORE,5037,CC MARION.                    ,2,1,0,0,1,2019,June,Sunday,9:00 AM,50,Cross Road,Straight road,Level,Not Applicable,Sealed,Dry,Not Raining,Daylight,Right Angle,2,Driver Rider,2: MI,Give Way Sign,,,1325209.66,1666460.37,1.32521E+13
2019-5733-8/07/2020,2 Metropolitan,WOODVILLE,5011,CITY OF CHARLES STURT,2,1,0,1,0,2019,June,Sunday,4:30 PM,60,Divided Road,Straight road,Level,Driveway or Entrance,Sealed,Dry,Not Raining,Daylight,Rear End,2,Driver Rider,3: SI,No Control,,,1322227.96,1676334.23,1.32223E+13
2019-5734-8/07/2020,2 Metropolitan,HENLEY BEACH,5022,CITY OF CHARLES STURT,2,0,0,0,0,2019,June,Monday,1:00 PM,40,Cross Road,Straight road,Level,Not Applicable,Sealed,Dry,Not Raining,Daylight,Rear End,1,Driver Rider,1: PDO,Give Way Sign,,,1318817.37,1671996.21,1.31882E+13
2019-5735-8/07/2020,2 Metropolitan,COROMANDEL VALLEY,5051,CITY OF ONKAPARINGA,3,0,0,0,0,2019,June,Monday,1:29 PM,60,Not Divided,Straight road,Slope,Driveway or Entrance,Sealed,Dry,Not Raining,Daylight,Right Angle,1,Driver Rider,1: PDO,No Control,,,1330450.77,1657866.68,1.33045E+13
2019-5736-8/07/2020,3 Country,COOBER PEDY,5723,,1,0,0,0,0,2019,June,Monday,10:00 AM,110,Not Divided,Straight road,Level,Not Applicable,Sealed,Dry,Not Raining,Daylight,Other,1,Driver Rider,1: PDO,No Control,,,957340.03,2351266.48,9.5734E+12
2019-5737-8/07/2020,2 Metropolitan,SEAFORD RISE,5169,CITY OF ONKAPARINGA,2,0,0,0,0,2019,June,Friday,12:54 PM,60,Cross Road,Straight road,Level,Not Applicable,Sealed,Dry,Not Raining,Daylight,Right Turn,1,Driver Rider,1: PDO,Traffic Signals,,,1317537.2,1641650.26,1.31754E+13
2019-5738-8/07/2020,2 Metropolitan,PORT ADELAIDE,5015,CITY OF PORT ADELAIDE ENFIELD,2,0,0,0,0,2019,June,Monday,2:15 PM,60,T-Junction,Straight road,Level,Not Applicable,Sealed,Dry,Not Raining,Daylight,Rear End,2,Driver Rider,1: PDO,No Control,,,1320486.5,1678923.84,1.32049E+13
2019-5739-8/07/2020,2 Metropolitan,THEBARTON,5031,CITY OF WEST TORRENS,2,1,0,0,1,2019,June,Thursday,1:30 PM,50,Cross Road,Straight road,Level,Not Applicable,Sealed,Dry,Not Raining,Daylight,Right Angle,1,Driver Rider,2: MI,Stop Sign,,,1326252.62,1671520.43,1.32625E+13
2019-5740-8/07/2020,2 Metropolitan,CROYDON PARK,5008,CITY OF PORT ADELAIDE ENFIELD,3,0,0,0,0,2019,June,Monday,4:31 PM,50,Cross Road,Straight road,Level,Not Applicable,Sealed,Dry,Not Raining,Daylight,Rear End,1,Driver Rider,1: PDO,Give Way Sign,,,1326285.79,1675560.37,1.32629E+13
2019-5741-8/07/2020,2 Metropolitan,TRANMERE,5073,CC CAMPBELLTOWN.              ,2,2,0,0,2,2019,June,Monday,5:15 PM,60,T-Junction,Straight road,Level,Not Applicable,Sealed,Dry,Not Raining,Night,Right Turn,1,Driver Rider,2: MI,Traffic Signals,,,1333834.79,1672885.54,1.33384E+13
2019-5742-8/07/2020,2 Metropolitan,GLENELG,5045,CITY OF HOLDFAST BAY,2,1,0,1,0,2019,June,Monday,4:00 PM,50,Cross Road,Straight road,Level,Not Applicable,Sealed,Dry,Not Raining,Daylight,Right Turn,1,Driver Rider,3: SI,Stop Sign,,,1320441.23,1665085.23,1.32044E+13
2019-5743-8/07/2020,2 Metropolitan,ALDINGA BEACH,5173,CITY OF ONKAPARINGA,2,0,0,0,0,2019,June,Monday,6:00 PM,50,Cross Road,Straight road,Level,Not Applicable,Sealed,Dry,Not Raining,Night,Right Angle,2,Driver Rider,1: PDO,Roundabout,,,1314312.27,1631985.12,1.31431E+13
2019-5744-8/07/2020,2 Metropolitan,LENSWOOD,5240,THE ADELAIDE HILLS COUNCIL,2,0,0,0,0,2019,June,Monday,4:00 PM,60,Not Divided,"CURVED, VIEW OPEN",Slope,Not Applicable,Sealed,Dry,Not Raining,Daylight,Hit Fixed Object,1,Driver Rider,1: PDO,No Control,,,1349190.95,1670644.45,1.34919E+13
2019-5745-8/07/2020,2 Metropolitan,ELIZABETH VALE,5112,CITY OF PLAYFORD.,2,0,0,0,0,2019,June,Monday,7:02 PM,60,T-Junction,Straight road,Level,Not Applicable,Sealed,Dry,Not Raining,Night,Right Angle,1,Driver Rider,1: PDO,No Control,,,1334996.66,1689977.18,1.335E+13
2019-5746-8/07/2020,3 Country,WAITPINGA,5211,DC VICTOR HARBOR.             ,2,2,0,2,0,2019,June,Monday,7:00 PM,100,Not Divided,"CURVED, VIEW OBSCURED",Level,Not Applicable,Sealed,Dry,Not Raining,Night,Hit Fixed Object,1,Driver Rider,3: SI,No Control,,,1317021.45,1595544.45,1.31702E+13
2019-5747-8/07/2020,2 Metropolitan,DARLINGTON,5047,CC MARION.                    ,2,0,0,0,0,2019,June,Monday,6:04 PM,50,Not Divided,Straight road,Slope,Not Applicable,Sealed,Dry,Not Raining,Night,Hit Parked Vehicle,1,Driver Rider,1: PDO,No Control,,,1323898.97,1658713.61,1.3239E+13
2019-5748-8/07/2020,2 Metropolitan,LEAWOOD GARDENS,5150,CC MITCHAM.                   ,2,1,0,0,1,2019,June,Monday,9:11 PM,100,T-Junction,"CURVED, VIEW OPEN",Slope,Not Applicable,Sealed,Dry,Not Raining,Night,Hit Fixed Object,1,Driver Rider,2: MI,No Control,,,1334676.37,1665852.04,1.33468E+13
2019-5749-8/07/2020,2 Metropolitan,WAYVILLE,5034,CITY OF UNLEY,2,2,0,0,2,2019,June,Monday,10:45 AM,60,Cross Road,Straight road,Level,Not Applicable,Sealed,Dry,Not Raining,Daylight,Right Turn,2,Driver Rider,2: MI,Traffic Signals,,,1326893.44,1668904.96,1.32689E+13
2019-5750-8/07/2020,2 Metropolitan,JUPITER CREEK,5153,DC MT.BARKER.                 ,2,2,0,0,2,2019,June,Monday,2:00 PM,80,T-Junction,Straight road,Slope,Not Applicable,Sealed,Dry,Not Raining,Daylight,Side Swipe,1,Driver Rider,2: MI,No Control,,,1342124.43,1645860.02,1.34212E+13
2019-5751-8/07/2020,3 Country,BORDERTOWN,5268,DC TATIARA.                   ,2,0,0,0,0,2019,June,Tuesday,6:00 AM,50,Cross Road,Straight road,Level,Not Applicable,Sealed,Dry,Not Raining,Night,Side Swipe,1,Driver Rider,1: PDO,Stop Sign,,,1518467.61,1508617.32,1.51847E+13
2019-5752-8/07/2020,2 Metropolitan,KILBURN,5084,CITY OF PORT ADELAIDE ENFIELD,2,1,0,0,1,2019,June,Tuesday,9:23 AM,60,Divided Road,Straight road,Level,Not Applicable,Sealed,Dry,Not Raining,Daylight,Rear End,2,Driver Rider,2: MI,No Control,,,1327269.64,1679219.76,1.32727E+13
2019-5753-8/07/2020,2 Metropolitan,STIRLING,5152,THE ADELAIDE HILLS COUNCIL,2,0,0,0,0,2019,June,Tuesday,7:15 AM,80,Not Divided,"CURVED, VIEW OBSCURED",Slope,Not Applicable,Sealed,Wet,Raining,Night,Hit Fixed Object,1,Driver Rider,1: PDO,No Control,,,1337753.33,1661203.66,1.33775E+13
2019-5754-8/07/2020,2 Metropolitan,SALISBURY,5108,CITY OF SALISBURY,4,1,0,0,1,2019,June,Tuesday,9:42 AM,25,One Way,Straight road,Level,Not Applicable,Sealed,Dry,Not Raining,Daylight,Hit Parked Vehicle,2,Driver Rider,2: MI,No Control,,,1333160.67,1688649.59,1.33316E+13
2019-5755-8/07/2020,2 Metropolitan,TATACHILLA,5171,CITY OF ONKAPARINGA,4,0,0,0,0,2019,June,Tuesday,10:07 AM,100,Not Divided,Straight road,Level,Not Applicable,Sealed,Dry,Not Raining,Daylight,Other,1,Driver Rider,1: PDO,No Control,,,1320613.25,1634957.29,1.32061E+13
2019-5756-8/07/2020,2 Metropolitan,PENNINGTON,5013,CITY OF CHARLES STURT,2,0,0,0,0,2019,June,Tuesday,6:00 AM,50,Not Divided,Straight road,Level,Not Applicable,Sealed,Dry,Not Raining,Night,Hit Parked Vehicle,2,Driver Rider,1: PDO,No Control,,,1322158.46,1678070.85,1.32216E+13
2019-5757-8/07/2020,2 Metropolitan,GOLDEN GROVE,5125,CITY OF TEA TREE GULLY,2,1,0,0,1,2019,June,Tuesday,11:00 AM,60,T-Junction,Straight road,Slope,Not Applicable,Sealed,Dry,Not Raining,Daylight,Right Angle,1,Driver Rider,2: MI,No Control,,,1338995.83,1686245.12,1.339E+13
2019-5758-8/07/2020,2 Metropolitan,MAGILL,5072,CC CAMPBELLTOWN.              ,2,0,0,0,0,2019,June,Friday,6:53 AM,60,Cross Road,Straight road,Level,Not Applicable,Sealed,Dry,Not Raining,Night,Hit Fixed Object,1,Driver Rider,1: PDO,Traffic Signals,,,1335483.19,1671847.51,1.33548E+13
2019-5759-8/07/2020,2 Metropolitan,SELLICKS BEACH,5174,CITY OF ONKAPARINGA,2,0,0,0,0,2019,June,Monday,6:10 PM,50,Not Divided,Straight road,Level,Driveway or Entrance,Sealed,Dry,Not Raining,Night,Hit Parked Vehicle,2,Driver Rider,1: PDO,No Control,,,1313374.63,1625664.88,1.31338E+13
2019-5760-8/07/2020,2 Metropolitan,SEACOMBE GARDENS,5047,CC MARION.                    ,3,0,0,0,0,2019,June,Tuesday,11:30 AM,60,Divided Road,Straight road,Level,Not Applicable,Sealed,Dry,Not Raining,Daylight,Rear End,1,Driver Rider,1: PDO,No Control,,,1323180.61,1660636.4,1.32318E+13
2019-5761-8/07/2020,2 Metropolitan,STIRLING,5152,THE ADELAIDE HILLS COUNCIL,2,1,0,1,0,2019,June,Tuesday,10:35 AM,80,Cross Road,Straight road,Slope,Not Applicable,Sealed,Dry,Not Raining,Daylight,Right Angle,1,Driver Rider,3: SI,Give Way Sign,,,1338291.67,1661352.9,1.33829E+13
2019-5762-8/07/2020,2 Metropolitan,WALKLEY HEIGHTS,5098,CITY OF SALISBURY,2,0,0,0,0,2019,June,Tuesday,12:00 PM,70,Cross Road,Straight road,Level,Not Applicable,Sealed,Dry,Not Raining,Daylight,Rear End,2,Driver Rider,1: PDO,Traffic Signals,,,1332971.13,1680497.42,1.33297E+13
2019-5763-8/07/2020,2 Metropolitan,ELIZABETH,5112,CITY OF PLAYFORD.,2,0,0,0,0,2019,June,Tuesday,11:45 AM,50,Cross Road,"CURVED, VIEW OPEN",Level,Median Opening (not at I/S),Sealed,Dry,Not Raining,Daylight,Right Angle,2,Driver Rider,1: PDO,Give Way Sign,,,1335585.45,1693769.28,1.33559E+13
2019-5764-8/07/2020,2 Metropolitan,GAWLER,5118,CT GAWLER.                    ,2,0,0,0,0,2019,June,Tuesday,1:00 PM,50,Divided Road,Straight road,Level,Driveway or Entrance,Sealed,Dry,Not Raining,Daylight,Right Angle,2,Driver Rider,1: PDO,No Control,,,1343185.32,1706441.72,1.34319E+13
2019-5765-8/07/2020,1 City,NORTH ADELAIDE,5006,CITY OF ADELAIDE,4,0,0,0,0,2019,June,Tuesday,2:05 PM,50,Cross Road,Straight road,Level,Not Applicable,Sealed,Dry,Not Raining,Daylight,Rear End,1,Driver Rider,1: PDO,Traffic Signals,,,1328111.74,1673172.85,1.32811E+13
2019-5766-8/07/2020,2 Metropolitan,BEDFORD PARK,5042,CC MARION.                    ,2,0,0,0,0,2019,June,Tuesday,8:00 AM,70,Divided Road,Straight road,Level,Not Applicable,Sealed,Dry,Not Raining,Daylight,Side Swipe,2,Driver Rider,1: PDO,No Control,,,1324776.12,1660100.31,1.32478E+13
2019-5767-8/07/2020,2 Metropolitan,WEST LAKES,5021,CITY OF CHARLES STURT,1,1,0,0,1,2019,June,Tuesday,12:45 PM,50,T-Junction,Straight road,Level,Not Applicable,Sealed,Dry,Not Raining,Daylight,Roll Over,1,Driver Rider,2: MI,No Control,,,1318962.2,1675956.66,1.31896E+13
2019-5768-8/07/2020,3 Country,SALT CREEK,5264,COORONG DISTRICT COUNCIL,2,0,0,0,0,2019,June,Tuesday,7:00 PM,110,Not Divided,Straight road,Level,Not Applicable,Sealed,Dry,Not Raining,Night,Hit Animal,2,Animal,1: PDO,No Control,,,1422311,1523012.17,1.42231E+13
2019-5769-8/07/2020,2 Metropolitan,TOTNESS,5250,DC MT.BARKER.                 ,2,0,0,0,0,2019,June,Tuesday,3:00 PM,60,T-Junction,Straight road,Level,Not Applicable,Sealed,Dry,Not Raining,Daylight,Side Swipe,2,Driver Rider,1: PDO,Roundabout,,,1351073.68,1655554.69,1.35107E+13
2019-5770-8/07/2020,2 Metropolitan,PORT ADELAIDE,5015,CITY OF PORT ADELAIDE ENFIELD,2,0,0,0,0,2019,June,Tuesday,3:45 PM,60,Cross Road,Straight road,Level,Not Applicable,Sealed,Dry,Not Raining,Daylight,Side Swipe,2,Driver Rider,1: PDO,Traffic Signals,,,1320508.74,1679083.32,1.32051E+13
2019-5771-8/07/2020,2 Metropolitan,WEST BEACH,5024,CITY OF CHARLES STURT,2,1,0,0,1,2019,May,Friday,1:00 PM,50,T-Junction,Straight road,Level,Not Applicable,Sealed,Dry,Not Raining,Daylight,Right Angle,2,Driver Rider,2: MI,No Control,,,1319351.04,1669423.14,1.31935E+13
2019-5772-8/07/2020,2 Metropolitan,EDINBURGH NORTH,5113,CITY OF PLAYFORD.,2,0,0,0,0,2019,June,Tuesday,2:45 PM,60,T-Junction,Straight road,Level,Not Applicable,Sealed,Dry,Not Raining,Daylight,Right Angle,2,Driver Rider,1: PDO,No Control,,,1335148.4,1695105.95,1.33515E+13
2019-5773-8/07/2020,2 Metropolitan,PARADISE,5075,CC CAMPBELLTOWN.              ,3,0,0,0,0,2019,June,Tuesday,4:15 PM,60,Divided Road,Straight road,Level,Driveway or Entrance,Sealed,Dry,Not Raining,Daylight,Right Turn,1,Driver Rider,1: PDO,No Control,,,1334547.11,1676868.96,1.33455E+13
2019-5774-8/07/2020,2 Metropolitan,INGLE FARM,5098,CITY OF SALISBURY,3,1,0,0,1,2019,June,Tuesday,5:00 PM,60,Cross Road,Straight road,Level,Not Applicable,Sealed,Dry,Not Raining,Daylight,Rear End,1,Driver Rider,2: MI,Traffic Signals,,,1332129.24,1681792.46,1.33213E+13