REPORT_ID,Stats Area,Suburb,Postcode,LGA Name,Total Units,Total Cas,Total Fats,Total SI,Total MI,Year,Month,Day,Time,Area Speed,Position Type,Horizontal Align,Vertical Align,Other Feat,Road Surface,Moisture Cond,Weather Cond,DayNight,Crash Type,Unit Resp,Entity Code,CSEF Severity,Traffic Ctrls,DUI Involved,Drugs Involved,ACCLOC_X,ACCLOC_Y,UNIQUE_LOC
2019-5857-8/07/2020,2 Metropolitan,VERDUN,5245,THE ADELAIDE HILLS COUNCIL,2,0,0,0,0,2019,June,Thursday,5:15 PM,60,Not Divided,Straight road,Slope,Driveway or Entrance,Sealed,Wet,Not Raining,Night,Rear End,2,Driver Rider,1: PDO,No Control,,,1345096.87,1660071.84,1.3451E+13
2019-5858-8/07/2020,2 Metropolitan,MORPHETT VALE,5162,CITY OF ONKAPARINGA,2,0,0,0,0,2019,June,Thursday,8:25 AM,60,Divided Road,Straight road,Level,Not Applicable,Sealed,Dry,Not Raining,Daylight,Side Swipe,1,Driver Rider,1: PDO,No Control,,,1320846.62,1648695.82,1.32085E+13
2019-5859-8/07/2020,2 Metropolitan,PARADISE,5075,CC CAMPBELLTOWN.              ,2,1,0,0,1,2019,June,Thursday,6:19 PM,40,Divided Road,Straight road,Level,Not Applicable,Sealed,Dry,Not Raining,Night,Hit Fixed Object,1,Driver Rider,2: MI,No Control,,,1334494.15,1676926.25,1.33449E+13
2019-5860-8/07/2020,1 City,ADELAIDE,5000,CITY OF ADELAIDE,2,0,0,0,0,2019,June,Thursday,2:43 PM,50,Divided Road,Straight road,Level,Not Applicable,Sealed,Dry,Not Raining,Daylight,Right Angle,2,Driver Rider,1: PDO,No Control,,,1327858.53,1670338.9,1.32786E+13
2019-5861-8/07/2020,2 Metropolitan,FIRLE,5070,"CC OF NORWOOD,PAYNEHAM & ST PETERS",2,0,0,0,0,2019,June,Thursday,6:30 PM,50,Not Divided,Straight road,Level,Not Applicable,Sealed,Dry,Not Raining,Night,Hit Fixed Object,1,Driver Rider,1: PDO,No Control,,,1333104.84,1672727.31,1.33311E+13
2019-5862-8/07/2020,2 Metropolitan,NORTHFIELD,5085,CITY OF PORT ADELAIDE ENFIELD,2,0,0,0,0,2019,June,Thursday,7:47 PM,50,T-Junction,Straight road,Level,Not Applicable,Sealed,Dry,Not Raining,Night,Side Swipe,2,Driver Rider,1: PDO,No Control,,,1330652.05,1679193.06,1.33065E+13
2019-5863-8/07/2020,3 Country,MALLALA,5502,DC MALLALA.                   ,2,2,0,0,2,2019,June,Thursday,4:43 PM,100,Cross Road,Straight road,Level,Not Applicable,Sealed,Dry,Not Raining,Daylight,Right Angle,1,Driver Rider,2: MI,Give Way Sign,,,1324304.26,1723540.37,1.3243E+13
2019-5864-8/07/2020,2 Metropolitan,HOVE,5048,CITY OF HOLDFAST BAY,2,0,0,0,0,2019,June,Thursday,8:00 PM,60,T-Junction,Straight road,Level,Not Applicable,Sealed,Dry,Not Raining,Night,Side Swipe,2,Driver Rider,1: PDO,No Control,,,1321110.53,1661578.12,1.32111E+13
2019-5865-8/07/2020,2 Metropolitan,EDINBURGH NORTH,5113,CITY OF PLAYFORD.,2,1,0,0,1,2019,June,Thursday,7:00 PM,60,Not Divided,Straight road,Level,Not Applicable,Sealed,Dry,Not Raining,Night,Hit Parked Vehicle,1,Driver Rider,2: MI,No Control,,,1334380.79,1694511.68,1.33438E+13
2019-5866-8/07/2020,3 Country,GOOLWA BEACH,5214,ALEXANDRINA COUNCIL,2,1,0,0,1,2019,June,Thursday,8:40 PM,50,Not Divided,Straight road,Unknown,Not Applicable,Sealed,Dry,Not Raining,Night,Hit Fixed Object,1,Driver Rider,2: MI,No Control,Y,,1341483.3,1605334.05,1.34148E+13
2019-5867-8/07/2020,3 Country,BORDERTOWN,5268,DC TATIARA.                   ,2,1,0,1,0,2019,June,Thursday,6:50 PM,100,Not Divided,"CURVED, VIEW OPEN",Level,Driveway or Entrance,Sealed,Wet,Not Raining,Night,Hit Fixed Object,1,Driver Rider,3: SI,No Control,,,1517708.66,1510589.03,1.51771E+13
2019-5868-8/07/2020,2 Metropolitan,KILBURN,5084,CITY OF PORT ADELAIDE ENFIELD,1,1,0,0,1,2019,June,Thursday,11:00 PM,60,Divided Road,Straight road,Level,Driveway or Entrance,Sealed,Dry,Not Raining,Night,Roll Over,1,Driver Rider,2: MI,No Control,,,1327201.71,1678030.52,1.3272E+13
2019-5869-8/07/2020,2 Metropolitan,FULHAM GARDENS,5024,CITY OF CHARLES STURT,2,0,0,0,0,2019,June,Friday,4:35 AM,50,Not Divided,Straight road,Level,Not Applicable,Sealed,Dry,Not Raining,Night,Hit Fixed Object,1,Driver Rider,1: PDO,No Control,,,1320067.53,1672826.6,1.32007E+13
2019-5870-8/07/2020,2 Metropolitan,LOBETHAL,5241,THE ADELAIDE HILLS COUNCIL,2,0,0,0,0,2019,June,Friday,4:38 AM,80,Not Divided,"CURVED, VIEW OBSCURED",Level,Not Applicable,Sealed,Wet,Not Raining,Night,Head On,2,Driver Rider,1: PDO,No Control,,Y,1351727.85,1671617.73,1.35173E+13
2019-5871-8/07/2020,2 Metropolitan,SALISBURY PLAIN,5109,CITY OF SALISBURY,2,0,0,0,0,2019,June,Friday,6:30 AM,80,Cross Road,Straight road,Level,Not Applicable,Sealed,Dry,Not Raining,Night,Rear End,1,Driver Rider,1: PDO,Traffic Signals,,,1335452.41,1688124.93,1.33545E+13
2019-5872-8/07/2020,1 City,ADELAIDE,5000,CITY OF ADELAIDE,2,0,0,0,0,2019,June,Thursday,2:34 PM,50,Cross Road,Straight road,Level,Not Applicable,Sealed,Dry,Not Raining,Daylight,Hit Pedestrian,1,Driver Rider,1: PDO,Traffic Signals,,,1328471.62,1670979.97,1.32847E+13
2019-5873-8/07/2020,2 Metropolitan,LOCKLEYS,5032,CITY OF WEST TORRENS,2,1,0,0,1,2019,June,Friday,7:29 AM,50,T-Junction,Straight road,Level,Not Applicable,Sealed,Wet,Unknown,Daylight,Hit Fixed Object,1,Driver Rider,2: MI,Give Way Sign,,,1323091.43,1671434.03,1.32309E+13
2019-5874-8/07/2020,2 Metropolitan,SALISBURY,5108,CITY OF SALISBURY,3,0,0,0,0,2019,June,Friday,6:35 AM,60,Divided Road,Straight road,Level,Not Applicable,Sealed,Dry,Not Raining,Night,Rear End,1,Driver Rider,1: PDO,No Control,,,1333464.43,1689401.6,1.33346E+13
2019-5875-8/07/2020,2 Metropolitan,MAYLANDS,5069,"CC OF NORWOOD,PAYNEHAM & ST PETERS",3,0,0,0,0,2019,June,Friday,7:40 AM,60,Cross Road,Straight road,Level,Not Applicable,Sealed,Wet,Raining,Daylight,Rear End,1,Driver Rider,1: PDO,Stop Sign,,,1332221.19,1672045.89,1.33222E+13
2019-5876-8/07/2020,2 Metropolitan,WALKLEY HEIGHTS,5098,CITY OF PORT ADELAIDE ENFIELD,4,0,0,0,0,2019,June,Friday,8:53 AM,70,Divided Road,Straight road,Slope,Not Applicable,Sealed,Dry,Not Raining,Daylight,Rear End,1,Driver Rider,1: PDO,No Control,,,1333309.89,1679372.37,1.33331E+13
2019-5877-8/07/2020,3 Country,HANSON,5417,REGIONAL COUNCIL OF GOYDER,2,0,0,0,0,2019,June,Thursday,5:30 PM,110,Not Divided,"CURVED, VIEW OPEN",Slope,Not Applicable,Sealed,Dry,Not Raining,Night,Head On,2,Driver Rider,1: PDO,No Control,,,1355317.33,1797952.11,1.35532E+13
2019-5878-8/07/2020,2 Metropolitan,EVANSTON SOUTH,5116,CT GAWLER.                    ,2,0,0,0,0,2019,June,Friday,9:29 AM,60,Not Divided,Straight road,Slope,Driveway or Entrance,Sealed,Wet,Not Raining,Daylight,Right Angle,2,Driver Rider,1: PDO,No Control,,,1341339.26,1701696.04,1.34134E+13
2019-5879-8/07/2020,3 Country,LANGHORNE CREEK,5255,ALEXANDRINA COUNCIL,2,0,0,0,0,2019,June,Friday,12:01 AM,80,Not Divided,Straight road,Level,Not Applicable,Sealed,Dry,Not Raining,Night,Hit Animal,2,Animal,1: PDO,No Control,,,1367480.15,1627513.96,1.36748E+13
2019-5880-8/07/2020,2 Metropolitan,ELIZABETH PARK,5113,CITY OF PLAYFORD.,2,0,0,0,0,2019,June,Friday,9:05 AM,80,Divided Road,Straight road,Level,Not Applicable,Sealed,Dry,Not Raining,Daylight,Rear End,1,Driver Rider,1: PDO,No Control,,,1336089.68,1693895.68,1.33609E+13
2019-5881-8/07/2020,2 Metropolitan,MILE END,5031,CITY OF WEST TORRENS,2,1,0,1,0,2019,June,Thursday,4:50 PM,60,T-Junction,Straight road,Level,Not Applicable,Sealed,Dry,Not Raining,Daylight,Right Turn,2,Driver Rider,3: SI,No Control,,,1325765.79,1670332.06,1.32577E+13
2019-5882-8/07/2020,2 Metropolitan,CHELTENHAM,5014,CITY OF CHARLES STURT,3,0,0,0,0,2019,June,Saturday,9:20 AM,60,Cross Road,Straight road,Level,Not Applicable,Sealed,Dry,Not Raining,Daylight,Rear End,1,Driver Rider,1: PDO,Traffic Signals,,,1322125.85,1676413.1,1.32213E+13
2019-5883-8/07/2020,2 Metropolitan,FLINDERS PARK,5025,CITY OF CHARLES STURT,2,0,0,0,0,2019,June,Thursday,3:50 PM,60,Not Divided,Straight road,Level,Not Applicable,Sealed,Dry,Not Raining,Daylight,Hit Pedestrian,1,Pedestrian,1: PDO,No Control,,,1323975.43,1672713.67,1.32398E+13
2019-5884-8/07/2020,3 Country,BERRI,5343,THE BERRI BARMERA COUNCIL,2,2,0,0,2,2019,June,Friday,11:30 AM,60,Not Divided,Straight road,Level,Not Applicable,Sealed,Dry,Not Raining,Daylight,Hit Fixed Object,1,Driver Rider,2: MI,No Control,,,1515663.64,1735649.97,1.51566E+13
2019-5885-8/07/2020,2 Metropolitan,FULHAM,5024,CITY OF WEST TORRENS,2,0,0,0,0,2019,June,Friday,11:55 AM,60,Divided Road,Straight road,Level,Not Applicable,Sealed,Dry,Not Raining,Daylight,Rear End,2,Driver Rider,1: PDO,No Control,,,1320963.46,1670499.86,1.32096E+13
2019-5886-8/07/2020,2 Metropolitan,ST PETERS,5069,"CC OF NORWOOD,PAYNEHAM & ST PETERS",2,0,0,0,0,2019,June,Friday,6:30 AM,60,Divided Road,Straight road,Level,Not Applicable,Sealed,Wet,Not Raining,Night,Rear End,1,Driver Rider,1: PDO,No Control,,,1331140.37,1672436.65,1.33114E+13
2019-5887-8/07/2020,2 Metropolitan,CHRISTIES BEACH,5165,CITY OF ONKAPARINGA,2,1,0,0,1,2019,June,Friday,1:00 PM,60,Divided Road,Straight road,Level,Not Applicable,Sealed,Dry,Not Raining,Daylight,Side Swipe,2,Driver Rider,2: MI,No Control,,,1316314.62,1647392.54,1.31632E+13
2019-5888-8/07/2020,3 Country,POOGINAGORIC,5268,DC TATIARA.                   ,3,0,0,0,0,2019,June,Sunday,1:00 PM,80,Not Divided,Straight road,Level,Not Applicable,Unsealed,Wet,Raining,Daylight,Hit Fixed Object,1,Driver Rider,1: PDO,No Control,,,1522575.71,1497272.18,1.52258E+13
2019-5889-8/07/2020,2 Metropolitan,BIRDWOOD,5234,THE ADELAIDE HILLS COUNCIL,2,0,0,0,0,2019,June,Thursday,6:30 PM,100,Not Divided,Straight road,Level,Not Applicable,Sealed,Dry,Not Raining,Night,Hit Animal,2,Animal,1: PDO,No Control,,,1361043.35,1683517.03,1.36104E+13
2019-5890-8/07/2020,3 Country,MANNUM,5238,MID MURRAY DISTRICT COUNCIL,2,1,0,0,1,2019,June,Friday,12:18 PM,80,Not Divided,"CURVED, VIEW OPEN",Bottom of Hill,Not Applicable,Sealed,Dry,Not Raining,Daylight,Hit Fixed Object,1,Driver Rider,2: MI,No Control,,,1391695.64,1667709.43,1.3917E+13
2019-5891-8/07/2020,2 Metropolitan,LEABROOK,5068,CITY OF BURNSIDE,2,0,0,0,0,2019,June,Friday,2:00 PM,60,Cross Road,Straight road,Level,Not Applicable,Sealed,Dry,Not Raining,Daylight,Rear End,2,Driver Rider,1: PDO,Traffic Signals,,,1333899.19,1670462.72,1.3339E+13
2019-5892-8/07/2020,2 Metropolitan,RICHMOND,5033,CITY OF WEST TORRENS,2,1,0,0,1,2019,June,Thursday,10:36 AM,60,Divided Road,Straight road,Level,Driveway or Entrance,Sealed,Dry,Not Raining,Daylight,Right Angle,2,Driver Rider,2: MI,No Control,,,1324686.61,1668924.4,1.32469E+13
2019-5893-8/07/2020,2 Metropolitan,KILBURN,5084,CITY OF PORT ADELAIDE ENFIELD,2,0,0,0,0,2019,June,Friday,10:00 AM,60,T-Junction,Straight road,Level,Not Applicable,Sealed,Dry,Not Raining,Daylight,Right Angle,2,Driver Rider,1: PDO,No Control,,,1327198.93,1677719.85,1.3272E+13
2019-5894-8/07/2020,2 Metropolitan,PARALOWIE,5108,CITY OF SALISBURY,3,0,0,0,0,2019,June,Friday,2:35 PM,90,Divided Road,Straight road,Level,Not Applicable,Sealed,Dry,Not Raining,Daylight,Rear End,1,Driver Rider,1: PDO,No Control,,,1328394.22,1688953.65,1.32839E+13
2019-5895-8/07/2020,2 Metropolitan,KLEMZIG,5087,CITY OF PORT ADELAIDE ENFIELD,2,0,0,0,0,2019,June,Friday,3:00 PM,60,Not Divided,Straight road,Level,Not Applicable,Sealed,Dry,Not Raining,Daylight,Rear End,2,Driver Rider,1: PDO,No Control,,,1332120.95,1675084.45,1.33212E+13
2019-5896-8/07/2020,2 Metropolitan,MAWSON LAKES,5095,CITY OF SALISBURY,2,0,0,0,0,2019,June,Friday,2:45 PM,70,Divided Road,Straight road,Level,Not Applicable,Sealed,Dry,Not Raining,Daylight,Side Swipe,1,Driver Rider,1: PDO,No Control,,,1329359.93,1684191.04,1.32936E+13
2019-5897-8/07/2020,2 Metropolitan,GEPPS CROSS,5085,CITY OF PORT ADELAIDE ENFIELD,2,0,0,0,0,2019,June,Friday,2:25 PM,60,Cross Road,Straight road,Level,Not Applicable,Sealed,Dry,Not Raining,Daylight,Side Swipe,2,Driver Rider,1: PDO,Traffic Signals,,,1330372.74,1679303.24,1.33037E+13
2019-5898-8/07/2020,1 City,ADELAIDE,5000,CITY OF ADELAIDE,2,1,0,0,1,2019,June,Thursday,9:15 PM,50,Multiple,"CURVED, VIEW OPEN",Level,Not Applicable,Sealed,Dry,Not Raining,Night,Right Angle,2,Driver Rider,2: MI,Give Way Sign,,,1327933.54,1669792.34,1.32793E+13
2019-5899-8/07/2020,2 Metropolitan,GEPPS CROSS,5094,CITY OF PORT ADELAIDE ENFIELD,2,0,0,0,0,2019,June,Friday,8:30 AM,70,T-Junction,Straight road,Level,Not Applicable,Sealed,Wet,Not Raining,Daylight,Rear End,2,Driver Rider,1: PDO,Traffic Signals,,,1328771.99,1680470.25,1.32877E+13
2019-5900-8/07/2020,1 City,NORTH ADELAIDE,5006,CITY OF ADELAIDE,3,0,0,0,0,2019,June,Friday,8:52 AM,50,Not Divided,Straight road,Level,Not Applicable,Sealed,Wet,Not Raining,Daylight,Rear End,2,Driver Rider,1: PDO,No Control,,,1327478.05,1673179.16,1.32748E+13
2019-5901-8/07/2020,2 Metropolitan,CAMPBELLTOWN,5074,CC CAMPBELLTOWN.              ,2,0,0,0,0,2019,June,Thursday,4:00 PM,50,Not Divided,Straight road,Crest of Hill,Not Applicable,Sealed,Dry,Not Raining,Daylight,Hit Parked Vehicle,1,Driver Rider,1: PDO,No Control,,,1333871.66,1675757.39,1.33387E+13
2019-5902-8/07/2020,3 Country,PORT VINCENT,5581,YORKE PENINSULA COUNCIL,1,0,0,0,0,2019,June,Thursday,3:30 PM,100,Not Divided,"CURVED, VIEW OBSCURED",Level,Not Applicable,Sealed,Dry,Not Raining,Daylight,Left Road - Out of Control,1,Driver Rider,1: PDO,No Control,,,1257765.78,1682688.61,1.25777E+13
2019-5903-8/07/2020,2 Metropolitan,GLENELG SOUTH,5045,CITY OF HOLDFAST BAY,2,0,0,0,0,2019,June,Friday,2:30 PM,50,Not Divided,Straight road,Level,Not Applicable,Sealed,Dry,Not Raining,Daylight,Hit Parked Vehicle,2,Driver Rider,1: PDO,No Control,,,1320120.1,1663783.35,1.32012E+13
2019-5904-8/07/2020,1 City,NORTH ADELAIDE,5006,CITY OF ADELAIDE,3,2,0,0,2,2019,June,Friday,3:30 PM,50,Cross Road,Straight road,Level,Not Applicable,Sealed,Dry,Not Raining,Daylight,Rear End,1,Driver Rider,2: MI,Traffic Signals,,,1327668.37,1673224.8,1.32767E+13
2019-5905-8/07/2020,2 Metropolitan,MILE END SOUTH,5031,CITY OF WEST TORRENS,2,0,0,0,0,2019,June,Thursday,1:00 PM,50,Not Divided,Straight road,Level,Driveway or Entrance,Sealed,Dry,Not Raining,Daylight,Hit Parked Vehicle,2,Driver Rider,1: PDO,No Control,,,1326302.28,1669598.34,1.3263E+13
2019-5906-8/07/2020,2 Metropolitan,EDWARDSTOWN,5039,CC MARION.                    ,2,0,0,0,0,2019,June,Friday,5:11 PM,60,Divided Road,Straight road,Level,Not Applicable,Sealed,Dry,Not Raining,Night,Hit Fixed Object,1,Driver Rider,1: PDO,No Control,,,1325905.2,1665025.88,1.32591E+13
2019-5907-8/07/2020,2 Metropolitan,SMITHFIELD,5114,CITY OF PLAYFORD.,2,0,0,0,0,2019,June,Thursday,2:00 PM,50,Not Divided,Straight road,Level,Driveway or Entrance,Sealed,Dry,Not Raining,Daylight,Rear End,2,Driver Rider,1: PDO,No Control,,,1337241.45,1697552.24,1.33724E+13
2019-5908-8/07/2020,2 Metropolitan,MOUNT BARKER,5251,DC MT.BARKER.                 ,2,0,0,0,0,2019,June,Thursday,12:15 PM,50,Cross Road,Straight road,Level,Not Applicable,Sealed,Dry,Not Raining,Daylight,Right Angle,1,Driver Rider,1: PDO,Give Way Sign,,,1351408.01,1654309.77,1.35141E+13
2019-5909-8/07/2020,3 Country,CORDILLO DOWNS,5731,,1,1,0,1,0,2019,June,Wednesday,12:00 PM,100,Not Divided,Straight road,Level,Not Applicable,Unsealed,Dry,Not Raining,Daylight,Roll Over,1,Driver Rider,3: SI,No Control,,,1544065.14,2634146.32,1.54407E+13
2019-5910-8/07/2020,2 Metropolitan,SALISBURY PARK,5109,CITY OF SALISBURY,3,0,0,0,0,2019,June,Friday,5:20 PM,80,Divided Road,Straight road,Level,Not Applicable,Sealed,Dry,Not Raining,Night,Rear End,1,Driver Rider,1: PDO,No Control,,,1335529.92,1688224.78,1.33553E+13
2019-5911-8/07/2020,3 Country,BLYTH,5462,WAKEFIELD REGIONAL COUNCIL,1,0,0,0,0,2019,June,Thursday,6:12 PM,110,Not Divided,Straight road,Level,Not Applicable,Sealed,Dry,Not Raining,Night,Roll Over,1,Driver Rider,1: PDO,No Control,,,1315612.74,1792029.34,1.31561E+13
2019-5912-8/07/2020,2 Metropolitan,POORAKA,5095,CITY OF SALISBURY,4,5,0,0,5,2019,June,Friday,5:20 PM,70,Divided Road,Straight road,Level,Not Applicable,Sealed,Dry,Not Raining,Night,Rear End,1,Driver Rider,2: MI,No Control,,,1332101.59,1681800.38,1.3321E+13
2019-5913-8/07/2020,2 Metropolitan,DRY CREEK,5094,CITY OF SALISBURY,2,0,0,0,0,2019,June,Friday,3:35 PM,90,Divided Road,"CURVED, VIEW OPEN",Level,Not Applicable,Sealed,Dry,Not Raining,Daylight,Rear End,2,Driver Rider,1: PDO,No Control,,,1327414.64,1681284.64,1.32742E+13
2019-5914-8/07/2020,2 Metropolitan,WINGFIELD,5013,CITY OF PORT ADELAIDE ENFIELD,2,0,0,0,0,2019,June,Thursday,9:15 AM,60,Not Divided,Straight road,Level,Not Applicable,Sealed,Dry,Not Raining,Daylight,Side Swipe,1,Driver Rider,1: PDO,No Control,,,1326371.72,1679239.18,1.32637E+13
2019-5915-8/07/2020,3 Country,MOUNT GAMBIER,5290,CC MT.GAMBIER.                ,3,3,0,0,3,2019,June,Friday,4:35 PM,60,T-Junction,Straight road,Level,Not Applicable,Sealed,Dry,Not Raining,Daylight,Right Turn,1,Driver Rider,2: MI,Traffic Signals,,,1511191.82,1342562.65,1.51119E+13
2019-5916-8/07/2020,2 Metropolitan,GILBERTON,5081,WALKERVILLE TOWN COUNCIL,2,0,0,0,0,2019,June,Friday,5:49 PM,60,Divided Road,Straight road,Level,Not Applicable,Sealed,Wet,Not Raining,Night,Rear End,1,Driver Rider,1: PDO,No Control,,,1329717.34,1672433.24,1.32972E+13
2019-5917-8/07/2020,2 Metropolitan,SEACLIFF PARK,5049,CITY OF HOLDFAST BAY,2,1,0,0,1,2019,June,Friday,3:40 PM,60,T-Junction,Straight road,Slope,Not Applicable,Sealed,Wet,Not Raining,Daylight,Rear End,1,Driver Rider,2: MI,No Control,,,1321197.71,1659018.3,1.3212E+13
2019-5918-8/07/2020,2 Metropolitan,NOARLUNGA DOWNS,5168,CITY OF ONKAPARINGA,2,0,0,0,0,2019,June,Friday,7:20 AM,60,Cross Road,Straight road,Level,Not Applicable,Sealed,Dry,Not Raining,Night,Right Angle,1,Driver Rider,1: PDO,Roundabout,,,1317857.01,1646860.51,1.31786E+13
2019-5919-8/07/2020,2 Metropolitan,RICHMOND,5033,CITY OF WEST TORRENS,3,0,0,0,0,2019,June,Friday,5:20 PM,50,Cross Road,Straight road,Level,Not Applicable,Sealed,Wet,Raining,Night,Rear End,1,Driver Rider,1: PDO,Roundabout,,,1324951.94,1669830.44,1.32495E+13
2019-5920-8/07/2020,2 Metropolitan,HALLETT COVE,5158,CC MARION.                    ,2,0,0,0,0,2019,June,Friday,8:30 PM,50,Not Divided,Straight road,Slope,Not Applicable,Sealed,Wet,Raining,Night,Hit Fixed Object,1,Driver Rider,1: PDO,No Control,,,1319455.98,1655121.5,1.31946E+13
2019-5921-8/07/2020,2 Metropolitan,BRIDGEWATER,5155,THE ADELAIDE HILLS COUNCIL,1,1,0,0,1,2019,June,Friday,7:10 PM,60,Rail Crossing,"CURVED, VIEW OBSCURED",Level,Not Applicable,Sealed,Wet,Not Raining,Night,Other,1,Driver Rider,2: MI,Rail Xing - Flashing,,,1341954.72,1661011.76,1.34196E+13
2019-5922-8/07/2020,2 Metropolitan,CROYDON,5008,CITY OF CHARLES STURT,2,0,0,0,0,2019,June,Friday,9:05 PM,60,Cross Road,Straight road,Level,Not Applicable,Sealed,Dry,Not Raining,Night,Right Angle,2,Driver Rider,1: PDO,Traffic Signals,,,1325512.99,1673486.39,1.32551E+13
2019-5923-8/07/2020,2 Metropolitan,COROMANDEL VALLEY,5051,CITY OF ONKAPARINGA,2,1,0,1,0,2019,June,Friday,5:40 PM,50,Not Divided,Straight road,Level,Not Applicable,Sealed,Wet,Raining,Night,Hit Pedestrian,2,Pedestrian,3: SI,No Control,,,1329800.27,1657163.64,1.3298E+13
2019-5924-8/07/2020,2 Metropolitan,MAWSON LAKES,5095,CITY OF SALISBURY,2,0,0,0,0,2019,June,Friday,11:30 PM,50,T-Junction,"CURVED, VIEW OPEN",Level,Not Applicable,Sealed,Wet,Not Raining,Night,Hit Fixed Object,1,Driver Rider,1: PDO,Give Way Sign,,,1329448.15,1682830.77,1.32945E+13
2019-5925-8/07/2020,2 Metropolitan,TRANMERE,5073,CC CAMPBELLTOWN.              ,5,0,0,0,0,2019,June,Saturday,2:00 AM,50,Not Divided,Straight road,Level,Driveway or Entrance,Sealed,Wet,Not Raining,Night,Hit Fixed Object,1,Driver Rider,1: PDO,No Control,,,1334176.11,1673633.67,1.33418E+13
2019-5926-8/07/2020,2 Metropolitan,WOODVILLE GARDENS,5012,CITY OF PORT ADELAIDE ENFIELD,2,1,0,0,1,2019,June,Saturday,5:32 AM,50,Cross Road,Straight road,Level,Not Applicable,Sealed,Wet,Not Raining,Night,Right Angle,2,Driver Rider,2: MI,Give Way Sign,Y,,1324541.73,1676854.09,1.32454E+13
2019-5927-8/07/2020,2 Metropolitan,HENLEY BEACH,5022,CITY OF CHARLES STURT,3,0,0,0,0,2019,June,Saturday,6:55 AM,50,Cross Road,Straight road,Slope,Not Applicable,Sealed,Wet,Not Raining,Night,Right Angle,2,Driver Rider,1: PDO,Give Way Sign,,,1318758.23,1672301.01,1.31876E+13
2019-5928-8/07/2020,2 Metropolitan,UNDERDALE,5032,CITY OF WEST TORRENS,2,0,0,0,0,2019,June,Friday,4:30 PM,60,T-Junction,Straight road,Level,Not Applicable,Sealed,Dry,Not Raining,Daylight,Right Angle,2,Driver Rider,1: PDO,No Control,,,1324328.3,1670954.65,1.32433E+13
2019-5929-8/07/2020,2 Metropolitan,UNLEY,5061,CITY OF UNLEY,2,0,0,0,0,2019,June,Friday,8:50 AM,50,Not Divided,Straight road,Level,Not Applicable,Sealed,Dry,Not Raining,Daylight,Other,2,Driver Rider,1: PDO,No Control,,,1328617.9,1668875.59,1.32862E+13
2019-5930-8/07/2020,2 Metropolitan,GOLDEN GROVE,5125,CITY OF TEA TREE GULLY,2,0,0,0,0,2019,June,Saturday,8:55 AM,60,Cross Road,Straight road,Slope,Not Applicable,Sealed,Wet,Raining,Daylight,Rear End,2,Driver Rider,1: PDO,Traffic Signals,,,1337892.14,1685350.36,1.33789E+13
2019-5931-8/07/2020,2 Metropolitan,KILKENNY,5009,CITY OF CHARLES STURT,2,0,0,0,0,2019,June,Saturday,10:43 AM,60,Cross Road,Straight road,Level,Not Applicable,Sealed,Dry,Not Raining,Daylight,Right Angle,2,Driver Rider,1: PDO,Stop Sign,,,1324553.99,1676329.39,1.32455E+13
2019-5932-8/07/2020,2 Metropolitan,CHELTENHAM,5014,CITY OF CHARLES STURT,2,0,0,0,0,2019,June,Friday,10:00 PM,60,Cross Road,Straight road,Level,Not Applicable,Sealed,Dry,Not Raining,Night,Side Swipe,2,Driver Rider,1: PDO,Traffic Signals,,,1322125.85,1676413.1,1.32213E+13
2019-5933-8/07/2020,2 Metropolitan,CUDLEE CREEK,5232,THE ADELAIDE HILLS COUNCIL,1,0,0,0,0,2019,June,Saturday,9:30 AM,80,Not Divided,"CURVED, VIEW OBSCURED",Level,Not Applicable,Sealed,Wet,Not Raining,Daylight,Left Road - Out of Control,1,Driver Rider,1: PDO,No Control,,,1349115.52,1679744.83,1.34912E+13
2019-5934-8/07/2020,2 Metropolitan,ROSE PARK,5067,CITY OF BURNSIDE,2,1,0,0,1,2019,June,Friday,5:20 PM,60,Divided Road,Straight road,Level,Not Applicable,Sealed,Wet,Raining,Night,Rear End,2,Driver Rider,2: MI,No Control,,,1330641.05,1670285.6,1.33064E+13
2019-5935-8/07/2020,2 Metropolitan,BUCKLAND PARK,5120,CITY OF PLAYFORD.,2,0,0,0,0,2019,June,Saturday,11:50 AM,60,Not Divided,Straight road,Level,Driveway or Entrance,Sealed,Dry,Not Raining,Daylight,Side Swipe,2,Driver Rider,1: PDO,No Control,,,1323618.94,1698394.4,1.32362E+13
2019-5936-8/07/2020,2 Metropolitan,GAWLER,5118,CT GAWLER.                    ,4,0,0,0,0,2019,June,Saturday,12:30 PM,50,T-Junction,Straight road,Level,Not Applicable,Sealed,Dry,Not Raining,Daylight,Rear End,1,Driver Rider,1: PDO,Traffic Signals,,,1343359.66,1706705.69,1.34336E+13
2019-5937-8/07/2020,2 Metropolitan,INGLE FARM,5098,CITY OF SALISBURY,5,4,0,1,3,2019,June,Saturday,12:15 PM,60,T-Junction,Straight road,Slope,Not Applicable,Sealed,Dry,Not Raining,Daylight,Rear End,1,Driver Rider,3: SI,Traffic Signals,,,1333676.11,1681209.82,1.33368E+13
2019-5938-8/07/2020,2 Metropolitan,HACKHAM WEST,5163,CITY OF ONKAPARINGA,2,1,0,0,1,2019,June,Saturday,1:05 PM,60,T-Junction,Straight road,Level,Not Applicable,Sealed,Dry,Not Raining,Daylight,Rear End,2,Driver Rider,2: MI,No Control,,,1320451.54,1646358.26,1.32045E+13