REPORT_ID,Stats Area,Suburb,Postcode,LGA Name,Total Units,Total Cas,Total Fats,Total SI,Total MI,Year,Month,Day,Time,Area Speed,Position Type,Horizontal Align,Vertical Align,Other Feat,Road Surface,Moisture Cond,Weather Cond,DayNight,Crash Type,Unit Resp,Entity Code,CSEF Severity,Traffic Ctrls,DUI Involved,Drugs Involved,ACCLOC_X,ACCLOC_Y,UNIQUE_LOC
2019-5939-8/07/2020,2 Metropolitan,WEST LAKES SHORE,5020,CITY OF CHARLES STURT,2,0,0,0,0,2019,June,Saturday,1:35 PM,50,Not Divided,Straight road,Level,Not Applicable,Sealed,Dry,Not Raining,Daylight,Rear End,1,Driver Rider,1: PDO,No Control,,,1318087,1677236.03,1.31809E+13
2019-5940-8/07/2020,3 Country,AUBURN,5451,CLARE AND GILBERT VALLEYS DISTRICT COUNCIL,2,0,0,0,0,2019,June,Saturday,11:45 AM,50,Not Divided,Straight road,Level,Not Applicable,Sealed,Dry,Not Raining,Daylight,Hit Parked Vehicle,2,Driver Rider,1: PDO,No Control,,,1339706.06,1769940.08,1.33971E+13
2019-5941-8/07/2020,2 Metropolitan,ELIZABETH PARK,5113,CITY OF PLAYFORD.,2,0,0,0,0,2019,June,Saturday,2:30 PM,80,Cross Road,Straight road,Level,Not Applicable,Sealed,Dry,Not Raining,Daylight,Right Angle,2,Driver Rider,1: PDO,Traffic Signals,,,1335960.32,1693276.69,1.33596E+13
2019-5942-8/07/2020,2 Metropolitan,THORNGATE,5082,WALKERVILLE TOWN COUNCIL,2,0,0,0,0,2019,June,Friday,2:25 PM,60,Divided Road,Straight road,Level,Not Applicable,Sealed,Dry,Not Raining,Daylight,Hit Parked Vehicle,2,Driver Rider,1: PDO,No Control,,,1328567.89,1673888.42,1.32857E+13
2019-5943-8/07/2020,2 Metropolitan,MILE END,5031,CITY OF WEST TORRENS,2,0,0,0,0,2019,June,Saturday,3:48 PM,50,Not Divided,Straight road,Level,Not Applicable,Sealed,Dry,Not Raining,Daylight,Hit Fixed Object,1,Driver Rider,1: PDO,No Control,,,1324937.93,1670605.41,1.32494E+13
2019-5944-8/07/2020,2 Metropolitan,FERRYDEN PARK,5010,CITY OF PORT ADELAIDE ENFIELD,3,0,0,0,0,2019,June,Saturday,4:00 PM,50,Not Divided,Straight road,Level,Driveway or Entrance,Sealed,Dry,Not Raining,Daylight,Hit Parked Vehicle,1,Driver Rider,1: PDO,No Control,,,1325027.68,1677329.74,1.32503E+13
2019-5945-8/07/2020,3 Country,WESTERN FLAT,5268,DC TATIARA.                   ,2,2,0,2,0,2019,June,Saturday,2:00 PM,110,Not Divided,Straight road,Level,Not Applicable,Sealed,Dry,Not Raining,Daylight,Hit Fixed Object,1,Driver Rider,3: SI,No Control,,,1515678.12,1484475.26,1.51568E+13
2019-5946-8/07/2020,2 Metropolitan,FLAGSTAFF HILL,5159,CITY OF ONKAPARINGA,2,1,0,1,0,2019,June,Saturday,4:14 PM,60,Not Divided,Straight road,Level,Not Applicable,Sealed,Dry,Not Raining,Daylight,Side Swipe,2,Driver Rider,3: SI,No Control,,,1327572.64,1656421.98,1.32757E+13
2019-5947-8/07/2020,2 Metropolitan,BLAIR ATHOL,5084,CITY OF PORT ADELAIDE ENFIELD,2,0,0,0,0,2019,June,Saturday,5:16 PM,50,Cross Road,Straight road,Level,Not Applicable,Sealed,Dry,Not Raining,Night,Right Angle,1,Driver Rider,1: PDO,Roundabout,,,1328376.36,1678792.75,1.32838E+13
2019-5948-8/07/2020,2 Metropolitan,KENSINGTON GARDENS,5068,CITY OF BURNSIDE,2,0,0,0,0,2019,June,Saturday,4:50 PM,50,Cross Road,Straight road,Level,Not Applicable,Sealed,Dry,Not Raining,Daylight,Right Angle,1,Driver Rider,1: PDO,Give Way Sign,,,1334016.56,1670791.87,1.33402E+13
2019-5949-8/07/2020,2 Metropolitan,CLOVELLY PARK,5042,CC MARION.                    ,2,0,0,0,0,2019,June,Saturday,5:15 PM,60,T-Junction,Straight road,Level,Not Applicable,Sealed,Dry,Not Raining,Night,Right Angle,2,Driver Rider,1: PDO,No Control,,,1325460.63,1663302.73,1.32546E+13
2019-5950-8/07/2020,3 Country,KEITH,5267,DC TATIARA.                   ,2,0,0,0,0,2019,June,Saturday,5:30 AM,110,Not Divided,Straight road,Level,Not Applicable,Sealed,Dry,Not Raining,Night,Hit Fixed Object,1,Driver Rider,1: PDO,No Control,,,1484635.85,1530824.42,1.48464E+13
2019-5951-8/07/2020,3 Country,MOUNT WILLOUGHBY,5723,,1,2,0,0,2,2019,June,Saturday,3:35 PM,110,Not Divided,"CURVED, VIEW OPEN",Level,Not Applicable,Sealed,Dry,Not Raining,Daylight,Roll Over,1,Driver Rider,2: MI,No Control,,,923994.7,2386022.66,9.23995E+12
2019-5952-8/07/2020,2 Metropolitan,FLINDERS PARK,5025,CITY OF CHARLES STURT,2,0,0,0,0,2019,June,Saturday,6:30 PM,60,Not Divided,Straight road,Level,Not Applicable,Sealed,Dry,Not Raining,Night,Hit Parked Vehicle,1,Driver Rider,1: PDO,No Control,,,1323910.66,1672524.4,1.32391E+13
2019-5953-8/07/2020,2 Metropolitan,MORPHETT VALE,5162,CITY OF ONKAPARINGA,2,0,0,0,0,2019,June,Saturday,5:25 PM,60,Divided Road,Straight road,Slope,Not Applicable,Sealed,Wet,Not Raining,Night,Hit Parked Vehicle,1,Driver Rider,1: PDO,No Control,,,1320836.66,1647740.55,1.32084E+13
2019-5954-8/07/2020,2 Metropolitan,PARAFIELD GARDENS,5107,CITY OF SALISBURY,2,0,0,0,0,2019,June,Saturday,7:15 PM,50,Not Divided,Straight road,Level,Not Applicable,Sealed,Dry,Not Raining,Night,Hit Fixed Object,1,Driver Rider,1: PDO,No Control,,,1329222.6,1685619.87,1.32922E+13
2019-5955-8/07/2020,1 City,ADELAIDE,5000,CITY OF ADELAIDE,2,0,0,0,0,2019,June,Saturday,3:20 PM,60,T-Junction,Straight road,Level,Not Applicable,Sealed,Dry,Not Raining,Daylight,Rear End,1,Driver Rider,1: PDO,Traffic Signals,,,1326873.73,1671362.14,1.32687E+13
2019-5956-8/07/2020,2 Metropolitan,PENFIELD,5121,CITY OF PLAYFORD.,2,3,0,0,3,2019,June,Saturday,9:10 PM,80,Cross Road,Straight road,Level,Not Applicable,Sealed,Dry,Not Raining,Night,Right Angle,2,Driver Rider,2: MI,Give Way Sign,,,1333441.32,1696359.08,1.33344E+13
2019-5957-8/07/2020,2 Metropolitan,CAREY GULLY,5144,THE ADELAIDE HILLS COUNCIL,2,1,0,0,1,2019,June,Saturday,9:15 PM,80,Not Divided,"CURVED, VIEW OBSCURED",Slope,Not Applicable,Sealed,Wet,Not Raining,Night,Hit Fixed Object,1,Driver Rider,2: MI,No Control,,,1344085.58,1666071.57,1.34409E+13
2019-5958-8/07/2020,3 Country,FINNISS,5255,ALEXANDRINA COUNCIL,2,2,0,2,0,2019,June,Sunday,12:30 AM,100,Not Divided,Straight road,Level,Not Applicable,Sealed,Dry,Not Raining,Night,Hit Fixed Object,1,Driver Rider,3: SI,No Control,,,1353014.9,1618895.71,1.35302E+13
2019-5959-8/07/2020,2 Metropolitan,TRANMERE,5073,CC CAMPBELLTOWN.              ,2,1,0,0,1,2019,June,Sunday,3:30 AM,60,Divided Road,Straight road,Level,Not Applicable,Sealed,Dry,Not Raining,Night,Hit Parked Vehicle,1,Driver Rider,2: MI,No Control,Y,,1333827.53,1673175.92,1.33383E+13
2019-5960-8/07/2020,2 Metropolitan,BRIDGEWATER,5155,THE ADELAIDE HILLS COUNCIL,2,1,0,0,1,2019,June,Sunday,7:12 AM,110,Freeway,Straight road,Slope,Not Applicable,Sealed,Dry,Not Raining,Night,Hit Fixed Object,1,Driver Rider,2: MI,No Control,,,1343779.85,1661282.38,1.34378E+13
2019-5961-8/07/2020,2 Metropolitan,TOORAK GARDENS,5065,CITY OF BURNSIDE,2,0,0,0,0,2019,June,Sunday,11:00 AM,50,Not Divided,Straight road,Level,Not Applicable,Sealed,Dry,Not Raining,Daylight,Right Angle,2,Driver Rider,1: PDO,No Control,,,1331887.06,1669959.7,1.33189E+13
2019-5962-8/07/2020,2 Metropolitan,O'HALLORAN HILL,5158,CC MARION.                    ,2,1,0,0,1,2019,June,Saturday,1:50 PM,50,Not Divided,Straight road,Slope,Not Applicable,Sealed,Dry,Not Raining,Daylight,Hit Fixed Object,1,Driver Rider,2: MI,No Control,,,1322948.54,1654265.53,1.32295E+13
2019-5963-8/07/2020,2 Metropolitan,EDWARDSTOWN,5039,CC MARION.                    ,2,0,0,0,0,2019,June,Sunday,12:39 PM,60,Divided Road,Straight road,Level,Not Applicable,Sealed,Dry,Not Raining,Daylight,Rear End,2,Driver Rider,1: PDO,No Control,,,1325927.28,1664254.27,1.32593E+13
2019-5964-8/07/2020,2 Metropolitan,MAWSON LAKES,5095,CITY OF SALISBURY,1,0,0,0,0,2019,June,Sunday,10:00 AM,60,Cross Road,Straight road,Level,Not Applicable,Sealed,Dry,Not Raining,Daylight,Other,1,Driver Rider,1: PDO,Traffic Signals,,,1330496.17,1683915.05,1.3305E+13
2019-5965-8/07/2020,2 Metropolitan,PARALOWIE,5108,CITY OF SALISBURY,2,0,0,0,0,2019,June,Sunday,12:00 PM,60,T-Junction,"CURVED, VIEW OPEN",Level,Not Applicable,Sealed,Dry,Not Raining,Daylight,Hit Fixed Object,1,Driver Rider,1: PDO,Roundabout,,,1328632.06,1688769.49,1.32863E+13
2019-5966-8/07/2020,2 Metropolitan,HILLBANK,5112,CITY OF PLAYFORD.,2,0,0,0,0,2019,June,Sunday,11:15 AM,80,Divided Road,Straight road,Level,Not Applicable,Sealed,Dry,Not Raining,Daylight,Side Swipe,2,Driver Rider,1: PDO,No Control,,,1336152.95,1690756.44,1.33615E+13
2019-5967-8/07/2020,2 Metropolitan,ONE TREE HILL,5114,CITY OF PLAYFORD.,2,2,0,0,2,2019,June,Sunday,3:15 PM,100,Not Divided,"CURVED, VIEW OBSCURED",Slope,Not Applicable,Sealed,Dry,Not Raining,Daylight,Side Swipe,1,Driver Rider,2: MI,No Control,,Y,1344187.25,1695004.03,1.34419E+13
2019-5968-8/07/2020,2 Metropolitan,PAYNEHAM SOUTH,5070,"CC OF NORWOOD,PAYNEHAM & ST PETERS",2,0,0,0,0,2019,June,Sunday,3:00 PM,50,Not Divided,Straight road,Level,Not Applicable,Sealed,Dry,Not Raining,Daylight,Hit Parked Vehicle,2,Driver Rider,1: PDO,No Control,,,1332995.99,1672599.6,1.333E+13
2019-5969-8/07/2020,2 Metropolitan,GLEN OSMOND,5064,CITY OF BURNSIDE,2,0,0,0,0,2019,June,Sunday,10:54 AM,60,Divided Road,Straight road,Level,Not Applicable,Sealed,Dry,Not Raining,Daylight,Hit Parked Vehicle,2,Driver Rider,1: PDO,No Control,,,1332374.29,1666858.6,1.33237E+13
2019-5970-8/07/2020,2 Metropolitan,ALDGATE,5154,THE ADELAIDE HILLS COUNCIL,2,0,0,0,0,2019,June,Sunday,3:30 PM,50,Not Divided,Straight road,Level,Driveway or Entrance,Sealed,Dry,Not Raining,Daylight,Right Angle,1,Driver Rider,1: PDO,No Control,,,1340678.16,1660286.72,1.34068E+13
2019-5971-8/07/2020,2 Metropolitan,MOUNT GEORGE,5155,THE ADELAIDE HILLS COUNCIL,2,0,0,0,0,2019,June,Sunday,4:30 PM,110,Freeway,Straight road,Slope,Not Applicable,Sealed,Dry,Not Raining,Daylight,Side Swipe,1,Driver Rider,1: PDO,No Control,,,1343452.96,1661454.12,1.34345E+13
2019-5972-8/07/2020,2 Metropolitan,PARIS CREEK,5201,DC MT.BARKER.                 ,1,1,0,1,0,2019,June,Sunday,4:15 PM,80,Not Divided,"CURVED, VIEW OPEN",Level,Not Applicable,Sealed,Dry,Not Raining,Daylight,Roll Over,1,Driver Rider,3: SI,No Control,,,1343227.11,1637578.27,1.34323E+13
2019-5973-8/07/2020,2 Metropolitan,BRIDGEWATER,5155,THE ADELAIDE HILLS COUNCIL,2,1,0,1,0,2019,June,Sunday,4:45 PM,50,Not Divided,"CURVED, VIEW OPEN",Slope,Not Applicable,Sealed,Dry,Not Raining,Daylight,Hit Fixed Object,1,Driver Rider,3: SI,No Control,,,1344024.65,1660447.12,1.34403E+13
2019-5974-8/07/2020,2 Metropolitan,GEPPS CROSS,5094,CITY OF PORT ADELAIDE ENFIELD,2,1,0,0,1,2019,June,Sunday,7:44 PM,70,Divided Road,Straight road,Level,Not Applicable,Sealed,Dry,Not Raining,Night,Rear End,2,Driver Rider,2: MI,No Control,,,1329522.97,1680389.89,1.32952E+13
2019-5975-8/07/2020,3 Country,VICTOR HARBOR,5211,DC VICTOR HARBOR.             ,2,0,0,0,0,2019,June,Sunday,5:15 PM,50,Cross Road,Straight road,Level,Not Applicable,Sealed,Dry,Not Raining,Night,Right Angle,1,Driver Rider,1: PDO,Stop Sign,,,1328059.71,1600946.96,1.32806E+13
2019-5976-8/07/2020,3 Country,OB FLAT,5291,DISTRICT COUNCIL OF GRANT,2,1,0,1,0,2019,June,Sunday,10:20 PM,110,Not Divided,Straight road,Slope,Not Applicable,Sealed,Wet,Raining,Night,Hit Fixed Object,1,Driver Rider,3: SI,No Control,,,1510700.32,1332819.77,1.5107E+13
2019-5977-8/07/2020,2 Metropolitan,NORTHFIELD,5085,CITY OF PORT ADELAIDE ENFIELD,2,0,0,0,0,2019,June,Monday,4:00 AM,70,Divided Road,Straight road,Level,Not Applicable,Sealed,Dry,Not Raining,Night,Hit Fixed Object,1,Driver Rider,1: PDO,No Control,,,1331784.12,1679301.56,1.33178E+13
2019-5978-8/07/2020,2 Metropolitan,MODBURY HEIGHTS,5092,CITY OF TEA TREE GULLY,2,0,0,0,0,2019,June,Monday,6:40 AM,70,T-Junction,Straight road,Level,Not Applicable,Sealed,Dry,Not Raining,Night,Right Turn,1,Driver Rider,1: PDO,Traffic Signals,,,1337510.78,1682495.94,1.33751E+13
2019-5979-8/07/2020,2 Metropolitan,MODBURY HEIGHTS,5092,CITY OF TEA TREE GULLY,3,0,0,0,0,2019,June,Monday,6:45 AM,70,T-Junction,Straight road,Level,Not Applicable,Sealed,Dry,Not Raining,Night,Hit Parked Vehicle,1,Driver Rider,1: PDO,Traffic Signals,,,1337510.78,1682495.94,1.33751E+13
2019-5980-8/07/2020,2 Metropolitan,TORRENS PARK,5062,CC MITCHAM.                   ,2,0,0,0,0,2019,June,Monday,7:25 AM,60,T-Junction,"CURVED, VIEW OPEN",Slope,Not Applicable,Sealed,Dry,Not Raining,Daylight,Right Angle,1,Driver Rider,1: PDO,Give Way Sign,,,1329333.17,1663961.39,1.32933E+13
2019-5981-8/07/2020,2 Metropolitan,PARAFIELD GARDENS,5107,CITY OF SALISBURY,2,0,0,0,0,2019,June,Monday,8:30 AM,60,Divided Road,Straight road,Level,Not Applicable,Sealed,Dry,Not Raining,Daylight,Rear End,2,Driver Rider,1: PDO,No Control,,,1331384.35,1686752.64,1.33138E+13
2019-5982-8/07/2020,2 Metropolitan,MILE END,5031,CITY OF WEST TORRENS,2,1,0,0,1,2019,June,Monday,8:40 AM,60,T-Junction,Straight road,Level,Not Applicable,Sealed,Dry,Not Raining,Daylight,Right Turn,1,Driver Rider,2: MI,No Control,,,1326080.52,1670999.64,1.32608E+13
2019-5983-8/07/2020,2 Metropolitan,GREENACRES,5086,CITY OF PORT ADELAIDE ENFIELD,3,0,0,0,0,2019,June,Monday,8:45 AM,60,T-Junction,Straight road,Level,Not Applicable,Sealed,Dry,Not Raining,Daylight,Right Turn,2,Driver Rider,1: PDO,No Control,,,1330430.11,1677200.82,1.33043E+13
2019-5984-8/07/2020,3 Country,MYPONGA,5202,DC YANKALILLA.                ,2,0,0,0,0,2019,June,Wednesday,5:50 PM,100,Not Divided,Straight road,Level,Not Applicable,Sealed,Dry,Not Raining,Night,Hit Animal,2,Animal,1: PDO,No Control,,,1312204.95,1617582.75,1.31221E+13
2019-5985-8/07/2020,2 Metropolitan,CLEARVIEW,5085,CITY OF PORT ADELAIDE ENFIELD,2,0,0,0,0,2019,June,Monday,8:40 AM,60,Divided Road,Straight road,Level,Not Applicable,Sealed,Dry,Not Raining,Daylight,Side Swipe,2,Driver Rider,1: PDO,No Control,,,1330414.25,1677833.92,1.33041E+13
2019-5986-8/07/2020,2 Metropolitan,WATERLOO CORNER,5110,CITY OF SALISBURY,2,1,0,0,1,2019,June,Monday,7:30 AM,90,Divided Road,Straight road,Level,Not Applicable,Sealed,Dry,Not Raining,Daylight,Rear End,2,Driver Rider,2: MI,No Control,,,1327591.32,1692331.09,1.32759E+13
2019-5987-8/07/2020,2 Metropolitan,LARGS BAY,5016,CITY OF PORT ADELAIDE ENFIELD,2,1,0,0,1,2019,June,Monday,8:35 AM,50,Not Divided,Straight road,Level,Not Applicable,Sealed,Dry,Not Raining,Daylight,Hit Fixed Object,1,Driver Rider,2: MI,No Control,,Y,1319226.53,1681865.68,1.31923E+13
2019-5988-8/07/2020,2 Metropolitan,STIRLING,5152,THE ADELAIDE HILLS COUNCIL,2,0,0,0,0,2019,June,Sunday,2:30 PM,40,Not Divided,"CURVED, VIEW OBSCURED",Bottom of Hill,Not Applicable,Sealed,Wet,Raining,Daylight,Hit Fixed Object,1,Driver Rider,1: PDO,No Control,,,1338240.02,1661480.31,1.33824E+13
2019-5989-8/07/2020,3 Country,MOUNT GAMBIER,5290,CC MT.GAMBIER.                ,3,1,0,0,1,2019,June,Monday,8:50 AM,60,T-Junction,Straight road,Level,Not Applicable,Sealed,Dry,Not Raining,Daylight,Right Angle,1,Driver Rider,2: MI,No Control,,,1510498.04,1339659.59,1.5105E+13
2019-5990-8/07/2020,2 Metropolitan,FIRLE,5070,"CC OF NORWOOD,PAYNEHAM & ST PETERS",2,0,0,0,0,2019,June,Monday,1:15 PM,60,T-Junction,Straight road,Level,Not Applicable,Sealed,Dry,Not Raining,Daylight,Right Angle,2,Driver Rider,1: PDO,Stop Sign,,,1333828.96,1672697.56,1.33383E+13
2019-5991-8/07/2020,2 Metropolitan,NORTH PLYMPTON,5037,CITY OF WEST TORRENS,2,0,0,0,0,2019,June,Sunday,6:00 PM,60,T-Junction,Straight road,Level,Not Applicable,Sealed,Dry,Not Raining,Night,Right Angle,1,Driver Rider,1: PDO,No Control,,,1324219.38,1667300.83,1.32422E+13
2019-5992-8/07/2020,2 Metropolitan,GILLMAN,5013,CITY OF PORT ADELAIDE ENFIELD,2,0,0,0,0,2019,June,Monday,2:20 PM,60,Divided Road,Straight road,Level,Not Applicable,Sealed,Dry,Not Raining,Daylight,Hit Fixed Object,1,Driver Rider,1: PDO,No Control,,,1321771.37,1680600.31,1.32177E+13
2019-5993-8/07/2020,2 Metropolitan,HOVE,5048,CITY OF HOLDFAST BAY,2,1,0,1,0,2019,June,Monday,3:54 PM,60,T-Junction,Straight road,Level,Not Applicable,Sealed,Dry,Not Raining,Daylight,Right Turn,1,Driver Rider,3: SI,No Control,,,1321108.97,1661649.71,1.32111E+13
2019-5994-8/07/2020,2 Metropolitan,KENSINGTON,5068,"CC OF NORWOOD,PAYNEHAM & ST PETERS",2,0,0,0,0,2019,June,Monday,1:40 PM,60,Divided Road,Straight road,Level,Not Applicable,Sealed,Dry,Not Raining,Daylight,Side Swipe,2,Driver Rider,1: PDO,No Control,,,1332276.41,1670505.66,1.33228E+13
2019-5995-8/07/2020,2 Metropolitan,EVANSTON SOUTH,5116,CT GAWLER.                    ,3,0,0,0,0,2019,June,Monday,4:36 PM,90,Cross Road,Straight road,Level,Not Applicable,Unsealed,Dry,Not Raining,Daylight,Hit Fixed Object,1,Driver Rider,1: PDO,Traffic Signals,,,1340943.52,1701990.7,1.34094E+13
2019-5996-8/07/2020,2 Metropolitan,WOODSIDE,5244,THE ADELAIDE HILLS COUNCIL,2,0,0,0,0,2019,June,Monday,3:20 PM,80,Not Divided,"CURVED, VIEW OPEN",Level,Not Applicable,Sealed,Wet,Raining,Daylight,Hit Fixed Object,1,Driver Rider,1: PDO,No Control,,,1355782.53,1668705.08,1.35578E+13
2019-5997-8/07/2020,2 Metropolitan,MILE END,5031,CITY OF WEST TORRENS,3,0,0,0,0,2019,June,Monday,5:30 PM,60,T-Junction,Straight road,Level,Not Applicable,Sealed,Dry,Not Raining,Night,Right Angle,1,Driver Rider,1: PDO,No Control,,,1325754.51,1670701.81,1.32576E+13
2019-5998-8/07/2020,2 Metropolitan,ROSEWATER,5013,CITY OF PORT ADELAIDE ENFIELD,2,0,0,0,0,2019,June,Monday,4:30 PM,60,T-Junction,Straight road,Level,Not Applicable,Sealed,Dry,Not Raining,Daylight,Hit Fixed Object,1,Driver Rider,1: PDO,Stop Sign,,,1321186.97,1679093.91,1.32119E+13
2019-5999-8/07/2020,2 Metropolitan,RICHMOND,5033,CITY OF WEST TORRENS,2,0,0,0,0,2019,June,Monday,7:15 AM,60,Multiple,Straight road,Level,Not Applicable,Sealed,Dry,Not Raining,Night,Rear End,2,Driver Rider,1: PDO,Traffic Signals,,,1325790.22,1669469.43,1.32579E+13
2019-6000-8/07/2020,2 Metropolitan,WARRADALE,5046,CC MARION.                    ,3,0,0,0,0,2019,June,Sunday,7:20 PM,60,Cross Road,Straight road,Level,Not Applicable,Sealed,Dry,Not Raining,Night,Right Angle,2,Driver Rider,1: PDO,Give Way Sign,,,1322740.46,1661817.67,1.32274E+13
2019-6001-8/07/2020,3 Country,MURRAY BRIDGE,5253,RC MURRAY BRIDGE.             ,2,0,0,0,0,2019,June,Monday,5:42 PM,50,Cross Road,Straight road,Slope,Not Applicable,Sealed,Dry,Not Raining,Night,Right Turn,1,Driver Rider,1: PDO,Traffic Signals,,,1389097.6,1646913.83,1.3891E+13
2019-6002-8/07/2020,2 Metropolitan,CHARLESTON,5244,THE ADELAIDE HILLS COUNCIL,2,1,0,0,1,2019,June,Monday,6:20 PM,80,Not Divided,Straight road,Crest of Hill,Not Applicable,Sealed,Wet,Raining,Night,Hit Fixed Object,1,Driver Rider,2: MI,No Control,,,1355188.04,1669758.8,1.35519E+13
2019-6003-8/07/2020,2 Metropolitan,KALBEEBA,5118,THE BAROSSA COUNCIL.,3,0,0,0,0,2019,June,Monday,5:57 PM,80,Not Divided,Straight road,Level,Driveway or Entrance,Sealed,Dry,Not Raining,Night,Rear End,1,Driver Rider,1: PDO,No Control,,,1347990.37,1705912.76,1.34799E+13
2019-6004-8/07/2020,2 Metropolitan,MANSFIELD PARK,5012,CITY OF PORT ADELAIDE ENFIELD,2,1,0,0,1,2019,June,Monday,6:40 PM,60,T-Junction,Straight road,Level,Not Applicable,Sealed,Dry,Not Raining,Night,Right Angle,1,Driver Rider,2: MI,No Control,,,1324115.22,1679157.85,1.32412E+13
2019-6005-8/07/2020,3 Country,TICKERA,5555,BARUNGA WEST DISTRICT COUNCIL,3,1,1,0,0,2019,June,Monday,1:00 PM,100,Cross Road,Straight road,Level,Not Applicable,Sealed,Dry,Not Raining,Daylight,Hit Fixed Object,1,Driver Rider,4: Fatal,Give Way Sign,,,1251482.1,1788909.26,1.25148E+13
2019-6006-8/07/2020,3 Country,TOOPERANG,5255,ALEXANDRINA COUNCIL,3,1,0,0,1,2019,June,Monday,10:52 PM,100,T-Junction,Straight road,Slope,Not Applicable,Sealed,Wet,Raining,Night,Hit Fixed Object,1,Driver Rider,2: MI,No Control,,,1341727.75,1618063.78,1.34173E+13
2019-6007-8/07/2020,2 Metropolitan,MCLAREN FLAT,5171,CITY OF ONKAPARINGA,2,1,0,0,1,2019,June,Monday,11:20 PM,80,Not Divided,Straight road,Level,Not Applicable,Sealed,Wet,Raining,Night,Hit Fixed Object,1,Driver Rider,2: MI,No Control,,,1328023.05,1642030.82,1.32802E+13
2019-6008-8/07/2020,2 Metropolitan,NORTHFIELD,5085,CITY OF PORT ADELAIDE ENFIELD,2,1,0,0,1,2019,June,Tuesday,7:40 AM,60,T-Junction,Straight road,Slope,Not Applicable,Sealed,Dry,Not Raining,Daylight,Right Turn,1,Driver Rider,2: MI,No Control,,,1330655.84,1679290.52,1.33066E+13
2019-6009-8/07/2020,2 Metropolitan,PARAFIELD,5106,CITY OF SALISBURY,3,0,0,0,0,2019,June,Tuesday,7:40 AM,80,Divided Road,Straight road,Level,Not Applicable,Sealed,Wet,Raining,Daylight,Rear End,1,Driver Rider,1: PDO,No Control,,,1332050.76,1683792.28,1.33205E+13
2019-6010-8/07/2020,2 Metropolitan,SALISBURY EAST,5109,CITY OF SALISBURY,2,0,0,0,0,2019,June,Tuesday,8:30 AM,60,Cross Road,Straight road,Slope,Not Applicable,Sealed,Wet,Not Raining,Daylight,Rear End,1,Driver Rider,1: PDO,Traffic Signals,,,1334189.82,1684652.72,1.33419E+13
2019-6011-8/07/2020,2 Metropolitan,BLACKWOOD,5051,CC MITCHAM.                   ,2,1,0,0,1,2019,June,Tuesday,8:20 AM,50,Not Divided,Straight road,Level,Driveway or Entrance,Sealed,Dry,Not Raining,Daylight,Right Angle,2,Driver Rider,2: MI,No Control,,,1329795.82,1660731.23,1.3298E+13
2019-6012-8/07/2020,2 Metropolitan,PROSPECT,5082,CITY OF PROSPECT,2,0,0,0,0,2019,June,Tuesday,9:10 AM,40,Not Divided,Straight road,Slope,Not Applicable,Sealed,Wet,Not Raining,Daylight,Hit Parked Vehicle,2,Driver Rider,1: PDO,No Control,,,1327594.71,1674935.44,1.3276E+13
2019-6013-8/07/2020,2 Metropolitan,SEMAPHORE PARK,5019,CITY OF CHARLES STURT,2,0,0,0,0,2019,June,Tuesday,8:50 AM,50,Not Divided,Straight road,Level,Not Applicable,Sealed,Dry,Not Raining,Daylight,Side Swipe,2,Driver Rider,1: PDO,No Control,,,1318159.71,1679267.06,1.31816E+13
2019-6014-8/07/2020,2 Metropolitan,MARION,5043,CC MARION.                    ,2,0,0,0,0,2019,June,Tuesday,9:30 AM,60,T-Junction,Straight road,Level,Not Applicable,Sealed,Dry,Not Raining,Daylight,Right Turn,1,Driver Rider,1: PDO,Traffic Signals,,,1324366.05,1661874.49,1.32437E+13
2019-6015-8/07/2020,2 Metropolitan,SEFTON PARK,5083,CITY OF PORT ADELAIDE ENFIELD,2,0,0,0,0,2019,June,Tuesday,9:55 AM,60,T-Junction,Straight road,Level,Not Applicable,Sealed,Dry,Not Raining,Daylight,Right Turn,1,Driver Rider,1: PDO,No Control,,,1329030.84,1676437.2,1.32903E+13
2019-6016-8/07/2020,2 Metropolitan,GLEN OSMOND,5064,CITY OF BURNSIDE,2,0,0,0,0,2019,June,Monday,6:45 PM,60,T-Junction,Straight road,Slope,Not Applicable,Sealed,Wet,Not Raining,Night,Rear End,1,Driver Rider,1: PDO,Stop Sign,,,1332393.5,1666599.34,1.33239E+13
2019-6017-8/07/2020,2 Metropolitan,ROSTREVOR,5073,CC CAMPBELLTOWN.              ,3,0,0,0,0,2019,June,Tuesday,8:30 AM,60,Cross Road,Straight road,Level,Not Applicable,Sealed,Dry,Not Raining,Daylight,Rear End,1,Driver Rider,1: PDO,Stop Sign,,,1335434.51,1673666.54,1.33544E+13
2019-6018-8/07/2020,2 Metropolitan,PARADISE,5075,CC CAMPBELLTOWN.              ,2,1,0,0,1,2019,June,Tuesday,6:15 AM,60,Divided Road,Straight road,Bottom of Hill,Not Applicable,Sealed,Dry,Not Raining,Night,Rear End,2,Driver Rider,2: MI,No Control,,,1334430.27,1677025.37,1.33443E+13
2019-6019-8/07/2020,2 Metropolitan,TRANMERE,5073,CC CAMPBELLTOWN.              ,2,0,0,0,0,2019,June,Tuesday,10:00 AM,60,Not Divided,Straight road,Level,Not Applicable,Sealed,Dry,Not Raining,Daylight,Hit Parked Vehicle,2,Driver Rider,1: PDO,No Control,,,1334043.24,1671809.69,1.33404E+13