REPORT_ID,Stats Area,Suburb,Postcode,LGA Name,Total Units,Total Cas,Total Fats,Total SI,Total MI,Year,Month,Day,Time,Area Speed,Position Type,Horizontal Align,Vertical Align,Other Feat,Road Surface,Moisture Cond,Weather Cond,DayNight,Crash Type,Unit Resp,Entity Code,CSEF Severity,Traffic Ctrls,DUI Involved,Drugs Involved,ACCLOC_X,ACCLOC_Y,UNIQUE_LOC
2019-6102-8/07/2020,2 Metropolitan,HENLEY BEACH,5022,CITY OF CHARLES STURT,3,0,0,0,0,2019,June,Thursday,8:20 AM,40,Cross Road,Straight road,Level,Not Applicable,Sealed,Dry,Not Raining,Daylight,Hit Fixed Object,1,Driver Rider,1: PDO,Roundabout,,,1318931.06,1671999.01,1.31893E+13
2019-6103-8/07/2020,2 Metropolitan,MOUNT BARKER,5251,DC MT.BARKER.                 ,2,0,0,0,0,2019,June,Thursday,7:20 AM,60,T-Junction,Straight road,Level,Not Applicable,Sealed,Dry,Not Raining,Night,Rear End,1,Driver Rider,1: PDO,Roundabout,,,1352009.32,1654407.48,1.35201E+13
2019-6104-8/07/2020,2 Metropolitan,ELIZABETH PARK,5112,CITY OF PLAYFORD.,2,0,0,0,0,2019,June,Wednesday,11:20 AM,60,Cross Road,Straight road,Level,Not Applicable,Sealed,Dry,Not Raining,Daylight,Side Swipe,2,Driver Rider,1: PDO,Traffic Signals,,,1335939.12,1693257.92,1.33594E+13
2019-6105-8/07/2020,2 Metropolitan,DAW PARK,5041,CC MITCHAM.                   ,2,0,0,0,0,2019,June,Thursday,8:10 AM,60,T-Junction,Straight road,Level,Not Applicable,Sealed,Dry,Not Raining,Daylight,Right Angle,2,Driver Rider,1: PDO,Stop Sign,,,1327551.9,1664534.85,1.32755E+13
2019-6106-8/07/2020,1 City,ADELAIDE,5000,CITY OF ADELAIDE,2,0,0,0,0,2019,June,Thursday,7:55 AM,50,Cross Road,Straight road,Level,Not Applicable,Sealed,Dry,Not Raining,Daylight,Rear End,2,Driver Rider,1: PDO,Traffic Signals,,,1327930.12,1670336.29,1.32793E+13
2019-6107-8/07/2020,2 Metropolitan,LONSDALE,5160,CITY OF ONKAPARINGA,2,2,0,2,0,2019,June,Thursday,12:55 PM,70,T-Junction,Straight road,Crest of Hill,Not Applicable,Sealed,Dry,Not Raining,Daylight,Rear End,2,Driver Rider,3: SI,No Control,,,1318106.31,1649778.67,1.31811E+13
2019-6108-8/07/2020,2 Metropolitan,PORT ADELAIDE,5015,CITY OF PORT ADELAIDE ENFIELD,2,0,0,0,0,2019,June,Thursday,9:58 AM,50,T-Junction,Straight road,Level,Not Applicable,Sealed,Dry,Not Raining,Daylight,Right Angle,2,Driver Rider,1: PDO,Stop Sign,,,1320203.59,1678658.11,1.3202E+13
2019-6109-8/07/2020,2 Metropolitan,HENLEY BEACH,5022,CITY OF CHARLES STURT,2,0,0,0,0,2019,June,Thursday,9:00 AM,50,Not Divided,Straight road,Level,Not Applicable,Sealed,Dry,Not Raining,Daylight,Right Turn,1,Driver Rider,1: PDO,No Control,,,1318992.66,1671095.1,1.31899E+13
2019-6110-8/07/2020,2 Metropolitan,MAWSON LAKES,5095,CITY OF SALISBURY,2,1,0,0,1,2019,June,Thursday,6:40 AM,90,Divided Road,Straight road,Bottom of Hill,"Bridge, Culvert, Causeway",Sealed,Dry,Not Raining,Night,Rear End,2,Driver Rider,2: MI,No Control,,,1328735.11,1683376.81,1.32874E+13
2019-6111-8/07/2020,2 Metropolitan,BIRKENHEAD,5015,CITY OF PORT ADELAIDE ENFIELD,2,0,0,0,0,2019,June,Thursday,1:30 PM,60,T-Junction,Straight road,Level,Not Applicable,Sealed,Dry,Not Raining,Daylight,Rear End,1,Driver Rider,1: PDO,Traffic Signals,,,1319959.07,1680684.57,1.31996E+13
2019-6112-8/07/2020,2 Metropolitan,ELIZABETH SOUTH,5112,CITY OF PLAYFORD.,3,0,0,0,0,2019,June,Thursday,2:23 PM,60,T-Junction,Straight road,Level,Not Applicable,Sealed,Dry,Not Raining,Daylight,Side Swipe,1,Driver Rider,1: PDO,No Control,,,1334670.12,1691447.82,1.33467E+13
2019-6113-8/07/2020,2 Metropolitan,NORTH PLYMPTON,5037,CITY OF WEST TORRENS,2,0,0,0,0,2019,June,Thursday,10:00 AM,50,Not Divided,Straight road,Level,Not Applicable,Sealed,Dry,Not Raining,Daylight,Hit Parked Vehicle,2,Driver Rider,1: PDO,No Control,,,1323124.25,1667225.69,1.32312E+13
2019-6114-8/07/2020,2 Metropolitan,CROYDON PARK,5008,CITY OF PORT ADELAIDE ENFIELD,2,0,0,0,0,2019,June,Thursday,2:30 PM,50,Cross Road,Straight road,Level,Not Applicable,Sealed,Dry,Not Raining,Daylight,Right Angle,1,Driver Rider,1: PDO,Give Way Sign,,,1326336.03,1675906.65,1.32634E+13
2019-6115-8/07/2020,2 Metropolitan,PARAFIELD GARDENS,5107,CITY OF SALISBURY,3,1,0,0,1,2019,June,Thursday,3:00 PM,50,Not Divided,Straight road,Level,Not Applicable,Sealed,Dry,Not Raining,Daylight,Hit Parked Vehicle,1,Driver Rider,2: MI,No Control,,,1330353.79,1686133.94,1.33035E+13
2019-6116-8/07/2020,2 Metropolitan,WYNN VALE,5127,CITY OF TEA TREE GULLY,2,0,0,0,0,2019,June,Thursday,3:43 PM,70,T-Junction,Straight road,Level,Not Applicable,Sealed,Dry,Not Raining,Daylight,Right Angle,2,Driver Rider,1: PDO,Give Way Sign,,,1336880.89,1684611.96,1.33688E+13
2019-6117-8/07/2020,2 Metropolitan,RIDLEYTON,5008,CITY OF CHARLES STURT,3,0,0,0,0,2019,June,Thursday,3:25 PM,60,Multiple,Straight road,Level,Not Applicable,Sealed,Dry,Not Raining,Daylight,Side Swipe,1,Driver Rider,1: PDO,No Control,,,1325618.07,1673848.79,1.32562E+13
2019-6118-8/07/2020,2 Metropolitan,KINGSWOOD,5062,CC MITCHAM.                   ,2,0,0,0,0,2019,June,Thursday,11:15 AM,40,Not Divided,Straight road,Level,Not Applicable,Sealed,Dry,Not Raining,Daylight,Hit Fixed Object,1,Driver Rider,1: PDO,No Control,,,1329186.73,1665956.59,1.32919E+13
2019-6119-8/07/2020,2 Metropolitan,CAMPBELLTOWN,5074,CC CAMPBELLTOWN.              ,2,2,0,0,2,2019,June,Thursday,4:33 PM,50,T-Junction,Straight road,Level,Not Applicable,Sealed,Wet,Unknown,Daylight,Right Angle,2,Driver Rider,2: MI,No Control,,,1335244.83,1674716,1.33525E+13
2019-6120-8/07/2020,2 Metropolitan,BOLIVAR,5110,CITY OF SALISBURY,2,0,0,0,0,2019,June,Thursday,10:30 AM,60,Divided Road,Straight road,Level,Roadworks,Sealed,Dry,Not Raining,Daylight,Hit Fixed Object,1,Driver Rider,1: PDO,No Control,,,1328521.97,1688421.51,1.32852E+13
2019-6121-8/07/2020,2 Metropolitan,MITCHELL PARK,5043,CC MARION.                    ,3,1,0,0,1,2019,June,Thursday,4:51 PM,60,Divided Road,Straight road,Level,Not Applicable,Sealed,Dry,Not Raining,Daylight,Rear End,1,Driver Rider,2: MI,No Control,,,1324361.43,1662147.86,1.32436E+13
2019-6122-8/07/2020,2 Metropolitan,MITCHELL PARK,5043,CC MARION.                    ,2,1,0,0,1,2019,June,Thursday,5:10 PM,60,T-Junction,Straight road,Level,Not Applicable,Sealed,Dry,Not Raining,Daylight,Right Turn,1,Driver Rider,2: MI,No Control,,,1324933.5,1663287.4,1.32493E+13
2019-6123-8/07/2020,1 City,ADELAIDE,5000,CITY OF ADELAIDE,2,0,0,0,0,2019,June,Thursday,5:41 PM,60,T-Junction,Straight road,Level,Not Applicable,Sealed,Dry,Not Raining,Night,Right Angle,2,Driver Rider,1: PDO,Traffic Signals,,,1327369.06,1670949.09,1.32737E+13
2019-6124-8/07/2020,1 City,ADELAIDE,5000,CITY OF ADELAIDE,2,0,0,0,0,2019,June,Thursday,5:55 PM,50,Cross Road,Straight road,Level,Not Applicable,Sealed,Dry,Not Raining,Night,Hit Pedestrian,1,Driver Rider,1: PDO,Stop Sign,,,1329434.09,1670465.17,1.32943E+13
2019-6125-8/07/2020,2 Metropolitan,KESWICK,5035,CITY OF WEST TORRENS,2,0,0,0,0,2019,June,Thursday,4:15 PM,40,Not Divided,Straight road,Level,Not Applicable,Sealed,Dry,Not Raining,Daylight,Side Swipe,2,Driver Rider,1: PDO,No Control,,,1326445.71,1668857.76,1.32645E+13
2019-6126-8/07/2020,2 Metropolitan,SEAVIEW DOWNS,5049,CC MARION.                    ,2,0,0,0,0,2019,June,Thursday,6:12 PM,60,Cross Road,Straight road,Level,Not Applicable,Sealed,Dry,Not Raining,Night,Head On,2,Driver Rider,1: PDO,Traffic Signals,,,1322004.31,1659353.56,1.322E+13
2019-6127-8/07/2020,2 Metropolitan,ELIZABETH SOUTH,5112,CITY OF PLAYFORD.,3,0,0,0,0,2019,June,Thursday,4:53 PM,50,T-Junction,Straight road,Level,Not Applicable,Sealed,Dry,Not Raining,Daylight,Hit Fixed Object,1,Driver Rider,1: PDO,No Control,Y,,1334361,1691930.25,1.33436E+13
2019-6128-8/07/2020,1 City,ADELAIDE,5000,CITY OF ADELAIDE,2,0,0,0,0,2019,June,Thursday,5:40 PM,50,Divided Road,Straight road,Level,Not Applicable,Sealed,Dry,Not Raining,Night,Side Swipe,2,Driver Rider,1: PDO,No Control,,,1328514.21,1670223.18,1.32851E+13
2019-6129-8/07/2020,2 Metropolitan,HIGHBURY,5089,CITY OF TEA TREE GULLY,3,1,0,0,1,2019,June,Thursday,6:04 PM,60,Not Divided,Straight road,Level,Not Applicable,Sealed,Dry,Not Raining,Night,Head On,1,Driver Rider,2: MI,No Control,,,1339489.44,1679146.74,1.33949E+13
2019-6130-8/07/2020,2 Metropolitan,HECTORVILLE,5073,CC CAMPBELLTOWN.              ,2,3,0,0,3,2019,June,Thursday,4:00 PM,50,T-Junction,Straight road,Level,Not Applicable,Sealed,Dry,Not Raining,Daylight,Right Angle,2,Driver Rider,2: MI,No Control,,,1334618.22,1673844.86,1.33462E+13
2019-6131-8/07/2020,2 Metropolitan,GAWLER EAST,5118,CT GAWLER.                    ,3,0,0,0,0,2019,June,Thursday,7:05 PM,50,T-Junction,Straight road,Level,Not Applicable,Sealed,Dry,Not Raining,Night,Hit Fixed Object,1,Driver Rider,1: PDO,Give Way Sign,,,1343431.97,1706625.34,1.34343E+13
2019-6132-8/07/2020,2 Metropolitan,HINDMARSH,5007,CITY OF CHARLES STURT,2,0,0,0,0,2019,June,Thursday,3:00 PM,60,Cross Road,Straight road,Level,Not Applicable,Sealed,Dry,Not Raining,Daylight,Rear End,2,Driver Rider,1: PDO,Traffic Signals,,,1326468.95,1672639.58,1.32647E+13
2019-6133-8/07/2020,2 Metropolitan,PLYMPTON,5038,CITY OF WEST TORRENS,2,0,0,0,0,2019,June,Thursday,8:25 PM,60,T-Junction,Straight road,Level,Not Applicable,Sealed,Dry,Not Raining,Night,Right Turn,1,Driver Rider,1: PDO,Traffic Signals,,,1324221.22,1667046.16,1.32422E+13
2019-6134-8/07/2020,2 Metropolitan,MORPHETT VALE,5162,CITY OF ONKAPARINGA,2,4,0,0,4,2019,June,Thursday,8:20 PM,60,T-Junction,Straight road,Crest of Hill,Not Applicable,Sealed,Dry,Not Raining,Night,Right Angle,1,Driver Rider,2: MI,No Control,,,1322536.55,1649906.19,1.32254E+13
2019-6135-8/07/2020,3 Country,JERVOIS,5259,RC MURRAY BRIDGE.             ,2,0,0,0,0,2019,June,Thursday,6:25 PM,80,Not Divided,"CURVED, VIEW OPEN",Level,Not Applicable,Sealed,Dry,Not Raining,Night,Head On,2,Driver Rider,1: PDO,No Control,Y,,1402710.24,1628722.8,1.40271E+13
2019-6136-8/07/2020,3 Country,LAMEROO,5302,SOUTHERN MALLEE DISTRICT COUNCIL,2,0,0,0,0,2019,June,Thursday,11:20 PM,110,Not Divided,"CURVED, VIEW OPEN",Level,Not Applicable,Sealed,Dry,Not Raining,Night,Hit Fixed Object,1,Driver Rider,1: PDO,No Control,,,1497268.37,1619462.63,1.49727E+13
2019-6137-8/07/2020,2 Metropolitan,PENFIELD GARDENS,5121,CITY OF PLAYFORD.,2,1,0,1,0,2019,June,Thursday,11:15 PM,80,Cross Road,Straight road,Level,Not Applicable,Sealed,Dry,Not Raining,Night,Right Angle,2,Driver Rider,3: SI,Stop Sign,,,1331985.26,1698516.9,1.33199E+13
2019-6138-8/07/2020,2 Metropolitan,STIRLING,5152,THE ADELAIDE HILLS COUNCIL,2,0,0,0,0,2019,June,Friday,6:30 AM,110,Freeway,"CURVED, VIEW OPEN",Level,Not Applicable,Sealed,Dry,Not Raining,Night,Rear End,2,Driver Rider,1: PDO,No Control,,,1340673.8,1662649.74,1.34067E+13
2019-6139-8/07/2020,3 Country,WILLIAMSTOWN,5351,THE BAROSSA COUNCIL.,2,0,0,0,0,2019,June,Friday,6:00 AM,100,Not Divided,"CURVED, VIEW OPEN",Slope,Not Applicable,Sealed,Dry,Not Raining,Night,Hit Animal,2,Animal,1: PDO,No Control,,,1354695.39,1695823.8,1.3547E+13
2019-6140-8/07/2020,2 Metropolitan,PORT ADELAIDE,5015,CITY OF PORT ADELAIDE ENFIELD,3,0,0,0,0,2019,June,Friday,8:00 AM,60,Freeway,Straight road,Level,Not Applicable,Sealed,Dry,Not Raining,Daylight,Rear End,1,Driver Rider,1: PDO,No Control,,,1321241.38,1680386.74,1.32124E+13
2019-6141-8/07/2020,2 Metropolitan,MODBURY,5092,CITY OF TEA TREE GULLY,2,0,0,0,0,2019,June,Friday,8:40 AM,60,Divided Road,Straight road,Slope,Not Applicable,Sealed,Dry,Not Raining,Daylight,Rear End,2,Driver Rider,1: PDO,No Control,,,1335962.1,1680186.46,1.33596E+13
2019-6142-8/07/2020,2 Metropolitan,ROSE PARK,5067,CITY OF BURNSIDE,2,1,0,0,1,2019,June,Friday,9:02 AM,50,Not Divided,Straight road,Level,Not Applicable,Sealed,Dry,Not Raining,Daylight,Hit Parked Vehicle,1,Driver Rider,2: MI,No Control,,,1330839.13,1669867.55,1.33084E+13
2019-6143-8/07/2020,2 Metropolitan,HACKNEY,5069,"CC OF NORWOOD,PAYNEHAM & ST PETERS",2,0,0,0,0,2019,June,Thursday,2:20 PM,60,Not Divided,Straight road,Level,Not Applicable,Sealed,Dry,Not Raining,Daylight,Hit Parked Vehicle,1,Driver Rider,1: PDO,No Control,,,1330004.24,1671371,1.33E+13
2019-6144-8/07/2020,2 Metropolitan,MOUNT BARKER,5251,DC MT.BARKER.                 ,4,5,0,0,5,2019,June,Friday,8:40 AM,60,T-Junction,Straight road,Level,Not Applicable,Sealed,Dry,Not Raining,Daylight,Rear End,1,Driver Rider,2: MI,Give Way Sign,,,1350826.87,1652890.6,1.35083E+13
2019-6145-8/07/2020,2 Metropolitan,KESWICK TERMINAL,5035,CITY OF WEST TORRENS,2,0,0,0,0,2019,June,Friday,7:55 AM,60,Cross Road,Straight road,Level,Not Applicable,Sealed,Dry,Not Raining,Daylight,Right Turn,2,Driver Rider,1: PDO,Traffic Signals,,,1326431.95,1668966.24,1.32643E+13
2019-6146-8/07/2020,2 Metropolitan,MELROSE PARK,5039,CC MITCHAM.                   ,2,0,0,0,0,2019,June,Friday,6:43 AM,60,Cross Road,Straight road,Level,Not Applicable,Sealed,Dry,Not Raining,Night,Right Turn,2,Driver Rider,1: PDO,Traffic Signals,,,1325916.95,1664949.75,1.32592E+13
2019-6147-8/07/2020,2 Metropolitan,CAMPBELLTOWN,5074,CC CAMPBELLTOWN.              ,2,0,0,0,0,2019,June,Friday,10:50 AM,60,Divided Road,Straight road,Level,Driveway or Entrance,Sealed,Dry,Not Raining,Daylight,Side Swipe,2,Driver Rider,1: PDO,No Control,,,1334331.28,1675472.66,1.33433E+13
2019-6148-8/07/2020,2 Metropolitan,FLINDERS PARK,5025,CITY OF CHARLES STURT,2,0,0,0,0,2019,June,Thursday,4:50 PM,60,T-Junction,Straight road,Level,Not Applicable,Sealed,Dry,Not Raining,Daylight,Side Swipe,1,Driver Rider,1: PDO,Traffic Signals,,,1324136.28,1673177.1,1.32414E+13
2019-6149-8/07/2020,2 Metropolitan,FERRYDEN PARK,5010,CITY OF PORT ADELAIDE ENFIELD,2,1,0,0,1,2019,June,Friday,12:50 PM,50,T-Junction,Straight road,Level,Not Applicable,Sealed,Dry,Not Raining,Daylight,Right Angle,2,Driver Rider,2: MI,No Control,,,1325571.17,1677879.48,1.32557E+13
2019-6150-8/07/2020,2 Metropolitan,MITCHELL PARK,5043,CC MARION.                    ,2,0,0,0,0,2019,June,Friday,1:12 PM,60,Divided Road,Straight road,Level,Not Applicable,Sealed,Dry,Not Raining,Daylight,Hit Fixed Object,1,Driver Rider,1: PDO,No Control,,,1324382.3,1661306.2,1.32438E+13
2019-6151-8/07/2020,2 Metropolitan,TUSMORE,5065,CITY OF BURNSIDE,2,1,0,0,1,2019,June,Friday,1:02 PM,60,T-Junction,Straight road,Level,Not Applicable,Sealed,Dry,Not Raining,Daylight,Right Angle,1,Driver Rider,2: MI,Stop Sign,,,1333197.77,1669073.92,1.3332E+13
2019-6152-8/07/2020,2 Metropolitan,KINGSWOOD,5062,CC MITCHAM.                   ,2,0,0,0,0,2019,June,Friday,9:00 AM,60,Cross Road,Straight road,Level,Not Applicable,Sealed,Dry,Not Raining,Daylight,Rear End,2,Driver Rider,1: PDO,Traffic Signals,,,1329135.99,1666253.56,1.32914E+13
2019-6153-8/07/2020,2 Metropolitan,MAYLANDS,5069,"CC OF NORWOOD,PAYNEHAM & ST PETERS",2,1,0,0,1,2019,June,Friday,1:50 PM,60,Divided Road,Straight road,Level,Driveway or Entrance,Sealed,Dry,Not Raining,Daylight,Hit Pedestrian,1,Driver Rider,2: MI,No Control,,,1332226.98,1672208.86,1.33223E+13
2019-6154-8/07/2020,2 Metropolitan,RICHMOND,5033,CITY OF WEST TORRENS,2,0,0,0,0,2019,June,Friday,12:45 PM,50,Cross Road,Straight road,Level,Not Applicable,Sealed,Dry,Not Raining,Daylight,Rear End,2,Driver Rider,1: PDO,Traffic Signals,,,1324996.68,1668923.98,1.325E+13
2019-6155-8/07/2020,2 Metropolitan,ELIZABETH,5112,CITY OF PLAYFORD.,6,4,0,0,4,2019,June,Friday,1:35 PM,80,Divided Road,Straight road,Level,Not Applicable,Sealed,Dry,Not Raining,Daylight,Rear End,1,Driver Rider,2: MI,No Control,,,1335948.2,1693192.2,1.33595E+13
2019-6156-8/07/2020,2 Metropolitan,MCLAREN FLAT,5171,CITY OF ONKAPARINGA,2,0,0,0,0,2019,June,Friday,2:00 PM,80,Cross Road,"CURVED, VIEW OBSCURED",Level,Not Applicable,Sealed,Dry,Not Raining,Daylight,Right Angle,2,Driver Rider,1: PDO,Give Way Sign,,,1329244.56,1639737.25,1.32925E+13
2019-6157-8/07/2020,2 Metropolitan,MAWSON LAKES,5095,CITY OF SALISBURY,2,0,0,0,0,2019,June,Friday,2:40 PM,60,Divided Road,"CURVED, VIEW OPEN",Slope,"Bridge, Culvert, Causeway",Sealed,Dry,Not Raining,Daylight,Rear End,2,Driver Rider,1: PDO,No Control,,,1330407.42,1683975.12,1.33041E+13
2019-6158-8/07/2020,2 Metropolitan,WATERLOO CORNER,5110,CITY OF SALISBURY,2,2,0,0,2,2019,June,Friday,2:00 PM,90,Divided Road,Straight road,Level,Not Applicable,Sealed,Dry,Not Raining,Daylight,Side Swipe,1,Driver Rider,2: MI,No Control,,,1327199.85,1693860.45,1.3272E+13
2019-6159-8/07/2020,3 Country,DUBLIN,5501,DC MALLALA.                   ,2,0,0,0,0,2019,June,Friday,1:45 PM,110,T-Junction,Straight road,Level,Not Applicable,Sealed,Dry,Not Raining,Daylight,Right Angle,2,Driver Rider,1: PDO,No Control,,,1307023.43,1724638.68,1.30702E+13
2019-6160-8/07/2020,2 Metropolitan,NORTH ADELAIDE,5006,CITY OF PROSPECT,2,2,0,0,2,2019,June,Friday,12:35 PM,60,Divided Road,Straight road,Level,Not Applicable,Sealed,Dry,Not Raining,Daylight,Rear End,1,Driver Rider,2: MI,No Control,,,1328087.25,1673674.49,1.32809E+13
2019-6161-8/07/2020,2 Metropolitan,EDWARDSTOWN,5039,CC MITCHAM.                   ,2,0,0,0,0,2019,June,Friday,2:24 PM,60,Divided Road,Straight road,Level,Not Applicable,Sealed,Dry,Not Raining,Daylight,Rear End,2,Driver Rider,1: PDO,No Control,,,1325916.13,1664984.73,1.32592E+13
2019-6162-8/07/2020,2 Metropolitan,PROSPECT,5082,CITY OF PROSPECT,2,0,0,0,0,2019,June,Friday,3:00 PM,50,Cross Road,Straight road,Level,Not Applicable,Sealed,Dry,Not Raining,Daylight,Right Angle,1,Driver Rider,1: PDO,Give Way Sign,,,1327939.29,1676208.27,1.32794E+13
2019-6163-8/07/2020,2 Metropolitan,HOUGHTON,5131,THE ADELAIDE HILLS COUNCIL,1,1,0,0,1,2019,June,Friday,12:04 PM,80,Not Divided,"CURVED, VIEW OBSCURED",Slope,Not Applicable,Sealed,Dry,Not Raining,Daylight,Roll Over,1,Driver Rider,2: MI,No Control,,,1343022.42,1680454.07,1.34302E+13
2019-6164-8/07/2020,3 Country,TWO WELLS,5501,DC MALLALA.                   ,2,0,0,0,0,2019,June,Friday,3:30 PM,100,Not Divided,Straight road,Level,Not Applicable,Unsealed,Dry,Not Raining,Daylight,Hit Fixed Object,1,Driver Rider,1: PDO,No Control,,,1320892.31,1704084.26,1.32089E+13
2019-6165-8/07/2020,2 Metropolitan,BRIDGEWATER,5155,THE ADELAIDE HILLS COUNCIL,2,2,0,0,2,2019,June,Friday,1:00 PM,50,Not Divided,Straight road,Crest of Hill,Not Applicable,Sealed,Dry,Not Raining,Daylight,Rear End,2,Driver Rider,2: MI,No Control,,,1343109.3,1660888.58,1.34311E+13
2019-6166-8/07/2020,3 Country,PORT PIRIE SOUTH,5540,PT.PIRIE CITY & DIST. COUNCIL ,2,0,0,0,0,2019,June,Friday,3:25 PM,60,Cross Road,Straight road,Level,Not Applicable,Sealed,Dry,Not Raining,Daylight,Right Angle,2,Driver Rider,1: PDO,Give Way Sign,,,1280675.57,1864053.39,1.28068E+13
2019-6167-8/07/2020,2 Metropolitan,ELIZABETH GROVE,5112,CITY OF PLAYFORD.,3,2,0,0,2,2019,June,Friday,3:47 PM,80,Divided Road,Straight road,Level,Not Applicable,Sealed,Dry,Not Raining,Daylight,Hit Fixed Object,1,Driver Rider,2: MI,No Control,,,1336118.18,1691429.25,1.33612E+13
2019-6168-8/07/2020,3 Country,YALATA,5690,,2,0,0,0,0,2019,June,Thursday,1:35 PM,110,Not Divided,Straight road,Level,Driveway or Entrance,Sealed,Dry,Not Raining,Daylight,Side Swipe,1,Driver Rider,1: PDO,No Control,,,719332.61,2039775.43,7.19333E+12
2019-6169-8/07/2020,2 Metropolitan,CLOVELLY PARK,5042,CC MARION.                    ,2,0,0,0,0,2019,June,Thursday,5:15 PM,50,Cross Road,Straight road,Level,Not Applicable,Sealed,Dry,Not Raining,Night,Right Turn,2,Driver Rider,1: PDO,Stop Sign,,,1325439.66,1662539.35,1.32544E+13
2019-6170-8/07/2020,2 Metropolitan,BEVERLEY,5009,CITY OF CHARLES STURT,3,0,0,0,0,2019,June,Friday,4:40 PM,60,T-Junction,Straight road,Level,Not Applicable,Sealed,Dry,Not Raining,Daylight,Side Swipe,2,Driver Rider,1: PDO,No Control,,,1323777.86,1674929.08,1.32378E+13
2019-6171-8/07/2020,2 Metropolitan,MILE END,5031,CITY OF WEST TORRENS,3,1,0,0,1,2019,June,Friday,5:17 PM,60,T-Junction,Straight road,Level,Not Applicable,Sealed,Dry,Not Raining,Night,Rear End,1,Driver Rider,2: MI,Traffic Signals,,,1326279.99,1670246.25,1.32628E+13
2019-6172-8/07/2020,2 Metropolitan,GEPPS CROSS,5094,CITY OF PORT ADELAIDE ENFIELD,3,0,0,0,0,2019,June,Friday,4:40 PM,60,Cross Road,Straight road,Level,Not Applicable,Sealed,Dry,Not Raining,Daylight,Rear End,2,Driver Rider,1: PDO,Traffic Signals,,,1330377.17,1679315.41,1.33038E+13
2019-6173-8/07/2020,2 Metropolitan,WEST RICHMOND,5033,CITY OF WEST TORRENS,2,0,0,0,0,2019,June,Friday,5:30 PM,60,Cross Road,Straight road,Level,Not Applicable,Sealed,Dry,Not Raining,Night,Right Angle,2,Driver Rider,1: PDO,Give Way Sign,,,1324152.2,1669672.66,1.32415E+13
2019-6174-8/07/2020,2 Metropolitan,PENFIELD,5121,CITY OF PLAYFORD.,1,0,0,0,0,2019,June,Friday,6:32 PM,80,Multiple,Straight road,Slope,Not Applicable,Sealed,Dry,Not Raining,Night,Left Road - Out of Control,1,Driver Rider,1: PDO,Roundabout,,,1331401.54,1697660.52,1.3314E+13
2019-6175-8/07/2020,2 Metropolitan,KENSINGTON,5068,"CC OF NORWOOD,PAYNEHAM & ST PETERS",2,0,0,0,0,2019,February,Tuesday,10:00 AM,60,Divided Road,Straight road,Level,Not Applicable,Sealed,Dry,Not Raining,Daylight,Rear End,1,Driver Rider,1: PDO,No Control,,,1332271.66,1670497.83,1.33227E+13
2019-6176-8/07/2020,1 City,ADELAIDE,5000,CITY OF ADELAIDE,2,0,0,0,0,2019,June,Thursday,6:00 PM,50,Divided Road,Straight road,Level,Not Applicable,Sealed,Dry,Not Raining,Night,Side Swipe,2,Passenger,1: PDO,No Control,,,1328991.5,1671159.21,1.32899E+13
2019-6177-8/07/2020,2 Metropolitan,WINDSOR GARDENS,5087,CITY OF PORT ADELAIDE ENFIELD,4,1,0,0,1,2019,June,Friday,5:50 PM,60,Divided Road,Straight road,Level,Not Applicable,Sealed,Dry,Not Raining,Night,Rear End,1,Driver Rider,2: MI,No Control,,,1333248.7,1677607.19,1.33325E+13
2019-6178-8/07/2020,1 City,ADELAIDE,5000,CITY OF ADELAIDE,2,0,0,0,0,2019,June,Thursday,10:25 PM,20,One Way,Straight road,Slope,Not Applicable,Sealed,Dry,Not Raining,Night,Hit Fixed Object,1,Driver Rider,1: PDO,No Control,,,1328291.73,1671054.18,1.32829E+13
2019-6179-8/07/2020,2 Metropolitan,MOUNT BARKER,5251,DC MT.BARKER.                 ,3,0,0,0,0,2019,June,Friday,3:15 PM,60,T-Junction,Straight road,Level,Not Applicable,Sealed,Dry,Not Raining,Daylight,Rear End,2,Driver Rider,1: PDO,No Control,,,1351508.95,1653433.36,1.35151E+13
2019-6180-8/07/2020,2 Metropolitan,HINDMARSH,5007,CITY OF CHARLES STURT,3,0,0,0,0,2019,June,Friday,6:05 PM,60,Divided Road,Straight road,Level,Not Applicable,Sealed,Dry,Not Raining,Night,Rear End,1,Driver Rider,1: PDO,No Control,,,1326044.92,1672971.46,1.32605E+13
2019-6181-8/07/2020,2 Metropolitan,WYNN VALE,5127,CITY OF TEA TREE GULLY,2,1,0,0,1,2019,June,Friday,5:28 PM,60,T-Junction,Straight road,Level,Not Applicable,Sealed,Dry,Not Raining,Night,Right Turn,1,Driver Rider,2: MI,Traffic Signals,,,1337386.99,1685020.75,1.33739E+13
2019-6182-8/07/2020,2 Metropolitan,SMITHFIELD,5114,CITY OF PLAYFORD.,3,0,0,0,0,2019,June,Friday,7:00 PM,80,T-Junction,Straight road,Level,Not Applicable,Sealed,Dry,Not Raining,Night,Rear End,2,Driver Rider,1: PDO,No Control,,,1337372.76,1696231.52,1.33737E+13
2019-6183-8/07/2020,1 City,ADELAIDE,5000,CITY OF ADELAIDE,2,0,0,0,0,2019,June,Friday,9:32 PM,50,Divided Road,Straight road,Level,Not Applicable,Sealed,Dry,Not Raining,Night,Side Swipe,1,Driver Rider,1: PDO,No Control,,,1329635.81,1671015.64,1.32964E+13