REPORT_ID,Stats Area,Suburb,Postcode,LGA Name,Total Units,Total Cas,Total Fats,Total SI,Total MI,Year,Month,Day,Time,Area Speed,Position Type,Horizontal Align,Vertical Align,Other Feat,Road Surface,Moisture Cond,Weather Cond,DayNight,Crash Type,Unit Resp,Entity Code,CSEF Severity,Traffic Ctrls,DUI Involved,Drugs Involved,ACCLOC_X,ACCLOC_Y,UNIQUE_LOC
2019-6429-8/07/2020,2 Metropolitan,NORTHGATE,5085,CITY OF PORT ADELAIDE ENFIELD,2,0,0,0,0,2019,June,Friday,12:00 PM,70,T-Junction,Straight road,Level,Not Applicable,Sealed,Dry,Not Raining,Daylight,Rear End,1,Driver Rider,1: PDO,No Control,,,1331464.44,1679287.03,1.33146E+13
2019-6430-8/07/2020,2 Metropolitan,FULLARTON,5063,CITY OF UNLEY,2,0,0,0,0,2019,June,Friday,1:51 PM,60,Not Divided,Straight road,Slope,Not Applicable,Sealed,Dry,Not Raining,Daylight,Hit Fixed Object,1,Driver Rider,1: PDO,No Control,,,1330895.5,1668174.14,1.3309E+13
2019-6431-8/07/2020,2 Metropolitan,ALBERTON,5014,CITY OF PORT ADELAIDE ENFIELD,2,1,0,1,0,2019,June,Friday,8:30 AM,50,Not Divided,Straight road,Level,Driveway or Entrance,Sealed,Dry,Not Raining,Daylight,Hit Pedestrian,1,Driver Rider,3: SI,No Control,,,1321043.46,1678147.71,1.32104E+13
2019-6432-8/07/2020,2 Metropolitan,MEDINDIE,5081,WALKERVILLE TOWN COUNCIL,2,1,0,0,1,2019,June,Friday,2:32 PM,60,T-Junction,Straight road,Crest of Hill,Not Applicable,Sealed,Dry,Not Raining,Daylight,Right Angle,1,Driver Rider,2: MI,No Control,,,1329049.81,1673438.84,1.32905E+13
2019-6433-8/07/2020,1 City,ADELAIDE,5000,CITY OF ADELAIDE,2,0,0,0,0,2019,June,Friday,1:20 PM,60,Divided Road,Straight road,Level,Median Opening (not at I/S),Sealed,Dry,Not Raining,Daylight,Rear End,2,Driver Rider,1: PDO,No Control,,,1327261.56,1670310.12,1.32726E+13
2019-6434-8/07/2020,2 Metropolitan,WALKERVILLE,5081,WALKERVILLE TOWN COUNCIL,3,1,0,0,1,2019,June,Friday,3:07 PM,60,Divided Road,Straight road,Level,Not Applicable,Sealed,Dry,Not Raining,Daylight,Rear End,1,Driver Rider,2: MI,No Control,,,1330408.62,1675155.69,1.33041E+13
2019-6435-8/07/2020,2 Metropolitan,POORAKA,5095,CITY OF SALISBURY,2,0,0,0,0,2019,June,Friday,1:30 PM,50,Not Divided,Straight road,Level,Not Applicable,Sealed,Dry,Not Raining,Daylight,Side Swipe,2,Driver Rider,1: PDO,No Control,,,1330108.38,1680877.53,1.33011E+13
2019-6436-8/07/2020,2 Metropolitan,KENSINGTON,5068,"CC OF NORWOOD,PAYNEHAM & ST PETERS",2,0,0,0,0,2019,June,Friday,8:18 AM,60,Cross Road,Straight road,Level,Not Applicable,Sealed,Dry,Not Raining,Daylight,Side Swipe,1,Driver Rider,1: PDO,Traffic Signals,,,1332259.75,1671076.47,1.33226E+13
2019-6437-8/07/2020,2 Metropolitan,ST MARYS,5042,CC MITCHAM.                   ,3,0,0,0,0,2019,June,Friday,9:50 AM,60,Divided Road,Straight road,Level,Not Applicable,Sealed,Dry,Not Raining,Daylight,Hit Object on Road,1,Driver Rider,1: PDO,Other,,,1325996.67,1661572.55,1.326E+13
2019-6438-8/07/2020,1 City,NORTH ADELAIDE,5006,CITY OF ADELAIDE,2,0,0,0,0,2019,June,Friday,3:38 PM,60,Cross Road,Straight road,Level,Not Applicable,Sealed,Dry,Not Raining,Daylight,Right Angle,1,Driver Rider,1: PDO,Traffic Signals,,,1327668.37,1673224.8,1.32767E+13
2019-6439-8/07/2020,2 Metropolitan,GLENELG,5045,CITY OF HOLDFAST BAY,2,0,0,0,0,2019,June,Friday,1:26 PM,50,Not Divided,Straight road,Level,Not Applicable,Sealed,Dry,Not Raining,Daylight,Right Angle,2,Driver Rider,1: PDO,No Control,,,1320535.98,1664948.21,1.32054E+13
2019-6440-8/07/2020,2 Metropolitan,COLLINSWOOD,5081,CITY OF PROSPECT,2,1,0,0,1,2019,June,Friday,4:52 PM,60,T-Junction,Straight road,Level,Not Applicable,Sealed,Dry,Not Raining,Daylight,Right Turn,1,Driver Rider,2: MI,No Control,,Y,1330186.09,1674963.57,1.33019E+13
2019-6441-8/07/2020,2 Metropolitan,MAYLANDS,5069,"CC OF NORWOOD,PAYNEHAM & ST PETERS",2,1,0,0,1,2019,June,Friday,6:00 PM,60,Not Divided,Straight road,Level,Driveway or Entrance,Sealed,Dry,Not Raining,Night,Rear End,1,Driver Rider,2: MI,No Control,,,1331979.92,1671755.07,1.33198E+13
2019-6442-8/07/2020,2 Metropolitan,KENSINGTON,5068,"CC OF NORWOOD,PAYNEHAM & ST PETERS",2,0,0,0,0,2019,June,Friday,6:00 PM,60,Divided Road,Straight road,Level,Not Applicable,Sealed,Dry,Not Raining,Night,Rear End,2,Driver Rider,1: PDO,No Control,,,1332250.41,1671046.08,1.33225E+13
2019-6443-8/07/2020,3 Country,BORDERTOWN,5268,DC TATIARA.                   ,2,0,0,0,0,2019,June,Friday,3:55 PM,100,Not Divided,"CURVED, VIEW OPEN",Level,Not Applicable,Sealed,Dry,Not Raining,Daylight,Hit Fixed Object,9,Other,1: PDO,No Control,,,1514978.51,1511680.16,1.51498E+13
2019-6444-8/07/2020,2 Metropolitan,KILKENNY,5009,CITY OF CHARLES STURT,2,0,0,0,0,2019,June,Friday,7:05 PM,50,Cross Road,Straight road,Level,Not Applicable,Sealed,Dry,Not Raining,Night,Right Angle,2,Driver Rider,1: PDO,Roundabout,,,1324305.6,1676747.91,1.32431E+13
2019-6445-8/07/2020,2 Metropolitan,ANGLE VALE,5117,CITY OF PLAYFORD.,2,0,0,0,0,2019,June,Friday,7:22 PM,60,Not Divided,Straight road,Level,Driveway or Entrance,Sealed,Dry,Not Raining,Night,Right Turn,1,Driver Rider,1: PDO,No Control,,,1333580.74,1701381.73,1.33358E+13
2019-6446-8/07/2020,3 Country,NARACOORTE,5271,DC NARACOORTE & LUCINDALE.,2,0,0,0,0,2019,June,Friday,6:00 PM,100,Cross Road,"CURVED, VIEW OBSCURED",Level,Not Applicable,Unsealed,Dry,Not Raining,Night,Right Angle,1,Driver Rider,1: PDO,No Control,,,1515077.12,1439536.37,1.51508E+13
2019-6447-8/07/2020,2 Metropolitan,SALISBURY DOWNS,5108,CITY OF SALISBURY,3,2,0,0,2,2019,June,Friday,8:35 PM,60,Cross Road,Straight road,Level,Not Applicable,Sealed,Dry,Not Raining,Night,Right Angle,1,Driver Rider,2: MI,Traffic Signals,,,1331452.34,1686817.44,1.33145E+13
2019-6448-8/07/2020,2 Metropolitan,WOODVILLE NORTH,5012,CITY OF CHARLES STURT,4,0,0,0,0,2019,June,Friday,6:20 PM,60,T-Junction,Straight road,Level,Not Applicable,Sealed,Dry,Not Raining,Night,Rear End,1,Driver Rider,1: PDO,Traffic Signals,,,1323965.46,1676423.83,1.32397E+13
2019-6449-8/07/2020,2 Metropolitan,BEDFORD PARK,5042,CC MARION.                    ,2,0,0,0,0,2019,June,Friday,10:30 AM,50,T-Junction,Straight road,Level,Roadworks,Sealed,Dry,Not Raining,Daylight,Side Swipe,2,Driver Rider,1: PDO,Traffic Signals,,,1324854.16,1660080.43,1.32485E+13
2019-6450-8/07/2020,2 Metropolitan,LOCKLEYS,5032,CITY OF WEST TORRENS,2,1,0,0,1,2019,June,Friday,9:30 PM,60,Cross Road,Straight road,Level,Additional Control Operating,Sealed,Dry,Not Raining,Night,Right Angle,2,Driver Rider,2: MI,Traffic Signals,,,1320925.87,1669961.54,1.32093E+13
2019-6451-8/07/2020,3 Country,WHITES RIVER,5607,DC LOWER EYRE PENINSULA       ,2,1,1,0,0,2019,June,Friday,6:45 PM,110,Not Divided,Straight road,Level,Not Applicable,Sealed,Dry,Not Raining,Night,Head On,1,Driver Rider,4: Fatal,No Control,,,1085245.69,1724582.73,1.08525E+13
2019-6452-8/07/2020,2 Metropolitan,PARAFIELD,5106,CITY OF SALISBURY,2,1,0,0,1,2019,June,Saturday,6:23 AM,80,Cross Road,Straight road,Level,Not Applicable,Sealed,Wet,Raining,Night,Right Turn,1,Driver Rider,2: MI,Traffic Signals,,,1332521.09,1684419.56,1.33252E+13
2019-6453-8/07/2020,2 Metropolitan,GRANGE,5022,CITY OF CHARLES STURT,2,1,0,0,1,2019,June,Saturday,7:10 AM,50,Cross Road,Straight road,Level,Not Applicable,Sealed,Wet,Raining,Night,Right Angle,1,Driver Rider,2: MI,Stop Sign,,,1318619.9,1673581.58,1.31862E+13
2019-6454-8/07/2020,3 Country,STRATHALBYN,5255,ALEXANDRINA COUNCIL,2,0,0,0,0,2019,June,Friday,3:50 PM,50,Not Divided,Straight road,Level,Driveway or Entrance,Sealed,Dry,Not Raining,Daylight,Right Angle,1,Driver Rider,1: PDO,No Control,,,1353657.89,1632145.36,1.35366E+13
2019-6455-8/07/2020,2 Metropolitan,BLACKWOOD,5051,CC MITCHAM.                   ,2,0,0,0,0,2019,June,Friday,5:30 PM,50,Cross Road,Straight road,Slope,Not Applicable,Sealed,Dry,Not Raining,Night,Right Angle,1,Driver Rider,1: PDO,Stop Sign,,,1329485.91,1660040.61,1.32949E+13
2019-6456-8/07/2020,2 Metropolitan,WEST LAKES,5021,CITY OF CHARLES STURT,2,0,0,0,0,2019,June,Saturday,8:15 AM,60,Divided Road,Straight road,Level,Not Applicable,Sealed,Wet,Raining,Daylight,Head On,1,Driver Rider,1: PDO,No Control,,,1319668.25,1679088.81,1.31967E+13
2019-6457-8/07/2020,2 Metropolitan,WARRADALE,5046,CC MARION.                    ,2,1,0,0,1,2019,June,Saturday,8:20 AM,50,Cross Road,Straight road,Level,Not Applicable,Sealed,Wet,Raining,Daylight,Right Angle,1,Driver Rider,2: MI,Give Way Sign,,,1322201.98,1662756.91,1.3222E+13
2019-6458-8/07/2020,2 Metropolitan,THEBARTON,5031,CITY OF WEST TORRENS,2,0,0,0,0,2019,June,Saturday,11:00 AM,60,Divided Road,Straight road,Level,Not Applicable,Sealed,Wet,Not Raining,Daylight,Rear End,2,Driver Rider,1: PDO,No Control,,,1326530.16,1672135.44,1.32653E+13
2019-6459-8/07/2020,1 City,ADELAIDE,5000,CITY OF ADELAIDE,2,0,0,0,0,2019,June,Saturday,1:05 PM,50,Cross Road,Straight road,Level,Not Applicable,Sealed,Wet,Raining,Daylight,Right Angle,2,Driver Rider,1: PDO,Traffic Signals,,,1327938.96,1670017.4,1.32794E+13
2019-6460-8/07/2020,2 Metropolitan,O'HALLORAN HILL,5158,CC MARION.                    ,2,1,0,0,1,2019,June,Saturday,1:40 PM,80,Freeway,Straight road,Slope,Not Applicable,Sealed,Wet,Raining,Daylight,Hit Fixed Object,1,Driver Rider,2: MI,No Control,,,1323110.77,1656599.45,1.32311E+13
2019-6461-8/07/2020,3 Country,LAKE PLAINS,5255,ALEXANDRINA COUNCIL,4,0,0,0,0,2019,June,Friday,1:15 PM,100,Not Divided,Straight road,Level,Not Applicable,Unsealed,Dry,Not Raining,Daylight,Side Swipe,2,Driver Rider,1: PDO,No Control,,,1367863.75,1620286.48,1.36786E+13
2019-6462-8/07/2020,3 Country,MOORLANDS,5301,COORONG DISTRICT COUNCIL,2,1,0,0,1,2019,June,Saturday,11:15 AM,110,Not Divided,Straight road,Level,Not Applicable,Sealed,Wet,Raining,Daylight,Hit Fixed Object,1,Driver Rider,2: MI,No Control,,,1422462.59,1625603.27,1.42246E+13
2019-6463-8/07/2020,2 Metropolitan,BURNSIDE,5066,CITY OF BURNSIDE,2,1,0,1,0,2019,June,Saturday,2:30 PM,60,T-Junction,Straight road,Crest of Hill,Not Applicable,Sealed,Wet,Raining,Daylight,Right Angle,2,Driver Rider,3: SI,Stop Sign,,,1334752.82,1669124.21,1.33475E+13
2019-6464-8/07/2020,2 Metropolitan,WOODVILLE NORTH,5012,CITY OF CHARLES STURT,2,2,0,0,2,2019,June,Saturday,3:20 PM,60,T-Junction,Straight road,Level,Not Applicable,Sealed,Wet,Raining,Daylight,Right Turn,1,Driver Rider,2: MI,No Control,,,1323146.28,1677085.09,1.32315E+13
2019-6465-8/07/2020,3 Country,VICTOR HARBOR,5211,DC VICTOR HARBOR.             ,2,0,0,0,0,2019,June,Saturday,10:30 AM,50,Cross Road,"CURVED, VIEW OPEN",Level,Not Applicable,Sealed,Wet,Raining,Daylight,Rear End,1,Driver Rider,1: PDO,Roundabout,,,1328269.21,1601257.77,1.32827E+13
2019-6466-8/07/2020,2 Metropolitan,CHELTENHAM,5014,CITY OF CHARLES STURT,2,0,0,0,0,2019,June,Saturday,4:52 PM,60,T-Junction,Straight road,Level,Not Applicable,Sealed,Wet,Raining,Daylight,Rear End,2,Driver Rider,1: PDO,Give Way Sign,,,1322188.8,1676951.34,1.32219E+13
2019-6467-8/07/2020,2 Metropolitan,PARAFIELD,5106,CITY OF SALISBURY,4,0,0,0,0,2019,June,Saturday,4:40 PM,80,Cross Road,Straight road,Level,Not Applicable,Sealed,Wet,Raining,Daylight,Rear End,1,Driver Rider,1: PDO,Traffic Signals,,,1332521.09,1684419.56,1.33252E+13
2019-6468-8/07/2020,3 Country,SANDILANDS,5571,YORKE PENINSULA COUNCIL,2,0,0,0,0,2019,June,Saturday,9:00 AM,100,Not Divided,Straight road,Level,Not Applicable,Unsealed,Wet,Raining,Daylight,Hit Fixed Object,1,Driver Rider,1: PDO,No Control,,,1256469.66,1722136.14,1.25647E+13
2019-6469-8/07/2020,2 Metropolitan,PARAFIELD,5106,CITY OF SALISBURY,3,0,0,0,0,2019,June,Saturday,3:30 PM,80,Cross Road,Straight road,Level,Not Applicable,Sealed,Wet,Raining,Daylight,Rear End,1,Driver Rider,1: PDO,Traffic Signals,,,1332521.09,1684419.56,1.33252E+13
2019-6470-8/07/2020,2 Metropolitan,CLEARVIEW,5085,CITY OF PORT ADELAIDE ENFIELD,3,0,0,0,0,2019,June,Saturday,4:44 PM,50,T-Junction,Straight road,Level,Not Applicable,Sealed,Wet,Raining,Daylight,Right Angle,1,Driver Rider,1: PDO,No Control,,,1329676.13,1677886.53,1.32968E+13
2019-6471-8/07/2020,2 Metropolitan,SOUTH PLYMPTON,5038,CC MARION.                    ,2,1,0,0,1,2019,June,Saturday,6:00 PM,60,Divided Road,Straight road,Level,Not Applicable,Sealed,Wet,Raining,Night,Rear End,2,Driver Rider,2: MI,No Control,,,1324278.36,1665168.75,1.32428E+13
2019-6472-8/07/2020,2 Metropolitan,HILLBANK,5112,CITY OF PLAYFORD.,1,0,0,0,0,2019,June,Saturday,10:10 AM,80,Not Divided,Straight road,Level,Not Applicable,Sealed,Wet,Raining,Daylight,Left Road - Out of Control,1,Driver Rider,1: PDO,No Control,,,1336391.09,1689699.63,1.33639E+13
2019-6473-8/07/2020,2 Metropolitan,SALISBURY PARK,5109,CITY OF SALISBURY,2,0,0,0,0,2019,June,Saturday,6:17 PM,80,Divided Road,Straight road,Unknown,Not Applicable,Sealed,Wet,Raining,Night,Hit Fixed Object,1,Driver Rider,1: PDO,No Control,,,1336249.13,1689291.77,1.33625E+13
2019-6474-8/07/2020,2 Metropolitan,ASCOT PARK,5043,CC MARION.                    ,2,0,0,0,0,2019,June,Saturday,6:45 PM,50,Cross Road,Straight road,Level,Not Applicable,Sealed,Wet,Raining,Night,Right Angle,2,Driver Rider,1: PDO,Stop Sign,,,1325048.29,1664003.61,1.32505E+13
2019-6475-8/07/2020,3 Country,MOUNT MCKENZIE,5353,THE BAROSSA COUNCIL.,3,0,0,0,0,2019,June,Saturday,4:30 PM,100,Not Divided,Straight road,Crest of Hill,Not Applicable,Sealed,Wet,Raining,Daylight,Head On,2,Driver Rider,1: PDO,No Control,Y,,1374444.03,1708691.36,1.37444E+13
2019-6476-8/07/2020,2 Metropolitan,MODBURY NORTH,5092,CITY OF TEA TREE GULLY,2,0,0,0,0,2019,June,Saturday,8:08 PM,60,Cross Road,Straight road,Level,Not Applicable,Sealed,Wet,Raining,Night,Right Angle,2,Driver Rider,1: PDO,Roundabout,,,1335688.29,1681182.79,1.33569E+13
2019-6477-8/07/2020,2 Metropolitan,MCLAREN VALE,5171,CITY OF ONKAPARINGA,2,1,0,0,1,2019,June,Saturday,7:45 PM,50,T-Junction,Straight road,Level,Not Applicable,Sealed,Wet,Not Raining,Night,Right Angle,2,Driver Rider,2: MI,No Control,,,1321231.56,1639308.67,1.32123E+13
2019-6478-8/07/2020,2 Metropolitan,MAWSON LAKES,5095,CITY OF SALISBURY,2,0,0,0,0,2019,June,Saturday,8:21 PM,70,Divided Road,Straight road,Slope,Not Applicable,Sealed,Wet,Raining,Night,Rear End,1,Driver Rider,1: PDO,No Control,,,1329514.47,1684386.21,1.32951E+13
2019-6479-8/07/2020,2 Metropolitan,MAWSON LAKES,5095,CITY OF SALISBURY,2,1,0,0,1,2019,June,Saturday,8:15 PM,90,Divided Road,Straight road,Slope,Not Applicable,Sealed,Wet,Not Raining,Night,Rear End,1,Driver Rider,2: MI,No Control,,,1328763.64,1683433.02,1.32876E+13
2019-6480-8/07/2020,2 Metropolitan,MANNINGHAM,5086,CITY OF PORT ADELAIDE ENFIELD,3,0,0,0,0,2019,June,Saturday,8:40 PM,60,Cross Road,Straight road,Level,Not Applicable,Sealed,Wet,Raining,Night,Rear End,1,Driver Rider,1: PDO,Traffic Signals,,,1330439.44,1676495.16,1.33044E+13
2019-6481-8/07/2020,2 Metropolitan,GOLDEN GROVE,5125,CITY OF TEA TREE GULLY,2,2,0,0,2,2019,June,Saturday,5:59 PM,60,Cross Road,Straight road,Level,Not Applicable,Sealed,Wet,Raining,Night,Right Turn,2,Driver Rider,2: MI,Traffic Signals,,,1337892.14,1685350.36,1.33789E+13
2019-6482-8/07/2020,3 Country,FLINDERS RANGES,5434,,2,0,0,0,0,2019,June,Friday,5:00 PM,100,Not Divided,"CURVED, VIEW OPEN",Slope,Not Applicable,Unsealed,Wet,Not Raining,Daylight,Hit Fixed Object,1,Driver Rider,1: PDO,No Control,,,1345171.52,2052041.79,1.34517E+13
2019-6483-8/07/2020,2 Metropolitan,CRAFERS WEST,5152,THE ADELAIDE HILLS COUNCIL,2,0,0,0,0,2019,June,Sunday,4:00 AM,100,Freeway,"CURVED, VIEW OPEN",Slope,Not Applicable,Sealed,Wet,Not Raining,Night,Hit Fixed Object,1,Driver Rider,1: PDO,No Control,,,1335719.16,1664719.81,1.33572E+13
2019-6484-8/07/2020,2 Metropolitan,LENSWOOD,5240,THE ADELAIDE HILLS COUNCIL,2,0,0,0,0,2019,June,Sunday,3:00 AM,80,Not Divided,Straight road,Slope,Not Applicable,Sealed,Wet,Not Raining,Night,Hit Fixed Object,1,Driver Rider,1: PDO,No Control,Y,,1349938.81,1668850.24,1.34994E+13
2019-6485-8/07/2020,2 Metropolitan,FINDON,5023,CITY OF CHARLES STURT,2,0,0,0,0,2019,June,Saturday,1:00 PM,60,Divided Road,Straight road,Level,Not Applicable,Sealed,Wet,Raining,Daylight,Rear End,1,Driver Rider,1: PDO,No Control,,,1323201.11,1673560.66,1.3232E+13
2019-6486-8/07/2020,2 Metropolitan,GREENWITH,5125,CITY OF TEA TREE GULLY,2,0,0,0,0,2019,June,Sunday,12:30 PM,60,Cross Road,"CURVED, VIEW OPEN",Slope,Not Applicable,Sealed,Dry,Not Raining,Daylight,Right Angle,1,Driver Rider,1: PDO,Roundabout,,,1339315.76,1688036.53,1.33932E+13
2019-6487-8/07/2020,2 Metropolitan,ST MARYS,5042,CC MITCHAM.                   ,2,0,0,0,0,2019,June,Sunday,1:20 PM,60,T-Junction,Straight road,Level,Not Applicable,Sealed,Dry,Not Raining,Daylight,Right Angle,2,Driver Rider,1: PDO,No Control,,,1325982.3,1662650.9,1.32598E+13
2019-6488-8/07/2020,2 Metropolitan,WALKERVILLE,5081,WALKERVILLE TOWN COUNCIL,2,2,0,1,1,2019,June,Sunday,1:24 PM,60,Cross Road,Straight road,Level,Not Applicable,Sealed,Dry,Not Raining,Daylight,Right Turn,2,Driver Rider,3: SI,Traffic Signals,,,1329483.39,1674233.16,1.32948E+13
2019-6489-8/07/2020,2 Metropolitan,HUNTFIELD HEIGHTS,5163,CITY OF ONKAPARINGA,2,1,0,0,1,2019,June,Sunday,1:10 PM,80,T-Junction,Straight road,Level,Not Applicable,Sealed,Dry,Not Raining,Daylight,Right Angle,2,Driver Rider,2: MI,No Control,,,1320421.19,1645337.32,1.32042E+13
2019-6490-8/07/2020,2 Metropolitan,PAYNEHAM,5070,"CC OF NORWOOD,PAYNEHAM & ST PETERS",2,0,0,0,0,2019,June,Sunday,12:10 PM,60,Divided Road,Straight road,Slope,Driveway or Entrance,Sealed,Dry,Not Raining,Daylight,Hit Pedestrian,1,Driver Rider,1: PDO,No Control,,,1332460.4,1673934.29,1.33246E+13
2019-6491-8/07/2020,2 Metropolitan,HAMPSTEAD GARDENS,5086,CITY OF PORT ADELAIDE ENFIELD,4,4,0,1,3,2019,June,Sunday,4:05 PM,60,Cross Road,Straight road,Level,Not Applicable,Sealed,Dry,Not Raining,Daylight,Right Angle,2,Driver Rider,3: SI,Give Way Sign,,,1331815.58,1676594.4,1.33182E+13
2019-6492-8/07/2020,3 Country,PALLAMANA,5254,RC MURRAY BRIDGE.             ,2,3,0,0,3,2019,June,Sunday,3:20 PM,100,Cross Road,"CURVED, VIEW OBSCURED",Level,Not Applicable,Sealed,Dry,Not Raining,Daylight,Right Angle,2,Driver Rider,2: MI,Give Way Sign,,,1384279.09,1655336.05,1.38428E+13
2019-6493-8/07/2020,2 Metropolitan,FINDON,5023,CITY OF CHARLES STURT,2,1,0,0,1,2019,June,Sunday,4:38 PM,60,Cross Road,Straight road,Level,Not Applicable,Sealed,Dry,Not Raining,Daylight,Right Angle,1,Driver Rider,2: MI,Traffic Signals,,,1322391.64,1674259.27,1.32239E+13
2019-6494-8/07/2020,2 Metropolitan,SEAFORD,5169,CITY OF ONKAPARINGA,2,0,0,0,0,2019,June,Saturday,11:00 PM,50,Not Divided,Straight road,Level,Not Applicable,Sealed,Dry,Not Raining,Night,Hit Parked Vehicle,2,Driver Rider,1: PDO,No Control,,,1315880.87,1641967.17,1.31588E+13
2019-6495-8/07/2020,2 Metropolitan,WARD BELT,5118,LIGHT REGIONAL COUNCIL,2,0,0,0,0,2019,June,Saturday,9:35 PM,100,Cross Road,Straight road,Level,Not Applicable,Sealed,Dry,Not Raining,Night,Hit Fixed Object,1,Driver Rider,1: PDO,Give Way Sign,,,1334485.38,1707333.77,1.33449E+13
2019-6496-8/07/2020,3 Country,YUNTA,5440,,1,2,0,0,2,2019,June,Sunday,1:10 PM,110,Not Divided,Straight road,Level,Not Applicable,Sealed,Dry,Not Raining,Daylight,Roll Over,1,Driver Rider,2: MI,No Control,,,1419730.96,1921253.23,1.41973E+13
2019-6497-8/07/2020,2 Metropolitan,PARALOWIE,5108,CITY OF SALISBURY,3,0,0,0,0,2019,June,Sunday,6:10 PM,40,Divided Road,Straight road,Level,Roadworks,Sealed,Wet,Not Raining,Night,Hit Fixed Object,1,Driver Rider,1: PDO,No Control,,,1328574.4,1688743.5,1.32857E+13
2019-6498-8/07/2020,3 Country,CLEMENTS GAP,5523,BARUNGA WEST DISTRICT COUNCIL,2,0,0,0,0,2019,June,Sunday,3:40 PM,110,Not Divided,"CURVED, VIEW OPEN",Level,Not Applicable,Sealed,Dry,Not Raining,Daylight,Hit Fixed Object,1,Driver Rider,1: PDO,No Control,Y,,1283967.65,1828231.75,1.28397E+13
2019-6499-8/07/2020,2 Metropolitan,HILLIER,5116,CT GAWLER.                    ,2,0,0,0,0,2019,June,Sunday,6:30 PM,90,Cross Road,Straight road,Level,Not Applicable,Sealed,Dry,Not Raining,Night,Hit Fixed Object,1,Driver Rider,1: PDO,Stop Sign,,,1336900.28,1702626.19,1.3369E+13
2019-6500-8/07/2020,2 Metropolitan,MODBURY,5092,CITY OF TEA TREE GULLY,2,0,0,0,0,2019,June,Sunday,9:00 PM,60,Divided Road,Straight road,Slope,Not Applicable,Sealed,Dry,Not Raining,Night,Hit Fixed Object,1,Driver Rider,1: PDO,No Control,,,1336883.63,1680554.98,1.33688E+13
2019-6501-8/07/2020,2 Metropolitan,GRANGE,5022,CITY OF CHARLES STURT,5,0,0,0,0,2019,June,Sunday,10:10 PM,60,Divided Road,Straight road,Level,Not Applicable,Sealed,Dry,Not Raining,Night,Hit Fixed Object,1,Driver Rider,1: PDO,No Control,,,1319077.46,1674574.26,1.31908E+13
2019-6502-8/07/2020,2 Metropolitan,BROOKLYN PARK,5032,CITY OF WEST TORRENS,3,0,0,0,0,2019,June,Sunday,11:35 PM,60,Divided Road,Straight road,Level,Not Applicable,Sealed,Dry,Not Raining,Night,Hit Fixed Object,1,Driver Rider,1: PDO,No Control,Y,,1322595.67,1670078.33,1.3226E+13
2019-6503-8/07/2020,2 Metropolitan,PROSPECT,5082,CITY OF PROSPECT,2,0,0,0,0,2019,July,Monday,12:55 AM,50,Cross Road,Straight road,Level,Not Applicable,Sealed,Dry,Not Raining,Night,Hit Fixed Object,1,Driver Rider,1: PDO,No Control,,,1327335.18,1676554.48,1.32734E+13
2019-6504-8/07/2020,2 Metropolitan,MAWSON LAKES,5095,CITY OF SALISBURY,3,0,0,0,0,2019,July,Monday,6:59 AM,70,Divided Road,Straight road,Level,Not Applicable,Sealed,Dry,Not Raining,Night,Rear End,1,Driver Rider,1: PDO,No Control,,,1329152.81,1683908.45,1.32915E+13
2019-6505-8/07/2020,2 Metropolitan,FORESTVILLE,5035,CITY OF UNLEY,2,1,0,0,1,2019,June,Sunday,11:49 AM,40,T-Junction,Straight road,Level,Not Applicable,Sealed,Dry,Not Raining,Daylight,Right Angle,2,Driver Rider,2: MI,No Control,,,1326691.95,1667801.66,1.32669E+13
2019-6506-8/07/2020,2 Metropolitan,BEDFORD PARK,5042,CC MITCHAM.                   ,2,1,0,0,1,2019,July,Monday,7:45 AM,60,Not Divided,Straight road,Level,Not Applicable,Sealed,Dry,Not Raining,Daylight,Side Swipe,1,Driver Rider,2: MI,No Control,,,1325589.68,1660712.69,1.32559E+13
2019-6507-8/07/2020,2 Metropolitan,FULHAM GARDENS,5024,CITY OF CHARLES STURT,2,0,0,0,0,2019,June,Sunday,6:00 AM,50,Not Divided,Straight road,Level,Not Applicable,Sealed,Dry,Not Raining,Night,Hit Parked Vehicle,2,Driver Rider,1: PDO,No Control,,,1320012.81,1672949.36,1.32001E+13
2019-6508-8/07/2020,2 Metropolitan,FORESTVILLE,5035,CITY OF UNLEY,2,0,0,0,0,2019,June,Sunday,11:53 AM,40,T-Junction,Straight road,Level,Not Applicable,Sealed,Dry,Not Raining,Daylight,Hit Fixed Object,1,Driver Rider,1: PDO,No Control,,,1326895.06,1667610.11,1.3269E+13
2019-6509-8/07/2020,2 Metropolitan,HAPPY VALLEY,5159,CITY OF ONKAPARINGA,2,0,0,0,0,2019,July,Monday,8:35 AM,70,T-Junction,"CURVED, VIEW OPEN",Level,Not Applicable,Sealed,Dry,Not Raining,Daylight,Right Angle,1,Driver Rider,1: PDO,No Control,,,1325141.92,1656518.76,1.32514E+13
2019-6510-8/07/2020,3 Country,MARANANGA,5355,LIGHT REGIONAL COUNCIL,3,0,0,0,0,2019,June,Friday,7:00 PM,80,T-Junction,Straight road,Slope,Not Applicable,Sealed,Dry,Not Raining,Night,Hit Fixed Object,1,Driver Rider,1: PDO,Give Way Sign,,,1362126.93,1718075.74,1.36213E+13