REPORT_ID,Stats Area,Suburb,Postcode,LGA Name,Total Units,Total Cas,Total Fats,Total SI,Total MI,Year,Month,Day,Time,Area Speed,Position Type,Horizontal Align,Vertical Align,Other Feat,Road Surface,Moisture Cond,Weather Cond,DayNight,Crash Type,Unit Resp,Entity Code,CSEF Severity,Traffic Ctrls,DUI Involved,Drugs Involved,ACCLOC_X,ACCLOC_Y,UNIQUE_LOC
2019-6593-8/07/2020,2 Metropolitan,POORAKA,5095,CITY OF SALISBURY,2,2,0,0,2,2019,July,Thursday,11:00 AM,50,Not Divided,"CURVED, VIEW OPEN",Level,Not Applicable,Sealed,Dry,Not Raining,Daylight,Hit Fixed Object,1,Driver Rider,2: MI,No Control,,,1332140.92,1682049.43,1.33214E+13
2019-6594-8/07/2020,2 Metropolitan,PARA VISTA,5093,CITY OF SALISBURY,2,0,0,0,0,2019,July,Wednesday,6:30 PM,50,Not Divided,"CURVED, VIEW OPEN",Level,Not Applicable,Sealed,Dry,Not Raining,Night,Hit Parked Vehicle,2,Driver Rider,1: PDO,No Control,,,1334238.66,1680865.25,1.33424E+13
2019-6595-8/07/2020,3 Country,NACKARA,5440,DC OF PETERBOROUGH,2,1,0,0,1,2019,July,Thursday,7:00 AM,110,Not Divided,"CURVED, VIEW OPEN",Crest of Hill,Not Applicable,Sealed,Dry,Not Raining,Night,Hit Fixed Object,1,Driver Rider,2: MI,No Control,,,1399609.38,1905572,1.39961E+13
2019-6596-8/07/2020,2 Metropolitan,CAMPBELLTOWN,5074,CC CAMPBELLTOWN.              ,2,0,0,0,0,2019,July,Thursday,11:10 AM,60,Cross Road,Straight road,Level,Not Applicable,Sealed,Dry,Not Raining,Daylight,Right Angle,1,Driver Rider,1: PDO,Give Way Sign,,,1333891.75,1674716.49,1.33389E+13
2019-6597-8/07/2020,2 Metropolitan,KLEMZIG,5087,CITY OF PORT ADELAIDE ENFIELD,2,1,0,0,1,2019,July,Thursday,8:45 AM,60,Divided Road,Straight road,Level,Not Applicable,Sealed,Dry,Not Raining,Daylight,Rear End,2,Driver Rider,2: MI,No Control,,,1332153.27,1676648.79,1.33215E+13
2019-6598-8/07/2020,2 Metropolitan,HOLDEN HILL,5088,CITY OF TEA TREE GULLY,2,0,0,0,0,2019,July,Thursday,3:59 PM,60,T-Junction,Straight road,Level,Not Applicable,Sealed,Dry,Not Raining,Daylight,Right Angle,1,Driver Rider,1: PDO,No Control,,,1335152.81,1679026.35,1.33515E+13
2019-6599-8/07/2020,3 Country,MOUNT GAMBIER,5290,CC MT.GAMBIER.                ,2,0,0,0,0,2019,July,Thursday,3:20 PM,50,T-Junction,Straight road,Level,Not Applicable,Sealed,Dry,Not Raining,Daylight,Hit Pedestrian,1,Driver Rider,1: PDO,No Control,,,1509206.95,1339710.53,1.50921E+13
2019-6600-8/07/2020,2 Metropolitan,MODBURY,5092,CITY OF TEA TREE GULLY,2,0,0,0,0,2019,July,Thursday,3:30 PM,60,T-Junction,Straight road,Level,Not Applicable,Sealed,Dry,Not Raining,Daylight,Right Angle,2,Driver Rider,1: PDO,No Control,,,1337650.55,1680645.66,1.33765E+13
2019-6601-8/07/2020,2 Metropolitan,GRANGE,5022,CITY OF CHARLES STURT,2,0,0,0,0,2019,July,Thursday,12:45 PM,60,Not Divided,Straight road,Level,Not Applicable,Sealed,Dry,Not Raining,Daylight,Hit Parked Vehicle,1,Driver Rider,1: PDO,No Control,,,1318777.48,1673366,1.31878E+13
2019-6602-8/07/2020,2 Metropolitan,BLAKEVIEW,5114,CITY OF PLAYFORD.,2,1,0,0,1,2019,July,Thursday,3:50 PM,50,T-Junction,Straight road,Level,Not Applicable,Sealed,Dry,Not Raining,Daylight,Right Angle,2,Driver Rider,2: MI,No Control,,,1338866.1,1697513.97,1.33887E+13
2019-6603-8/07/2020,3 Country,HYNAM,5262,DC NARACOORTE & LUCINDALE.,2,1,1,0,0,2019,July,Wednesday,2:35 PM,100,Not Divided,Straight road,Level,Not Applicable,Unsealed,Dry,Not Raining,Daylight,Hit Fixed Object,1,Driver Rider,4: Fatal,No Control,,,1522455.24,1443231.16,1.52246E+13
2019-6604-8/07/2020,3 Country,WOODCHESTER,5255,ALEXANDRINA COUNCIL,3,0,0,0,0,2019,July,Thursday,10:15 AM,100,Not Divided,Straight road,Level,Not Applicable,Sealed,Dry,Not Raining,Daylight,Other,1,Driver Rider,1: PDO,No Control,,,1362071.36,1639241.11,1.36207E+13
2019-6605-8/07/2020,3 Country,BLYTH,5462,WAKEFIELD REGIONAL COUNCIL,2,4,0,1,3,2019,July,Thursday,4:15 PM,100,Not Divided,Straight road,Level,Driveway or Entrance,Sealed,Dry,Not Raining,Daylight,Side Swipe,2,Driver Rider,3: SI,No Control,,,1317198.52,1789403.13,1.3172E+13
2019-6606-8/07/2020,2 Metropolitan,LENSWOOD,5240,THE ADELAIDE HILLS COUNCIL,1,0,0,0,0,2019,July,Thursday,4:00 PM,50,Not Divided,"CURVED, VIEW OBSCURED",Slope,Not Applicable,Unsealed,Dry,Not Raining,Daylight,Roll Over,1,Driver Rider,1: PDO,No Control,,,1348577.8,1672954.41,1.34858E+13
2019-6607-8/07/2020,2 Metropolitan,WOODVILLE NORTH,5012,CITY OF CHARLES STURT,3,1,0,0,1,2019,July,Thursday,5:15 PM,60,Divided Road,Straight road,Level,Not Applicable,Sealed,Dry,Not Raining,Daylight,Rear End,1,Driver Rider,2: MI,No Control,,,1323088.54,1677118.96,1.32309E+13
2019-6608-8/07/2020,2 Metropolitan,MAWSON LAKES,5095,CITY OF SALISBURY,2,0,0,0,0,2019,July,Thursday,5:00 PM,50,T-Junction,Straight road,Level,Not Applicable,Sealed,Dry,Not Raining,Daylight,Right Angle,1,Driver Rider,1: PDO,No Control,,,1330486.09,1683736.33,1.33049E+13
2019-6609-8/07/2020,2 Metropolitan,PAYNEHAM,5070,"CC OF NORWOOD,PAYNEHAM & ST PETERS",2,0,0,0,0,2019,July,Thursday,6:00 PM,60,Not Divided,Straight road,Level,Not Applicable,Sealed,Dry,Not Raining,Night,Side Swipe,2,Driver Rider,1: PDO,No Control,,,1332179.41,1673627.96,1.33218E+13
2019-6610-8/07/2020,2 Metropolitan,SEFTON PARK,5083,CITY OF PORT ADELAIDE ENFIELD,3,0,0,0,0,2019,July,Thursday,6:21 PM,60,T-Junction,Straight road,Level,Not Applicable,Sealed,Dry,Not Raining,Night,Rear End,1,Driver Rider,1: PDO,No Control,,,1329030.84,1676437.2,1.32903E+13
2019-6611-8/07/2020,2 Metropolitan,SALISBURY PLAIN,5109,CITY OF SALISBURY,3,0,0,0,0,2019,July,Thursday,6:00 PM,80,Divided Road,Straight road,Level,Not Applicable,Sealed,Dry,Not Raining,Night,Rear End,1,Driver Rider,1: PDO,No Control,,,1335321.83,1687992.51,1.33532E+13
2019-6612-8/07/2020,2 Metropolitan,SALISBURY,5108,CITY OF SALISBURY,2,0,0,0,0,2019,July,Thursday,6:20 AM,60,T-Junction,Straight road,Level,Not Applicable,Sealed,Dry,Not Raining,Night,Right Angle,2,Driver Rider,1: PDO,No Control,,,1332301.78,1687903.89,1.3323E+13
2019-6613-8/07/2020,2 Metropolitan,MALVERN,5061,CITY OF UNLEY,3,0,0,0,0,2019,July,Thursday,5:40 PM,60,Not Divided,Straight road,Level,Not Applicable,Sealed,Dry,Not Raining,Night,Rear End,1,Driver Rider,1: PDO,No Control,,,1329109.12,1667290.86,1.32911E+13
2019-6614-8/07/2020,2 Metropolitan,WOODVILLE PARK,5011,CITY OF CHARLES STURT,2,1,0,0,1,2019,July,Thursday,8:45 PM,60,T-Junction,Straight road,Level,Driveway or Entrance,Sealed,Dry,Not Raining,Night,Right Angle,2,Driver Rider,2: MI,Traffic Signals,,,1323949.27,1674780.57,1.32395E+13
2019-6615-8/07/2020,2 Metropolitan,SOMERTON PARK,5044,CITY OF HOLDFAST BAY,1,1,0,0,1,2019,July,Thursday,8:30 PM,50,T-Junction,Straight road,Level,Not Applicable,Sealed,Dry,Not Raining,Night,Roll Over,1,Driver Rider,2: MI,No Control,,,1321631.79,1663223.63,1.32163E+13
2019-6616-8/07/2020,2 Metropolitan,MOUNT BARKER,5251,DC MT.BARKER.                 ,2,0,0,0,0,2019,July,Friday,6:10 AM,80,Cross Road,Straight road,Level,Not Applicable,Sealed,Dry,Not Raining,Night,Right Turn,1,Driver Rider,1: PDO,Give Way Sign,,,1350992.06,1655081.5,1.35099E+13
2019-6617-8/07/2020,2 Metropolitan,SALISBURY PARK,5109,CITY OF SALISBURY,3,0,0,0,0,2019,July,Friday,7:00 AM,80,Divided Road,Straight road,Level,Not Applicable,Sealed,Dry,Not Raining,Night,Hit Fixed Object,1,Driver Rider,1: PDO,No Control,,,1335699.19,1688478.72,1.3357E+13
2019-6618-8/07/2020,2 Metropolitan,VALE PARK,5081,WALKERVILLE TOWN COUNCIL,3,0,0,0,0,2019,July,Friday,7:30 AM,60,Divided Road,Straight road,Level,Not Applicable,Sealed,Dry,Not Raining,Daylight,Rear End,1,Driver Rider,1: PDO,No Control,,,1330787.15,1675470.15,1.33079E+13
2019-6619-8/07/2020,2 Metropolitan,EXETER,5019,CITY OF PORT ADELAIDE ENFIELD,2,0,0,0,0,2019,July,Friday,8:00 AM,50,T-Junction,Straight road,Level,Not Applicable,Sealed,Dry,Not Raining,Daylight,Right Turn,2,Driver Rider,1: PDO,Traffic Signals,,,1319005.86,1680428.29,1.31901E+13
2019-6620-8/07/2020,2 Metropolitan,DERNANCOURT,5075,CITY OF TEA TREE GULLY,3,0,0,0,0,2019,July,Friday,7:53 AM,60,Divided Road,Straight road,Slope,Not Applicable,Sealed,Dry,Not Raining,Daylight,Rear End,1,Driver Rider,1: PDO,No Control,,,1335717.28,1676836.21,1.33572E+13
2019-6621-8/07/2020,2 Metropolitan,COLLINSWOOD,5081,CITY OF PROSPECT,2,0,0,0,0,2019,July,Friday,8:28 AM,60,T-Junction,Straight road,Level,Not Applicable,Sealed,Dry,Not Raining,Daylight,Right Turn,2,Driver Rider,1: PDO,No Control,,,1330284.03,1675048.18,1.33028E+13
2019-6622-8/07/2020,3 Country,GLADSTONE,5473,NORTHERN AREAS DISTRICT COUNCIL,2,0,0,0,0,2019,July,Friday,8:45 AM,50,Cross Road,Straight road,Level,Not Applicable,Sealed,Dry,Not Raining,Daylight,Right Angle,2,Driver Rider,1: PDO,Roundabout,,,1312013.41,1854936.8,1.31201E+13
2019-6623-8/07/2020,2 Metropolitan,VALE PARK,5081,WALKERVILLE TOWN COUNCIL,2,0,0,0,0,2019,July,Friday,8:51 AM,60,Cross Road,Straight road,Slope,Not Applicable,Sealed,Dry,Not Raining,Daylight,Right Turn,1,Driver Rider,1: PDO,Traffic Signals,,,1330636.77,1675340.23,1.33064E+13
2019-6624-8/07/2020,3 Country,BERRI,5343,THE BERRI BARMERA COUNCIL,3,1,0,0,1,2019,July,Friday,8:30 AM,60,T-Junction,"CURVED, VIEW OPEN",Slope,Not Applicable,Sealed,Dry,Not Raining,Daylight,Right Turn,1,Driver Rider,2: MI,No Control,,,1514209.68,1733976.76,1.51421E+13
2019-6625-8/07/2020,3 Country,PALLAMANA,5254,RC MURRAY BRIDGE.             ,1,0,0,0,0,2019,July,Friday,7:55 AM,100,Not Divided,"CURVED, VIEW OPEN",Level,Not Applicable,Sealed,Wet,Raining,Daylight,Roll Over,1,Driver Rider,1: PDO,No Control,,,1383430.52,1656488.86,1.38343E+13
2019-6626-8/07/2020,2 Metropolitan,GLENALTA,5052,CC MITCHAM.                   ,2,0,0,0,0,2019,July,Thursday,3:30 PM,60,T-Junction,Straight road,Level,Not Applicable,Sealed,Dry,Not Raining,Daylight,Right Angle,2,Driver Rider,1: PDO,No Control,,,1330510.59,1661672.78,1.33051E+13
2019-6627-8/07/2020,2 Metropolitan,PARA HILLS,5096,CITY OF SALISBURY,3,0,0,0,0,2019,July,Friday,8:30 AM,50,Not Divided,Straight road,Level,Not Applicable,Sealed,Dry,Not Raining,Daylight,Hit Parked Vehicle,1,Driver Rider,1: PDO,No Control,,,1333917.84,1683319.55,1.33392E+13
2019-6628-8/07/2020,2 Metropolitan,PAYNEHAM SOUTH,5070,"CC OF NORWOOD,PAYNEHAM & ST PETERS",2,1,0,0,1,2019,July,Friday,9:10 AM,60,T-Junction,Straight road,Level,Not Applicable,Sealed,Dry,Not Raining,Daylight,Hit Pedestrian,1,Driver Rider,2: MI,No Control,,,1332205.13,1673035.04,1.33221E+13
2019-6629-8/07/2020,2 Metropolitan,TORRENSVILLE,5031,CITY OF WEST TORRENS,2,0,0,0,0,2019,July,Thursday,5:15 PM,60,Cross Road,Straight road,Level,Not Applicable,Sealed,Dry,Not Raining,Daylight,Rear End,2,Driver Rider,1: PDO,Traffic Signals,,,1325754.68,1670981.93,1.32576E+13
2019-6630-8/07/2020,2 Metropolitan,HIGHGATE,5063,CITY OF UNLEY,3,1,0,0,1,2019,July,Friday,8:20 AM,60,Not Divided,Straight road,Level,Not Applicable,Sealed,Dry,Not Raining,Daylight,Rear End,1,Driver Rider,2: MI,No Control,,,1330661.36,1666289.85,1.33066E+13
2019-6631-8/07/2020,2 Metropolitan,FLAGSTAFF HILL,5159,CITY OF ONKAPARINGA,2,0,0,0,0,2019,July,Friday,10:18 AM,60,T-Junction,Straight road,Crest of Hill,Not Applicable,Sealed,Dry,Not Raining,Daylight,Right Angle,2,Driver Rider,1: PDO,No Control,,,1327146.75,1655296.61,1.32715E+13
2019-6632-8/07/2020,2 Metropolitan,WOODVILLE SOUTH,5011,CITY OF CHARLES STURT,2,0,0,0,0,2019,July,Friday,8:45 AM,60,T-Junction,Straight road,Level,Not Applicable,Sealed,Dry,Not Raining,Daylight,Right Angle,1,Driver Rider,1: PDO,No Control,,,1323092.68,1675518.08,1.32309E+13
2019-6633-8/07/2020,2 Metropolitan,CROYDON PARK,5008,CITY OF PORT ADELAIDE ENFIELD,2,0,0,0,0,2019,July,Friday,8:30 AM,60,Divided Road,Straight road,Level,Roadworks,Sealed,Dry,Not Raining,Daylight,Rear End,1,Driver Rider,1: PDO,No Control,,,1325943.88,1676362.98,1.32594E+13
2019-6634-8/07/2020,2 Metropolitan,MYLOR,5153,THE ADELAIDE HILLS COUNCIL,2,0,0,0,0,2019,July,Thursday,9:30 PM,80,Not Divided,"CURVED, VIEW OBSCURED",Level,Not Applicable,Sealed,Dry,Not Raining,Night,Hit Fixed Object,1,Driver Rider,1: PDO,No Control,,,1340938.07,1655527.94,1.34094E+13
2019-6635-8/07/2020,2 Metropolitan,STURT,5047,CC MARION.                    ,2,1,0,0,1,2019,July,Friday,9:30 AM,70,T-Junction,Straight road,Bottom of Hill,Not Applicable,Sealed,Dry,Not Raining,Daylight,Rear End,1,Driver Rider,2: MI,Traffic Signals,,,1324267.03,1659445.45,1.32427E+13
2019-6636-8/07/2020,2 Metropolitan,HENLEY BEACH SOUTH,5022,CITY OF CHARLES STURT,2,0,0,0,0,2019,July,Friday,11:15 AM,50,Cross Road,Straight road,Level,Not Applicable,Sealed,Dry,Not Raining,Daylight,Right Turn,1,Driver Rider,1: PDO,Roundabout,,,1319011.68,1670996.19,1.31901E+13
2019-6637-8/07/2020,2 Metropolitan,CUMBERLAND PARK,5041,CC MITCHAM.                   ,2,1,0,0,1,2019,July,Friday,8:40 AM,50,Cross Road,Straight road,Level,Not Applicable,Sealed,Dry,Not Raining,Daylight,Right Angle,1,Driver Rider,2: MI,Stop Sign,,,1326711.7,1665214.34,1.32671E+13
2019-6638-8/07/2020,2 Metropolitan,ADELAIDE,5000,CITY OF WEST TORRENS,3,0,0,0,0,2019,July,Friday,7:35 AM,60,Divided Road,Straight road,Level,Not Applicable,Sealed,Dry,Not Raining,Daylight,Rear End,1,Driver Rider,1: PDO,No Control,,,1326582.69,1671641.26,1.32658E+13
2019-6639-8/07/2020,2 Metropolitan,PORT ADELAIDE,5015,CITY OF PORT ADELAIDE ENFIELD,2,1,0,0,1,2019,July,Friday,11:55 AM,50,Multiple,Straight road,Level,Not Applicable,Sealed,Dry,Not Raining,Daylight,Right Angle,2,Driver Rider,2: MI,Traffic Signals,,,1319888.21,1679913.12,1.31989E+13
2019-6640-8/07/2020,2 Metropolitan,ROSTREVOR,5073,CC CAMPBELLTOWN.              ,2,1,0,0,1,2019,July,Friday,12:30 PM,50,T-Junction,Straight road,Slope,Not Applicable,Sealed,Dry,Not Raining,Daylight,Hit Parked Vehicle,1,Driver Rider,2: MI,No Control,,,1336090.18,1673524.41,1.33609E+13
2019-6641-8/07/2020,1 City,ADELAIDE,5000,CITY OF ADELAIDE,2,0,0,0,0,2019,July,Thursday,2:30 PM,50,Cross Road,Straight road,Level,Not Applicable,Sealed,Dry,Not Raining,Daylight,Right Angle,2,Driver Rider,1: PDO,Traffic Signals,,,1329240.26,1670692.56,1.32924E+13
2019-6642-8/07/2020,2 Metropolitan,SALISBURY,5108,CITY OF SALISBURY,2,0,0,0,0,2019,July,Friday,8:08 AM,60,Cross Road,Straight road,Level,Not Applicable,Sealed,Dry,Not Raining,Daylight,Rear End,1,Driver Rider,1: PDO,Traffic Signals,,,1332794.38,1688504.36,1.33279E+13
2019-6643-8/07/2020,2 Metropolitan,ADELAIDE,5000,CITY OF UNLEY,2,0,0,0,0,2019,July,Friday,12:20 PM,60,Cross Road,Straight road,Level,Not Applicable,Sealed,Dry,Not Raining,Daylight,Right Turn,2,Driver Rider,1: PDO,Traffic Signals,,,1329057.06,1668981.6,1.32906E+13
2019-6644-8/07/2020,2 Metropolitan,HENLEY BEACH,5022,CITY OF CHARLES STURT,2,0,0,0,0,2019,July,Friday,2:10 PM,50,Cross Road,Straight road,Level,Not Applicable,Sealed,Dry,Not Raining,Daylight,Right Angle,2,Driver Rider,1: PDO,Stop Sign,,,1319279.76,1672314.91,1.31928E+13
2019-6645-8/07/2020,2 Metropolitan,HAPPY VALLEY,5159,CITY OF ONKAPARINGA,2,0,0,0,0,2019,July,Friday,8:15 AM,80,T-Junction,Straight road,Level,Not Applicable,Sealed,Dry,Not Raining,Daylight,Rear End,1,Driver Rider,1: PDO,Traffic Signals,,,1324335.12,1656485.44,1.32434E+13
2019-6646-8/07/2020,2 Metropolitan,NOARLUNGA CENTRE,5168,CITY OF ONKAPARINGA,2,1,0,0,1,2019,July,Friday,3:49 PM,60,Cross Road,Straight road,Level,"Bridge, Culvert, Causeway",Sealed,Dry,Not Raining,Daylight,Rear End,1,Driver Rider,2: MI,Traffic Signals,,,1317362.94,1647424.75,1.31736E+13
2019-6647-8/07/2020,2 Metropolitan,PROSPECT,5082,CITY OF PROSPECT,2,0,0,0,0,2019,July,Friday,5:20 PM,60,Cross Road,Straight road,Level,Not Applicable,Sealed,Dry,Not Raining,Night,Side Swipe,2,Driver Rider,1: PDO,Traffic Signals,,,1327236.23,1676392.98,1.32724E+13
2019-6648-8/07/2020,2 Metropolitan,SALISBURY,5108,CITY OF SALISBURY,2,0,0,0,0,2019,July,Friday,1:40 PM,60,Divided Road,Straight road,Level,Not Applicable,Sealed,Dry,Not Raining,Daylight,Rear End,1,Driver Rider,1: PDO,No Control,,,1333559.91,1689520.96,1.33356E+13
2019-6649-8/07/2020,1 City,ADELAIDE,5000,CITY OF ADELAIDE,2,0,0,0,0,2019,July,Friday,3:24 PM,50,Cross Road,Straight road,Level,Not Applicable,Sealed,Dry,Not Raining,Daylight,Right Turn,2,Driver Rider,1: PDO,Traffic Signals,,,1329224.36,1671166.59,1.32922E+13
2019-6650-8/07/2020,2 Metropolitan,SALISBURY,5108,CITY OF SALISBURY,2,0,0,0,0,2019,July,Friday,6:50 PM,50,Not Divided,Straight road,Level,Not Applicable,Sealed,Dry,Not Raining,Night,Hit Parked Vehicle,1,Driver Rider,1: PDO,No Control,,,1332044.45,1688028.25,1.33204E+13
2019-6651-8/07/2020,1 City,NORTH ADELAIDE,5006,CITY OF ADELAIDE,2,0,0,0,0,2019,July,Friday,4:50 PM,50,Not Divided,Straight road,Level,Not Applicable,Sealed,Dry,Not Raining,Daylight,Side Swipe,1,Driver Rider,1: PDO,No Control,,,1329259.73,1672737.28,1.32926E+13
2019-6652-8/07/2020,2 Metropolitan,EDWARDSTOWN,5039,CC MARION.                    ,2,1,0,0,1,2019,July,Friday,4:30 PM,60,T-Junction,Straight road,Level,Not Applicable,Sealed,Dry,Not Raining,Daylight,Right Angle,2,Driver Rider,2: MI,Stop Sign,,,1325908.48,1665276.78,1.32591E+13
2019-6653-8/07/2020,1 City,ADELAIDE,5000,CITY OF ADELAIDE,2,1,0,0,1,2019,July,Friday,5:52 PM,50,Other,Straight road,Level,Not Applicable,Sealed,Dry,Not Raining,Night,Side Swipe,2,Driver Rider,2: MI,No Control,,,1328024.92,1670808.73,1.32803E+13
2019-6654-8/07/2020,2 Metropolitan,MILLBROOK,5231,THE ADELAIDE HILLS COUNCIL,2,1,0,0,1,2019,July,Friday,3:05 PM,80,Not Divided,"CURVED, VIEW OBSCURED",Slope,Not Applicable,Sealed,Dry,Not Raining,Daylight,Head On,1,Driver Rider,2: MI,No Control,,,1347457.9,1682092.6,1.34746E+13
2019-6655-8/07/2020,2 Metropolitan,NEWTON,5074,CC CAMPBELLTOWN.              ,2,1,0,1,0,2019,July,Friday,7:00 PM,50,Not Divided,Straight road,Level,Not Applicable,Sealed,Dry,Not Raining,Night,Hit Parked Vehicle,1,Driver Rider,3: SI,No Control,,,1335690.89,1675346.98,1.33569E+13
2019-6656-8/07/2020,2 Metropolitan,SALISBURY PLAIN,5109,CITY OF SALISBURY,3,3,0,1,2,2019,July,Friday,6:58 PM,80,Cross Road,Straight road,Level,Not Applicable,Sealed,Dry,Not Raining,Night,Rear End,1,Driver Rider,3: SI,Traffic Signals,,,1334701.93,1687209.78,1.3347E+13
2019-6657-8/07/2020,3 Country,MOUNT GAMBIER,5290,CC MT.GAMBIER.                ,2,0,0,0,0,2019,July,Friday,7:25 PM,50,Not Divided,Straight road,Level,Not Applicable,Sealed,Dry,Not Raining,Night,Rear End,1,Driver Rider,1: PDO,No Control,,,1510721.78,1339909.89,1.51072E+13
2019-6658-8/07/2020,2 Metropolitan,MORPHETT VALE,5162,CITY OF ONKAPARINGA,2,0,0,0,0,2019,July,Friday,7:00 AM,60,T-Junction,Straight road,Level,Not Applicable,Sealed,Dry,Not Raining,Night,Right Angle,2,Driver Rider,1: PDO,No Control,,,1321990.54,1647978.93,1.32199E+13
2019-6659-8/07/2020,3 Country,DUDLEY WEST,5222,KANGAROO ISLAND COUNCIL,3,0,0,0,0,2019,July,Friday,7:00 PM,100,Not Divided,Straight road,Level,Not Applicable,Sealed,Dry,Not Raining,Night,Hit Object on Road,1,Driver Rider,1: PDO,No Control,,,1257861.2,1576202.68,1.25786E+13
2019-6660-8/07/2020,3 Country,YANKALILLA,5203,DC YANKALILLA.                ,2,0,0,0,0,2019,July,Friday,3:30 PM,60,Not Divided,Straight road,Level,Driveway or Entrance,Sealed,Dry,Not Raining,Daylight,Rear End,2,Driver Rider,1: PDO,No Control,,,1301945.06,1613136.86,1.30195E+13
2019-6661-8/07/2020,2 Metropolitan,CHRISTIE DOWNS,5164,CITY OF ONKAPARINGA,1,1,0,0,1,2019,May,Thursday,3:00 PM,60,Cross Road,Straight road,Level,Not Applicable,Sealed,Dry,Not Raining,Daylight,Roll Over,1,Driver Rider,2: MI,Give Way Sign,,,1318484.22,1648627.93,1.31848E+13
2019-6662-8/07/2020,1 City,ADELAIDE,5000,CITY OF ADELAIDE,2,0,0,0,0,2019,July,Friday,3:50 PM,50,Cross Road,Straight road,Level,Not Applicable,Sealed,Dry,Not Raining,Daylight,Right Turn,2,Driver Rider,1: PDO,Traffic Signals,,,1327951.24,1669556.92,1.32795E+13
2019-6663-8/07/2020,2 Metropolitan,MORPHETT VALE,5162,CITY OF ONKAPARINGA,2,1,0,0,1,2019,July,Friday,8:21 PM,60,Cross Road,Straight road,Level,Not Applicable,Sealed,Dry,Not Raining,Night,Right Angle,2,Driver Rider,2: MI,Give Way Sign,,,1321143.64,1648704.96,1.32114E+13
2019-6664-8/07/2020,2 Metropolitan,MORPHETT VALE,5162,CITY OF ONKAPARINGA,2,0,0,0,0,2019,July,Friday,7:15 PM,60,Cross Road,Straight road,Level,Not Applicable,Sealed,Dry,Not Raining,Night,Hit Fixed Object,1,Driver Rider,1: PDO,Give Way Sign,,,1321143.64,1648704.96,1.32114E+13
2019-6665-8/07/2020,2 Metropolitan,STEPNEY,5069,"CC OF NORWOOD,PAYNEHAM & ST PETERS",2,1,0,0,1,2019,July,Friday,10:08 PM,60,Multiple,"CURVED, VIEW OPEN",Slope,Not Applicable,Sealed,Dry,Not Raining,Night,Right Angle,2,Driver Rider,2: MI,Traffic Signals,,,1330600.73,1671714.93,1.3306E+13
2019-6666-8/07/2020,2 Metropolitan,LOCKLEYS,5032,CITY OF WEST TORRENS,2,0,0,0,0,2019,July,Friday,11:15 PM,60,Divided Road,Straight road,Level,Not Applicable,Sealed,Dry,Not Raining,Night,Hit Parked Vehicle,1,Driver Rider,1: PDO,No Control,,Y,1321724.9,1670846.92,1.32173E+13
2019-6667-8/07/2020,3 Country,WINDSOR,5501,DC MALLALA.                   ,2,0,0,0,0,2019,July,Saturday,7:20 AM,110,Divided Road,Straight road,Level,Not Applicable,Sealed,Dry,Not Raining,Night,Hit Fixed Object,1,Driver Rider,1: PDO,No Control,,,1305560.29,1728395.4,1.30556E+13
2019-6668-8/07/2020,2 Metropolitan,GULFVIEW HEIGHTS,5096,CITY OF SALISBURY,2,0,0,0,0,2019,July,Friday,2:30 PM,60,T-Junction,Straight road,Level,Not Applicable,Sealed,Dry,Not Raining,Daylight,Rear End,1,Driver Rider,1: PDO,No Control,,,1334426.81,1684341.95,1.33443E+13
2019-6669-8/07/2020,2 Metropolitan,SEMAPHORE,5019,CITY OF PORT ADELAIDE ENFIELD,2,0,0,0,0,2019,July,Friday,8:25 PM,50,Not Divided,Straight road,Level,Not Applicable,Unsealed,Dry,Not Raining,Night,Hit Parked Vehicle,2,Driver Rider,1: PDO,No Control,,,1317750.33,1680284.37,1.31775E+13
2019-6670-8/07/2020,2 Metropolitan,BURNSIDE,5066,CITY OF BURNSIDE,3,2,0,0,2,2019,July,Saturday,11:49 AM,60,Not Divided,Straight road,Slope,Driveway or Entrance,Sealed,Dry,Not Raining,Daylight,Right Turn,1,Driver Rider,2: MI,No Control,,,1334561.47,1669117.4,1.33456E+13
2019-6671-8/07/2020,2 Metropolitan,CROYDON,5008,CITY OF CHARLES STURT,2,0,0,0,0,2019,July,Friday,9:45 PM,50,Not Divided,Straight road,Level,Not Applicable,Sealed,Dry,Not Raining,Night,Hit Parked Vehicle,2,Driver Rider,1: PDO,No Control,,,1325227.1,1673847.68,1.32523E+13
2019-6672-8/07/2020,2 Metropolitan,ELIZABETH SOUTH,5112,CITY OF PLAYFORD.,2,1,0,0,1,2019,July,Saturday,11:35 AM,60,Not Divided,Straight road,Level,Driveway or Entrance,Sealed,Dry,Not Raining,Daylight,Right Angle,1,Driver Rider,2: MI,No Control,,,1335029.45,1692085.38,1.33503E+13
2019-6673-8/07/2020,2 Metropolitan,EYRE,5121,CITY OF PLAYFORD.,2,1,0,0,1,2019,July,Saturday,12:29 PM,60,Cross Road,Straight road,Level,Not Applicable,Sealed,Dry,Not Raining,Daylight,Right Angle,1,Driver Rider,2: MI,Stop Sign,,,1334450.71,1695787.2,1.33445E+13
2019-6674-8/07/2020,2 Metropolitan,PROSPECT,5082,CITY OF PROSPECT,2,1,0,0,1,2019,July,Saturday,12:30 PM,60,Cross Road,Straight road,Level,Not Applicable,Sealed,Dry,Not Raining,Daylight,Rear End,2,Driver Rider,2: MI,Traffic Signals,,,1327235.97,1676403.16,1.32724E+13