REPORT_ID,Stats Area,Suburb,Postcode,LGA Name,Total Units,Total Cas,Total Fats,Total SI,Total MI,Year,Month,Day,Time,Area Speed,Position Type,Horizontal Align,Vertical Align,Other Feat,Road Surface,Moisture Cond,Weather Cond,DayNight,Crash Type,Unit Resp,Entity Code,CSEF Severity,Traffic Ctrls,DUI Involved,Drugs Involved,ACCLOC_X,ACCLOC_Y,UNIQUE_LOC
2019-6839-8/07/2020,2 Metropolitan,ELIZABETH VALE,5112,CITY OF PLAYFORD.,2,2,0,0,2,2019,July,Thursday,1:00 PM,60,T-Junction,Straight road,Level,Not Applicable,Sealed,Wet,Not Raining,Daylight,Right Angle,2,Driver Rider,2: MI,No Control,,,1335254.54,1690056.88,1.33526E+13
2019-6840-8/07/2020,2 Metropolitan,GAWLER EAST,5118,CT GAWLER.                    ,2,1,0,0,1,2019,July,Thursday,11:40 AM,50,Not Divided,Straight road,Slope,Not Applicable,Sealed,Wet,Raining,Daylight,Hit Fixed Object,1,Driver Rider,2: MI,No Control,,,1344285.99,1705767.45,1.34429E+13
2019-6841-8/07/2020,2 Metropolitan,DRY CREEK,5094,CITY OF PORT ADELAIDE ENFIELD,2,0,0,0,0,2019,July,Tuesday,2:00 PM,60,Not Divided,Straight road,Level,Not Applicable,Sealed,Dry,Not Raining,Daylight,Side Swipe,2,Driver Rider,1: PDO,No Control,,,1327163.45,1679677.96,1.32716E+13
2019-6842-8/07/2020,3 Country,MANNA HILL,5440,,1,0,0,0,0,2019,July,Wednesday,2:00 PM,110,Not Divided,Straight road,Level,Not Applicable,Sealed,Dry,Not Raining,Daylight,Other,1,Driver Rider,1: PDO,No Control,,,1469215.55,1941669.5,1.46922E+13
2019-6843-8/07/2020,2 Metropolitan,ROSEWATER,5013,CITY OF PORT ADELAIDE ENFIELD,1,0,0,0,0,2019,July,Thursday,1:45 PM,50,Not Divided,Straight road,Level,Not Applicable,Sealed,Dry,Not Raining,Daylight,Other,1,Driver Rider,1: PDO,No Control,,,1322222.56,1679003.57,1.32222E+13
2019-6844-8/07/2020,2 Metropolitan,BALHANNAH,5242,THE ADELAIDE HILLS COUNCIL,2,0,0,0,0,2019,July,Thursday,3:20 PM,80,Not Divided,"CURVED, VIEW OBSCURED",Level,Not Applicable,Sealed,Wet,Not Raining,Daylight,Hit Fixed Object,1,Driver Rider,1: PDO,No Control,,,1348659.91,1660559.54,1.34866E+13
2019-6845-8/07/2020,2 Metropolitan,SALISBURY SOUTH,5106,CITY OF SALISBURY,2,0,0,0,0,2019,July,Thursday,4:00 PM,70,Divided Road,Straight road,Level,Not Applicable,Sealed,Wet,Not Raining,Daylight,Rear End,2,Driver Rider,1: PDO,No Control,,,1332127.37,1686297.25,1.33213E+13
2019-6846-8/07/2020,3 Country,NARACOORTE,5271,DC NARACOORTE & LUCINDALE.,2,0,0,0,0,2019,July,Thursday,4:30 PM,50,Not Divided,Straight road,Level,Not Applicable,Sealed,Dry,Not Raining,Daylight,Hit Parked Vehicle,2,Driver Rider,1: PDO,No Control,,,1511583.12,1437184.56,1.51158E+13
2019-6847-8/07/2020,2 Metropolitan,GULFVIEW HEIGHTS,5096,CITY OF SALISBURY,2,1,0,0,1,2019,July,Thursday,12:25 PM,60,T-Junction,Straight road,Level,Not Applicable,Sealed,Wet,Not Raining,Daylight,Rear End,2,Driver Rider,2: MI,No Control,,,1334426.81,1684341.95,1.33443E+13
2019-6848-8/07/2020,2 Metropolitan,KILBURN,5084,CITY OF PORT ADELAIDE ENFIELD,3,1,0,0,1,2019,July,Thursday,5:00 PM,60,T-Junction,Straight road,Level,Not Applicable,Sealed,Dry,Not Raining,Daylight,Rear End,2,Driver Rider,2: MI,No Control,,,1327191.27,1678517.98,1.32719E+13
2019-6849-8/07/2020,2 Metropolitan,OLD NOARLUNGA,5168,CITY OF ONKAPARINGA,2,0,0,0,0,2019,July,Thursday,5:30 PM,80,Divided Road,Straight road,Level,Not Applicable,Sealed,Dry,Not Raining,Night,Rear End,1,Driver Rider,1: PDO,No Control,,,1318440.77,1643398.87,1.31844E+13
2019-6850-8/07/2020,2 Metropolitan,TORRENSVILLE,5031,CITY OF WEST TORRENS,2,0,0,0,0,2019,July,Thursday,5:35 PM,50,Divided Road,Straight road,Level,Driveway or Entrance,Sealed,Dry,Not Raining,Night,Right Angle,1,Driver Rider,1: PDO,No Control,,,1324922.46,1670968.42,1.32492E+13
2019-6851-8/07/2020,2 Metropolitan,WINGFIELD,5013,CITY OF PORT ADELAIDE ENFIELD,2,0,0,0,0,2019,July,Wednesday,6:00 PM,70,T-Junction,"CURVED, VIEW OPEN",Slope,Not Applicable,Sealed,Wet,Raining,Night,Rear End,2,Driver Rider,1: PDO,No Control,,,1326183.88,1681076.39,1.32618E+13
2019-6852-8/07/2020,2 Metropolitan,WEST LAKES,5021,CITY OF CHARLES STURT,2,1,0,0,1,2019,July,Thursday,5:15 PM,60,Cross Road,Straight road,Level,Not Applicable,Sealed,Dry,Not Raining,Daylight,Rear End,2,Driver Rider,2: MI,Traffic Signals,,,1319886.59,1678300.06,1.31989E+13
2019-6853-8/07/2020,2 Metropolitan,YATTALUNGA,5114,CITY OF PLAYFORD.,2,0,0,0,0,2019,July,Thursday,6:05 PM,100,Not Divided,Straight road,Slope,Not Applicable,Sealed,Dry,Not Raining,Night,Hit Fixed Object,1,Driver Rider,1: PDO,No Control,,,1347770.01,1695454.11,1.34777E+13
2019-6854-8/07/2020,3 Country,BAROSSA GOLDFIELDS,5351,THE BAROSSA COUNCIL.,3,0,0,0,0,2019,July,Thursday,3:30 PM,100,Not Divided,"CURVED, VIEW OPEN",Slope,Not Applicable,Sealed,Wet,Raining,Daylight,Hit Fixed Object,1,Driver Rider,1: PDO,No Control,,,1350385.13,1699591.07,1.35039E+13
2019-6855-8/07/2020,1 City,ADELAIDE,5000,CITY OF ADELAIDE,2,1,0,0,1,2019,July,Thursday,8:45 PM,50,Cross Road,Straight road,Level,Not Applicable,Sealed,Wet,Raining,Night,Right Angle,2,Driver Rider,2: MI,Traffic Signals,Y,,1328452.6,1671147.69,1.32845E+13
2019-6856-8/07/2020,2 Metropolitan,INGLEWOOD,5133,THE ADELAIDE HILLS COUNCIL,3,0,0,0,0,2019,July,Thursday,9:30 PM,50,Not Divided,"CURVED, VIEW OBSCURED",Slope,Not Applicable,Sealed,Wet,Raining,Night,Hit Fixed Object,1,Driver Rider,1: PDO,No Control,,,1344570.1,1681495.87,1.34457E+13
2019-6857-8/07/2020,2 Metropolitan,ELIZABETH SOUTH,5112,CITY OF PLAYFORD.,2,0,0,0,0,2019,July,Thursday,9:58 PM,60,T-Junction,Straight road,Level,Median Opening (not at I/S),Sealed,Wet,Raining,Night,Right Turn,1,Driver Rider,1: PDO,No Control,,,1335069.47,1692155.71,1.33507E+13
2019-6858-8/07/2020,2 Metropolitan,FINDON,5023,CITY OF CHARLES STURT,2,0,0,0,0,2019,July,Thursday,10:00 PM,60,Not Divided,Straight road,Level,Not Applicable,Sealed,Wet,Raining,Night,Hit Fixed Object,1,Driver Rider,1: PDO,No Control,Y,Y,1322001.23,1674716.98,1.322E+13
2019-6859-8/07/2020,2 Metropolitan,MILLBROOK,5231,THE ADELAIDE HILLS COUNCIL,2,0,0,0,0,2019,July,Friday,6:32 AM,80,Not Divided,"CURVED, VIEW OPEN",Slope,Not Applicable,Sealed,Wet,Raining,Night,Hit Fixed Object,1,Driver Rider,1: PDO,No Control,,,1347658.76,1681924.71,1.34766E+13
2019-6860-8/07/2020,2 Metropolitan,NORTH HAVEN,5018,CITY OF PORT ADELAIDE ENFIELD,2,0,0,0,0,2019,July,Friday,5:50 AM,60,Not Divided,Straight road,Level,Not Applicable,Sealed,Wet,Raining,Night,Hit Fixed Object,1,Driver Rider,1: PDO,No Control,,,1318639.02,1686913.58,1.31864E+13
2019-6861-8/07/2020,2 Metropolitan,WINGFIELD,5013,CITY OF PORT ADELAIDE ENFIELD,3,0,0,0,0,2019,July,Friday,7:35 AM,70,T-Junction,Straight road,Level,Not Applicable,Sealed,Dry,Not Raining,Daylight,Rear End,1,Driver Rider,1: PDO,No Control,,,1326183.88,1681076.39,1.32618E+13
2019-6862-8/07/2020,2 Metropolitan,LOCKLEYS,5032,CITY OF WEST TORRENS,2,0,0,0,0,2019,July,Tuesday,10:00 AM,60,Divided Road,Straight road,Level,Not Applicable,Sealed,Dry,Not Raining,Daylight,Side Swipe,2,Driver Rider,1: PDO,No Control,,,1322637.46,1670665.66,1.32264E+13
2019-6863-8/07/2020,2 Metropolitan,VALE PARK,5081,WALKERVILLE TOWN COUNCIL,2,1,0,0,1,2019,July,Friday,9:30 AM,50,Cross Road,Straight road,Level,Not Applicable,Sealed,Dry,Not Raining,Daylight,Right Angle,1,Driver Rider,2: MI,Stop Sign,,,1331517.38,1675227.83,1.33152E+13
2019-6864-8/07/2020,2 Metropolitan,VALE PARK,5081,WALKERVILLE TOWN COUNCIL,1,1,0,0,1,2019,May,Wednesday,8:40 AM,60,Cross Road,Straight road,Level,Not Applicable,Sealed,Dry,Not Raining,Daylight,Roll Over,9,Other,2: MI,Traffic Signals,,,1331192.88,1674745.74,1.33119E+13
2019-6865-8/07/2020,2 Metropolitan,GLOBE DERBY PARK,5110,CITY OF SALISBURY,2,0,0,0,0,2019,July,Thursday,3:20 PM,80,T-Junction,Straight road,Level,Not Applicable,Sealed,Wet,Not Raining,Daylight,Rear End,2,Driver Rider,1: PDO,Traffic Signals,,,1328637.45,1684641.8,1.32864E+13
2019-6866-8/07/2020,3 Country,MOUNT JAGGED,5211,ALEXANDRINA COUNCIL,2,0,0,0,0,2019,July,Friday,9:00 AM,100,Not Divided,"CURVED, VIEW OPEN",Slope,Not Applicable,Sealed,Wet,Raining,Daylight,Hit Fixed Object,1,Driver Rider,1: PDO,No Control,,,1330399.67,1613464.75,1.3304E+13
2019-6867-8/07/2020,2 Metropolitan,BEDFORD PARK,5042,CC MARION.                    ,2,3,0,0,3,2019,July,Friday,9:50 AM,70,Cross Road,Straight road,Level,Not Applicable,Sealed,Dry,Not Raining,Daylight,Right Angle,2,Driver Rider,2: MI,Traffic Signals,,Y,1325124.69,1660450.04,1.32513E+13
2019-6868-8/07/2020,2 Metropolitan,MALVERN,5061,CITY OF UNLEY,2,1,0,0,1,2019,July,Thursday,8:15 PM,60,Not Divided,Straight road,Level,Driveway or Entrance,Sealed,Dry,Not Raining,Night,Right Angle,2,Driver Rider,2: MI,No Control,,,1329113.44,1667163.72,1.32911E+13
2019-6869-8/07/2020,2 Metropolitan,FINDON,5023,CITY OF CHARLES STURT,3,1,0,0,1,2019,July,Friday,10:30 AM,60,Not Divided,Straight road,Level,Not Applicable,Sealed,Wet,Not Raining,Daylight,Hit Parked Vehicle,1,Driver Rider,2: MI,No Control,,,1321637.24,1674707.39,1.32164E+13
2019-6870-8/07/2020,2 Metropolitan,PROSPECT,5082,CITY OF PROSPECT,2,2,0,0,2,2019,July,Friday,10:32 AM,60,T-Junction,Straight road,Level,Not Applicable,Sealed,Wet,Raining,Daylight,Right Angle,2,Driver Rider,2: MI,No Control,,,1328726.09,1676438.03,1.32873E+13
2019-6871-8/07/2020,1 City,ADELAIDE,5000,CITY OF ADELAIDE,2,0,0,0,0,2019,July,Thursday,5:55 PM,50,Not Divided,Straight road,Level,Driveway or Entrance,Sealed,Wet,Raining,Night,Right Turn,1,Driver Rider,1: PDO,No Control,,,1329040.7,1670136.76,1.32904E+13
2019-6872-8/07/2020,2 Metropolitan,GEPPS CROSS,5094,CITY OF PORT ADELAIDE ENFIELD,2,0,0,0,0,2019,July,Friday,8:45 AM,50,Not Divided,Straight road,Level,Driveway or Entrance,Sealed,Dry,Not Raining,Daylight,Right Angle,1,Driver Rider,1: PDO,No Control,,,1327769.97,1679440.25,1.32777E+13
2019-6873-8/07/2020,2 Metropolitan,NORWOOD,5067,"CC OF NORWOOD,PAYNEHAM & ST PETERS",2,0,0,0,0,2019,July,Friday,11:00 AM,60,Cross Road,Straight road,Level,Not Applicable,Sealed,Wet,Raining,Daylight,Right Angle,2,Driver Rider,1: PDO,Stop Sign,,,1331874.28,1670398.69,1.33187E+13
2019-6874-8/07/2020,2 Metropolitan,PROSPECT,5082,CITY OF PROSPECT,3,0,0,0,0,2019,July,Friday,11:03 AM,60,Divided Road,Straight road,Level,Not Applicable,Sealed,Wet,Raining,Daylight,Rear End,1,Driver Rider,1: PDO,No Control,,,1328928.64,1674304.42,1.32893E+13
2019-6875-8/07/2020,2 Metropolitan,ST MORRIS,5068,"CC OF NORWOOD,PAYNEHAM & ST PETERS",3,0,0,0,0,2019,July,Thursday,8:30 AM,60,Not Divided,Straight road,Level,Driveway or Entrance,Sealed,Wet,Raining,Daylight,Rear End,1,Driver Rider,1: PDO,No Control,,,1333281.76,1671789.45,1.33328E+13
2019-6876-8/07/2020,2 Metropolitan,GLYNDE,5070,"CC OF NORWOOD,PAYNEHAM & ST PETERS",2,0,0,0,0,2019,July,Friday,10:35 AM,60,Divided Road,Straight road,Level,Not Applicable,Sealed,Dry,Not Raining,Daylight,Hit Fixed Object,1,Driver Rider,1: PDO,No Control,,,1333615.62,1674438.96,1.33362E+13
2019-6877-8/07/2020,2 Metropolitan,STURT,5047,CC MARION.                    ,3,1,0,0,1,2019,July,Friday,1:04 PM,60,T-Junction,Straight road,Level,Not Applicable,Sealed,Wet,Raining,Daylight,Rear End,2,Driver Rider,2: MI,No Control,,,1323836.78,1660653.43,1.32384E+13
2019-6878-8/07/2020,2 Metropolitan,LONSDALE,5160,CITY OF ONKAPARINGA,2,0,0,0,0,2019,July,Friday,1:40 PM,50,Not Divided,"CURVED, VIEW OPEN",Level,"Bridge, Culvert, Causeway",Sealed,Wet,Raining,Daylight,Hit Fixed Object,1,Driver Rider,1: PDO,No Control,,,1318031.82,1652300.08,1.31803E+13
2019-6879-8/07/2020,3 Country,MURRAY BRIDGE,5253,RC MURRAY BRIDGE.             ,2,0,0,0,0,2019,July,Friday,1:20 PM,50,Divided Road,Straight road,Level,Driveway or Entrance,Sealed,Wet,Not Raining,Daylight,Right Angle,1,Driver Rider,1: PDO,No Control,,,1388824.94,1646794.3,1.38883E+13
2019-6880-8/07/2020,2 Metropolitan,WOODVILLE PARK,5011,CITY OF CHARLES STURT,2,0,0,0,0,2019,July,Friday,1:00 PM,60,Cross Road,Straight road,Level,Not Applicable,Sealed,Wet,Raining,Daylight,Rear End,1,Driver Rider,1: PDO,Traffic Signals,,,1324192.45,1676259.66,1.32419E+13
2019-6881-8/07/2020,2 Metropolitan,STEPNEY,5069,"CC OF NORWOOD,PAYNEHAM & ST PETERS",3,1,0,0,1,2019,July,Friday,1:35 PM,60,Cross Road,Straight road,Level,Not Applicable,Sealed,Wet,Raining,Daylight,Right Turn,1,Driver Rider,2: MI,Traffic Signals,,,1331113.37,1672400.35,1.33111E+13
2019-6882-8/07/2020,2 Metropolitan,SEAFORD MEADOWS,5169,CITY OF ONKAPARINGA,3,0,0,0,0,2019,July,Thursday,7:30 PM,50,Not Divided,Straight road,Slope,Not Applicable,Unsealed,Dry,Not Raining,Night,Hit Animal,2,Animal,1: PDO,No Control,,,1317456.83,1644212.75,1.31746E+13
2019-6883-8/07/2020,2 Metropolitan,ELIZABETH VALE,5112,CITY OF PLAYFORD.,2,2,0,0,2,2019,July,Friday,1:00 PM,60,T-Junction,Straight road,Level,Not Applicable,Sealed,Wet,Raining,Daylight,Right Angle,2,Driver Rider,2: MI,No Control,,,1334754.51,1689901.6,1.33476E+13
2019-6884-8/07/2020,2 Metropolitan,SEATON,5023,CITY OF CHARLES STURT,2,0,0,0,0,2019,July,Friday,12:30 PM,50,Not Divided,Straight road,Level,Not Applicable,Sealed,Dry,Not Raining,Daylight,Hit Parked Vehicle,1,Driver Rider,1: PDO,No Control,,,1321124.57,1673226.06,1.32113E+13
2019-6885-8/07/2020,2 Metropolitan,TORRENSVILLE,5031,CITY OF WEST TORRENS,2,0,0,0,0,2019,July,Thursday,11:20 AM,60,Cross Road,Straight road,Level,Not Applicable,Sealed,Wet,Raining,Daylight,Rear End,2,Driver Rider,1: PDO,Traffic Signals,,,1325754.03,1670993.72,1.32575E+13
2019-6886-8/07/2020,2 Metropolitan,HOLDEN HILL,5088,CITY OF TEA TREE GULLY,2,1,0,0,1,2019,July,Friday,2:25 PM,60,T-Junction,Straight road,Level,Not Applicable,Sealed,Dry,Not Raining,Daylight,Right Turn,2,Driver Rider,2: MI,Traffic Signals,,,1334713.27,1678543.84,1.33471E+13
2019-6887-8/07/2020,2 Metropolitan,ST MARYS,5042,CC MITCHAM.                   ,6,2,0,1,1,2019,July,Friday,2:28 PM,60,T-Junction,Straight road,Level,Not Applicable,Sealed,Wet,Not Raining,Daylight,Right Angle,1,Driver Rider,3: SI,No Control,,,1325999.46,1662052.15,1.326E+13
2019-6888-8/07/2020,2 Metropolitan,GEPPS CROSS,5094,CITY OF PORT ADELAIDE ENFIELD,3,0,0,0,0,2019,July,Thursday,6:30 AM,60,Cross Road,Straight road,Level,Not Applicable,Sealed,Dry,Not Raining,Night,Rear End,1,Driver Rider,1: PDO,Traffic Signals,,,1330366.5,1679303.3,1.33037E+13
2019-6889-8/07/2020,2 Metropolitan,WEST LAKES,5021,CITY OF CHARLES STURT,2,1,0,0,1,2019,July,Friday,2:30 PM,50,T-Junction,Straight road,Level,Not Applicable,Sealed,Wet,Raining,Daylight,Right Angle,1,Driver Rider,2: MI,No Control,,,1318957.86,1676262.23,1.31896E+13
2019-6890-8/07/2020,3 Country,NORTH SHIELDS,5607,DC LOWER EYRE PENINSULA       ,1,0,0,0,0,2019,July,Thursday,8:00 PM,100,T-Junction,Straight road,Level,Not Applicable,Unsealed,Wet,Raining,Night,Roll Over,1,Driver Rider,1: PDO,No Control,,,1075124.42,1713891.79,1.07512E+13
2019-6891-8/07/2020,2 Metropolitan,MAGILL,5072,CC CAMPBELLTOWN.              ,2,0,0,0,0,2019,July,Friday,11:20 AM,60,Not Divided,Straight road,Level,Not Applicable,Sealed,Dry,Not Raining,Daylight,Hit Parked Vehicle,2,Driver Rider,1: PDO,No Control,,,1335039.23,1672048.13,1.33504E+13
2019-6892-8/07/2020,2 Metropolitan,BELAIR,5052,CC MITCHAM.                   ,2,1,0,0,1,2019,July,Friday,3:30 PM,60,T-Junction,Straight road,Level,Not Applicable,Sealed,Wet,Not Raining,Daylight,Rear End,2,Driver Rider,2: MI,Stop Sign,,,1330556.85,1663179.26,1.33056E+13
2019-6893-8/07/2020,2 Metropolitan,GAWLER BELT,5118,LIGHT REGIONAL COUNCIL,2,0,0,0,0,2019,July,Friday,3:05 PM,110,Divided Road,Straight road,Slope,Not Applicable,Sealed,Wet,Raining,Daylight,Hit Fixed Object,1,Driver Rider,1: PDO,No Control,,,1343545.89,1709755.93,1.34355E+13
2019-6894-8/07/2020,3 Country,MOUNT GAMBIER,5290,CC MT.GAMBIER.                ,2,1,0,0,1,2019,July,Friday,1:50 PM,60,T-Junction,Straight road,Level,Not Applicable,Sealed,Wet,Raining,Daylight,Right Angle,1,Driver Rider,2: MI,No Control,,,1510755.48,1340331.33,1.51076E+13
2019-6895-8/07/2020,2 Metropolitan,COLONEL LIGHT GARDENS,5041,CC MITCHAM.                   ,2,0,0,0,0,2019,July,Friday,5:49 PM,50,Cross Road,Straight road,Level,Not Applicable,Sealed,Wet,Not Raining,Night,Head On,2,Driver Rider,1: PDO,Roundabout,,,1326732.36,1664509.04,1.32673E+13
2019-6896-8/07/2020,2 Metropolitan,SALISBURY,5108,CITY OF SALISBURY,2,0,0,0,0,2019,July,Friday,7:40 PM,60,T-Junction,Straight road,Level,Not Applicable,Sealed,Wet,Raining,Night,Right Turn,1,Driver Rider,1: PDO,No Control,Y,,1333600.19,1688085.5,1.3336E+13
2019-6897-8/07/2020,2 Metropolitan,TWO WELLS,5501,DC MALLALA.                   ,2,1,0,0,1,2019,July,Friday,8:59 PM,110,Divided Road,Straight road,Level,Not Applicable,Sealed,Dry,Not Raining,Night,Hit Fixed Object,1,Driver Rider,2: MI,No Control,,,1319997.43,1709234.03,1.32E+13
2019-6898-8/07/2020,1 City,ADELAIDE,5000,CITY OF ADELAIDE,2,0,0,0,0,2019,July,Friday,10:00 PM,50,Cross Road,Straight road,Level,Not Applicable,Sealed,Wet,Raining,Night,Hit Fixed Object,1,Driver Rider,1: PDO,No Control,,,1328291.77,1669674.81,1.32829E+13
2019-6899-8/07/2020,2 Metropolitan,CHANDLERS HILL,5159,CITY OF ONKAPARINGA,2,0,0,0,0,2019,July,Friday,11:45 PM,70,Not Divided,"CURVED, VIEW OPEN",Level,Not Applicable,Sealed,Dry,Not Raining,Night,Hit Fixed Object,1,Driver Rider,1: PDO,No Control,,,1330382.61,1654111.05,1.33038E+13
2019-6900-8/07/2020,3 Country,KORUNYE,5502,DC MALLALA.                   ,2,1,0,1,0,2019,July,Friday,11:40 PM,100,Not Divided,Straight road,Level,Not Applicable,Sealed,Dry,Not Raining,Night,Hit Animal,2,Animal,3: SI,No Control,,,1321831.5,1712460.25,1.32183E+13
2019-6901-8/07/2020,3 Country,CALLINGTON,5254,RC MURRAY BRIDGE.             ,2,0,0,0,0,2019,July,Saturday,6:00 AM,110,Freeway,"CURVED, VIEW OPEN",Crest of Hill,Not Applicable,Sealed,Wet,Raining,Night,Hit Fixed Object,1,Driver Rider,1: PDO,No Control,,,1370798.12,1646006.11,1.3708E+13
2019-6902-8/07/2020,2 Metropolitan,ELIZABETH PARK,5113,CITY OF PLAYFORD.,2,1,0,0,1,2019,July,Friday,11:00 PM,80,Cross Road,Straight road,Level,Not Applicable,Sealed,Wet,Not Raining,Night,Rear End,2,Driver Rider,2: MI,Traffic Signals,,,1335972.14,1693727.26,1.33597E+13
2019-6903-8/07/2020,2 Metropolitan,ASHTON,5137,THE ADELAIDE HILLS COUNCIL,2,1,0,1,0,2019,July,Saturday,10:00 AM,80,Cross Road,Straight road,Slope,Not Applicable,Sealed,Wet,Raining,Daylight,Right Angle,1,Driver Rider,3: SI,Stop Sign,,,1340240.37,1668311.53,1.34024E+13
2019-6904-8/07/2020,3 Country,COWELL,5602,DC FRANKLIN HARBOR.           ,2,1,1,0,0,2019,July,Saturday,12:01 AM,110,Not Divided,"CURVED, VIEW OPEN",Level,Not Applicable,Sealed,Unknown,Unknown,Night,Hit Fixed Object,1,Driver Rider,4: Fatal,No Control,Y,,1171805.28,1812834.9,1.17181E+13
2019-6905-8/07/2020,2 Metropolitan,UNDERDALE,5032,CITY OF WEST TORRENS,2,0,0,0,0,2019,July,Saturday,11:50 AM,60,Divided Road,Straight road,Level,Median Opening (not at I/S),Sealed,Wet,Not Raining,Daylight,Hit Fixed Object,1,Driver Rider,1: PDO,No Control,,,1324308.75,1670953.96,1.32431E+13
2019-6906-8/07/2020,2 Metropolitan,KILBURN,5084,CITY OF PORT ADELAIDE ENFIELD,2,0,0,0,0,2019,July,Saturday,12:48 PM,60,Cross Road,Straight road,Level,Not Applicable,Sealed,Wet,Not Raining,Daylight,Right Turn,1,Driver Rider,1: PDO,Traffic Signals,,,1327167.47,1679206.15,1.32717E+13
2019-6907-8/07/2020,3 Country,PINNAROO,5304,SOUTHERN MALLEE DISTRICT COUNCIL,2,0,0,0,0,2019,July,Friday,6:50 PM,100,Cross Road,Straight road,Level,Not Applicable,Unsealed,Dry,Not Raining,Night,Hit Fixed Object,1,Driver Rider,1: PDO,No Control,,,1525315.21,1616050.69,1.52532E+13
2019-6908-8/07/2020,2 Metropolitan,CHANDLERS HILL,5159,CITY OF ONKAPARINGA,2,1,0,0,1,2019,July,Saturday,10:20 AM,80,T-Junction,Straight road,Level,Not Applicable,Sealed,Dry,Not Raining,Daylight,Rear End,2,Driver Rider,2: MI,Stop Sign,,,1328990.87,1651888.16,1.32899E+13
2019-6909-8/07/2020,2 Metropolitan,PARALOWIE,5108,CITY OF SALISBURY,2,0,0,0,0,2019,July,Saturday,3:19 PM,60,Not Divided,Straight road,Level,Not Applicable,Sealed,Wet,Not Raining,Daylight,Hit Object on Road,1,Driver Rider,1: PDO,No Control,,,1329550.89,1688338.66,1.32955E+13
2019-6910-8/07/2020,3 Country,RENMARK,5341,DC RENMARK PARINGA            ,2,0,0,0,0,2019,July,Tuesday,3:15 PM,50,Cross Road,Straight road,Level,Not Applicable,Sealed,Dry,Not Raining,Daylight,Right Angle,2,Driver Rider,1: PDO,Give Way Sign,,,1528376.09,1745615.39,1.52838E+13
2019-6911-8/07/2020,2 Metropolitan,CHANDLERS HILL,5159,CITY OF ONKAPARINGA,2,0,0,0,0,2019,July,Saturday,3:55 PM,80,T-Junction,Straight road,Level,Not Applicable,Sealed,Dry,Not Raining,Daylight,Right Turn,2,Driver Rider,1: PDO,Stop Sign,,,1328990.87,1651888.16,1.32899E+13
2019-6912-8/07/2020,2 Metropolitan,WOODVILLE GARDENS,5012,CITY OF PORT ADELAIDE ENFIELD,2,1,0,0,1,2019,July,Saturday,4:33 PM,60,T-Junction,Straight road,Level,Not Applicable,Sealed,Dry,Not Raining,Daylight,Hit Pedestrian,1,Driver Rider,2: MI,Traffic Signals,,,1323940.05,1677639.62,1.32394E+13
2019-6913-8/07/2020,3 Country,OLYMPIC DAM,5725,,1,4,0,2,2,2019,July,Saturday,3:00 PM,100,Not Divided,"CURVED, VIEW OPEN",Crest of Hill,Not Applicable,Unsealed,Dry,Not Raining,Daylight,Roll Over,1,Driver Rider,3: SI,No Control,,,1182863.06,2167954.42,1.18286E+13
2019-6914-8/07/2020,3 Country,MYPONGA,5202,DC YANKALILLA.                ,2,0,0,0,0,2019,July,Saturday,5:33 PM,100,T-Junction,"CURVED, VIEW OPEN",Level,Not Applicable,Sealed,Dry,Not Raining,Night,Right Angle,2,Driver Rider,1: PDO,Give Way Sign,,,1314947.99,1620123.92,1.31495E+13
2019-6915-8/07/2020,2 Metropolitan,RICHMOND,5033,CITY OF WEST TORRENS,2,0,0,0,0,2019,July,Saturday,1:15 PM,60,Divided Road,Straight road,Level,Not Applicable,Sealed,Wet,Not Raining,Daylight,Rear End,1,Driver Rider,1: PDO,No Control,,,1325787.57,1669234.18,1.32579E+13
2019-6916-8/07/2020,2 Metropolitan,GREENWITH,5125,CITY OF TEA TREE GULLY,2,0,0,0,0,2019,July,Saturday,5:36 PM,60,Not Divided,Straight road,Slope,Not Applicable,Sealed,Wet,Not Raining,Night,Side Swipe,1,Driver Rider,1: PDO,No Control,,,1338355.17,1687788.03,1.33836E+13
2019-6917-8/07/2020,2 Metropolitan,WINGFIELD,5013,CITY OF PORT ADELAIDE ENFIELD,2,0,0,0,0,2019,July,Saturday,5:25 PM,60,Cross Road,"CURVED, VIEW OPEN",Level,Not Applicable,Sealed,Dry,Not Raining,Night,Rear End,1,Driver Rider,1: PDO,Traffic Signals,,,1325562.16,1679187.23,1.32556E+13
2019-6918-8/07/2020,2 Metropolitan,HOLDEN HILL,5088,CITY OF TEA TREE GULLY,3,0,0,0,0,2019,July,Saturday,6:30 PM,50,Not Divided,Straight road,Slope,Not Applicable,Sealed,Dry,Not Raining,Night,Hit Parked Vehicle,1,Driver Rider,1: PDO,No Control,,,1336475.51,1679065.37,1.33648E+13
2019-6919-8/07/2020,2 Metropolitan,LONSDALE,5160,CITY OF ONKAPARINGA,2,0,0,0,0,2019,July,Saturday,7:00 PM,60,Not Divided,Straight road,Slope,Not Applicable,Sealed,Dry,Not Raining,Night,Hit Fixed Object,1,Driver Rider,1: PDO,No Control,,,1317414.14,1649756.25,1.31741E+13
2019-6920-8/07/2020,2 Metropolitan,PLYMPTON,5038,CITY OF WEST TORRENS,2,0,0,0,0,2019,July,Saturday,8:15 PM,60,Cross Road,Straight road,Level,Not Applicable,Sealed,Dry,Not Raining,Night,Right Angle,2,Driver Rider,1: PDO,Traffic Signals,,,1325020,1667161.99,1.32502E+13