REPORT_ID,Stats Area,Suburb,Postcode,LGA Name,Total Units,Total Cas,Total Fats,Total SI,Total MI,Year,Month,Day,Time,Area Speed,Position Type,Horizontal Align,Vertical Align,Other Feat,Road Surface,Moisture Cond,Weather Cond,DayNight,Crash Type,Unit Resp,Entity Code,CSEF Severity,Traffic Ctrls,DUI Involved,Drugs Involved,ACCLOC_X,ACCLOC_Y,UNIQUE_LOC
2019-6921-8/07/2020,2 Metropolitan,DEVON PARK,5008,CITY OF PORT ADELAIDE ENFIELD,2,1,0,1,0,2019,July,Saturday,9:00 PM,50,Not Divided,Straight road,Level,Not Applicable,Sealed,Dry,Not Raining,Night,Hit Parked Vehicle,1,Driver Rider,3: SI,No Control,,Y,1327112.44,1674926.93,1.32711E+13
2019-6922-8/07/2020,2 Metropolitan,ELIZABETH SOUTH,5112,CITY OF PLAYFORD.,2,0,0,0,0,2019,July,Saturday,10:45 PM,50,Cross Road,Straight road,Level,Not Applicable,Sealed,Dry,Not Raining,Night,Hit Fixed Object,1,Driver Rider,1: PDO,Roundabout,,,1334997.68,1692665.3,1.335E+13
2019-6923-8/07/2020,2 Metropolitan,CROYDON,5008,CITY OF CHARLES STURT,2,2,0,0,2,2019,July,Sunday,2:07 AM,60,Cross Road,Straight road,Level,Not Applicable,Sealed,Dry,Not Raining,Night,Rear End,2,Driver Rider,2: MI,Traffic Signals,,,1325500.48,1673450.96,1.3255E+13
2019-6924-8/07/2020,2 Metropolitan,ONE TREE HILL,5114,CITY OF PLAYFORD.,3,0,0,0,0,2019,July,Sunday,4:20 AM,80,Not Divided,Straight road,Slope,Not Applicable,Sealed,Wet,Raining,Night,Hit Fixed Object,1,Driver Rider,1: PDO,No Control,Y,,1343849.78,1694123.39,1.34385E+13
2019-6925-8/07/2020,2 Metropolitan,HOPE VALLEY,5090,CITY OF TEA TREE GULLY,2,1,0,0,1,2019,July,Sunday,6:25 AM,60,Divided Road,Straight road,Level,Not Applicable,Sealed,Dry,Not Raining,Night,Hit Parked Vehicle,2,Driver Rider,2: MI,No Control,,,1336306.27,1679434.81,1.33631E+13
2019-6926-8/07/2020,3 Country,MARKARANKA,5330,LOXTON WAIKERIE DISTRICT COUNCIL,1,1,0,1,0,2019,July,Saturday,5:00 PM,110,Not Divided,"CURVED, VIEW OPEN",Level,Not Applicable,Sealed,Dry,Not Raining,Daylight,Roll Over,1,Driver Rider,3: SI,No Control,,,1453609.58,1760682.97,1.45361E+13
2019-6927-8/07/2020,2 Metropolitan,SALISBURY PLAIN,5109,CITY OF SALISBURY,2,4,0,0,4,2019,July,Sunday,11:00 AM,80,Cross Road,Straight road,Level,Not Applicable,Sealed,Wet,Not Raining,Daylight,Rear End,2,Driver Rider,2: MI,Traffic Signals,,,1334718.19,1687196.62,1.33472E+13
2019-6928-8/07/2020,2 Metropolitan,WALKERVILLE,5081,WALKERVILLE TOWN COUNCIL,3,0,0,0,0,2019,July,Sunday,11:15 AM,60,Cross Road,Straight road,Level,Not Applicable,Sealed,Wet,Raining,Daylight,Hit Fixed Object,1,Driver Rider,1: PDO,Traffic Signals,,,1329938.27,1673778.74,1.32994E+13
2019-6929-8/07/2020,2 Metropolitan,HAWTHORNDENE,5051,CC MITCHAM.                   ,2,0,0,0,0,2019,July,Sunday,11:43 AM,60,Not Divided,"CURVED, VIEW OPEN",Slope,Not Applicable,Sealed,Wet,Not Raining,Daylight,Hit Fixed Object,1,Driver Rider,1: PDO,No Control,,,1329908.57,1659824.62,1.32991E+13
2019-6930-8/07/2020,2 Metropolitan,FORRESTON,5233,THE ADELAIDE HILLS COUNCIL,2,0,0,0,0,2019,July,Sunday,10:30 AM,100,T-Junction,Straight road,Level,Not Applicable,Sealed,Wet,Raining,Daylight,Rear End,1,Driver Rider,1: PDO,No Control,,,1357148.35,1685237.71,1.35715E+13
2019-6931-8/07/2020,2 Metropolitan,KURRALTA PARK,5037,CITY OF WEST TORRENS,2,0,0,0,0,2019,July,Sunday,9:20 AM,60,Cross Road,Straight road,Level,Not Applicable,Sealed,Wet,Not Raining,Daylight,Right Angle,2,Driver Rider,1: PDO,Traffic Signals,,,1325819.1,1668480.34,1.32582E+13
2019-6932-8/07/2020,2 Metropolitan,ELIZABETH GROVE,5112,CITY OF PLAYFORD.,2,1,0,0,1,2019,July,Sunday,12:25 PM,50,T-Junction,Straight road,Level,Not Applicable,Sealed,Wet,Not Raining,Daylight,Right Turn,1,Driver Rider,2: MI,No Control,,,1335607.39,1691558.3,1.33561E+13
2019-6933-8/07/2020,2 Metropolitan,WEST LAKES,5021,CITY OF CHARLES STURT,3,1,0,0,1,2019,July,Sunday,1:09 PM,60,Cross Road,Straight road,Level,Not Applicable,Sealed,Dry,Not Raining,Daylight,Rear End,2,Driver Rider,2: MI,Traffic Signals,,,1318994.81,1676350.16,1.319E+13
2019-6934-8/07/2020,2 Metropolitan,GILLES PLAINS,5086,CITY OF PORT ADELAIDE ENFIELD,2,0,0,0,0,2019,July,Sunday,10:45 AM,60,T-Junction,Straight road,Level,Not Applicable,Sealed,Wet,Raining,Daylight,Right Turn,1,Driver Rider,1: PDO,Traffic Signals,,,1333635.76,1678283.55,1.33364E+13
2019-6935-8/07/2020,2 Metropolitan,HAPPY VALLEY,5159,CITY OF ONKAPARINGA,2,0,0,0,0,2019,July,Sunday,4:00 PM,60,T-Junction,Straight road,Level,Not Applicable,Sealed,Dry,Not Raining,Daylight,Right Angle,2,Driver Rider,1: PDO,Stop Sign,,,1326281.49,1653501.44,1.32628E+13
2019-6936-8/07/2020,2 Metropolitan,WINGFIELD,5013,CITY OF PORT ADELAIDE ENFIELD,2,0,0,0,0,2019,July,Saturday,7:00 PM,50,Not Divided,Straight road,Level,Not Applicable,Sealed,Dry,Not Raining,Night,Hit Parked Vehicle,2,Driver Rider,1: PDO,No Control,,,1323793.7,1680289.12,1.32379E+13
2019-6937-8/07/2020,2 Metropolitan,DERNANCOURT,5075,CITY OF TEA TREE GULLY,2,0,0,0,0,2019,July,Sunday,5:00 PM,60,T-Junction,Straight road,Slope,Not Applicable,Sealed,Wet,Raining,Daylight,Hit Fixed Object,1,Driver Rider,1: PDO,Traffic Signals,,,1336050.1,1677260.92,1.33605E+13
2019-6938-8/07/2020,3 Country,BROWNLOW,5374,REGIONAL COUNCIL OF GOYDER,1,0,0,0,0,2019,July,Saturday,12:30 PM,100,Not Divided,"CURVED, VIEW OPEN",Level,Not Applicable,Unsealed,Dry,Not Raining,Daylight,Roll Over,1,Driver Rider,1: PDO,No Control,,,1395823.2,1738881.14,1.39582E+13
2019-6939-8/07/2020,2 Metropolitan,PARAFIELD,5106,CITY OF SALISBURY,3,0,0,0,0,2019,July,Sunday,6:40 PM,80,Cross Road,Straight road,Level,Not Applicable,Sealed,Wet,Not Raining,Night,Rear End,1,Driver Rider,1: PDO,Traffic Signals,Y,,1331791.2,1683497.51,1.33179E+13
2019-6940-8/07/2020,1 City,ADELAIDE,5000,CITY OF ADELAIDE,2,0,0,0,0,2019,July,Sunday,6:49 PM,50,Cross Road,Straight road,Level,Not Applicable,Sealed,Wet,Raining,Night,Right Turn,1,Driver Rider,1: PDO,Traffic Signals,,,1329226.46,1671155.57,1.32923E+13
2019-6941-8/07/2020,2 Metropolitan,ADELAIDE AIRPORT,5950,CITY OF WEST TORRENS,2,0,0,0,0,2019,July,Sunday,6:40 PM,60,Divided Road,"CURVED, VIEW OBSCURED",Level,Not Applicable,Sealed,Wet,Not Raining,Night,Hit Fixed Object,1,Driver Rider,1: PDO,No Control,,,1320543.51,1667317.05,1.32054E+13
2019-6942-8/07/2020,2 Metropolitan,HENLEY BEACH,5022,CITY OF CHARLES STURT,2,0,0,0,0,2019,July,Sunday,6:58 PM,50,Cross Road,Straight road,Level,Not Applicable,Sealed,Dry,Not Raining,Night,Right Angle,2,Driver Rider,1: PDO,Roundabout,,,1318718.7,1673021.6,1.31872E+13
2019-6943-8/07/2020,2 Metropolitan,MOUNT BARKER,5251,DC MT.BARKER.                 ,2,0,0,0,0,2019,July,Sunday,6:20 PM,50,Not Divided,"CURVED, VIEW OPEN",Level,Not Applicable,Sealed,Wet,Not Raining,Night,Hit Fixed Object,1,Driver Rider,1: PDO,No Control,,,1353801.3,1652607.47,1.3538E+13
2019-6944-8/07/2020,2 Metropolitan,CHRISTIE DOWNS,5164,CITY OF ONKAPARINGA,2,0,0,0,0,2019,July,Sunday,8:57 PM,80,Divided Road,"CURVED, VIEW OPEN",Slope,Not Applicable,Sealed,Wet,Not Raining,Night,Hit Fixed Object,1,Driver Rider,1: PDO,No Control,,,1317365.4,1648740.22,1.31737E+13
2019-6945-8/07/2020,2 Metropolitan,ROYAL PARK,5014,CITY OF CHARLES STURT,2,0,0,0,0,2019,July,Sunday,9:00 PM,60,Cross Road,Straight road,Level,Not Applicable,Sealed,Dry,Not Raining,Night,Right Turn,1,Driver Rider,1: PDO,Traffic Signals,,,1320681.7,1677608.59,1.32068E+13
2019-6946-8/07/2020,2 Metropolitan,BEVERLEY,5009,CITY OF CHARLES STURT,2,0,0,0,0,2019,July,Monday,12:13 AM,40,Not Divided,"CURVED, VIEW OPEN",Level,Not Applicable,Sealed,Wet,Raining,Night,Hit Fixed Object,1,Driver Rider,1: PDO,No Control,,,1323397.43,1673811.15,1.3234E+13
2019-6947-8/07/2020,2 Metropolitan,VISTA,5091,CITY OF TEA TREE GULLY,2,1,0,0,1,2019,July,Monday,12:30 AM,80,Not Divided,"CURVED, VIEW OBSCURED",Slope,Not Applicable,Sealed,Wet,Unknown,Night,Hit Fixed Object,1,Driver Rider,2: MI,No Control,,,1340389.77,1680070.26,1.34039E+13
2019-6948-8/07/2020,2 Metropolitan,PROSPECT,5082,CITY OF PROSPECT,2,0,0,0,0,2019,July,Monday,6:50 AM,60,Divided Road,Straight road,Level,Not Applicable,Sealed,Wet,Raining,Night,Rear End,2,Driver Rider,1: PDO,No Control,,,1328858.46,1676651.34,1.32886E+13
2019-6949-8/07/2020,2 Metropolitan,WALKERVILLE,5081,WALKERVILLE TOWN COUNCIL,2,1,0,0,1,2019,July,Monday,7:51 AM,60,Cross Road,Straight road,Level,Not Applicable,Sealed,Wet,Not Raining,Daylight,Rear End,2,Driver Rider,2: MI,Traffic Signals,,,1329488.84,1674243.03,1.32949E+13
2019-6950-8/07/2020,2 Metropolitan,WINDSOR GARDENS,5087,CITY OF PORT ADELAIDE ENFIELD,2,0,0,0,0,2019,July,Monday,8:40 AM,60,T-Junction,Straight road,Level,Not Applicable,Sealed,Wet,Raining,Daylight,Right Angle,2,Driver Rider,1: PDO,Traffic Signals,,,1333433.85,1677755.39,1.33343E+13
2019-6951-8/07/2020,2 Metropolitan,SEAFORD MEADOWS,5169,CITY OF ONKAPARINGA,2,1,0,1,0,2019,July,Monday,7:25 AM,60,Cross Road,Straight road,Slope,Not Applicable,Sealed,Wet,Raining,Daylight,Right Angle,2,Driver Rider,3: SI,Traffic Signals,,,1318114,1642829.74,1.31811E+13
2019-6952-8/07/2020,2 Metropolitan,GLENELG EAST,5045,CITY OF HOLDFAST BAY,2,2,0,0,2,2019,July,Monday,9:55 AM,60,T-Junction,Straight road,Level,Not Applicable,Sealed,Dry,Not Raining,Daylight,Right Turn,1,Driver Rider,2: MI,No Control,,,1321051.86,1663929.84,1.32105E+13
2019-6953-8/07/2020,3 Country,RENMARK,5341,DC RENMARK PARINGA            ,2,1,0,0,1,2019,July,Monday,9:50 AM,60,Cross Road,Straight road,Level,Not Applicable,Sealed,Wet,Not Raining,Daylight,Right Angle,1,Driver Rider,2: MI,Give Way Sign,,,1528366.03,1745057.51,1.52837E+13
2019-6954-8/07/2020,2 Metropolitan,EDWARDSTOWN,5039,CC MITCHAM.                   ,2,1,0,0,1,2019,July,Saturday,2:20 PM,60,Pedestrian Crossing,Straight road,Level,Median Opening (not at I/S),Sealed,Dry,Not Raining,Daylight,Rear End,1,Driver Rider,2: MI,Traffic Signals,,,1325905.8,1665348.24,1.32591E+13
2019-6955-8/07/2020,2 Metropolitan,MOANA,5169,CITY OF ONKAPARINGA,2,0,0,0,0,2019,July,Monday,10:00 AM,50,Not Divided,Straight road,Level,Not Applicable,Sealed,Dry,Not Raining,Daylight,Hit Parked Vehicle,2,Driver Rider,1: PDO,No Control,,,1316265.06,1638573.76,1.31627E+13
2019-6956-8/07/2020,3 Country,MOYHALL,5271,DC NARACOORTE & LUCINDALE.,2,0,0,0,0,2019,June,Saturday,5:00 PM,100,Not Divided,Straight road,Level,Not Applicable,Unsealed,Wet,Not Raining,Daylight,Hit Fixed Object,1,Driver Rider,1: PDO,No Control,,,1507470.11,1432508.81,1.50747E+13
2019-6957-8/07/2020,2 Metropolitan,CHRISTIES BEACH,5165,CITY OF ONKAPARINGA,2,0,0,0,0,2019,July,Saturday,10:50 AM,50,Not Divided,Straight road,Level,Not Applicable,Sealed,Dry,Not Raining,Daylight,Hit Parked Vehicle,1,Driver Rider,1: PDO,No Control,,,1315922.9,1648204.77,1.31592E+13
2019-6958-8/07/2020,2 Metropolitan,CHELTENHAM,5014,CITY OF CHARLES STURT,2,0,0,0,0,2019,July,Monday,10:50 AM,60,Cross Road,Straight road,Level,Not Applicable,Sealed,Dry,Not Raining,Daylight,Rear End,2,Driver Rider,1: PDO,Traffic Signals,,,1322118.29,1676363.89,1.32212E+13
2019-6959-8/07/2020,3 Country,STOCKWELL,5355,THE BAROSSA COUNCIL.,2,0,0,0,0,2019,July,Thursday,6:30 PM,110,Not Divided,Straight road,Slope,Not Applicable,Sealed,Wet,Raining,Night,Side Swipe,2,Driver Rider,1: PDO,No Control,,,1371986.77,1724478.84,1.37199E+13
2019-6960-8/07/2020,2 Metropolitan,ST MORRIS,5068,"CC OF NORWOOD,PAYNEHAM & ST PETERS",2,0,0,0,0,2019,July,Saturday,6:00 PM,60,Not Divided,Straight road,Level,Not Applicable,Sealed,Wet,Not Raining,Night,Hit Parked Vehicle,2,Driver Rider,1: PDO,No Control,,,1333303.16,1671790.02,1.3333E+13
2019-6961-8/07/2020,3 Country,RENMARK,5341,DC RENMARK PARINGA            ,2,0,0,0,0,2019,July,Monday,11:50 AM,50,Not Divided,Straight road,Level,Not Applicable,Sealed,Dry,Not Raining,Daylight,Hit Pedestrian,2,Driver Rider,1: PDO,No Control,,,1529000.99,1745513.74,1.529E+13
2019-6962-8/07/2020,2 Metropolitan,SEAFORD,5169,CITY OF ONKAPARINGA,3,0,0,0,0,2019,July,Saturday,5:00 PM,70,Divided Road,Straight road,Level,Not Applicable,Sealed,Wet,Not Raining,Daylight,Hit Object on Road,1,Driver Rider,1: PDO,No Control,,,1316372.04,1641810.64,1.31637E+13
2019-6963-8/07/2020,2 Metropolitan,KESWICK TERMINAL,5035,CITY OF WEST TORRENS,2,1,0,0,1,2019,July,Friday,10:45 AM,60,Cross Road,Straight road,Level,Not Applicable,Sealed,Dry,Not Raining,Daylight,Rear End,2,Driver Rider,2: MI,Traffic Signals,,,1326194.85,1670098.05,1.3262E+13
2019-6964-8/07/2020,2 Metropolitan,COROMANDEL VALLEY,5051,CITY OF ONKAPARINGA,2,1,0,0,1,2019,July,Monday,2:30 PM,60,Not Divided,Straight road,Level,Driveway or Entrance,Sealed,Wet,Raining,Daylight,Right Angle,1,Driver Rider,2: MI,No Control,,,1329881.27,1656705.75,1.32988E+13
2019-6965-8/07/2020,2 Metropolitan,SALISBURY SOUTH,5106,CITY OF SALISBURY,2,0,0,0,0,2019,July,Monday,3:10 PM,50,Not Divided,Straight road,Level,Not Applicable,Sealed,Wet,Not Raining,Daylight,Hit Fixed Object,1,Driver Rider,1: PDO,No Control,,,1333353.49,1686197.66,1.33335E+13
2019-6966-8/07/2020,3 Country,WILLIAMSTOWN,5351,THE BAROSSA COUNCIL.,2,1,0,0,1,2019,July,Monday,2:15 AM,100,Not Divided,"CURVED, VIEW OPEN",Slope,Not Applicable,Sealed,Wet,Raining,Night,Hit Fixed Object,1,Driver Rider,2: MI,No Control,,,1352053.25,1697392.62,1.35205E+13
2019-6967-8/07/2020,1 City,ADELAIDE,5000,CITY OF ADELAIDE,2,0,0,0,0,2019,July,Monday,2:30 PM,50,Cross Road,Straight road,Level,Not Applicable,Sealed,Dry,Not Raining,Daylight,Rear End,1,Driver Rider,1: PDO,Traffic Signals,,,1329033.89,1670373.94,1.32903E+13
2019-6968-8/07/2020,2 Metropolitan,DERNANCOURT,5075,CITY OF TEA TREE GULLY,2,0,0,0,0,2019,July,Monday,1:40 PM,60,Divided Road,Straight road,Level,Not Applicable,Sealed,Wet,Not Raining,Daylight,Rear End,1,Driver Rider,1: PDO,No Control,,,1336278.42,1677521.81,1.33628E+13
2019-6969-8/07/2020,2 Metropolitan,VISTA,5091,CITY OF TEA TREE GULLY,2,0,0,0,0,2019,July,Monday,4:30 PM,80,Not Divided,"CURVED, VIEW OBSCURED",Slope,Not Applicable,Sealed,Wet,Raining,Daylight,Hit Fixed Object,1,Driver Rider,1: PDO,No Control,,,1341067.61,1679483.28,1.34107E+13
2019-6970-8/07/2020,2 Metropolitan,WEST HINDMARSH,5007,CITY OF CHARLES STURT,2,1,0,0,1,2019,July,Monday,4:30 PM,60,Cross Road,Straight road,Level,Not Applicable,Sealed,Dry,Not Raining,Daylight,Rear End,2,Driver Rider,2: MI,Traffic Signals,,,1325421.27,1673141.18,1.32542E+13
2019-6971-8/07/2020,2 Metropolitan,BEDFORD PARK,5042,CC MARION.                    ,2,0,0,0,0,2019,July,Thursday,8:30 AM,60,T-Junction,Straight road,Level,Roadworks,Sealed,Wet,Not Raining,Daylight,Right Turn,2,Driver Rider,1: PDO,No Control,,,1325132.65,1660685.79,1.32513E+13
2019-6972-8/07/2020,2 Metropolitan,MODBURY HEIGHTS,5092,CITY OF TEA TREE GULLY,2,0,0,0,0,2019,July,Monday,3:20 PM,50,Not Divided,Straight road,Level,Driveway or Entrance,Sealed,Wet,Not Raining,Daylight,Right Angle,1,Driver Rider,1: PDO,No Control,,,1336025.41,1682448.56,1.33603E+13
2019-6973-8/07/2020,2 Metropolitan,VALLEY VIEW,5093,CITY OF TEA TREE GULLY,2,1,0,0,1,2019,July,Monday,5:50 PM,60,Cross Road,Straight road,Level,Not Applicable,Sealed,Wet,Not Raining,Night,Right Angle,1,Driver Rider,2: MI,Roundabout,,,1335704.92,1680585.16,1.33571E+13
2019-6974-8/07/2020,2 Metropolitan,DAVOREN PARK,5113,CITY OF PLAYFORD.,2,2,0,0,2,2019,July,Monday,5:45 PM,50,Not Divided,Straight road,Level,Not Applicable,Sealed,Wet,Not Raining,Night,Hit Parked Vehicle,1,Driver Rider,2: MI,No Control,,,1335124.58,1696201.2,1.33513E+13
2019-6975-8/07/2020,2 Metropolitan,LEWISTON,5501,DC MALLALA.                   ,2,0,0,0,0,2019,July,Friday,8:00 AM,80,Not Divided,Straight road,Level,Not Applicable,Sealed,Wet,Not Raining,Daylight,Hit Fixed Object,1,Driver Rider,1: PDO,No Control,,,1332226.65,1706575.47,1.33223E+13
2019-6976-8/07/2020,2 Metropolitan,HOLDEN HILL,5088,CITY OF PORT ADELAIDE ENFIELD,2,1,0,0,1,2019,July,Monday,5:30 PM,60,Cross Road,Straight road,Level,Not Applicable,Sealed,Dry,Not Raining,Night,Rear End,2,Driver Rider,2: MI,Traffic Signals,,,1333819.81,1678101.49,1.33382E+13
2019-6977-8/07/2020,2 Metropolitan,LEABROOK,5068,CITY OF BURNSIDE,2,0,0,0,0,2019,July,Friday,11:15 AM,60,Cross Road,Straight road,Level,Unknown,Sealed,Dry,Not Raining,Daylight,Rear End,2,Driver Rider,1: PDO,Traffic Signals,,,1333899.19,1670462.72,1.3339E+13
2019-6978-8/07/2020,2 Metropolitan,REGENCY PARK,5010,CITY OF PORT ADELAIDE ENFIELD,3,0,0,0,0,2019,July,Monday,6:30 PM,60,Cross Road,Straight road,Level,Not Applicable,Sealed,Wet,Raining,Night,Right Turn,1,Driver Rider,1: PDO,Traffic Signals,,,1325607.25,1676354.38,1.32561E+13
2019-6979-8/07/2020,3 Country,SECOND VALLEY,5204,DC YANKALILLA.                ,1,1,0,0,1,2019,July,Monday,6:30 AM,60,Not Divided,"CURVED, VIEW OPEN",Slope,Not Applicable,Sealed,Wet,Raining,Night,Roll Over,1,Driver Rider,2: MI,No Control,,,1292659.19,1605078.72,1.29266E+13
2019-6980-8/07/2020,2 Metropolitan,FULHAM,5024,CITY OF WEST TORRENS,2,0,0,0,0,2019,July,Tuesday,3:00 AM,60,T-Junction,Straight road,Level,Not Applicable,Sealed,Wet,Raining,Night,Hit Fixed Object,1,Driver Rider,1: PDO,Stop Sign,,,1320968.4,1670593.81,1.32097E+13
2019-6981-8/07/2020,3 Country,HAMLEY BRIDGE,5401,WAKEFIELD REGIONAL COUNCIL,2,1,0,0,1,2019,July,Tuesday,6:00 AM,60,T-Junction,Straight road,Slope,Not Applicable,Unsealed,Wet,Raining,Night,Hit Fixed Object,1,Driver Rider,2: MI,Give Way Sign,,,1336192.75,1733151.35,1.33619E+13
2019-6982-8/07/2020,2 Metropolitan,CAVAN,5094,CITY OF SALISBURY,3,1,0,0,1,2019,July,Tuesday,6:55 AM,50,Not Divided,Straight road,Level,Not Applicable,Sealed,Wet,Raining,Night,Hit Parked Vehicle,1,Driver Rider,2: MI,No Control,,,1329171.27,1682059.44,1.32917E+13
2019-6983-8/07/2020,2 Metropolitan,BRIGHTON,5048,CITY OF HOLDFAST BAY,3,0,0,0,0,2019,July,Monday,10:40 AM,60,T-Junction,Straight road,Level,Not Applicable,Sealed,Wet,Raining,Daylight,Rear End,1,Driver Rider,1: PDO,Traffic Signals,,,1321133.01,1660807.27,1.32113E+13
2019-6984-8/07/2020,2 Metropolitan,STURT,5047,CC MARION.                    ,2,1,0,0,1,2019,July,Tuesday,8:45 AM,60,Divided Road,Straight road,Level,Driveway or Entrance,Sealed,Wet,Raining,Daylight,Right Turn,1,Driver Rider,2: MI,No Control,,,1323785.59,1660651.94,1.32379E+13
2019-6985-8/07/2020,2 Metropolitan,CAVAN,5094,CITY OF SALISBURY,2,1,0,0,1,2019,July,Tuesday,6:30 AM,70,T-Junction,Straight road,Level,Not Applicable,Sealed,Wet,Raining,Night,Rear End,2,Driver Rider,2: MI,Traffic Signals,,,1328753.78,1681107.18,1.32875E+13
2019-6986-8/07/2020,2 Metropolitan,BLAIR ATHOL,5084,CITY OF PORT ADELAIDE ENFIELD,2,0,0,0,0,2019,July,Tuesday,9:37 AM,60,T-Junction,Straight road,Level,Not Applicable,Sealed,Wet,Raining,Daylight,Right Angle,2,Driver Rider,1: PDO,Stop Sign,,,1328801.22,1679044.33,1.3288E+13
2019-6987-8/07/2020,2 Metropolitan,GILLES PLAINS,5086,CITY OF PORT ADELAIDE ENFIELD,2,1,0,0,1,2019,July,Tuesday,10:59 AM,60,T-Junction,Straight road,Level,Not Applicable,Sealed,Wet,Not Raining,Daylight,Right Turn,2,Driver Rider,2: MI,No Control,,,1334025.98,1678234.34,1.33403E+13
2019-6988-8/07/2020,2 Metropolitan,MITCHELL PARK,5043,CC MARION.                    ,2,0,0,0,0,2019,July,Monday,10:42 AM,60,Divided Road,Straight road,Level,Not Applicable,Sealed,Wet,Not Raining,Daylight,Rear End,1,Driver Rider,1: PDO,No Control,,,1324344.97,1662556.39,1.32435E+13
2019-6989-8/07/2020,3 Country,INNAMINCKA,5731,,2,0,0,0,0,2019,July,Sunday,10:30 PM,60,Not Divided,"CURVED, VIEW OPEN",Level,Not Applicable,Unsealed,Dry,Not Raining,Night,Hit Fixed Object,1,Driver Rider,1: PDO,No Control,,,1565641.47,2455601.46,1.56564E+13
2019-6990-8/07/2020,3 Country,MOUNT GAMBIER,5290,CC MT.GAMBIER.                ,2,0,0,0,0,2019,July,Tuesday,10:58 AM,50,Cross Road,Straight road,Level,Not Applicable,Sealed,Wet,Raining,Daylight,Right Angle,1,Driver Rider,1: PDO,Traffic Signals,,,1509554.9,1340453.69,1.50956E+13
2019-6991-8/07/2020,2 Metropolitan,URRBRAE,5064,CC MITCHAM.                   ,2,0,0,0,0,2019,July,Monday,12:30 PM,60,Cross Road,"CURVED, VIEW OPEN",Slope,Not Applicable,Sealed,Wet,Raining,Daylight,Side Swipe,2,Driver Rider,1: PDO,Traffic Signals,,,1332373.16,1666370.92,1.33237E+13
2019-6992-8/07/2020,2 Metropolitan,HAZELWOOD PARK,5066,CITY OF BURNSIDE,1,1,0,1,0,2019,July,Tuesday,12:00 PM,60,Cross Road,Straight road,Slope,Not Applicable,Sealed,Wet,Not Raining,Daylight,Roll Over,1,Driver Rider,3: SI,Roundabout,,,1333940.82,1668883.85,1.33394E+13
2019-6993-8/07/2020,2 Metropolitan,CAMPBELLTOWN,5074,CC CAMPBELLTOWN.              ,2,0,0,0,0,2019,July,Tuesday,12:59 PM,60,T-Junction,Straight road,Level,Not Applicable,Sealed,Dry,Not Raining,Daylight,Right Angle,1,Driver Rider,1: PDO,No Control,,,1334268.17,1675361.7,1.33427E+13
2019-6994-8/07/2020,2 Metropolitan,PORT ADELAIDE,5015,CITY OF PORT ADELAIDE ENFIELD,2,0,0,0,0,2019,July,Tuesday,2:15 PM,50,Multiple,Straight road,Level,Not Applicable,Sealed,Dry,Not Raining,Daylight,Right Angle,2,Driver Rider,1: PDO,Traffic Signals,,,1319886.25,1679923.64,1.31989E+13
2019-6995-8/07/2020,2 Metropolitan,NORTHFIELD,5085,CITY OF PORT ADELAIDE ENFIELD,2,1,0,1,0,2019,July,Tuesday,2:30 PM,60,Divided Road,Straight road,Level,Not Applicable,Sealed,Dry,Not Raining,Daylight,Hit Fixed Object,1,Driver Rider,3: SI,No Control,,,1330569.16,1679303.51,1.33057E+13
2019-6996-8/07/2020,2 Metropolitan,FULHAM,5024,CITY OF WEST TORRENS,2,0,0,0,0,2019,July,Tuesday,2:45 PM,60,Divided Road,Straight road,Level,Roadworks,Sealed,Dry,Not Raining,Daylight,Side Swipe,2,Driver Rider,1: PDO,No Control,,,1320965.46,1670539.66,1.32097E+13
2019-6997-8/07/2020,2 Metropolitan,STIRLING,5152,THE ADELAIDE HILLS COUNCIL,2,0,0,0,0,2019,July,Monday,7:00 PM,100,Freeway,Straight road,Level,Not Applicable,Sealed,Wet,Not Raining,Night,Rear End,2,Driver Rider,1: PDO,No Control,,,1339241.43,1661974.95,1.33924E+13
2019-6998-8/07/2020,2 Metropolitan,SEMAPHORE PARK,5019,CITY OF CHARLES STURT,2,0,0,0,0,2019,July,Tuesday,3:30 PM,60,T-Junction,Straight road,Level,Not Applicable,Sealed,Dry,Not Raining,Daylight,Rear End,2,Driver Rider,1: PDO,Stop Sign,,,1318162.05,1679316.24,1.31816E+13
2019-6999-8/07/2020,2 Metropolitan,REGENCY PARK,5010,CITY OF PORT ADELAIDE ENFIELD,2,0,0,0,0,2019,July,Tuesday,4:16 PM,90,Divided Road,Straight road,Level,Not Applicable,Sealed,Dry,Not Raining,Daylight,Side Swipe,1,Driver Rider,1: PDO,No Control,,,1326025.28,1677145.25,1.32603E+13
2019-7000-8/07/2020,3 Country,HINDMARSH VALLEY,5211,DC VICTOR HARBOR.             ,2,1,0,0,1,2019,July,Tuesday,4:15 PM,80,Cross Road,Straight road,Level,Not Applicable,Sealed,Dry,Not Raining,Daylight,Rear End,2,Driver Rider,2: MI,Roundabout,,,1329376.05,1604814.92,1.32938E+13
2019-7001-8/07/2020,2 Metropolitan,WALKLEY HEIGHTS,5098,CITY OF SALISBURY,2,0,0,0,0,2019,July,Tuesday,4:30 PM,60,T-Junction,Straight road,Level,Not Applicable,Sealed,Dry,Not Raining,Daylight,Right Angle,1,Driver Rider,1: PDO,Roundabout,,,1332610.25,1680504.6,1.33261E+13
2019-7002-8/07/2020,2 Metropolitan,MODBURY,5092,CITY OF TEA TREE GULLY,2,1,0,0,1,2019,July,Tuesday,4:30 PM,60,Cross Road,Straight road,Level,Not Applicable,Sealed,Dry,Not Raining,Daylight,Right Angle,2,Driver Rider,2: MI,Roundabout,,,1336881.64,1680619.77,1.33688E+13