REPORT_ID,Stats Area,Suburb,Postcode,LGA Name,Total Units,Total Cas,Total Fats,Total SI,Total MI,Year,Month,Day,Time,Area Speed,Position Type,Horizontal Align,Vertical Align,Other Feat,Road Surface,Moisture Cond,Weather Cond,DayNight,Crash Type,Unit Resp,Entity Code,CSEF Severity,Traffic Ctrls,DUI Involved,Drugs Involved,ACCLOC_X,ACCLOC_Y,UNIQUE_LOC
2019-7003-8/07/2020,2 Metropolitan,THEBARTON,5031,CITY OF WEST TORRENS,2,0,0,0,0,2019,July,Tuesday,6:03 PM,60,Divided Road,Straight road,Level,Not Applicable,Sealed,Dry,Not Raining,Night,Rear End,2,Driver Rider,1: PDO,No Control,,,1325634.17,1671508.94,1.32563E+13
2019-7004-8/07/2020,2 Metropolitan,THEBARTON,5031,CITY OF WEST TORRENS,2,0,0,0,0,2019,July,Friday,12:28 PM,60,T-Junction,Straight road,Level,Not Applicable,Sealed,Wet,Raining,Daylight,Right Angle,2,Driver Rider,1: PDO,No Control,,,1326583.86,1671377.49,1.32658E+13
2019-7005-8/07/2020,2 Metropolitan,ELIZABETH SOUTH,5112,CITY OF PLAYFORD.,1,0,0,0,0,2019,July,Tuesday,7:38 PM,50,T-Junction,Straight road,Level,Not Applicable,Sealed,Dry,Not Raining,Night,Roll Over,1,Driver Rider,1: PDO,No Control,,,1334770.44,1690800.21,1.33477E+13
2019-7006-8/07/2020,2 Metropolitan,SALISBURY NORTH,5108,CITY OF SALISBURY,2,0,0,0,0,2019,July,Tuesday,7:15 PM,60,Cross Road,Straight road,Level,Not Applicable,Sealed,Dry,Not Raining,Night,Rear End,1,Driver Rider,1: PDO,Traffic Signals,,,1331977.75,1689382.42,1.33198E+13
2019-7007-8/07/2020,1 City,ADELAIDE,5000,CITY OF ADELAIDE,2,0,0,0,0,2019,July,Tuesday,6:00 PM,50,Divided Road,Straight road,Level,Not Applicable,Sealed,Wet,Not Raining,Night,Hit Pedestrian,1,Driver Rider,1: PDO,No Control,,,1329518.39,1670386.86,1.32952E+13
2019-7008-8/07/2020,2 Metropolitan,STEPNEY,5069,"CC OF NORWOOD,PAYNEHAM & ST PETERS",2,0,0,0,0,2019,July,Monday,4:20 PM,40,Not Divided,Straight road,Level,Not Applicable,Sealed,Dry,Not Raining,Daylight,Hit Parked Vehicle,1,Driver Rider,1: PDO,No Control,,,1330951.68,1671895.57,1.33095E+13
2019-7009-8/07/2020,1 City,ADELAIDE,5000,CITY OF ADELAIDE,2,0,0,0,0,2019,July,Monday,7:40 PM,50,Cross Road,Straight road,Level,Not Applicable,Sealed,Wet,Raining,Night,Right Turn,1,Driver Rider,1: PDO,Traffic Signals,,,1329583.38,1670702.93,1.32958E+13
2019-7010-8/07/2020,3 Country,CLARE,5453,CLARE AND GILBERT VALLEYS DISTRICT COUNCIL,2,0,0,0,0,2019,July,Tuesday,7:35 PM,50,Cross Road,Straight road,Slope,Not Applicable,Sealed,Dry,Not Raining,Night,Right Angle,1,Driver Rider,1: PDO,Give Way Sign,,,1333030.66,1791884.61,1.33303E+13
2019-7011-8/07/2020,2 Metropolitan,NOARLUNGA DOWNS,5168,CITY OF ONKAPARINGA,4,1,0,0,1,2019,July,Tuesday,9:00 PM,60,Divided Road,"CURVED, VIEW OPEN",Level,Not Applicable,Sealed,Dry,Not Raining,Night,Hit Parked Vehicle,1,Driver Rider,2: MI,No Control,,,1318703.18,1646779.88,1.3187E+13
2019-7012-8/07/2020,3 Country,WAIKERIE,5330,LOXTON WAIKERIE DISTRICT COUNCIL,2,0,0,0,0,2019,July,Tuesday,12:52 PM,100,Not Divided,Straight road,Slope,Driveway or Entrance,Sealed,Dry,Not Raining,Daylight,Rear End,2,Driver Rider,1: PDO,No Control,,,1459498.31,1746947.48,1.4595E+13
2019-7013-8/07/2020,2 Metropolitan,PARKSIDE,5063,CITY OF UNLEY,2,1,0,1,0,2019,July,Tuesday,5:50 PM,60,Not Divided,Straight road,Level,Not Applicable,Sealed,Dry,Not Raining,Night,Hit Fixed Object,1,Driver Rider,3: SI,No Control,,,1330708.68,1668212.76,1.33071E+13
2019-7014-8/07/2020,2 Metropolitan,WEST LAKES,5021,CITY OF CHARLES STURT,2,1,0,1,0,2019,July,Tuesday,11:23 PM,60,Divided Road,Straight road,Level,Not Applicable,Sealed,Dry,Not Raining,Night,Hit Fixed Object,1,Driver Rider,3: SI,No Control,,Y,1319843.79,1678423.95,1.31984E+13
2019-7015-8/07/2020,2 Metropolitan,LOCKLEYS,5032,CITY OF WEST TORRENS,2,0,0,0,0,2019,July,Tuesday,11:10 PM,60,T-Junction,Straight road,Level,Not Applicable,Sealed,Dry,Not Raining,Night,Right Angle,2,Driver Rider,1: PDO,No Control,,,1321555.33,1670852.83,1.32156E+13
2019-7016-8/07/2020,2 Metropolitan,SEMAPHORE PARK,5019,CITY OF CHARLES STURT,3,0,0,0,0,2019,July,Wednesday,7:15 AM,60,Divided Road,Straight road,Level,Not Applicable,Sealed,Dry,Not Raining,Night,Hit Fixed Object,1,Driver Rider,1: PDO,No Control,,,1319251.67,1679143.2,1.31925E+13
2019-7017-8/07/2020,2 Metropolitan,EDINBURGH,5111,CITY OF SALISBURY,3,0,0,0,0,2019,July,Wednesday,7:20 AM,60,Not Divided,Straight road,Level,Not Applicable,Sealed,Wet,Not Raining,Daylight,Hit Fixed Object,1,Driver Rider,1: PDO,No Control,,,1333479.72,1691391.7,1.33348E+13
2019-7018-8/07/2020,2 Metropolitan,WHITES VALLEY,5172,CITY OF ONKAPARINGA,2,1,0,0,1,2019,July,Wednesday,7:08 AM,80,T-Junction,Straight road,Level,Not Applicable,Sealed,Wet,Not Raining,Night,Rear End,2,Driver Rider,2: MI,Give Way Sign,,,1318972.76,1632363.51,1.31897E+13
2019-7019-8/07/2020,2 Metropolitan,SMITHFIELD,5114,CITY OF PLAYFORD.,2,0,0,0,0,2019,July,Wednesday,8:02 AM,80,Divided Road,Straight road,Level,Not Applicable,Sealed,Wet,Not Raining,Daylight,Hit Fixed Object,1,Driver Rider,1: PDO,No Control,,,1337495.9,1696448.52,1.3375E+13
2019-7020-8/07/2020,1 City,ADELAIDE,5000,CITY OF ADELAIDE,2,0,0,0,0,2019,July,Wednesday,8:40 AM,50,Cross Road,Straight road,Level,Not Applicable,Sealed,Wet,Raining,Daylight,Side Swipe,2,Driver Rider,1: PDO,Traffic Signals,,,1327914.39,1670964.22,1.32791E+13
2019-7021-8/07/2020,2 Metropolitan,URRBRAE,5064,CC MITCHAM.                   ,2,0,0,0,0,2019,July,Wednesday,8:45 AM,50,Not Divided,Straight road,Level,Not Applicable,Sealed,Wet,Raining,Daylight,Rear End,1,Driver Rider,1: PDO,No Control,,,1331612.81,1665503.42,1.33161E+13
2019-7022-8/07/2020,2 Metropolitan,VALE PARK,5081,WALKERVILLE TOWN COUNCIL,2,0,0,0,0,2019,July,Wednesday,8:56 AM,60,Cross Road,Straight road,Level,Not Applicable,Sealed,Wet,Raining,Daylight,Right Turn,2,Driver Rider,1: PDO,Traffic Signals,,,1330645.93,1675348.15,1.33065E+13
2019-7023-8/07/2020,3 Country,ARDROSSAN,5571,YORKE PENINSULA COUNCIL,2,0,0,0,0,2019,July,Tuesday,4:30 PM,80,T-Junction,Straight road,Level,Not Applicable,Sealed,Dry,Not Raining,Daylight,Right Angle,1,Driver Rider,1: PDO,No Control,,,1267419.77,1729135.62,1.26742E+13
2019-7024-8/07/2020,3 Country,JAMESTOWN,5491,NORTHERN AREAS DISTRICT COUNCIL,2,2,0,0,2,2019,July,Tuesday,6:45 PM,100,Not Divided,Straight road,Level,Not Applicable,Sealed,Dry,Not Raining,Night,Rear End,2,Driver Rider,2: MI,No Control,,,1334481.63,1859033.99,1.33448E+13
2019-7025-8/07/2020,2 Metropolitan,WOODSIDE,5244,THE ADELAIDE HILLS COUNCIL,3,0,0,0,0,2019,July,Wednesday,9:20 AM,80,Not Divided,Straight road,Level,Not Applicable,Sealed,Wet,Raining,Daylight,Hit Fixed Object,1,Driver Rider,1: PDO,No Control,,,1354365.35,1665156.65,1.35437E+13
2019-7026-8/07/2020,2 Metropolitan,NORTHFIELD,5085,CITY OF PORT ADELAIDE ENFIELD,2,0,0,0,0,2019,July,Wednesday,9:10 AM,60,Divided Road,Straight road,Level,Driveway or Entrance,Sealed,Dry,Not Raining,Daylight,Right Angle,1,Driver Rider,1: PDO,No Control,,,1330384.8,1678809.78,1.33039E+13
2019-7027-8/07/2020,2 Metropolitan,SALISBURY NORTH,5108,CITY OF SALISBURY,2,0,0,0,0,2019,July,Wednesday,10:10 AM,50,T-Junction,Straight road,Level,Not Applicable,Sealed,Wet,Raining,Daylight,Hit Fixed Object,1,Driver Rider,1: PDO,Roundabout,,,1331278.27,1690364.62,1.33128E+13
2019-7028-8/07/2020,3 Country,SALT CREEK,5264,COORONG DISTRICT COUNCIL,2,1,0,0,1,2019,July,Wednesday,9:35 AM,110,Not Divided,Straight road,Slope,Not Applicable,Sealed,Wet,Raining,Daylight,Hit Animal,2,Animal,2: MI,No Control,,,1420870.03,1526675.33,1.42087E+13
2019-7029-8/07/2020,3 Country,WATTLE FLAT,5203,DC YANKALILLA.                ,2,1,0,0,1,2019,July,Wednesday,7:00 AM,100,Not Divided,"CURVED, VIEW OPEN",Slope,Not Applicable,Sealed,Wet,Raining,Night,Rear End,2,Driver Rider,2: MI,No Control,,,1307944.91,1617552.17,1.30795E+13
2019-7030-8/07/2020,2 Metropolitan,LOBETHAL,5241,THE ADELAIDE HILLS COUNCIL,2,0,0,0,0,2019,July,Tuesday,2:00 PM,80,Not Divided,"CURVED, VIEW OPEN",Slope,Not Applicable,Sealed,Dry,Not Raining,Daylight,Hit Fixed Object,1,Driver Rider,1: PDO,No Control,,,1353352.63,1673184.44,1.35335E+13
2019-7031-8/07/2020,2 Metropolitan,ELIZABETH NORTH,5113,CITY OF PLAYFORD.,2,0,0,0,0,2019,July,Wednesday,11:55 AM,80,Divided Road,Straight road,Level,Not Applicable,Sealed,Wet,Raining,Daylight,Hit Fixed Object,1,Driver Rider,1: PDO,No Control,,,1336957.4,1695500.72,1.33696E+13
2019-7032-8/07/2020,2 Metropolitan,WEST LAKES,5021,CITY OF CHARLES STURT,2,0,0,0,0,2019,July,Wednesday,12:00 PM,60,T-Junction,Straight road,Level,Not Applicable,Sealed,Dry,Not Raining,Daylight,Right Angle,1,Driver Rider,1: PDO,Give Way Sign,,,1318842.91,1674473.86,1.31884E+13
2019-7033-8/07/2020,3 Country,KOOTABERRA,5713,,2,0,0,0,0,2019,July,Wednesday,10:57 AM,110,Not Divided,"CURVED, VIEW OPEN",Level,Not Applicable,Sealed,Dry,Not Raining,Daylight,Side Swipe,1,Driver Rider,1: PDO,No Control,,,1229672.14,1983459.32,1.22967E+13
2019-7034-8/07/2020,2 Metropolitan,WOODVILLE WEST,5011,CITY OF CHARLES STURT,2,1,0,0,1,2019,July,Wednesday,12:20 PM,60,Divided Road,Straight road,Level,Not Applicable,Sealed,Dry,Not Raining,Daylight,Side Swipe,2,Driver Rider,2: MI,No Control,,,1322350.96,1675695.12,1.32235E+13
2019-7035-8/07/2020,2 Metropolitan,INGLE FARM,5098,CITY OF SALISBURY,2,1,0,0,1,2019,July,Wednesday,12:00 PM,70,T-Junction,Straight road,Level,Not Applicable,Sealed,Dry,Not Raining,Daylight,Right Angle,1,Driver Rider,2: MI,Traffic Signals,,,1332666.48,1681574.09,1.33267E+13
2019-7036-8/07/2020,2 Metropolitan,ELIZABETH SOUTH,5112,CITY OF PLAYFORD.,2,0,0,0,0,2019,July,Wednesday,3:05 PM,60,Divided Road,Straight road,Level,Not Applicable,Sealed,Wet,Not Raining,Daylight,Rear End,1,Driver Rider,1: PDO,No Control,,,1334422.84,1690391.11,1.33442E+13
2019-7037-8/07/2020,3 Country,MURRAY BRIDGE,5253,RC MURRAY BRIDGE.             ,2,2,0,2,0,2019,July,Wednesday,12:00 PM,60,T-Junction,Straight road,Level,Not Applicable,Sealed,Dry,Not Raining,Daylight,Rear End,1,Driver Rider,3: SI,Give Way Sign,,Y,1387937.47,1645688.97,1.38794E+13
2019-7038-8/07/2020,2 Metropolitan,NORTH BRIGHTON,5048,CITY OF HOLDFAST BAY,2,0,0,0,0,2019,July,Wednesday,2:55 PM,50,T-Junction,Straight road,Level,Not Applicable,Sealed,Dry,Not Raining,Daylight,Hit Fixed Object,1,Driver Rider,1: PDO,No Control,,,1320400.22,1661790.15,1.3204E+13
2019-7039-8/07/2020,1 City,ADELAIDE,5000,CITY OF ADELAIDE,2,1,0,0,1,2019,July,Wednesday,4:08 PM,25,Divided Road,Straight road,Level,Roadworks,Sealed,Dry,Not Raining,Daylight,Hit Pedestrian,2,Pedestrian,2: MI,No Control,,,1328494.38,1670158.94,1.32849E+13
2019-7040-8/07/2020,3 Country,GERANIUM,5301,SOUTHERN MALLEE DISTRICT COUNCIL,2,1,0,1,0,2019,July,Tuesday,4:15 PM,110,Not Divided,Straight road,Unknown,Not Applicable,Sealed,Dry,Not Raining,Daylight,Hit Fixed Object,1,Driver Rider,3: SI,No Control,,,1471269.42,1615021.59,1.47127E+13
2019-7041-8/07/2020,2 Metropolitan,SALISBURY,5108,CITY OF SALISBURY,2,1,0,0,1,2019,July,Wednesday,6:40 AM,60,T-Junction,Straight road,Level,Not Applicable,Sealed,Wet,Not Raining,Night,Right Angle,2,Driver Rider,2: MI,No Control,,,1333449.7,1689383.07,1.33345E+13
2019-7042-8/07/2020,1 City,ADELAIDE,5000,CITY OF ADELAIDE,2,1,0,0,1,2019,July,Wednesday,4:40 PM,50,T-Junction,Straight road,Level,Not Applicable,Sealed,Dry,Not Raining,Daylight,Hit Pedestrian,1,Driver Rider,2: MI,No Control,,,1328564.16,1670189.62,1.32856E+13
2019-7043-8/07/2020,2 Metropolitan,SALISBURY EAST,5109,CITY OF SALISBURY,2,0,0,0,0,2019,July,Wednesday,4:35 PM,50,Not Divided,Straight road,Slope,Driveway or Entrance,Sealed,Dry,Not Raining,Daylight,Hit Fixed Object,1,Driver Rider,1: PDO,No Control,,,1334084.8,1684845.19,1.33409E+13
2019-7044-8/07/2020,2 Metropolitan,PARA HILLS,5096,CITY OF SALISBURY,2,1,0,0,1,2019,July,Wednesday,4:28 PM,60,Divided Road,Straight road,Level,Not Applicable,Sealed,Dry,Not Raining,Daylight,Rear End,1,Driver Rider,2: MI,No Control,,,1334243.11,1684575.11,1.33424E+13
2019-7045-8/07/2020,2 Metropolitan,EDWARDSTOWN,5039,CC MARION.                    ,2,0,0,0,0,2019,July,Wednesday,6:00 PM,60,T-Junction,Straight road,Level,Not Applicable,Sealed,Wet,Not Raining,Night,Right Angle,2,Driver Rider,1: PDO,Traffic Signals,,,1325932.87,1664392.69,1.32593E+13
2019-7046-8/07/2020,3 Country,WUDINNA,5652,DC WUDINNA. (DC LE HUNTE.),2,0,0,0,0,2019,July,Wednesday,3:30 PM,50,Not Divided,Straight road,Level,Not Applicable,Sealed,Dry,Not Raining,Daylight,Hit Fixed Object,1,Driver Rider,1: PDO,No Control,,,1043094.38,1884063.53,1.04309E+13
2019-7047-8/07/2020,2 Metropolitan,SALISBURY SOUTH,5106,CITY OF SALISBURY,2,0,0,0,0,2019,July,Wednesday,5:45 PM,70,Divided Road,Straight road,Level,Not Applicable,Sealed,Wet,Raining,Night,Rear End,2,Driver Rider,1: PDO,No Control,,,1331910.6,1686452.92,1.33191E+13
2019-7048-8/07/2020,2 Metropolitan,CLOVELLY PARK,5042,CC MARION.                    ,2,0,0,0,0,2019,July,Wednesday,6:00 PM,60,T-Junction,Straight road,Level,Not Applicable,Sealed,Dry,Not Raining,Night,Right Turn,1,Driver Rider,1: PDO,Stop Sign,,,1325958.85,1663138.19,1.32596E+13
2019-7049-8/07/2020,2 Metropolitan,CAMDEN PARK,5038,CITY OF WEST TORRENS,2,0,0,0,0,2019,July,Wednesday,6:30 PM,60,Divided Road,Straight road,Level,Driveway or Entrance,Sealed,Dry,Not Raining,Night,Right Turn,1,Driver Rider,1: PDO,No Control,,,1322868.21,1665558.67,1.32287E+13
2019-7050-8/07/2020,1 City,ADELAIDE,5000,CITY OF ADELAIDE,2,0,0,0,0,2019,July,Wednesday,7:49 PM,50,Divided Road,Straight road,Level,Not Applicable,Sealed,Dry,Not Raining,Night,Side Swipe,2,Driver Rider,1: PDO,No Control,,,1328039.66,1670335.07,1.32804E+13
2019-7051-8/07/2020,2 Metropolitan,PARALOWIE,5108,CITY OF SALISBURY,2,0,0,0,0,2019,July,Wednesday,7:00 PM,50,Not Divided,Straight road,Level,Not Applicable,Sealed,Wet,Not Raining,Night,Hit Parked Vehicle,1,Driver Rider,1: PDO,No Control,,,1329723.98,1689663.28,1.32972E+13
2019-7052-8/07/2020,2 Metropolitan,SALISBURY EAST,5109,CITY OF SALISBURY,2,1,0,0,1,2019,July,Wednesday,8:15 PM,50,Not Divided,Straight road,Level,Not Applicable,Sealed,Wet,Not Raining,Night,Hit Parked Vehicle,1,Driver Rider,2: MI,No Control,,,1335649.98,1687297.61,1.33565E+13
2019-7053-8/07/2020,2 Metropolitan,PLYMPTON,5038,CITY OF WEST TORRENS,2,0,0,0,0,2019,July,Monday,3:45 PM,60,Cross Road,Straight road,Level,Not Applicable,Sealed,Dry,Not Raining,Daylight,Right Angle,2,Driver Rider,1: PDO,Give Way Sign,,,1323609.56,1667029.66,1.32361E+13
2019-7054-8/07/2020,3 Country,RENMARK WEST,5341,DC RENMARK PARINGA            ,2,0,0,0,0,2019,July,Wednesday,9:45 PM,80,Not Divided,Straight road,Level,Not Applicable,Sealed,Dry,Not Raining,Night,Hit Fixed Object,1,Driver Rider,1: PDO,No Control,,,1525183.06,1749523.35,1.52518E+13
2019-7055-8/07/2020,2 Metropolitan,POORAKA,5095,CITY OF SALISBURY,2,0,0,0,0,2019,July,Wednesday,10:20 PM,70,T-Junction,Straight road,Level,Not Applicable,Sealed,Wet,Raining,Night,Right Angle,1,Driver Rider,1: PDO,No Control,,,1331418,1681822.24,1.33142E+13
2019-7056-8/07/2020,2 Metropolitan,MUNNO PARA,5115,CITY OF PLAYFORD.,2,1,0,0,1,2019,July,Wednesday,11:50 PM,50,Not Divided,Straight road,Level,Not Applicable,Sealed,Wet,Raining,Night,Hit Fixed Object,1,Driver Rider,2: MI,No Control,,Y,1337386.9,1699308.18,1.33739E+13
2019-7057-8/07/2020,2 Metropolitan,DIREK,5110,CITY OF SALISBURY,2,0,0,0,0,2019,July,Thursday,6:45 AM,90,T-Junction,"CURVED, VIEW OPEN",Level,Not Applicable,Sealed,Wet,Not Raining,Night,Rear End,2,Driver Rider,1: PDO,No Control,,,1329120.97,1693448.18,1.32912E+13
2019-7058-8/07/2020,3 Country,WAITPINGA,5211,DC VICTOR HARBOR.             ,3,1,0,0,1,2019,July,Wednesday,2:00 PM,100,Not Divided,"CURVED, VIEW OBSCURED",Slope,Not Applicable,Sealed,Dry,Not Raining,Daylight,Hit Fixed Object,1,Driver Rider,2: MI,No Control,,,1320111.89,1599745.74,1.32011E+13
2019-7059-8/07/2020,2 Metropolitan,THEBARTON,5031,CITY OF WEST TORRENS,3,6,0,0,6,2019,July,Wednesday,11:45 AM,60,T-Junction,Straight road,Level,Not Applicable,Sealed,Wet,Not Raining,Daylight,Right Turn,2,Driver Rider,2: MI,Traffic Signals,,,1326555.4,1671678.49,1.32656E+13
2019-7060-8/07/2020,3 Country,PORT PIRIE,5540,PT.PIRIE CITY & DIST. COUNCIL ,2,2,0,0,2,2019,July,Thursday,8:55 AM,50,Cross Road,Straight road,Level,Not Applicable,Sealed,Dry,Not Raining,Daylight,Right Angle,2,Driver Rider,2: MI,Traffic Signals,,,1280091.7,1865874.73,1.28009E+13
2019-7061-8/07/2020,2 Metropolitan,HAPPY VALLEY,5159,CITY OF ONKAPARINGA,2,1,0,0,1,2019,July,Wednesday,1:55 PM,80,Cross Road,"CURVED, VIEW OPEN",Level,Not Applicable,Sealed,Dry,Not Raining,Daylight,Rear End,2,Driver Rider,2: MI,Traffic Signals,,,1323029.26,1653595.87,1.32303E+13
2019-7062-8/07/2020,2 Metropolitan,GLENELG NORTH,5045,CITY OF HOLDFAST BAY,2,0,0,0,0,2019,July,Thursday,9:45 AM,60,Cross Road,Straight road,Level,Not Applicable,Sealed,Dry,Not Raining,Daylight,Right Angle,1,Driver Rider,1: PDO,Traffic Signals,,,1321014.82,1665305.44,1.32102E+13
2019-7063-8/07/2020,2 Metropolitan,DARLINGTON,5047,CC MARION.                    ,2,1,0,0,1,2019,July,Thursday,8:00 AM,80,Freeway,Straight road,Level,Not Applicable,Sealed,Dry,Not Raining,Daylight,Side Swipe,2,Driver Rider,2: MI,No Control,,,1324101.74,1659406.31,1.3241E+13
2019-7064-8/07/2020,3 Country,WHYALLA,5600,CC WHYALLA.                   ,2,2,0,0,2,2019,June,Sunday,7:30 PM,50,Cross Road,Straight road,Level,Not Applicable,Sealed,Dry,Not Raining,Night,Roll Over,1,Driver Rider,2: MI,Roundabout,,,1240038.3,1882678.33,1.24004E+13
2019-7065-8/07/2020,1 City,ADELAIDE,5000,CITY OF ADELAIDE,2,1,0,0,1,2019,July,Thursday,10:00 AM,50,Cross Road,Straight road,Level,Not Applicable,Sealed,Dry,Not Raining,Daylight,Right Turn,1,Driver Rider,2: MI,Traffic Signals,,,1329607.71,1669605.79,1.32961E+13
2019-7066-8/07/2020,3 Country,BARMERA,5345,THE BERRI BARMERA COUNCIL,2,0,0,0,0,2019,July,Thursday,10:40 AM,80,Not Divided,Straight road,Level,Not Applicable,Sealed,Dry,Not Raining,Daylight,Right Turn,1,Driver Rider,1: PDO,No Control,,,1500681.15,1738047.49,1.50068E+13
2019-7067-8/07/2020,1 City,NORTH ADELAIDE,5006,CITY OF ADELAIDE,2,1,0,0,1,2019,July,Thursday,9:00 AM,50,Not Divided,Straight road,Level,Driveway or Entrance,Sealed,Dry,Not Raining,Daylight,Rear End,1,Driver Rider,2: MI,No Control,,,1328756.72,1672421.47,1.32876E+13
2019-7068-8/07/2020,2 Metropolitan,HINDMARSH,5007,CITY OF CHARLES STURT,2,1,0,0,1,2019,July,Thursday,8:05 AM,60,T-Junction,Straight road,Level,Not Applicable,Sealed,Dry,Not Raining,Daylight,Right Angle,2,Driver Rider,2: MI,Stop Sign,,,1325953.54,1673117.02,1.32595E+13
2019-7069-8/07/2020,2 Metropolitan,HILTON,5033,CITY OF WEST TORRENS,2,0,0,0,0,2019,July,Thursday,1:11 AM,60,Divided Road,Straight road,Level,Not Applicable,Sealed,Dry,Not Raining,Night,Hit Fixed Object,1,Driver Rider,1: PDO,No Control,,,1325525.5,1670075.22,1.32553E+13
2019-7070-8/07/2020,3 Country,PORT LINCOLN,5606,CC PT.LINCOLN.                ,2,0,0,0,0,2019,July,Thursday,10:40 AM,50,Not Divided,Straight road,Level,Not Applicable,Sealed,Dry,Not Raining,Daylight,Hit Pedestrian,1,Driver Rider,1: PDO,No Control,,,1078452.14,1697542.59,1.07845E+13
2019-7071-8/07/2020,2 Metropolitan,TORRENS PARK,5062,CC MITCHAM.                   ,2,0,0,0,0,2019,July,Wednesday,10:30 PM,60,T-Junction,Straight road,Level,Not Applicable,Sealed,Dry,Not Raining,Night,Right Turn,1,Driver Rider,1: PDO,Traffic Signals,,,1329171.51,1665029.05,1.32917E+13
2019-7072-8/07/2020,3 Country,STRATHALBYN,5255,ALEXANDRINA COUNCIL,2,0,0,0,0,2019,July,Wednesday,6:05 PM,50,Not Divided,Straight road,Level,Not Applicable,Sealed,Wet,Raining,Night,Hit Parked Vehicle,2,Driver Rider,1: PDO,No Control,,,1353467.33,1633094.63,1.35347E+13
2019-7073-8/07/2020,3 Country,TAILEM BEND,5260,COORONG DISTRICT COUNCIL,2,0,0,0,0,2019,July,Thursday,1:00 PM,80,Divided Road,Straight road,Level,Median Opening (not at I/S),Sealed,Dry,Not Raining,Daylight,Side Swipe,2,Driver Rider,1: PDO,No Control,,,1403178.23,1633906.77,1.40318E+13
2019-7074-8/07/2020,2 Metropolitan,PORT ADELAIDE,5015,CITY OF PORT ADELAIDE ENFIELD,2,0,0,0,0,2019,July,Thursday,1:05 PM,40,Not Divided,Straight road,Level,Not Applicable,Sealed,Dry,Not Raining,Daylight,Hit Parked Vehicle,2,Driver Rider,1: PDO,No Control,,,1319961.33,1679835.44,1.31996E+13
2019-7075-8/07/2020,2 Metropolitan,WESTBOURNE PARK,5041,CC MITCHAM.                   ,2,0,0,0,0,2019,July,Wednesday,5:55 AM,60,Divided Road,Straight road,Level,Not Applicable,Sealed,Wet,Not Raining,Night,Side Swipe,2,Driver Rider,1: PDO,No Control,,,1327509.79,1666133.09,1.32751E+13
2019-7076-8/07/2020,2 Metropolitan,MCLAREN FLAT,5171,CITY OF ONKAPARINGA,2,0,0,0,0,2019,July,Wednesday,10:00 PM,50,Not Divided,Straight road,Level,Not Applicable,Sealed,Wet,Raining,Night,Hit Fixed Object,1,Driver Rider,1: PDO,No Control,,,1326939.12,1638793.31,1.32694E+13
2019-7077-8/07/2020,2 Metropolitan,DRY CREEK,5094,CITY OF SALISBURY,6,1,0,0,1,2019,July,Thursday,3:00 PM,90,Divided Road,Straight road,Level,Not Applicable,Sealed,Dry,Not Raining,Daylight,Side Swipe,2,Driver Rider,2: MI,No Control,,,1327700.46,1682067.74,1.3277E+13
2019-7078-8/07/2020,2 Metropolitan,ASHTON,5137,THE ADELAIDE HILLS COUNCIL,2,0,0,0,0,2019,July,Thursday,3:30 PM,80,Cross Road,Straight road,Crest of Hill,Not Applicable,Sealed,Wet,Not Raining,Daylight,Right Angle,1,Driver Rider,1: PDO,Stop Sign,,,1340240.37,1668311.53,1.34024E+13
2019-7079-8/07/2020,2 Metropolitan,UNLEY,5061,CITY OF UNLEY,2,1,0,0,1,2019,July,Thursday,3:10 PM,50,Cross Road,Straight road,Level,Not Applicable,Sealed,Dry,Not Raining,Daylight,Right Angle,2,Driver Rider,2: MI,Stop Sign,,,1328366.02,1668541.23,1.32837E+13
2019-7080-8/07/2020,2 Metropolitan,NOARLUNGA DOWNS,5168,CITY OF ONKAPARINGA,2,0,0,0,0,2019,July,Thursday,4:56 PM,80,Cross Road,Straight road,Slope,Not Applicable,Sealed,Dry,Not Raining,Daylight,Rear End,2,Driver Rider,1: PDO,Traffic Signals,,,1319217.92,1644269.8,1.31922E+13
2019-7081-8/07/2020,2 Metropolitan,KESWICK TERMINAL,5035,CITY OF WEST TORRENS,2,3,0,0,3,2019,July,Wednesday,3:05 PM,60,Cross Road,Straight road,Level,Not Applicable,Sealed,Dry,Not Raining,Daylight,Right Turn,2,Driver Rider,2: MI,Traffic Signals,,,1326431.95,1668966.24,1.32643E+13
2019-7082-8/07/2020,3 Country,LOCHIEL,5510,WAKEFIELD REGIONAL COUNCIL,1,1,0,1,0,2019,July,Thursday,12:15 PM,110,Not Divided,Straight road,Level,Driveway or Entrance,Sealed,Dry,Not Raining,Daylight,Roll Over,1,Driver Rider,3: SI,No Control,,,1292557.11,1785886.39,1.29256E+13
2019-7083-8/07/2020,2 Metropolitan,SALISBURY SOUTH,5106,CITY OF SALISBURY,2,0,0,0,0,2019,July,Thursday,4:15 PM,70,Divided Road,Straight road,Level,Not Applicable,Sealed,Dry,Not Raining,Daylight,Rear End,2,Driver Rider,1: PDO,No Control,,,1332418.49,1686053.03,1.33242E+13
2019-7084-8/07/2020,2 Metropolitan,SALISBURY NORTH,5108,CITY OF SALISBURY,2,0,0,0,0,2019,July,Thursday,5:52 PM,60,Not Divided,Straight road,Level,Not Applicable,Sealed,Dry,Not Raining,Night,Rear End,2,Driver Rider,1: PDO,No Control,,,1331092.08,1690079.36,1.33109E+13