REPORT_ID,Stats Area,Suburb,Postcode,LGA Name,Total Units,Total Cas,Total Fats,Total SI,Total MI,Year,Month,Day,Time,Area Speed,Position Type,Horizontal Align,Vertical Align,Other Feat,Road Surface,Moisture Cond,Weather Cond,DayNight,Crash Type,Unit Resp,Entity Code,CSEF Severity,Traffic Ctrls,DUI Involved,Drugs Involved,ACCLOC_X,ACCLOC_Y,UNIQUE_LOC
2019-7249-8/07/2020,2 Metropolitan,DAVOREN PARK,5113,CITY OF PLAYFORD.,2,0,0,0,0,2019,July,Tuesday,12:30 PM,60,Cross Road,Straight road,Level,Not Applicable,Sealed,Dry,Not Raining,Daylight,Right Turn,1,Driver Rider,1: PDO,Stop Sign,,,1335882.34,1697185.72,1.33588E+13
2019-7250-8/07/2020,2 Metropolitan,UNLEY,5061,CITY OF UNLEY,3,0,0,0,0,2019,July,Tuesday,11:25 AM,60,Not Divided,Straight road,Level,Not Applicable,Sealed,Dry,Not Raining,Daylight,Side Swipe,1,Driver Rider,1: PDO,No Control,,,1329080.32,1668182.88,1.32908E+13
2019-7251-8/07/2020,2 Metropolitan,SUMMERTOWN,5141,THE ADELAIDE HILLS COUNCIL,2,0,0,0,0,2019,July,Tuesday,10:22 AM,80,Not Divided,"CURVED, VIEW OPEN",Slope,Not Applicable,Sealed,Wet,Not Raining,Daylight,Hit Fixed Object,1,Driver Rider,1: PDO,No Control,,,1340654.47,1665943.31,1.34065E+13
2019-7252-8/07/2020,2 Metropolitan,SHEIDOW PARK,5158,CC MARION.                    ,2,1,0,0,1,2019,July,Tuesday,1:10 PM,80,T-Junction,Straight road,Slope,Not Applicable,Sealed,Dry,Not Raining,Daylight,Right Angle,1,Driver Rider,2: MI,Traffic Signals,,,1321177.96,1654686.82,1.32118E+13
2019-7253-8/07/2020,2 Metropolitan,OAKDEN,5086,CITY OF PORT ADELAIDE ENFIELD,3,0,0,0,0,2019,July,Tuesday,1:00 PM,70,Divided Road,Straight road,Level,Not Applicable,Sealed,Dry,Not Raining,Daylight,Rear End,1,Driver Rider,1: PDO,No Control,,,1332164.29,1679301.44,1.33216E+13
2019-7254-8/07/2020,2 Metropolitan,WALKERVILLE,5081,WALKERVILLE TOWN COUNCIL,3,0,0,0,0,2019,July,Tuesday,1:00 PM,50,Cross Road,Straight road,Level,Not Applicable,Sealed,Dry,Not Raining,Daylight,Right Angle,1,Driver Rider,1: PDO,Stop Sign,,,1329846.43,1674150.61,1.32985E+13
2019-7255-8/07/2020,1 City,NORTH ADELAIDE,5006,CITY OF ADELAIDE,2,1,0,0,1,2019,July,Monday,8:00 PM,50,Cross Road,Straight road,Level,Not Applicable,Sealed,Wet,Raining,Night,Hit Pedestrian,2,Driver Rider,2: MI,Traffic Signals,,,1328199.35,1672877.08,1.3282E+13
2019-7256-8/07/2020,2 Metropolitan,MANNINGHAM,5086,CITY OF PORT ADELAIDE ENFIELD,2,0,0,0,0,2019,July,Tuesday,1:35 PM,60,Divided Road,Straight road,Level,Driveway or Entrance,Sealed,Dry,Not Raining,Daylight,Right Angle,1,Driver Rider,1: PDO,No Control,,,1330456.28,1676233.85,1.33046E+13
2019-7257-8/07/2020,2 Metropolitan,PARALOWIE,5108,CITY OF SALISBURY,2,0,0,0,0,2019,July,Thursday,12:50 PM,60,Divided Road,Straight road,Level,Not Applicable,Sealed,Dry,Not Raining,Daylight,Rear End,2,Driver Rider,1: PDO,No Control,,,1330913.22,1690221.85,1.33091E+13
2019-7258-8/07/2020,1 City,ADELAIDE,5000,CITY OF ADELAIDE,2,0,0,0,0,2019,July,Tuesday,2:13 PM,50,Cross Road,Straight road,Level,Not Applicable,Sealed,Dry,Unknown,Daylight,Rear End,2,Driver Rider,1: PDO,Stop Sign,,,1328743.6,1669885.9,1.32874E+13
2019-7259-8/07/2020,2 Metropolitan,MORPHETTVILLE,5043,CC MARION.                    ,2,0,0,0,0,2019,July,Tuesday,2:15 PM,60,T-Junction,Straight road,Level,Not Applicable,Sealed,Dry,Not Raining,Daylight,Right Angle,2,Driver Rider,1: PDO,Traffic Signals,,,1322654.75,1664699.5,1.32266E+13
2019-7260-8/07/2020,2 Metropolitan,SOMERTON PARK,5044,CITY OF HOLDFAST BAY,2,0,0,0,0,2019,July,Sunday,6:45 PM,60,T-Junction,Straight road,Level,Not Applicable,Sealed,Dry,Not Raining,Night,Rear End,1,Driver Rider,1: PDO,Traffic Signals,,,1321078.35,1663052.98,1.32108E+13
2019-7261-8/07/2020,2 Metropolitan,TOORAK GARDENS,5065,CITY OF BURNSIDE,2,0,0,0,0,2019,July,Tuesday,12:00 PM,60,T-Junction,Straight road,Level,Not Applicable,Sealed,Dry,Not Raining,Daylight,Right Angle,2,Driver Rider,1: PDO,No Control,,,1332284.13,1669916.27,1.33228E+13
2019-7262-8/07/2020,2 Metropolitan,CAMDEN PARK,5038,CITY OF WEST TORRENS,2,0,0,0,0,2019,July,Monday,8:50 AM,50,Not Divided,Straight road,Level,Not Applicable,Sealed,Wet,Not Raining,Daylight,Side Swipe,1,Driver Rider,1: PDO,No Control,,,1323257.94,1665970.39,1.32326E+13
2019-7263-8/07/2020,3 Country,MOUNT GAMBIER,5290,CC MT.GAMBIER.                ,2,0,0,0,0,2019,July,Tuesday,3:25 PM,50,Cross Road,Straight road,Level,Not Applicable,Sealed,Wet,Raining,Daylight,Right Angle,1,Driver Rider,1: PDO,Give Way Sign,,,1509489.99,1341030.67,1.50949E+13
2019-7264-8/07/2020,2 Metropolitan,MAWSON LAKES,5095,CITY OF SALISBURY,3,0,0,0,0,2019,July,Tuesday,4:40 PM,70,Divided Road,Straight road,Level,Not Applicable,Sealed,Dry,Not Raining,Daylight,Rear End,2,Driver Rider,1: PDO,No Control,,,1329426.08,1684274.74,1.32943E+13
2019-7265-8/07/2020,2 Metropolitan,RIDLEYTON,5008,CITY OF CHARLES STURT,2,1,0,0,1,2019,July,Tuesday,4:44 PM,40,Not Divided,Straight road,Level,Not Applicable,Sealed,Wet,Raining,Daylight,Head On,2,Driver Rider,2: MI,No Control,,,1325964.55,1674318.62,1.32597E+13
2019-7266-8/07/2020,2 Metropolitan,ELIZABETH SOUTH,5112,CITY OF PLAYFORD.,2,1,0,0,1,2019,July,Tuesday,5:40 PM,60,T-Junction,Straight road,Level,Not Applicable,Sealed,Wet,Raining,Night,Right Angle,1,Driver Rider,2: MI,No Control,,,1334424.18,1690426.98,1.33442E+13
2019-7267-8/07/2020,3 Country,PORT AUGUSTA,5700,CC PT.AUGUSTA.                ,2,0,0,0,0,2019,July,Tuesday,6:30 PM,80,Not Divided,"CURVED, VIEW OPEN",Level,Not Applicable,Sealed,Dry,Not Raining,Night,Hit Fixed Object,1,Driver Rider,1: PDO,No Control,,,1262569.88,1941389.71,1.26257E+13
2019-7268-8/07/2020,2 Metropolitan,SOUTH PLYMPTON,5038,CC MARION.                    ,3,0,0,0,0,2019,July,Tuesday,5:10 PM,60,Divided Road,Straight road,Level,Driveway or Entrance,Sealed,Wet,Raining,Daylight,Rear End,1,Driver Rider,1: PDO,No Control,,,1325049.11,1666315.81,1.32505E+13
2019-7269-8/07/2020,2 Metropolitan,ROSTREVOR,5073,CC CAMPBELLTOWN.              ,2,1,0,0,1,2019,July,Monday,4:20 PM,60,T-Junction,Straight road,Level,Not Applicable,Sealed,Dry,Not Raining,Daylight,Rear End,1,Driver Rider,2: MI,No Control,,,1335452.92,1672990.69,1.33545E+13
2019-7270-8/07/2020,2 Metropolitan,WAYVILLE,5034,CITY OF UNLEY,2,1,0,0,1,2019,July,Tuesday,5:02 PM,60,Pedestrian Crossing,Straight road,Level,Not Applicable,Sealed,Wet,Raining,Daylight,Hit Pedestrian,1,Driver Rider,2: MI,Traffic Signals,,,1327206.66,1668907.15,1.32721E+13
2019-7271-8/07/2020,2 Metropolitan,MODBURY,5092,CITY OF TEA TREE GULLY,2,0,0,0,0,2019,July,Wednesday,3:00 AM,60,Divided Road,Straight road,Level,Not Applicable,Sealed,Wet,Not Raining,Night,Hit Fixed Object,1,Driver Rider,1: PDO,No Control,,,1336494.85,1680702.21,1.3365E+13
2019-7272-8/07/2020,2 Metropolitan,MOUNT BARKER,5251,DC MT.BARKER.                 ,2,0,0,0,0,2019,July,Tuesday,3:20 PM,60,Divided Road,Straight road,Level,Not Applicable,Sealed,Wet,Raining,Daylight,Rear End,2,Driver Rider,1: PDO,No Control,,,1351380.61,1653956.66,1.35138E+13
2019-7273-8/07/2020,2 Metropolitan,MILE END,5031,CITY OF WEST TORRENS,4,0,0,0,0,2019,July,Wednesday,6:28 AM,60,Divided Road,Straight road,Level,Not Applicable,Sealed,Dry,Not Raining,Night,Rear End,1,Driver Rider,1: PDO,No Control,,,1325750.01,1670527.03,1.32575E+13
2019-7274-8/07/2020,2 Metropolitan,URRBRAE,5064,CC MITCHAM.                   ,2,0,0,0,0,2019,July,Monday,11:00 AM,40,Not Divided,"CURVED, VIEW OPEN",Level,Not Applicable,Sealed,Dry,Not Raining,Daylight,Head On,2,Driver Rider,1: PDO,No Control,,,1332470.47,1666053.47,1.33247E+13
2019-7275-8/07/2020,2 Metropolitan,SALISBURY EAST,5109,CITY OF SALISBURY,3,1,0,0,1,2019,July,Tuesday,11:25 AM,60,Cross Road,Straight road,Level,Not Applicable,Sealed,Dry,Not Raining,Daylight,Rear End,1,Driver Rider,2: MI,Traffic Signals,,,1335641.47,1686469.85,1.33564E+13
2019-7276-8/07/2020,2 Metropolitan,WATTLE PARK,5066,CITY OF BURNSIDE,2,0,0,0,0,2019,July,Tuesday,1:30 PM,60,Not Divided,Straight road,Level,Not Applicable,Sealed,Dry,Not Raining,Daylight,Side Swipe,2,Driver Rider,1: PDO,No Control,,,1334709.93,1670305.3,1.33471E+13
2019-7277-8/07/2020,2 Metropolitan,DRY CREEK,5094,CITY OF SALISBURY,2,1,0,0,1,2019,July,Wednesday,9:51 AM,90,Divided Road,"CURVED, VIEW OPEN",Level,Median Opening (not at I/S),Sealed,Dry,Not Raining,Daylight,Rear End,1,Driver Rider,2: MI,No Control,,,1327390.35,1681249.81,1.32739E+13
2019-7278-8/07/2020,2 Metropolitan,SALISBURY HEIGHTS,5109,CITY OF SALISBURY,2,0,0,0,0,2019,July,Wednesday,7:30 AM,80,T-Junction,Straight road,Level,Not Applicable,Sealed,Dry,Not Raining,Daylight,Rear End,2,Driver Rider,1: PDO,No Control,,,1335937.64,1688754.16,1.33594E+13
2019-7279-8/07/2020,1 City,ADELAIDE,5000,CITY OF ADELAIDE,2,0,0,0,0,2019,July,Tuesday,5:30 PM,50,Cross Road,Straight road,Level,Not Applicable,Sealed,Wet,Raining,Night,Hit Pedestrian,1,Driver Rider,1: PDO,Traffic Signals,,,1329231.17,1671000.93,1.32923E+13
2019-7280-8/07/2020,2 Metropolitan,STEPNEY,5069,"CC OF NORWOOD,PAYNEHAM & ST PETERS",2,1,0,0,1,2019,July,Wednesday,9:15 AM,60,Not Divided,Straight road,Level,Not Applicable,Sealed,Wet,Not Raining,Daylight,Rear End,2,Driver Rider,2: MI,No Control,,,1331237.03,1672562.89,1.33124E+13
2019-7281-8/07/2020,2 Metropolitan,LITTLEHAMPTON,5250,DC MT.BARKER.                 ,2,1,0,0,1,2019,July,Tuesday,2:14 PM,80,Not Divided,Straight road,Slope,Not Applicable,Sealed,Wet,Unknown,Daylight,Hit Object on Road,1,Driver Rider,2: MI,No Control,,,1352118.12,1657310.71,1.35212E+13
2019-7282-8/07/2020,2 Metropolitan,MITCHELL PARK,5043,CC MARION.                    ,2,1,0,1,0,2019,July,Monday,5:20 PM,60,Divided Road,Straight road,Level,Not Applicable,Sealed,Dry,Not Raining,Daylight,Hit Pedestrian,1,Pedestrian,3: SI,No Control,,,1324379.06,1661426.62,1.32438E+13
2019-7283-8/07/2020,2 Metropolitan,KLEMZIG,5087,CITY OF PORT ADELAIDE ENFIELD,2,0,0,0,0,2019,July,Wednesday,12:20 PM,60,Cross Road,Straight road,Level,Not Applicable,Sealed,Dry,Not Raining,Daylight,Right Turn,1,Driver Rider,1: PDO,Traffic Signals,,,1331690.63,1676251.12,1.33169E+13
2019-7284-8/07/2020,2 Metropolitan,HACKNEY,5069,"CC OF NORWOOD,PAYNEHAM & ST PETERS",3,0,0,0,0,2019,July,Wednesday,8:45 AM,60,Divided Road,Straight road,Level,Not Applicable,Sealed,Wet,Not Raining,Daylight,Rear End,1,Driver Rider,1: PDO,No Control,,,1329845.41,1671683.24,1.32985E+13
2019-7285-8/07/2020,2 Metropolitan,MAWSON LAKES,5095,CITY OF SALISBURY,2,1,0,0,1,2019,July,Tuesday,6:46 AM,90,Divided Road,Straight road,Slope,"Bridge, Culvert, Causeway",Sealed,Wet,Raining,Night,Rear End,2,Driver Rider,2: MI,No Control,,,1328668.42,1683291.89,1.32867E+13
2019-7286-8/07/2020,2 Metropolitan,MITCHELL PARK,5043,CC MARION.                    ,2,0,0,0,0,2019,July,Wednesday,11:30 AM,60,Divided Road,Straight road,Level,Not Applicable,Sealed,Dry,Not Raining,Daylight,Right Angle,2,Driver Rider,1: PDO,No Control,,,1325018.41,1663289.91,1.32502E+13
2019-7287-8/07/2020,3 Country,STIRLING NORTH,5710,CC PT.AUGUSTA.                ,2,0,0,0,0,2019,July,Tuesday,3:30 PM,25,Not Divided,Straight road,Level,Driveway or Entrance,Sealed,Dry,Not Raining,Daylight,Hit Parked Vehicle,2,Driver Rider,1: PDO,No Control,,,1265920.12,1939788.7,1.26592E+13
2019-7288-8/07/2020,2 Metropolitan,KIDMAN PARK,5025,CITY OF CHARLES STURT,2,0,0,0,0,2019,July,Wednesday,1:00 PM,60,Cross Road,Straight road,Level,Not Applicable,Sealed,Dry,Not Raining,Daylight,Side Swipe,1,Driver Rider,1: PDO,Traffic Signals,,,1322420.13,1673116.28,1.32242E+13
2019-7289-8/07/2020,2 Metropolitan,ELIZABETH PARK,5113,CITY OF PLAYFORD.,3,0,0,0,0,2019,July,Wednesday,7:30 AM,80,Divided Road,Straight road,Level,Not Applicable,Sealed,Wet,Raining,Daylight,Rear End,2,Driver Rider,1: PDO,No Control,,,1336013.39,1693758.8,1.33601E+13
2019-7290-8/07/2020,2 Metropolitan,TWO WELLS,5501,DC MALLALA.                   ,2,2,0,0,2,2019,July,Wednesday,12:19 PM,80,T-Junction,Straight road,Level,Not Applicable,Sealed,Dry,Not Raining,Daylight,Right Turn,1,Driver Rider,2: MI,No Control,,,1321582.12,1707920.89,1.32158E+13
2019-7291-8/07/2020,2 Metropolitan,BROOKLYN PARK,5032,CITY OF WEST TORRENS,2,1,0,1,0,2019,July,Wednesday,1:50 PM,60,Cross Road,Straight road,Level,Not Applicable,Sealed,Dry,Not Raining,Daylight,Right Angle,2,Driver Rider,3: SI,Give Way Sign,,,1323251.63,1670501.45,1.32325E+13
2019-7292-8/07/2020,2 Metropolitan,BEDFORD PARK,5042,CC MITCHAM.                   ,2,0,0,0,0,2019,July,Tuesday,5:00 PM,50,Divided Road,Straight road,Slope,Not Applicable,Sealed,Wet,Not Raining,Daylight,Hit Fixed Object,1,Driver Rider,1: PDO,No Control,,,1325214.28,1659751.74,1.32521E+13
2019-7293-8/07/2020,2 Metropolitan,GAWLER EAST,5118,CT GAWLER.                    ,2,0,0,0,0,2019,July,Wednesday,3:20 PM,50,T-Junction,Straight road,Level,Not Applicable,Sealed,Dry,Not Raining,Daylight,Right Turn,1,Driver Rider,1: PDO,Give Way Sign,,,1343431.97,1706625.34,1.34343E+13
2019-7294-8/07/2020,2 Metropolitan,HILTON,5033,CITY OF WEST TORRENS,2,1,0,0,1,2019,July,Tuesday,1:40 PM,60,Cross Road,Straight road,Level,Not Applicable,Sealed,Dry,Not Raining,Daylight,Right Angle,2,Driver Rider,2: MI,Give Way Sign,,,1325356.93,1670070.11,1.32536E+13
2019-7295-8/07/2020,2 Metropolitan,GEPPS CROSS,5094,CITY OF PORT ADELAIDE ENFIELD,2,2,0,0,2,2019,July,Wednesday,3:20 PM,60,Cross Road,Straight road,Level,Not Applicable,Sealed,Dry,Not Raining,Daylight,Right Turn,2,Driver Rider,2: MI,Traffic Signals,,,1330377.17,1679315.41,1.33038E+13
2019-7296-8/07/2020,2 Metropolitan,MODBURY HEIGHTS,5092,CITY OF TEA TREE GULLY,2,0,0,0,0,2019,July,Wednesday,3:37 PM,80,Divided Road,Straight road,Level,Not Applicable,Sealed,Dry,Not Raining,Daylight,Rear End,2,Driver Rider,1: PDO,No Control,,,1335877.01,1682676.96,1.33588E+13
2019-7297-8/07/2020,2 Metropolitan,MEDINDIE GARDENS,5081,CITY OF PROSPECT,3,1,0,0,1,2019,July,Wednesday,3:30 PM,60,Divided Road,Straight road,Level,Not Applicable,Sealed,Dry,Not Raining,Daylight,Rear End,1,Driver Rider,2: MI,No Control,,,1329400.89,1674241.51,1.3294E+13
2019-7298-8/07/2020,2 Metropolitan,HILLBANK,5112,CITY OF PLAYFORD.,3,0,0,0,0,2019,July,Wednesday,3:50 PM,60,T-Junction,Straight road,Level,Not Applicable,Sealed,Dry,Not Raining,Daylight,Rear End,1,Driver Rider,1: PDO,No Control,,,1336720.81,1690117.33,1.33672E+13
2019-7299-8/07/2020,2 Metropolitan,GOLDEN GROVE,5125,CITY OF TEA TREE GULLY,2,1,0,0,1,2019,July,Wednesday,3:15 PM,60,T-Junction,Straight road,Level,Not Applicable,Sealed,Dry,Not Raining,Daylight,Rear End,1,Driver Rider,2: MI,No Control,,,1340236.56,1686468.2,1.34024E+13
2019-7300-8/07/2020,2 Metropolitan,NOARLUNGA CENTRE,5168,CITY OF ONKAPARINGA,2,0,0,0,0,2019,July,Wednesday,3:40 PM,60,Cross Road,Straight road,Level,Not Applicable,Sealed,Wet,Raining,Daylight,Rear End,1,Driver Rider,1: PDO,Traffic Signals,,,1319094.8,1647483.87,1.3191E+13
2019-7301-8/07/2020,3 Country,YORKETOWN,5576,YORKE PENINSULA COUNCIL,2,0,0,0,0,2019,July,Wednesday,2:35 PM,50,Cross Road,Straight road,Level,Not Applicable,Sealed,Dry,Not Raining,Daylight,Right Angle,1,Driver Rider,1: PDO,Give Way Sign,,,1238297.36,1663537.58,1.2383E+13
2019-7302-8/07/2020,3 Country,HAYBOROUGH,5211,DC VICTOR HARBOR.             ,2,1,0,0,1,2019,July,Wednesday,3:40 PM,60,Cross Road,Straight road,Level,Not Applicable,Sealed,Dry,Not Raining,Daylight,Rear End,2,Driver Rider,2: MI,Give Way Sign,,,1330566.31,1603000.12,1.33057E+13
2019-7303-8/07/2020,2 Metropolitan,NORTHFIELD,5085,CITY OF PORT ADELAIDE ENFIELD,4,0,0,0,0,2019,July,Wednesday,2:00 PM,60,Divided Road,Straight road,Level,Roadworks,Sealed,Dry,Not Raining,Daylight,Rear End,2,Driver Rider,1: PDO,No Control,,,1330786.64,1679293.15,1.33079E+13
2019-7304-8/07/2020,3 Country,WANGARY,5607,DC LOWER EYRE PENINSULA       ,2,0,0,0,0,2019,July,Wednesday,9:10 AM,80,Not Divided,Straight road,Level,Not Applicable,Unsealed,Wet,Not Raining,Daylight,Hit Fixed Object,1,Driver Rider,1: PDO,No Control,,,1047257.61,1711550.4,1.04726E+13
2019-7305-8/07/2020,2 Metropolitan,SALISBURY PARK,5109,CITY OF SALISBURY,6,0,0,0,0,2019,July,Wednesday,4:30 PM,80,Divided Road,Straight road,Level,Not Applicable,Sealed,Dry,Not Raining,Daylight,Rear End,1,Driver Rider,1: PDO,No Control,,,1335475.26,1688154.36,1.33548E+13
2019-7306-8/07/2020,2 Metropolitan,CROMER,5235,THE ADELAIDE HILLS COUNCIL,3,0,0,0,0,2019,July,Wednesday,4:35 PM,100,Cross Road,Straight road,Level,Not Applicable,Sealed,Dry,Not Raining,Daylight,Right Angle,1,Driver Rider,1: PDO,Give Way Sign,,,1361394.91,1684498.8,1.3614E+13
2019-7307-8/07/2020,2 Metropolitan,HENLEY BEACH,5022,CITY OF CHARLES STURT,2,1,0,1,0,2019,July,Wednesday,5:15 PM,50,Cross Road,Straight road,Level,Not Applicable,Sealed,Dry,Not Raining,Daylight,Right Angle,1,Driver Rider,3: SI,Give Way Sign,,,1319279.76,1672314.91,1.31928E+13
2019-7308-8/07/2020,2 Metropolitan,GREENACRES,5086,CITY OF PORT ADELAIDE ENFIELD,2,0,0,0,0,2019,July,Wednesday,5:45 PM,50,T-Junction,Straight road,Level,Not Applicable,Sealed,Dry,Not Raining,Night,Right Angle,1,Driver Rider,1: PDO,No Control,,,1332080.67,1676989.91,1.33208E+13
2019-7309-8/07/2020,2 Metropolitan,HENLEY BEACH SOUTH,5022,CITY OF CHARLES STURT,2,0,0,0,0,2019,July,Wednesday,4:30 PM,50,Divided Road,Straight road,Level,Not Applicable,Sealed,Dry,Not Raining,Daylight,Hit Parked Vehicle,2,Driver Rider,1: PDO,No Control,,,1319464.98,1671013.86,1.31947E+13
2019-7310-8/07/2020,2 Metropolitan,SALISBURY,5108,CITY OF SALISBURY,4,1,0,0,1,2019,July,Wednesday,5:55 PM,60,Not Divided,Straight road,Level,Not Applicable,Sealed,Dry,Not Raining,Night,Rear End,1,Driver Rider,2: MI,No Control,,,1333618.19,1688446.25,1.33362E+13
2019-7311-8/07/2020,2 Metropolitan,HACKNEY,5069,"CC OF NORWOOD,PAYNEHAM & ST PETERS",2,1,0,0,1,2019,July,Wednesday,3:40 PM,60,Divided Road,Straight road,Level,Not Applicable,Sealed,Dry,Not Raining,Daylight,Rear End,1,Driver Rider,2: MI,No Control,,,1329790.35,1671954.69,1.32979E+13
2019-7312-8/07/2020,2 Metropolitan,GLEN OSMOND,5064,CITY OF BURNSIDE,2,0,0,0,0,2019,July,Wednesday,6:00 PM,60,T-Junction,Straight road,Slope,Not Applicable,Sealed,Wet,Not Raining,Night,Right Turn,2,Driver Rider,1: PDO,Stop Sign,,Y,1332625.25,1666201,1.33263E+13
2019-7313-8/07/2020,2 Metropolitan,ROYSTON PARK,5070,"CC OF NORWOOD,PAYNEHAM & ST PETERS",2,1,0,0,1,2019,July,Wednesday,4:15 PM,60,T-Junction,Straight road,Level,Not Applicable,Sealed,Dry,Not Raining,Daylight,Right Turn,1,Driver Rider,2: MI,No Control,,,1332039.28,1673635.81,1.33204E+13
2019-7314-8/07/2020,2 Metropolitan,ONKAPARINGA HILLS,5163,CITY OF ONKAPARINGA,3,0,0,0,0,2019,July,Wednesday,4:40 PM,80,Not Divided,"CURVED, VIEW OBSCURED",Level,Not Applicable,Sealed,Wet,Raining,Daylight,Hit Fixed Object,1,Driver Rider,1: PDO,No Control,,,1326570.85,1648879.66,1.32657E+13
2019-7315-8/07/2020,2 Metropolitan,SEAFORD RISE,5169,CITY OF ONKAPARINGA,2,1,0,0,1,2019,July,Wednesday,5:50 PM,50,T-Junction,Straight road,Level,Not Applicable,Sealed,Wet,Raining,Night,Rear End,2,Driver Rider,2: MI,No Control,,,1316848.32,1641348.95,1.31685E+13
2019-7316-8/07/2020,2 Metropolitan,MELROSE PARK,5039,CC MITCHAM.                   ,2,0,0,0,0,2019,July,Wednesday,3:15 PM,60,Not Divided,Straight road,Level,Not Applicable,Sealed,Dry,Not Raining,Daylight,Side Swipe,2,Driver Rider,1: PDO,No Control,,,1325963.81,1663376.31,1.32596E+13
2019-7317-8/07/2020,2 Metropolitan,SELLICKS HILL,5174,CITY OF ONKAPARINGA,2,0,0,0,0,2019,July,Wednesday,6:00 PM,90,Not Divided,"CURVED, VIEW OPEN",Level,Not Applicable,Sealed,Wet,Raining,Night,Hit Animal,2,Animal,1: PDO,No Control,,,1315140.54,1625761.7,1.31514E+13
2019-7318-8/07/2020,2 Metropolitan,NORWOOD,5067,"CC OF NORWOOD,PAYNEHAM & ST PETERS",2,0,0,0,0,2019,July,Wednesday,7:00 PM,60,Cross Road,Straight road,Level,Not Applicable,Sealed,Dry,Not Raining,Night,Right Angle,1,Driver Rider,1: PDO,Roundabout,,,1330623.32,1670361.88,1.33062E+13
2019-7319-8/07/2020,2 Metropolitan,DARLINGTON,5047,CC MARION.                    ,1,0,0,0,0,2019,July,Wednesday,7:54 PM,100,Freeway,"CURVED, VIEW OPEN",Slope,Not Applicable,Sealed,Dry,Not Raining,Night,Roll Over,1,Driver Rider,1: PDO,No Control,,,1324228.7,1658507.16,1.32423E+13
2019-7320-8/07/2020,2 Metropolitan,CLELAND,5152,THE ADELAIDE HILLS COUNCIL,2,0,0,0,0,2019,July,Wednesday,10:48 PM,80,Not Divided,"CURVED, VIEW OPEN",Slope,Not Applicable,Sealed,Wet,Raining,Night,Head On,1,Driver Rider,1: PDO,No Control,,,1338836.25,1666258.08,1.33884E+13
2019-7321-8/07/2020,2 Metropolitan,PORT ADELAIDE,5015,CITY OF PORT ADELAIDE ENFIELD,3,1,0,0,1,2019,July,Thursday,3:26 AM,60,Divided Road,Straight road,Level,Not Applicable,Sealed,Dry,Not Raining,Night,Hit Fixed Object,1,Driver Rider,2: MI,No Control,,Y,1321280.61,1680399.48,1.32128E+13
2019-7322-8/07/2020,2 Metropolitan,BEDFORD PARK,5042,CC MARION.                    ,2,0,0,0,0,2019,July,Thursday,6:15 AM,40,T-Junction,Straight road,Level,Roadworks,Sealed,Dry,Not Raining,Night,Side Swipe,1,Driver Rider,1: PDO,No Control,,,1325024.92,1660324.98,1.32503E+13
2019-7323-8/07/2020,2 Metropolitan,CHERRY GARDENS,5157,CITY OF ONKAPARINGA,2,0,0,0,0,2019,July,Thursday,7:20 AM,70,Not Divided,Straight road,Slope,Not Applicable,Sealed,Dry,Not Raining,Daylight,Hit Fixed Object,1,Driver Rider,1: PDO,No Control,,,1332020.07,1654924.5,1.33202E+13
2019-7324-8/07/2020,2 Metropolitan,NORWOOD,5067,"CC OF NORWOOD,PAYNEHAM & ST PETERS",3,0,0,0,0,2019,July,Thursday,7:35 AM,60,Cross Road,Straight road,Level,Not Applicable,Sealed,Dry,Not Raining,Daylight,Right Turn,2,Driver Rider,1: PDO,Stop Sign,,,1331874.28,1670398.69,1.33187E+13
2019-7325-8/07/2020,2 Metropolitan,BRIDGEWATER,5155,THE ADELAIDE HILLS COUNCIL,2,3,0,0,3,2019,July,Wednesday,2:10 PM,50,Not Divided,"CURVED, VIEW OPEN",Slope,Not Applicable,Sealed,Dry,Not Raining,Daylight,Head On,1,Driver Rider,2: MI,No Control,,,1343995.73,1660459.22,1.344E+13
2019-7326-8/07/2020,2 Metropolitan,PARAFIELD GARDENS,5107,CITY OF SALISBURY,2,0,0,0,0,2019,July,Thursday,8:10 AM,50,Not Divided,Straight road,Level,Not Applicable,Sealed,Dry,Not Raining,Daylight,Hit Parked Vehicle,1,Driver Rider,1: PDO,No Control,,,1329063.7,1685908.52,1.32906E+13
2019-7327-8/07/2020,2 Metropolitan,GAWLER EAST,5118,CT GAWLER.                    ,3,0,0,0,0,2019,July,Thursday,9:00 AM,50,Not Divided,Straight road,Slope,Driveway or Entrance,Sealed,Dry,Not Raining,Daylight,Right Angle,1,Driver Rider,1: PDO,No Control,,,1343503.46,1706230.09,1.3435E+13
2019-7328-8/07/2020,2 Metropolitan,HENLEY BEACH,5022,CITY OF CHARLES STURT,2,1,0,0,1,2019,July,Thursday,9:00 AM,60,T-Junction,Straight road,Level,Not Applicable,Sealed,Dry,Not Raining,Daylight,Right Angle,1,Driver Rider,2: MI,No Control,,,1319767.21,1671020.62,1.31977E+13
2019-7329-8/07/2020,1 City,ADELAIDE,5000,CITY OF ADELAIDE,2,0,0,0,0,2019,July,Thursday,8:54 AM,60,Divided Road,Straight road,Level,Driveway or Entrance,Sealed,Dry,Not Raining,Daylight,Right Turn,2,Driver Rider,1: PDO,No Control,,,1327089.6,1670879.78,1.32709E+13