REPORT_ID,Stats Area,Suburb,Postcode,LGA Name,Total Units,Total Cas,Total Fats,Total SI,Total MI,Year,Month,Day,Time,Area Speed,Position Type,Horizontal Align,Vertical Align,Other Feat,Road Surface,Moisture Cond,Weather Cond,DayNight,Crash Type,Unit Resp,Entity Code,CSEF Severity,Traffic Ctrls,DUI Involved,Drugs Involved,ACCLOC_X,ACCLOC_Y,UNIQUE_LOC
2019-7494-8/07/2020,2 Metropolitan,PROSPECT,5082,CITY OF PROSPECT,2,0,0,0,0,2019,July,Monday,3:30 PM,60,T-Junction,Straight road,Level,Not Applicable,Sealed,Dry,Not Raining,Daylight,Right Angle,1,Driver Rider,1: PDO,Give Way Sign,,,1327263.72,1675316.35,1.32726E+13
2019-7495-8/07/2020,2 Metropolitan,SALISBURY DOWNS,5108,CITY OF SALISBURY,3,1,0,0,1,2019,July,Monday,3:45 PM,60,Cross Road,Straight road,Level,Not Applicable,Sealed,Dry,Not Raining,Daylight,Rear End,1,Driver Rider,2: MI,Traffic Signals,,,1331452.34,1686817.44,1.33145E+13
2019-7496-8/07/2020,3 Country,TANUNDA,5352,LIGHT REGIONAL COUNCIL,2,0,0,0,0,2019,July,Monday,7:50 AM,90,T-Junction,"CURVED, VIEW OPEN",Crest of Hill,Not Applicable,Sealed,Wet,Raining,Daylight,Rear End,2,Driver Rider,1: PDO,No Control,,,1360934.59,1712805.41,1.36094E+13
2019-7497-8/07/2020,2 Metropolitan,LOCKLEYS,5032,CITY OF WEST TORRENS,3,0,0,0,0,2019,July,Monday,3:10 PM,60,Cross Road,Straight road,Level,Not Applicable,Sealed,Dry,Not Raining,Daylight,Rear End,1,Driver Rider,1: PDO,Traffic Signals,,,1322502.16,1670764.74,1.3225E+13
2019-7498-8/07/2020,2 Metropolitan,PARALOWIE,5108,CITY OF SALISBURY,2,0,0,0,0,2019,July,Monday,4:11 PM,60,Divided Road,Straight road,Level,Roadworks,Sealed,Dry,Not Raining,Daylight,Rear End,2,Driver Rider,1: PDO,No Control,,,1328276.85,1689355.03,1.32828E+13
2019-7499-8/07/2020,1 City,ADELAIDE,5000,CITY OF ADELAIDE,2,0,0,0,0,2019,July,Friday,9:45 AM,50,Cross Road,Straight road,Level,Not Applicable,Sealed,Dry,Not Raining,Daylight,Rear End,2,Driver Rider,1: PDO,Traffic Signals,,,1329235.96,1670842.02,1.32924E+13
2019-7500-8/07/2020,2 Metropolitan,HECTORVILLE,5073,"CC OF NORWOOD,PAYNEHAM & ST PETERS",3,1,0,0,1,2019,July,Monday,3:45 PM,60,Divided Road,Straight road,Level,Not Applicable,Sealed,Dry,Not Raining,Daylight,Rear End,1,Driver Rider,2: MI,No Control,,,1333784.9,1674432.71,1.33379E+13
2019-7501-8/07/2020,2 Metropolitan,PORT ADELAIDE,5015,CITY OF PORT ADELAIDE ENFIELD,2,1,0,0,1,2019,July,Friday,2:00 PM,60,Divided Road,Straight road,Level,Not Applicable,Sealed,Dry,Not Raining,Daylight,Rear End,2,Driver Rider,2: MI,No Control,,,1321087.01,1680329.16,1.32109E+13
2019-7502-8/07/2020,2 Metropolitan,MAWSON LAKES,5095,CITY OF SALISBURY,3,2,0,0,2,2019,July,Monday,5:14 PM,70,Divided Road,Straight road,Crest of Hill,Not Applicable,Sealed,Dry,Not Raining,Daylight,Rear End,1,Driver Rider,2: MI,No Control,,,1329175.54,1683956.09,1.32918E+13
2019-7503-8/07/2020,2 Metropolitan,PAECHTOWN,5245,DC MT.BARKER.                 ,2,0,0,0,0,2019,July,Monday,5:46 PM,110,Freeway,"CURVED, VIEW OPEN",Slope,Not Applicable,Sealed,Dry,Not Raining,Night,Hit Fixed Object,1,Driver Rider,1: PDO,No Control,,,1347256.66,1657902.04,1.34726E+13
2019-7504-8/07/2020,2 Metropolitan,KESWICK,5035,CITY OF WEST TORRENS,2,0,0,0,0,2019,July,Monday,10:30 AM,60,Divided Road,Straight road,Level,Not Applicable,Sealed,Dry,Not Raining,Daylight,Side Swipe,2,Driver Rider,1: PDO,No Control,,,1325823.33,1668948.39,1.32582E+13
2019-7505-8/07/2020,2 Metropolitan,POORAKA,5095,CITY OF SALISBURY,2,1,0,0,1,2019,July,Saturday,11:52 AM,70,Cross Road,Straight road,Level,Not Applicable,Sealed,Dry,Not Raining,Daylight,Rear End,2,Driver Rider,2: MI,Traffic Signals,,,1330499.62,1681832.25,1.3305E+13
2019-7506-8/07/2020,2 Metropolitan,NOVAR GARDENS,5040,CITY OF WEST TORRENS,2,0,0,0,0,2019,July,Monday,5:15 PM,50,Not Divided,"CURVED, VIEW OPEN",Level,Not Applicable,Sealed,Dry,Not Raining,Daylight,Hit Fixed Object,1,Driver Rider,1: PDO,No Control,,,1322205.74,1665580.23,1.32221E+13
2019-7507-8/07/2020,2 Metropolitan,SOUTH PLYMPTON,5038,CC MARION.                    ,2,1,0,0,1,2019,July,Monday,3:57 PM,60,Cross Road,Straight road,Level,Not Applicable,Sealed,Dry,Not Raining,Daylight,Right Turn,1,Driver Rider,2: MI,Traffic Signals,,,1324247.23,1666113.9,1.32425E+13
2019-7508-8/07/2020,2 Metropolitan,FULHAM GARDENS,5024,CITY OF CHARLES STURT,5,0,0,0,0,2019,July,Monday,5:25 PM,60,Divided Road,Straight road,Level,Not Applicable,Sealed,Dry,Not Raining,Daylight,Rear End,1,Driver Rider,1: PDO,No Control,,,1320646.55,1672357.47,1.32065E+13
2019-7509-8/07/2020,2 Metropolitan,FULHAM GARDENS,5024,CITY OF CHARLES STURT,2,0,0,0,0,2019,July,Monday,8:15 AM,60,T-Junction,Straight road,Level,Not Applicable,Sealed,Wet,Not Raining,Daylight,Side Swipe,2,Driver Rider,1: PDO,No Control,,,1320893.82,1671126.49,1.32089E+13
2019-7510-8/07/2020,2 Metropolitan,PENFIELD GARDENS,5121,CITY OF PLAYFORD.,2,0,0,0,0,2019,July,Monday,6:55 PM,80,Cross Road,Straight road,Level,Not Applicable,Sealed,Wet,Not Raining,Night,Right Turn,1,Driver Rider,1: PDO,Stop Sign,,,1331978.22,1698506.99,1.33198E+13
2019-7511-8/07/2020,3 Country,NORMANVILLE,5204,DC YANKALILLA.                ,2,1,1,0,0,2019,July,Monday,3:29 PM,80,Not Divided,Straight road,Level,Not Applicable,Sealed,Dry,Not Raining,Daylight,Hit Fixed Object,1,Driver Rider,4: Fatal,No Control,,Y,1300297.09,1612776.6,1.3003E+13
2019-7512-8/07/2020,2 Metropolitan,RICHMOND,5033,CITY OF WEST TORRENS,2,0,0,0,0,2019,July,Monday,6:40 PM,60,T-Junction,Straight road,Level,Not Applicable,Sealed,Dry,Not Raining,Night,Right Turn,2,Driver Rider,1: PDO,No Control,,,1325169.21,1669837.04,1.32517E+13
2019-7513-8/07/2020,3 Country,MOUNT JAGGED,5211,ALEXANDRINA COUNCIL,1,1,1,0,0,2019,July,Monday,2:20 PM,100,Not Divided,"CURVED, VIEW OPEN",Slope,Not Applicable,Sealed,Wet,Not Raining,Daylight,Roll Over,1,Driver Rider,4: Fatal,No Control,Y,,1329465.92,1619572.53,1.32947E+13
2019-7514-8/07/2020,2 Metropolitan,FULLARTON,5063,CITY OF UNLEY,2,0,0,0,0,2019,July,Monday,9:43 PM,50,Not Divided,Straight road,Level,Not Applicable,Sealed,Dry,Not Raining,Night,Hit Fixed Object,1,Driver Rider,1: PDO,No Control,Y,,1330315.41,1667471.24,1.33032E+13
2019-7515-8/07/2020,3 Country,BLANCHETOWN,5357,MID MURRAY DISTRICT COUNCIL,1,1,0,0,1,2019,July,Monday,10:30 PM,110,Not Divided,"CURVED, VIEW OBSCURED",Level,Not Applicable,Sealed,Dry,Not Raining,Night,Roll Over,1,Driver Rider,2: MI,No Control,,,1410788.94,1727048.36,1.41079E+13
2019-7516-8/07/2020,2 Metropolitan,REID,5118,LIGHT REGIONAL COUNCIL,2,0,0,0,0,2019,July,Monday,11:00 PM,110,Freeway,Straight road,Level,Not Applicable,Sealed,Dry,Not Raining,Night,Hit Fixed Object,1,Driver Rider,1: PDO,No Control,Y,,1341217.19,1706020.81,1.34122E+13
2019-7517-8/07/2020,2 Metropolitan,PROSPECT,5082,CITY OF PROSPECT,2,0,0,0,0,2019,July,Tuesday,6:55 AM,60,Cross Road,Straight road,Level,Not Applicable,Sealed,Dry,Not Raining,Night,Hit Fixed Object,1,Driver Rider,1: PDO,Traffic Signals,,,1328862.6,1676432.75,1.32886E+13
2019-7518-8/07/2020,2 Metropolitan,ELIZABETH VALE,5112,CITY OF PLAYFORD.,2,0,0,0,0,2019,July,Tuesday,7:05 AM,80,Divided Road,Straight road,Slope,Not Applicable,Sealed,Dry,Not Raining,Night,Hit Fixed Object,1,Driver Rider,1: PDO,No Control,,,1336134.26,1690391.66,1.33613E+13
2019-7519-8/07/2020,3 Country,HOPE FOREST,5172,ALEXANDRINA COUNCIL,2,2,0,0,2,2019,July,Monday,6:15 AM,100,Not Divided,"CURVED, VIEW OPEN",Level,Not Applicable,Sealed,Wet,Raining,Night,Hit Fixed Object,1,Other,2: MI,No Control,,,1328393.22,1630989.87,1.32839E+13
2019-7520-8/07/2020,2 Metropolitan,EDWARDSTOWN,5039,CC MARION.                    ,2,0,0,0,0,2019,July,Tuesday,9:00 AM,60,Divided Road,Straight road,Level,Not Applicable,Sealed,Dry,Not Raining,Daylight,Rear End,2,Driver Rider,1: PDO,No Control,,,1325891.61,1665523.64,1.32589E+13
2019-7521-8/07/2020,3 Country,COONDAMBO,5719,,3,0,0,0,0,2019,July,Friday,5:55 PM,110,Not Divided,Straight road,Level,Not Applicable,Sealed,Dry,Not Raining,Night,Other,2,Driver Rider,1: PDO,No Control,,,1074214.53,2109276.35,1.07422E+13
2019-7522-8/07/2020,2 Metropolitan,ST GEORGES,5064,CITY OF BURNSIDE,2,0,0,0,0,2019,July,Saturday,5:20 PM,60,Divided Road,Straight road,Level,Not Applicable,Sealed,Dry,Not Raining,Daylight,Rear End,1,Driver Rider,1: PDO,No Control,,,1332370.43,1667297.51,1.33237E+13
2019-7523-8/07/2020,2 Metropolitan,STIRLING,5152,THE ADELAIDE HILLS COUNCIL,3,0,0,0,0,2019,July,Tuesday,7:30 AM,90,Freeway,Straight road,Level,Not Applicable,Sealed,Wet,Not Raining,Daylight,Rear End,2,Driver Rider,1: PDO,No Control,,,1338109.45,1662276.06,1.33811E+13
2019-7524-8/07/2020,3 Country,MINLATON,5575,YORKE PENINSULA COUNCIL,2,0,0,0,0,2019,July,Tuesday,8:35 AM,50,Cross Road,Straight road,Level,Not Applicable,Sealed,Dry,Not Raining,Daylight,Right Angle,1,Driver Rider,1: PDO,Give Way Sign,,,1237426.88,1690759.33,1.23743E+13
2019-7525-8/07/2020,2 Metropolitan,KILBURN,5084,CITY OF PORT ADELAIDE ENFIELD,2,0,0,0,0,2019,July,Tuesday,9:05 AM,60,T-Junction,Straight road,Level,Not Applicable,Sealed,Dry,Not Raining,Daylight,Hit Pedestrian,2,Pedestrian,1: PDO,No Control,,,1327207.73,1677762.12,1.32721E+13
2019-7526-8/07/2020,3 Country,GERANIUM,5301,SOUTHERN MALLEE DISTRICT COUNCIL,2,0,0,0,0,2019,July,Tuesday,8:40 AM,110,Not Divided,"CURVED, VIEW OBSCURED",Slope,Not Applicable,Sealed,Dry,Not Raining,Daylight,Hit Fixed Object,1,Driver Rider,1: PDO,No Control,,,1466526.79,1614832.68,1.46653E+13
2019-7527-8/07/2020,2 Metropolitan,NORTH HAVEN,5018,CITY OF PORT ADELAIDE ENFIELD,2,1,0,0,1,2019,July,Tuesday,9:30 AM,40,Not Divided,"CURVED, VIEW OPEN",Level,Driveway or Entrance,Sealed,Dry,Not Raining,Daylight,Hit Fixed Object,1,Driver Rider,2: MI,No Control,,,1318815.93,1686058.04,1.31882E+13
2019-7528-8/07/2020,2 Metropolitan,STIRLING,5152,THE ADELAIDE HILLS COUNCIL,2,0,0,0,0,2019,July,Tuesday,8:30 AM,110,Freeway,Straight road,Level,Not Applicable,Sealed,Wet,Not Raining,Daylight,Hit Parked Vehicle,2,Driver Rider,1: PDO,No Control,,,1339850.06,1662235.42,1.33985E+13
2019-7529-8/07/2020,3 Country,CLARE,5453,CLARE AND GILBERT VALLEYS DISTRICT COUNCIL,2,1,0,0,1,2019,July,Tuesday,8:45 AM,50,Not Divided,Straight road,Slope,Driveway or Entrance,Sealed,Dry,Not Raining,Daylight,Rear End,2,Driver Rider,2: MI,No Control,,,1333249.42,1791997.03,1.33325E+13
2019-7530-8/07/2020,2 Metropolitan,HAZELWOOD PARK,5066,CITY OF BURNSIDE,2,0,0,0,0,2019,July,Sunday,6:30 AM,50,Cross Road,Straight road,Level,Not Applicable,Sealed,Dry,Not Raining,Night,Right Angle,2,Driver Rider,1: PDO,Roundabout,,,1333158.61,1668388.11,1.33316E+13
2019-7531-8/07/2020,2 Metropolitan,MAWSON LAKES,5095,CITY OF SALISBURY,2,0,0,0,0,2019,July,Monday,5:15 PM,80,Not Divided,Straight road,Slope,Not Applicable,Sealed,Dry,Not Raining,Daylight,Rear End,2,Driver Rider,1: PDO,No Control,,,1328689.47,1683387.97,1.32869E+13
2019-7532-8/07/2020,2 Metropolitan,GILBERTON,5006,WALKERVILLE TOWN COUNCIL,2,0,0,0,0,2019,July,Tuesday,9:00 AM,60,Cross Road,"CURVED, VIEW OPEN",Level,Not Applicable,Sealed,Dry,Not Raining,Daylight,Right Turn,1,Driver Rider,1: PDO,Traffic Signals,,,1329707.81,1672509.77,1.32971E+13
2019-7533-8/07/2020,3 Country,MOUNT GAMBIER,5290,CC MT.GAMBIER.                ,2,0,0,0,0,2019,July,Tuesday,10:05 AM,50,Cross Road,Straight road,Level,Not Applicable,Sealed,Wet,Not Raining,Daylight,Right Turn,1,Driver Rider,1: PDO,Traffic Signals,,,1509554.9,1340453.69,1.50956E+13
2019-7534-8/07/2020,2 Metropolitan,DRY CREEK,5094,CITY OF PORT ADELAIDE ENFIELD,2,0,0,0,0,2019,July,Monday,11:55 AM,60,Cross Road,Straight road,Level,Not Applicable,Sealed,Dry,Not Raining,Daylight,Side Swipe,1,Driver Rider,1: PDO,Traffic Signals,,,1323869.25,1681061.9,1.32387E+13
2019-7535-8/07/2020,2 Metropolitan,HECTORVILLE,5073,CC CAMPBELLTOWN.              ,2,0,0,0,0,2019,July,Tuesday,8:55 AM,50,Not Divided,Straight road,Level,Not Applicable,Sealed,Dry,Not Raining,Daylight,Hit Fixed Object,1,Driver Rider,1: PDO,No Control,Y,,1335059.85,1674071.59,1.33506E+13
2019-7536-8/07/2020,2 Metropolitan,SEACLIFF PARK,5049,CITY OF HOLDFAST BAY,2,1,0,0,1,2019,July,Tuesday,12:08 PM,60,T-Junction,Straight road,Level,Not Applicable,Sealed,Dry,Not Raining,Daylight,Rear End,2,Driver Rider,2: MI,No Control,,,1321888.34,1659349.62,1.32189E+13
2019-7537-8/07/2020,2 Metropolitan,KINGSWOOD,5062,CC MITCHAM.                   ,4,1,0,0,1,2019,July,Tuesday,12:15 PM,60,Not Divided,Straight road,Level,Not Applicable,Sealed,Dry,Not Raining,Daylight,Hit Parked Vehicle,1,Driver Rider,2: MI,No Control,,,1329146.12,1665911.2,1.32915E+13
2019-7538-8/07/2020,2 Metropolitan,NAIRNE,5252,DC MT.BARKER.                 ,2,0,0,0,0,2019,July,Monday,5:30 PM,50,Not Divided,Straight road,Level,Not Applicable,Sealed,Dry,Not Raining,Daylight,Side Swipe,1,Driver Rider,1: PDO,No Control,,,1355657.54,1657919.76,1.35566E+13
2019-7539-8/07/2020,2 Metropolitan,BLAIR ATHOL,5084,CITY OF PORT ADELAIDE ENFIELD,3,0,0,0,0,2019,July,Tuesday,5:00 AM,50,Not Divided,Straight road,Level,Not Applicable,Sealed,Dry,Not Raining,Night,Hit Parked Vehicle,1,Driver Rider,1: PDO,No Control,,,1328605.55,1678234.32,1.32861E+13
2019-7540-8/07/2020,2 Metropolitan,LINDEN PARK,5065,CITY OF BURNSIDE,2,0,0,0,0,2019,July,Monday,3:30 PM,60,Divided Road,Straight road,Level,Driveway or Entrance,Sealed,Dry,Not Raining,Daylight,Side Swipe,2,Driver Rider,1: PDO,No Control,,,1332349.47,1668068.8,1.33235E+13
2019-7541-8/07/2020,2 Metropolitan,CAVAN,5094,CITY OF SALISBURY,2,0,0,0,0,2019,July,Tuesday,11:45 AM,80,Divided Road,Straight road,Level,Not Applicable,Sealed,Dry,Not Raining,Daylight,Side Swipe,2,Driver Rider,1: PDO,No Control,,,1328733.29,1681832.97,1.32873E+13
2019-7542-8/07/2020,2 Metropolitan,INGLE FARM,5098,CITY OF SALISBURY,1,1,0,0,1,2019,July,Tuesday,2:41 PM,60,Not Divided,Straight road,Bottom of Hill,Not Applicable,Sealed,Dry,Not Raining,Daylight,Roll Over,1,Driver Rider,2: MI,No Control,,,1331606.78,1681134.99,1.33161E+13
2019-7543-8/07/2020,2 Metropolitan,PORT ADELAIDE,5015,CITY OF PORT ADELAIDE ENFIELD,2,0,0,0,0,2019,July,Tuesday,3:00 PM,60,Divided Road,Straight road,Level,Not Applicable,Sealed,Dry,Not Raining,Daylight,Hit Fixed Object,1,Driver Rider,1: PDO,No Control,,,1320299.66,1679080.63,1.3203E+13
2019-7544-8/07/2020,2 Metropolitan,THEBARTON,5031,CITY OF WEST TORRENS,2,0,0,0,0,2019,July,Tuesday,1:50 PM,50,Divided Road,Straight road,Level,Not Applicable,Sealed,Dry,Not Raining,Daylight,Hit Fixed Object,1,Driver Rider,1: PDO,No Control,,,1326082.43,1671516.78,1.32608E+13
2019-7545-8/07/2020,2 Metropolitan,KLEMZIG,5087,CITY OF PORT ADELAIDE ENFIELD,2,0,0,0,0,2019,July,Tuesday,2:40 PM,60,Not Divided,Straight road,Level,Driveway or Entrance,Sealed,Dry,Not Raining,Daylight,Right Angle,1,Driver Rider,1: PDO,No Control,,,1331708.75,1676196.56,1.33171E+13
2019-7546-8/07/2020,2 Metropolitan,WALKERVILLE,5081,CITY OF PROSPECT,2,0,0,0,0,2019,July,Tuesday,1:15 PM,60,Divided Road,Straight road,Level,Not Applicable,Sealed,Dry,Not Raining,Daylight,Rear End,1,Driver Rider,1: PDO,No Control,,,1329712.95,1674539.03,1.32971E+13
2019-7547-8/07/2020,1 City,ADELAIDE,5000,CITY OF ADELAIDE,2,0,0,0,0,2019,July,Tuesday,3:00 PM,60,Divided Road,Straight road,Level,Not Applicable,Sealed,Dry,Not Raining,Daylight,Rear End,1,Driver Rider,1: PDO,No Control,,,1327395.21,1670028.91,1.3274E+13
2019-7548-8/07/2020,3 Country,SHORT,5279,WATTLE RANGE COUNCIL,2,1,0,0,1,2019,July,Tuesday,3:00 PM,110,Not Divided,Straight road,Level,Driveway or Entrance,Sealed,Dry,Not Raining,Daylight,Rear End,2,Driver Rider,2: MI,No Control,,,1493389.38,1393778.07,1.49339E+13
2019-7549-8/07/2020,3 Country,FARM BEACH,5607,DC LOWER EYRE PENINSULA       ,1,0,0,0,0,2019,July,Monday,8:00 PM,40,Not Divided,"CURVED, VIEW OBSCURED",Level,Not Applicable,Unsealed,Dry,Not Raining,Night,Roll Over,1,Driver Rider,1: PDO,No Control,,,1036596.12,1723670.58,1.0366E+13
2019-7550-8/07/2020,3 Country,WHYALLA STUART,5608,CC WHYALLA.                   ,2,0,0,0,0,2019,July,Tuesday,4:15 PM,60,T-Junction,Straight road,Level,Not Applicable,Sealed,Dry,Not Raining,Daylight,Hit Fixed Object,1,Driver Rider,1: PDO,No Control,,,1235199.43,1884665.73,1.2352E+13
2019-7551-8/07/2020,2 Metropolitan,MAYLANDS,5069,"CC OF NORWOOD,PAYNEHAM & ST PETERS",2,0,0,0,0,2019,July,Tuesday,4:45 PM,60,Cross Road,Straight road,Level,Not Applicable,Sealed,Dry,Not Raining,Daylight,Right Angle,2,Driver Rider,1: PDO,Stop Sign,,,1332231.32,1672046.15,1.33223E+13
2019-7552-8/07/2020,2 Metropolitan,PENFIELD GARDENS,5121,CITY OF PLAYFORD.,2,0,0,0,0,2019,July,Tuesday,3:55 PM,80,Cross Road,Straight road,Level,Not Applicable,Sealed,Dry,Not Raining,Daylight,Right Angle,1,Driver Rider,1: PDO,Stop Sign,,,1331985.26,1698516.9,1.33199E+13
2019-7553-8/07/2020,2 Metropolitan,GLENELG EAST,5045,CITY OF HOLDFAST BAY,2,1,0,0,1,2019,July,Tuesday,5:40 PM,60,Divided Road,Straight road,Level,Not Applicable,Sealed,Dry,Not Raining,Night,Hit Pedestrian,2,Pedestrian,2: MI,No Control,,,1321125.86,1664294.4,1.32113E+13
2019-7554-8/07/2020,2 Metropolitan,SUMMERTOWN,5141,THE ADELAIDE HILLS COUNCIL,1,1,0,1,0,2019,July,Saturday,4:00 PM,80,Not Divided,"CURVED, VIEW OPEN",Level,Not Applicable,Sealed,Dry,Not Raining,Daylight,Roll Over,1,Driver Rider,3: SI,No Control,,,1340645.87,1665877.23,1.34065E+13
2019-7555-8/07/2020,2 Metropolitan,SPRINGFIELD,5062,CC MITCHAM.                   ,3,0,0,0,0,2019,July,Tuesday,7:20 PM,60,Divided Road,Straight road,Level,Not Applicable,Sealed,Dry,Not Raining,Night,Rear End,1,Driver Rider,1: PDO,No Control,,,1330798.47,1665153.76,1.3308E+13
2019-7556-8/07/2020,2 Metropolitan,ELIZABETH GROVE,5112,CITY OF PLAYFORD.,2,0,0,0,0,2019,July,Tuesday,7:27 PM,50,Not Divided,Straight road,Level,Not Applicable,Sealed,Dry,Not Raining,Night,Rear End,1,Driver Rider,1: PDO,No Control,,,1335125.04,1690998.16,1.33513E+13
2019-7557-8/07/2020,2 Metropolitan,WALKLEY HEIGHTS,5098,CITY OF SALISBURY,2,0,0,0,0,2019,July,Tuesday,3:50 PM,70,Cross Road,Straight road,Level,Not Applicable,Sealed,Dry,Not Raining,Daylight,Right Angle,1,Driver Rider,1: PDO,Traffic Signals,,,1332971.13,1680497.42,1.33297E+13
2019-7558-8/07/2020,2 Metropolitan,ELIZABETH VALE,5112,CITY OF PLAYFORD.,2,0,0,0,0,2019,July,Tuesday,11:37 PM,80,T-Junction,Straight road,Level,Not Applicable,Sealed,Dry,Not Raining,Night,Hit Fixed Object,1,Driver Rider,1: PDO,Traffic Signals,,,1336141.79,1690279.18,1.33614E+13
2019-7559-8/07/2020,2 Metropolitan,GLEN OSMOND,5064,CITY OF BURNSIDE,3,1,0,0,1,2019,July,Wednesday,6:48 AM,60,Divided Road,Straight road,Slope,Not Applicable,Sealed,Dry,Not Raining,Night,Rear End,1,Driver Rider,2: MI,No Control,,,1332374.92,1666837.11,1.33238E+13
2019-7560-8/07/2020,2 Metropolitan,ST MORRIS,5068,"CC OF NORWOOD,PAYNEHAM & ST PETERS",2,0,0,0,0,2019,July,Wednesday,7:10 AM,60,Not Divided,Straight road,Slope,Not Applicable,Sealed,Dry,Not Raining,Night,Hit Parked Vehicle,1,Driver Rider,1: PDO,No Control,,,1333121.37,1671787.33,1.33312E+13
2019-7561-8/07/2020,2 Metropolitan,MORPHETT VALE,5162,CITY OF ONKAPARINGA,1,1,0,0,1,2019,July,Tuesday,3:10 PM,50,Not Divided,Straight road,Level,Not Applicable,Sealed,Dry,Not Raining,Daylight,Other,1,Driver Rider,2: MI,No Control,,,1319979.63,1647841.99,1.31998E+13
2019-7562-8/07/2020,3 Country,PORT LINCOLN,5606,CC PT.LINCOLN.                ,2,0,0,0,0,2019,July,Tuesday,1:30 PM,50,T-Junction,Straight road,Slope,Not Applicable,Sealed,Dry,Not Raining,Daylight,Right Angle,1,Driver Rider,1: PDO,No Control,,,1079028.3,1697977.39,1.07903E+13
2019-7563-8/07/2020,2 Metropolitan,CHAIN OF PONDS,5231,THE ADELAIDE HILLS COUNCIL,2,0,0,0,0,2019,July,Wednesday,6:45 AM,80,T-Junction,"CURVED, VIEW OBSCURED",Slope,Not Applicable,Sealed,Dry,Not Raining,Night,Right Angle,2,Driver Rider,1: PDO,Stop Sign,,,1351890.59,1681231.91,1.35189E+13
2019-7564-8/07/2020,2 Metropolitan,BEDFORD PARK,5042,CC MARION.                    ,2,0,0,0,0,2019,July,Tuesday,10:10 AM,70,Divided Road,Straight road,Level,Not Applicable,Sealed,Dry,Not Raining,Daylight,Side Swipe,2,Driver Rider,1: PDO,No Control,,,1325138.64,1660468.95,1.32514E+13
2019-7565-8/07/2020,2 Metropolitan,MARRYATVILLE,5068,"CC OF NORWOOD,PAYNEHAM & ST PETERS",2,2,0,0,2,2019,July,Wednesday,6:45 AM,60,Cross Road,Straight road,Level,Not Applicable,Sealed,Dry,Not Raining,Night,Right Angle,1,Driver Rider,2: MI,Traffic Signals,,,1332280.78,1670410.05,1.33228E+13
2019-7566-8/07/2020,2 Metropolitan,STURT,5047,CC MARION.                    ,2,1,0,0,1,2019,July,Wednesday,8:20 AM,60,Divided Road,Straight road,Level,Driveway or Entrance,Sealed,Dry,Not Raining,Daylight,Right Turn,1,Driver Rider,2: MI,No Control,,,1324250.9,1660664.87,1.32425E+13
2019-7567-8/07/2020,2 Metropolitan,GLENSIDE,5065,CITY OF BURNSIDE,2,0,0,0,0,2019,July,Wednesday,9:15 AM,60,Divided Road,Straight road,Level,Not Applicable,Sealed,Dry,Not Raining,Daylight,Side Swipe,2,Driver Rider,1: PDO,No Control,,,1330700.61,1668381.98,1.3307E+13
2019-7568-8/07/2020,2 Metropolitan,GLENSIDE,5065,CITY OF BURNSIDE,2,1,0,0,1,2019,July,Wednesday,8:20 AM,60,Cross Road,Straight road,Level,Not Applicable,Sealed,Dry,Not Raining,Daylight,Right Turn,1,Driver Rider,2: MI,Traffic Signals,,,1330687.25,1668997.74,1.33069E+13
2019-7569-8/07/2020,3 Country,KAPUNDA,5373,LIGHT REGIONAL COUNCIL,2,1,0,0,1,2019,July,Tuesday,6:30 PM,50,Not Divided,Straight road,Level,Not Applicable,Sealed,Dry,Not Raining,Night,Hit Pedestrian,1,Pedestrian,2: MI,No Control,,,1359543.24,1735120.75,1.35954E+13
2019-7570-8/07/2020,2 Metropolitan,MITCHELL PARK,5043,CC MARION.                    ,2,1,0,0,1,2019,July,Monday,1:10 PM,40,Divided Road,Straight road,Level,Roadworks,Sealed,Dry,Not Raining,Daylight,Rear End,2,Driver Rider,2: MI,No Control,,,1324348,1662794.86,1.32435E+13
2019-7571-8/07/2020,2 Metropolitan,REGENCY PARK,5010,CITY OF PORT ADELAIDE ENFIELD,2,0,0,0,0,2019,July,Wednesday,4:43 PM,50,T-Junction,"CURVED, VIEW OPEN",Level,Not Applicable,Sealed,Dry,Not Raining,Daylight,Right Angle,2,Driver Rider,1: PDO,No Control,,,1326371.41,1678032.96,1.32637E+13
2019-7572-8/07/2020,2 Metropolitan,WATERLOO CORNER,5110,CITY OF SALISBURY,2,1,0,0,1,2019,June,Tuesday,4:04 PM,90,Divided Road,Straight road,Level,Not Applicable,Sealed,Dry,Not Raining,Daylight,Rear End,2,Driver Rider,2: MI,No Control,,,1327617.95,1692227.23,1.32762E+13
2019-7573-8/07/2020,2 Metropolitan,GEPPS CROSS,5094,CITY OF PORT ADELAIDE ENFIELD,4,0,0,0,0,2019,July,Wednesday,4:10 PM,60,Cross Road,Straight road,Level,Not Applicable,Sealed,Dry,Not Raining,Daylight,Roll Over,1,Driver Rider,1: PDO,Traffic Signals,,,1330377.17,1679315.41,1.33038E+13
2019-7574-8/07/2020,2 Metropolitan,HAPPY VALLEY,5159,CITY OF ONKAPARINGA,2,0,0,0,0,2019,July,Wednesday,3:10 PM,70,Not Divided,Straight road,Level,Driveway or Entrance,Sealed,Dry,Not Raining,Daylight,Rear End,1,Driver Rider,1: PDO,No Control,,,1325412.5,1653437.27,1.32541E+13
2019-7575-8/07/2020,2 Metropolitan,HOPE VALLEY,5090,CITY OF TEA TREE GULLY,2,0,0,0,0,2019,July,Wednesday,5:20 PM,60,Not Divided,Straight road,Crest of Hill,Driveway or Entrance,Sealed,Dry,Not Raining,Daylight,Rear End,1,Driver Rider,1: PDO,No Control,,,1338091.8,1679156.93,1.33809E+13