REPORT_ID,Stats Area,Suburb,Postcode,LGA Name,Total Units,Total Cas,Total Fats,Total SI,Total MI,Year,Month,Day,Time,Area Speed,Position Type,Horizontal Align,Vertical Align,Other Feat,Road Surface,Moisture Cond,Weather Cond,DayNight,Crash Type,Unit Resp,Entity Code,CSEF Severity,Traffic Ctrls,DUI Involved,Drugs Involved,ACCLOC_X,ACCLOC_Y,UNIQUE_LOC
2019-7902-8/07/2020,2 Metropolitan,MAWSON LAKES,5095,CITY OF SALISBURY,2,1,0,1,0,2019,August,Wednesday,4:10 PM,80,Divided Road,Straight road,Level,Not Applicable,Sealed,Wet,Raining,Daylight,Rear End,1,Driver Rider,3: SI,No Control,,,1330656.58,1682062.28,1.33066E+13
2019-7903-8/07/2020,2 Metropolitan,WINDSOR GARDENS,5087,CITY OF PORT ADELAIDE ENFIELD,3,1,0,1,0,2019,August,Friday,4:53 PM,60,Divided Road,Straight road,Level,Not Applicable,Sealed,Wet,Not Raining,Daylight,Rear End,1,Driver Rider,3: SI,No Control,,,1332806.47,1677225.94,1.33281E+13
2019-7904-8/07/2020,2 Metropolitan,MANNINGHAM,5086,CITY OF PORT ADELAIDE ENFIELD,2,0,0,0,0,2019,August,Friday,1:50 PM,60,Divided Road,Straight road,Level,Not Applicable,Sealed,Wet,Raining,Daylight,Rear End,2,Driver Rider,1: PDO,No Control,,,1330447.32,1676239.31,1.33045E+13
2019-7905-8/07/2020,2 Metropolitan,ELIZABETH EAST,5112,CITY OF PLAYFORD.,2,0,0,0,0,2019,August,Friday,4:50 PM,60,T-Junction,Straight road,Level,Not Applicable,Sealed,Wet,Raining,Daylight,Rear End,2,Driver Rider,1: PDO,No Control,,,1336676.05,1692715.82,1.33668E+13
2019-7906-8/07/2020,2 Metropolitan,FULHAM GARDENS,5024,CITY OF CHARLES STURT,2,1,0,0,1,2019,August,Friday,4:30 PM,60,Divided Road,Straight road,Level,Not Applicable,Sealed,Dry,Not Raining,Daylight,Rear End,2,Driver Rider,2: MI,No Control,,,1320846.6,1673072.08,1.32085E+13
2019-7907-8/07/2020,2 Metropolitan,HUNTFIELD HEIGHTS,5163,CITY OF ONKAPARINGA,2,0,0,0,0,2019,August,Friday,5:35 PM,60,Cross Road,Straight road,Slope,Not Applicable,Sealed,Wet,Not Raining,Daylight,Right Turn,1,Driver Rider,1: PDO,Traffic Signals,,,1320882.43,1646368.02,1.32088E+13
2019-7908-8/07/2020,2 Metropolitan,WARRADALE,5046,CC MARION.                    ,3,2,0,0,2,2019,August,Friday,6:00 PM,60,T-Junction,Straight road,Level,Not Applicable,Sealed,Wet,Raining,Night,Right Angle,2,Driver Rider,2: MI,Traffic Signals,,,1322655.42,1661624.06,1.32266E+13
2019-7909-8/07/2020,1 City,NORTH ADELAIDE,5006,CITY OF ADELAIDE,2,1,0,0,1,2019,August,Thursday,4:30 PM,60,Cross Road,Straight road,Level,Not Applicable,Sealed,Dry,Not Raining,Daylight,Side Swipe,1,Driver Rider,2: MI,Traffic Signals,,,1327887.77,1671596.04,1.32789E+13
2019-7910-8/07/2020,2 Metropolitan,MEDINDIE,5081,WALKERVILLE TOWN COUNCIL,2,0,0,0,0,2019,August,Friday,6:50 PM,60,Not Divided,Straight road,Level,Not Applicable,Sealed,Dry,Not Raining,Night,Rear End,1,Driver Rider,1: PDO,No Control,,,1328826.79,1674132.42,1.32883E+13
2019-7911-8/07/2020,2 Metropolitan,LOWER MITCHAM,5062,CC MITCHAM.                   ,2,0,0,0,0,2019,August,Friday,7:10 PM,60,T-Junction,Straight road,Level,Not Applicable,Sealed,Wet,Not Raining,Night,Right Turn,2,Driver Rider,1: PDO,Traffic Signals,,,1329170.96,1665061.71,1.32917E+13
2019-7912-8/07/2020,2 Metropolitan,INGLE FARM,5098,CITY OF SALISBURY,2,0,0,0,0,2019,August,Friday,7:29 PM,60,Divided Road,Straight road,Slope,Not Applicable,Sealed,Wet,Not Raining,Night,Hit Fixed Object,1,Driver Rider,1: PDO,No Control,,,1333313.44,1681348.65,1.33331E+13
2019-7913-8/07/2020,1 City,ADELAIDE,5000,CITY OF ADELAIDE,2,1,0,1,0,2019,August,Friday,6:00 PM,50,Not Divided,Straight road,Level,Not Applicable,Sealed,Wet,Raining,Night,Hit Parked Vehicle,2,Driver Rider,3: SI,No Control,,,1329512.25,1670700.13,1.32951E+13
2019-7914-8/07/2020,3 Country,PORT LINCOLN,5606,CC PT.LINCOLN.                ,3,0,0,0,0,2019,August,Friday,5:50 PM,50,T-Junction,Straight road,Slope,Not Applicable,Sealed,Wet,Raining,Night,Hit Fixed Object,1,Driver Rider,1: PDO,No Control,,,1077946.74,1698147.41,1.07795E+13
2019-7915-8/07/2020,3 Country,SEVENHILL,5453,CLARE AND GILBERT VALLEYS DISTRICT COUNCIL,2,0,0,0,0,2019,August,Friday,5:29 PM,80,Not Divided,"CURVED, VIEW OPEN",Slope,Not Applicable,Sealed,Wet,Raining,Daylight,Hit Fixed Object,1,Driver Rider,1: PDO,No Control,Y,,1333105.3,1783784.36,1.33311E+13
2019-7916-8/07/2020,2 Metropolitan,REDWOOD PARK,5097,CITY OF TEA TREE GULLY,2,0,0,0,0,2019,August,Saturday,12:45 AM,70,Divided Road,"CURVED, VIEW OBSCURED",Slope,Not Applicable,Sealed,Wet,Raining,Night,Side Swipe,1,Driver Rider,1: PDO,No Control,,,1337475.21,1682666.15,1.33748E+13
2019-7917-8/07/2020,3 Country,RISDON PARK,5540,PT.PIRIE CITY & DIST. COUNCIL ,2,0,0,0,0,2019,August,Saturday,2:20 AM,50,Not Divided,Straight road,Level,Not Applicable,Sealed,Wet,Raining,Night,Hit Fixed Object,1,Driver Rider,1: PDO,No Control,Y,,1278101.64,1863171.42,1.2781E+13
2019-7918-8/07/2020,2 Metropolitan,MAWSON LAKES,5095,CITY OF SALISBURY,2,0,0,0,0,2019,August,Saturday,12:07 AM,50,Not Divided,Straight road,Level,Not Applicable,Sealed,Dry,Not Raining,Night,Hit Fixed Object,1,Driver Rider,1: PDO,No Control,Y,,1328762.59,1684518.27,1.32876E+13
2019-7919-8/07/2020,3 Country,MOUNT JAGGED,5211,ALEXANDRINA COUNCIL,2,1,0,0,1,2019,August,Saturday,5:45 AM,100,Not Divided,"CURVED, VIEW OPEN",Crest of Hill,Not Applicable,Sealed,Wet,Raining,Night,Hit Fixed Object,1,Driver Rider,2: MI,No Control,,,1330458.25,1612608.23,1.33046E+13
2019-7920-8/07/2020,2 Metropolitan,SEAFORD MEADOWS,5169,CITY OF ONKAPARINGA,2,0,0,0,0,2019,August,Saturday,8:30 AM,60,Cross Road,Straight road,Level,Not Applicable,Sealed,Wet,Raining,Daylight,Rear End,1,Driver Rider,1: PDO,Traffic Signals,,,1318114,1642829.74,1.31811E+13
2019-7921-8/07/2020,2 Metropolitan,INGLE FARM,5098,CITY OF SALISBURY,2,0,0,0,0,2019,August,Friday,12:30 PM,60,Divided Road,Straight road,Level,Not Applicable,Sealed,Wet,Not Raining,Daylight,Rear End,1,Driver Rider,1: PDO,No Control,,,1333068.86,1681441.68,1.33307E+13
2019-7922-8/07/2020,2 Metropolitan,BROMPTON,5007,CITY OF CHARLES STURT,4,0,0,0,0,2019,August,Saturday,8:10 AM,50,Not Divided,Straight road,Level,Not Applicable,Sealed,Wet,Not Raining,Daylight,Hit Fixed Object,1,Driver Rider,1: PDO,No Control,Y,,1326782.48,1673963.56,1.32678E+13
2019-7923-8/07/2020,2 Metropolitan,MODBURY HEIGHTS,5092,CITY OF TEA TREE GULLY,2,2,0,0,2,2019,August,Saturday,9:50 AM,60,T-Junction,Straight road,Slope,Not Applicable,Sealed,Wet,Raining,Daylight,Rear End,2,Driver Rider,2: MI,Traffic Signals,,,1337510.78,1682495.94,1.33751E+13
2019-7924-8/07/2020,2 Metropolitan,PORT WILLUNGA,5173,CITY OF ONKAPARINGA,3,0,0,0,0,2019,August,Friday,11:30 PM,50,Not Divided,Straight road,Level,Not Applicable,Sealed,Wet,Not Raining,Night,Hit Parked Vehicle,1,Driver Rider,1: PDO,No Control,,,1314644.51,1633622.85,1.31465E+13
2019-7925-8/07/2020,1 City,ADELAIDE,5000,CITY OF ADELAIDE,2,0,0,0,0,2019,August,Saturday,11:39 AM,50,T-Junction,Straight road,Level,Not Applicable,Sealed,Wet,Not Raining,Daylight,Side Swipe,1,Driver Rider,1: PDO,Traffic Signals,,,1329012.45,1671149.03,1.32901E+13
2019-7926-8/07/2020,2 Metropolitan,HENLEY BEACH SOUTH,5022,CITY OF CHARLES STURT,2,0,0,0,0,2019,August,Saturday,10:10 AM,50,Cross Road,Straight road,Level,Not Applicable,Sealed,Dry,Not Raining,Daylight,Right Angle,1,Driver Rider,1: PDO,Roundabout,,,1319011.68,1670996.19,1.31901E+13
2019-7927-8/07/2020,3 Country,MOUNT PLEASANT,5235,THE BAROSSA COUNCIL.,2,0,0,0,0,2019,August,Friday,4:35 PM,50,T-Junction,Straight road,Slope,Not Applicable,Sealed,Wet,Raining,Daylight,Rear End,2,Driver Rider,1: PDO,Stop Sign,,,1370763.89,1686722.75,1.37076E+13
2019-7928-8/07/2020,2 Metropolitan,STEPNEY,5069,"CC OF NORWOOD,PAYNEHAM & ST PETERS",2,0,0,0,0,2019,August,Saturday,10:42 AM,60,Multiple,"CURVED, VIEW OPEN",Level,Not Applicable,Sealed,Dry,Not Raining,Daylight,Right Turn,1,Driver Rider,1: PDO,Traffic Signals,,,1330600.73,1671714.93,1.3306E+13
2019-7929-8/07/2020,2 Metropolitan,CROYDON PARK,5008,CITY OF PORT ADELAIDE ENFIELD,2,0,0,0,0,2019,August,Saturday,11:45 AM,50,Not Divided,Straight road,Level,Driveway or Entrance,Sealed,Dry,Not Raining,Daylight,Side Swipe,2,Driver Rider,1: PDO,No Control,,,1325608.64,1676288.13,1.32561E+13
2019-7930-8/07/2020,2 Metropolitan,WELLAND,5007,CITY OF CHARLES STURT,2,1,0,0,1,2019,August,Saturday,1:05 PM,60,Cross Road,Straight road,Level,Not Applicable,Sealed,Dry,Not Raining,Daylight,Right Angle,1,Driver Rider,2: MI,Stop Sign,,,1324722.47,1673184.53,1.32472E+13
2019-7931-8/07/2020,2 Metropolitan,MORPHETT VALE,5162,CITY OF ONKAPARINGA,2,1,0,0,1,2019,August,Saturday,12:40 PM,60,Cross Road,Straight road,Level,Not Applicable,Sealed,Dry,Not Raining,Daylight,Right Angle,1,Driver Rider,2: MI,Roundabout,,,1321935.14,1649890.39,1.32194E+13
2019-7932-8/07/2020,2 Metropolitan,HALLETT COVE,5158,CC MARION.                    ,2,0,0,0,0,2019,August,Thursday,6:00 PM,50,Not Divided,Straight road,Level,Not Applicable,Sealed,Wet,Raining,Night,Hit Parked Vehicle,1,Driver Rider,1: PDO,No Control,,,1318681.98,1653887.67,1.31868E+13
2019-7933-8/07/2020,3 Country,STRUAN,5271,DC NARACOORTE & LUCINDALE.,2,0,0,0,0,2019,August,Friday,4:45 PM,110,Not Divided,Straight road,Slope,Not Applicable,Sealed,Wet,Not Raining,Daylight,Hit Fixed Object,1,Driver Rider,1: PDO,No Control,,,1514342.6,1423692.15,1.51434E+13
2019-7934-8/07/2020,2 Metropolitan,NORWOOD,5067,"CC OF NORWOOD,PAYNEHAM & ST PETERS",3,0,0,0,0,2019,August,Saturday,3:35 PM,60,Multiple,Straight road,Level,Not Applicable,Sealed,Wet,Raining,Daylight,Right Angle,2,Driver Rider,1: PDO,Traffic Signals,,,1330627.99,1671044.2,1.33063E+13
2019-7935-8/07/2020,3 Country,COORABIE,5690,,2,2,1,1,0,2019,August,Saturday,1:30 PM,110,Not Divided,Straight road,Level,Not Applicable,Sealed,Dry,Not Raining,Daylight,Hit Fixed Object,1,Driver Rider,4: Fatal,No Control,,,734780.25,2022871.3,7.3478E+12
2019-7936-8/07/2020,2 Metropolitan,SALISBURY DOWNS,5108,CITY OF SALISBURY,2,1,0,0,1,2019,August,Saturday,4:03 PM,70,Pedestrian Crossing,Straight road,Level,Not Applicable,Sealed,Wet,Raining,Daylight,Hit Pedestrian,2,Pedestrian,2: MI,Traffic Signals,,,1331764.7,1686583.52,1.33177E+13
2019-7937-8/07/2020,3 Country,WIRRABARA,5481,DC MT.REMARKABLE.             ,2,2,0,0,2,2019,August,Saturday,10:00 AM,100,Not Divided,"CURVED, VIEW OBSCURED",Slope,"Bridge, Culvert, Causeway",Sealed,Wet,Raining,Daylight,Hit Fixed Object,1,Driver Rider,2: MI,No Control,,,1292051.59,1889007.58,1.29205E+13
2019-7938-8/07/2020,2 Metropolitan,WYNN VALE,5127,CITY OF TEA TREE GULLY,3,1,0,0,1,2019,August,Saturday,4:12 PM,80,T-Junction,Straight road,Slope,Not Applicable,Sealed,Wet,Raining,Daylight,Rear End,1,Driver Rider,2: MI,Traffic Signals,,,1335750.14,1683084.6,1.33575E+13
2019-7939-8/07/2020,2 Metropolitan,THORNGATE,5082,WALKERVILLE TOWN COUNCIL,2,1,0,0,1,2019,August,Saturday,4:00 PM,60,Divided Road,Straight road,Level,Not Applicable,Sealed,Wet,Raining,Daylight,Side Swipe,2,Driver Rider,2: MI,No Control,,,1328461.09,1673789.86,1.32846E+13
2019-7940-8/07/2020,2 Metropolitan,BROADVIEW,5083,CITY OF PROSPECT,2,1,0,0,1,2019,August,Friday,4:40 PM,60,T-Junction,Straight road,Level,Not Applicable,Sealed,Wet,Raining,Daylight,Rear End,2,Driver Rider,2: MI,Traffic Signals,,,1330477.57,1675215.65,1.33048E+13
2019-7941-8/07/2020,2 Metropolitan,HALLETT COVE,5158,CC MARION.                    ,2,1,0,0,1,2019,August,Saturday,3:30 PM,60,T-Junction,Straight road,Slope,Not Applicable,Sealed,Wet,Raining,Daylight,Right Angle,2,Driver Rider,2: MI,Stop Sign,,,1319332.75,1653953.42,1.31933E+13
2019-7942-8/07/2020,2 Metropolitan,WOODCROFT,5162,CITY OF ONKAPARINGA,2,1,0,0,1,2019,August,Wednesday,4:45 PM,80,Cross Road,Straight road,Level,Not Applicable,Sealed,Wet,Raining,Daylight,Rear End,2,Driver Rider,2: MI,Traffic Signals,,,1323065.22,1651082.14,1.32307E+13
2019-7943-8/07/2020,1 City,ADELAIDE,5000,CITY OF ADELAIDE,2,0,0,0,0,2019,August,Saturday,5:40 PM,50,Cross Road,Straight road,Level,Not Applicable,Sealed,Wet,Raining,Night,Right Turn,2,Driver Rider,1: PDO,Traffic Signals,,,1329020.91,1670834.63,1.32902E+13
2019-7944-8/07/2020,2 Metropolitan,WOODVILLE WEST,5011,CITY OF CHARLES STURT,2,0,0,0,0,2019,August,Saturday,6:05 PM,60,Divided Road,Straight road,Level,Not Applicable,Sealed,Wet,Raining,Night,Rear End,2,Driver Rider,1: PDO,No Control,,,1322226.82,1676266.04,1.32223E+13
2019-7945-8/07/2020,2 Metropolitan,ADELAIDE AIRPORT,5950,CITY OF WEST TORRENS,2,0,0,0,0,2019,August,Friday,9:00 PM,50,Cross Road,"CURVED, VIEW OPEN",Level,Not Applicable,Sealed,Wet,Raining,Night,Right Angle,1,Driver Rider,1: PDO,Roundabout,,,1322516.26,1669812.8,1.32252E+13
2019-7946-8/07/2020,2 Metropolitan,MUNNO PARA,5115,CITY OF PLAYFORD.,3,0,0,0,0,2019,August,Thursday,3:20 PM,60,Cross Road,Straight road,Level,Not Applicable,Sealed,Wet,Raining,Daylight,Rear End,2,Driver Rider,1: PDO,Traffic Signals,,,1336684.28,1698535.93,1.33668E+13
2019-7947-8/07/2020,2 Metropolitan,PORT WILLUNGA,5173,CITY OF ONKAPARINGA,2,0,0,0,0,2019,August,Saturday,6:50 PM,50,Not Divided,"CURVED, VIEW OPEN",Level,Not Applicable,Sealed,Dry,Not Raining,Night,Hit Fixed Object,1,Driver Rider,1: PDO,No Control,,,1314730.57,1634049.13,1.31473E+13
2019-7948-8/07/2020,2 Metropolitan,BLAIR ATHOL,5084,CITY OF PORT ADELAIDE ENFIELD,2,1,0,1,0,2019,August,Saturday,8:00 PM,50,Not Divided,Straight road,Level,Not Applicable,Sealed,Wet,Not Raining,Night,Hit Parked Vehicle,1,Driver Rider,3: SI,No Control,,,1328373.49,1678911.79,1.32837E+13
2019-7949-8/07/2020,2 Metropolitan,HOPE VALLEY,5090,CITY OF TEA TREE GULLY,2,0,0,0,0,2019,August,Saturday,8:20 PM,60,T-Junction,Straight road,Slope,Not Applicable,Sealed,Wet,Raining,Night,Hit Fixed Object,1,Driver Rider,1: PDO,Give Way Sign,,,1338664.18,1679671.91,1.33866E+13
2019-7950-8/07/2020,2 Metropolitan,GLYNDE,5070,"CC OF NORWOOD,PAYNEHAM & ST PETERS",3,2,0,0,2,2019,August,Saturday,5:30 PM,60,Divided Road,Straight road,Level,Not Applicable,Sealed,Wet,Raining,Daylight,Rear End,1,Driver Rider,2: MI,No Control,,,1332834.8,1674092.21,1.33284E+13
2019-7951-8/07/2020,2 Metropolitan,SALISBURY DOWNS,5108,CITY OF SALISBURY,2,0,0,0,0,2019,August,Saturday,10:20 PM,50,Not Divided,"CURVED, VIEW OBSCURED",Level,Not Applicable,Sealed,Wet,Not Raining,Night,Hit Fixed Object,1,Driver Rider,1: PDO,No Control,,,1331463.49,1687034,1.33146E+13
2019-7952-8/07/2020,2 Metropolitan,NOARLUNGA DOWNS,5168,CITY OF ONKAPARINGA,2,0,0,0,0,2019,August,Saturday,9:52 PM,50,Not Divided,Straight road,Level,Not Applicable,Sealed,Dry,Not Raining,Night,Hit Parked Vehicle,2,Driver Rider,1: PDO,No Control,,,1317841.5,1646262.42,1.31784E+13
2019-7953-8/07/2020,2 Metropolitan,SUMMERTOWN,5141,THE ADELAIDE HILLS COUNCIL,2,0,0,0,0,2019,August,Saturday,1:42 PM,50,Not Divided,Straight road,Slope,Not Applicable,Sealed,Wet,Not Raining,Daylight,Head On,1,Driver Rider,1: PDO,No Control,,,1340194.97,1666571.33,1.3402E+13
2019-7954-8/07/2020,3 Country,CARRICKALINGA,5204,DC YANKALILLA.                ,2,1,0,0,1,2019,August,Saturday,11:30 AM,100,T-Junction,"CURVED, VIEW OBSCURED",Slope,Not Applicable,Sealed,Wet,Raining,Daylight,Right Angle,1,Driver Rider,2: MI,No Control,,,1304623.52,1617377.12,1.30462E+13
2019-7955-8/07/2020,3 Country,WILLUNGA HILL,5172,ALEXANDRINA COUNCIL,2,0,0,0,0,2019,August,Sunday,7:00 AM,100,Not Divided,"CURVED, VIEW OPEN",Level,Not Applicable,Sealed,Wet,Raining,Night,Hit Fixed Object,1,Driver Rider,1: PDO,No Control,Y,,1325121.56,1627381.13,1.32512E+13
2019-7956-8/07/2020,2 Metropolitan,TAPEROO,5017,CITY OF PORT ADELAIDE ENFIELD,3,1,0,0,1,2019,August,Sunday,10:28 AM,60,Cross Road,Straight road,Level,Not Applicable,Sealed,Dry,Not Raining,Daylight,Hit Fixed Object,1,Driver Rider,2: MI,Give Way Sign,Y,,1319467.94,1683563.08,1.31947E+13
2019-7957-8/07/2020,3 Country,HINDMARSH VALLEY,5211,DC VICTOR HARBOR.             ,2,0,0,0,0,2019,August,Sunday,10:40 AM,100,Cross Road,Straight road,Crest of Hill,Not Applicable,Sealed,Dry,Not Raining,Daylight,Right Angle,2,Driver Rider,1: PDO,Give Way Sign,,,1328998.21,1607115.69,1.329E+13
2019-7958-8/07/2020,3 Country,HINDMARSH VALLEY,5211,DC VICTOR HARBOR.             ,1,0,0,0,0,2019,August,Sunday,11:16 AM,100,Cross Road,"CURVED, VIEW OPEN",Level,Not Applicable,Sealed,Dry,Not Raining,Daylight,Roll Over,1,Driver Rider,1: PDO,Give Way Sign,,,1328998.21,1607115.69,1.329E+13
2019-7959-8/07/2020,2 Metropolitan,FLINDERS PARK,5025,CITY OF CHARLES STURT,2,0,0,0,0,2019,August,Saturday,9:51 PM,60,T-Junction,Straight road,Level,Not Applicable,Sealed,Dry,Not Raining,Night,Rear End,1,Driver Rider,1: PDO,No Control,,,1323927.02,1672574.22,1.32393E+13
2019-7960-8/07/2020,2 Metropolitan,MAYLANDS,5069,"CC OF NORWOOD,PAYNEHAM & ST PETERS",3,1,0,0,1,2019,August,Sunday,11:00 AM,60,Cross Road,Straight road,Level,Not Applicable,Sealed,Dry,Not Raining,Daylight,Right Angle,2,Driver Rider,2: MI,Traffic Signals,,,1332227.63,1671761.35,1.33223E+13
2019-7961-8/07/2020,2 Metropolitan,CRAIGMORE,5114,CITY OF PLAYFORD.,2,0,0,0,0,2019,August,Sunday,12:30 PM,50,T-Junction,Straight road,Level,Not Applicable,Sealed,Dry,Not Raining,Daylight,Right Angle,2,Driver Rider,1: PDO,No Control,,,1338778.5,1696008.36,1.33878E+13
2019-7962-8/07/2020,2 Metropolitan,EDWARDSTOWN,5039,CC MARION.                    ,2,0,0,0,0,2019,August,Sunday,1:13 PM,60,T-Junction,Straight road,Level,Not Applicable,Sealed,Dry,Not Raining,Daylight,Right Angle,2,Driver Rider,1: PDO,No Control,,,1325531.1,1663314.16,1.32553E+13
2019-7963-8/07/2020,2 Metropolitan,SEMAPHORE,5019,CITY OF PORT ADELAIDE ENFIELD,2,0,0,0,0,2019,August,Sunday,1:30 PM,60,T-Junction,Straight road,Level,Not Applicable,Sealed,Dry,Not Raining,Daylight,Right Angle,2,Driver Rider,1: PDO,No Control,,,1318395.22,1681104.47,1.3184E+13
2019-7964-8/07/2020,2 Metropolitan,ULEYBURY,5114,CITY OF PLAYFORD.,2,0,0,0,0,2019,August,Saturday,9:30 AM,80,Not Divided,"CURVED, VIEW OPEN",Slope,Not Applicable,Sealed,Wet,Raining,Daylight,Hit Fixed Object,1,Driver Rider,1: PDO,No Control,,,1343724.09,1697195.44,1.34372E+13
2019-7965-8/07/2020,2 Metropolitan,SURREY DOWNS,5126,CITY OF TEA TREE GULLY,2,0,0,0,0,2019,August,Sunday,1:35 PM,60,Divided Road,Straight road,Slope,Driveway or Entrance,Sealed,Dry,Not Raining,Daylight,Right Angle,1,Driver Rider,1: PDO,No Control,,,1338287.37,1683574.99,1.33829E+13
2019-7966-8/07/2020,3 Country,MOORAK,5291,DISTRICT COUNCIL OF GRANT,2,0,0,0,0,2019,August,Sunday,11:20 AM,50,Not Divided,Straight road,Level,Not Applicable,Unsealed,Wet,Raining,Daylight,Hit Parked Vehicle,1,Driver Rider,1: PDO,No Control,,,1504302.95,1336525.32,1.5043E+13
2019-7967-8/07/2020,2 Metropolitan,ELIZABETH DOWNS,5113,CITY OF PLAYFORD.,2,1,0,0,1,2019,August,Sunday,3:19 PM,50,T-Junction,Straight road,Level,Not Applicable,Sealed,Dry,Not Raining,Daylight,Hit Pedestrian,2,Pedestrian,2: MI,No Control,,,1337655.67,1695632.04,1.33766E+13
2019-7968-8/07/2020,3 Country,MANNUM,5238,MID MURRAY DISTRICT COUNCIL,2,0,0,0,0,2019,August,Saturday,10:55 AM,100,Cross Road,"CURVED, VIEW OPEN",Slope,Not Applicable,Sealed,Dry,Not Raining,Daylight,Rear End,2,Driver Rider,1: PDO,Give Way Sign,,,1386834.03,1667799.66,1.38683E+13
2019-7969-8/07/2020,2 Metropolitan,SEACLIFF PARK,5049,CC MARION.                    ,2,1,0,0,1,2019,August,Monday,8:30 AM,60,T-Junction,"CURVED, VIEW OPEN",Level,Not Applicable,Sealed,Dry,Not Raining,Daylight,Rear End,2,Driver Rider,2: MI,Give Way Sign,,,1321250.75,1658411.02,1.32125E+13
2019-7970-8/07/2020,2 Metropolitan,MOUNT TORRENS,5244,THE ADELAIDE HILLS COUNCIL,2,0,0,0,0,2019,August,Thursday,4:45 PM,100,Not Divided,"CURVED, VIEW OBSCURED",Level,Not Applicable,Sealed,Wet,Raining,Daylight,Hit Object on Road,1,Driver Rider,1: PDO,No Control,,,1357014.02,1673101.69,1.35701E+13
2019-7971-8/07/2020,2 Metropolitan,WATERLOO CORNER,5110,CITY OF SALISBURY,2,0,0,0,0,2019,July,Friday,4:30 PM,90,T-Junction,Straight road,Level,Not Applicable,Sealed,Dry,Not Raining,Daylight,Rear End,1,Driver Rider,1: PDO,Traffic Signals,,,1327645.93,1692118.06,1.32765E+13
2019-7972-8/07/2020,2 Metropolitan,WOODVILLE,5011,CITY OF CHARLES STURT,2,1,0,0,1,2019,August,Saturday,12:30 PM,50,Divided Road,Straight road,Level,Not Applicable,Sealed,Dry,Not Raining,Daylight,Rear End,2,Driver Rider,2: MI,No Control,,,1322981.11,1676131.27,1.32298E+13
2019-7973-8/07/2020,2 Metropolitan,MCLAREN VALE,5171,CITY OF ONKAPARINGA,3,3,0,0,3,2019,August,Sunday,2:00 PM,50,Not Divided,Straight road,Level,Not Applicable,Sealed,Dry,Not Raining,Daylight,Rear End,1,Driver Rider,2: MI,No Control,,,1321540.81,1639006.63,1.32154E+13
2019-7974-8/07/2020,2 Metropolitan,NOARLUNGA DOWNS,5168,CITY OF ONKAPARINGA,2,1,0,0,1,2019,August,Sunday,5:50 PM,50,Not Divided,Straight road,Level,Not Applicable,Sealed,Dry,Not Raining,Night,Hit Parked Vehicle,1,Driver Rider,2: MI,No Control,,,1318748.99,1644402.66,1.31875E+13
2019-7975-8/07/2020,2 Metropolitan,PARADISE,5075,CC CAMPBELLTOWN.              ,2,0,0,0,0,2019,August,Sunday,4:00 PM,60,Not Divided,Straight road,Level,Not Applicable,Sealed,Dry,Not Raining,Daylight,Hit Parked Vehicle,2,Driver Rider,1: PDO,No Control,,,1336643.34,1676702.19,1.33664E+13
2019-7976-8/07/2020,2 Metropolitan,MUNNO PARA,5115,CITY OF PLAYFORD.,1,1,0,0,1,2019,August,Sunday,6:55 PM,50,Not Divided,"CURVED, VIEW OPEN",Level,Not Applicable,Sealed,Wet,Not Raining,Night,Roll Over,1,Driver Rider,2: MI,No Control,,,1337253.51,1698385.53,1.33725E+13
2019-7977-8/07/2020,2 Metropolitan,MOUNT GEORGE,5155,THE ADELAIDE HILLS COUNCIL,2,0,0,0,0,2019,August,Sunday,5:25 PM,80,Not Divided,"CURVED, VIEW OPEN",Slope,Not Applicable,Sealed,Wet,Not Raining,Daylight,Hit Fixed Object,1,Driver Rider,1: PDO,No Control,Y,,1342163.69,1663951.48,1.34216E+13
2019-7978-8/07/2020,2 Metropolitan,URRBRAE,5064,CC MITCHAM.                   ,2,0,0,0,0,2019,August,Sunday,6:06 PM,60,Divided Road,Straight road,Level,Not Applicable,Sealed,Wet,Raining,Night,Rear End,2,Driver Rider,1: PDO,No Control,,,1331443.24,1666310.92,1.33144E+13
2019-7979-8/07/2020,3 Country,HAINES,5223,KANGAROO ISLAND COUNCIL,1,0,0,0,0,2019,August,Sunday,5:00 PM,110,Not Divided,Straight road,Slope,Not Applicable,Sealed,Dry,Not Raining,Daylight,Roll Over,1,Driver Rider,1: PDO,No Control,,,1242154.66,1575044.52,1.24216E+13
2019-7980-8/07/2020,2 Metropolitan,SALISBURY NORTH,5108,CITY OF SALISBURY,4,0,0,0,0,2019,August,Sunday,7:50 PM,50,Not Divided,Straight road,Level,Not Applicable,Sealed,Dry,Not Raining,Night,Hit Parked Vehicle,1,Driver Rider,1: PDO,No Control,,,1332212.63,1690307.28,1.33221E+13
2019-7981-8/07/2020,3 Country,MOUNT GAMBIER,5290,CC MT.GAMBIER.                ,2,1,0,0,1,2019,August,Sunday,9:20 PM,60,Divided Road,"CURVED, VIEW OPEN",Level,Not Applicable,Sealed,Wet,Raining,Night,Hit Fixed Object,1,Driver Rider,2: MI,No Control,,,1510768.23,1340286.14,1.51077E+13
2019-7982-8/07/2020,3 Country,PARILLA,5303,SOUTHERN MALLEE DISTRICT COUNCIL,2,1,0,0,1,2019,August,Monday,12:40 AM,110,Not Divided,"CURVED, VIEW OPEN",Level,Not Applicable,Sealed,Dry,Not Raining,Night,Hit Fixed Object,1,Driver Rider,2: MI,No Control,,,1520336.59,1621268.23,1.52034E+13