REPORT_ID,Stats Area,Suburb,Postcode,LGA Name,Total Units,Total Cas,Total Fats,Total SI,Total MI,Year,Month,Day,Time,Area Speed,Position Type,Horizontal Align,Vertical Align,Other Feat,Road Surface,Moisture Cond,Weather Cond,DayNight,Crash Type,Unit Resp,Entity Code,CSEF Severity,Traffic Ctrls,DUI Involved,Drugs Involved,ACCLOC_X,ACCLOC_Y,UNIQUE_LOC
2019-7983-8/07/2020,2 Metropolitan,MITCHAM,5062,CC MITCHAM.                   ,2,0,0,0,0,2019,August,Monday,6:19 AM,60,Not Divided,Straight road,Level,Not Applicable,Sealed,Wet,Not Raining,Night,Hit Parked Vehicle,2,Driver Rider,1: PDO,No Control,,,1330552.93,1664774.88,1.33055E+13
2019-7984-8/07/2020,2 Metropolitan,PAYNEHAM,5070,"CC OF NORWOOD,PAYNEHAM & ST PETERS",2,0,0,0,0,2019,August,Monday,6:53 AM,60,T-Junction,Straight road,Level,Not Applicable,Sealed,Dry,Not Raining,Night,Right Angle,2,Driver Rider,1: PDO,No Control,,,1332187.75,1673708.84,1.33219E+13
2019-7985-8/07/2020,2 Metropolitan,ELIZABETH NORTH,5113,CITY OF PLAYFORD.,2,0,0,0,0,2019,August,Monday,7:30 AM,50,Not Divided,Straight road,Level,Not Applicable,Sealed,Dry,Not Raining,Daylight,Hit Fixed Object,1,Driver Rider,1: PDO,No Control,,,1336106.7,1695299.34,1.33611E+13
2019-7986-8/07/2020,2 Metropolitan,DOVER GARDENS,5048,CC MARION.                    ,2,1,0,0,1,2019,August,Monday,7:25 AM,60,Cross Road,Straight road,Level,Not Applicable,Sealed,Wet,Raining,Daylight,Hit Pedestrian,1,Driver Rider,2: MI,Traffic Signals,,,1322776.93,1660610.37,1.32278E+13
2019-7987-8/07/2020,3 Country,MAMBRAY CREEK,5495,DC MT.REMARKABLE.             ,2,0,0,0,0,2019,August,Monday,6:00 AM,110,Not Divided,Straight road,Level,Not Applicable,Sealed,Dry,Not Raining,Night,Hit Fixed Object,1,Driver Rider,1: PDO,No Control,,,1278429.02,1903391.04,1.27843E+13
2019-7988-8/07/2020,2 Metropolitan,HAHNDORF,5245,DC MT.BARKER.                 ,3,0,0,0,0,2019,August,Sunday,5:00 PM,110,Freeway,Straight road,Level,Not Applicable,Sealed,Wet,Not Raining,Daylight,Rear End,2,Driver Rider,1: PDO,No Control,,,1347571.84,1657459.72,1.34757E+13
2019-7989-8/07/2020,2 Metropolitan,DULWICH,5065,CITY OF BURNSIDE,2,0,0,0,0,2019,August,Monday,7:30 AM,60,T-Junction,Straight road,Level,Not Applicable,Sealed,Dry,Not Raining,Daylight,Right Angle,1,Driver Rider,1: PDO,No Control,,,1330656.29,1669532.66,1.33066E+13
2019-7990-8/07/2020,2 Metropolitan,FULHAM,5024,CITY OF WEST TORRENS,3,0,0,0,0,2019,August,Saturday,8:51 PM,60,Divided Road,Straight road,Level,Not Applicable,Sealed,Dry,Not Raining,Night,Rear End,2,Driver Rider,1: PDO,No Control,,,1320977.06,1670754.5,1.32098E+13
2019-7991-8/07/2020,3 Country,PALMER,5237,MID MURRAY DISTRICT COUNCIL,1,1,0,1,0,2019,August,Thursday,3:30 PM,100,Not Divided,"CURVED, VIEW OPEN",Level,Not Applicable,Sealed,Wet,Raining,Daylight,Left Road - Out of Control,1,Driver Rider,3: SI,No Control,,,1380206.63,1673447.6,1.38021E+13
2019-7992-8/07/2020,3 Country,ANNADALE,5356,MID MURRAY DISTRICT COUNCIL,2,0,0,0,0,2019,August,Monday,9:30 AM,110,Not Divided,Straight road,Level,Not Applicable,Sealed,Dry,Not Raining,Daylight,Hit Fixed Object,1,Driver Rider,1: PDO,No Control,,,1402385.61,1727414.88,1.40239E+13
2019-7993-8/07/2020,2 Metropolitan,HAZELWOOD PARK,5066,CITY OF BURNSIDE,2,1,0,1,0,2019,August,Saturday,6:42 PM,60,Not Divided,Straight road,Level,Driveway or Entrance,Sealed,Wet,Raining,Night,Hit Fixed Object,1,Driver Rider,3: SI,No Control,,,1333932.17,1669242.24,1.33393E+13
2019-7994-8/07/2020,2 Metropolitan,CHELTENHAM,5014,CITY OF CHARLES STURT,2,0,0,0,0,2019,August,Monday,10:10 AM,60,Cross Road,Straight road,Level,Not Applicable,Sealed,Dry,Not Raining,Daylight,Rear End,2,Driver Rider,1: PDO,Traffic Signals,,,1322125.85,1676413.1,1.32213E+13
2019-7995-8/07/2020,2 Metropolitan,VALE PARK,5081,WALKERVILLE TOWN COUNCIL,2,0,0,0,0,2019,August,Monday,9:00 AM,60,Not Divided,Straight road,Level,Driveway or Entrance,Sealed,Dry,Not Raining,Daylight,Right Angle,1,Driver Rider,1: PDO,No Control,,,1331165.25,1674722.19,1.33117E+13
2019-7996-8/07/2020,1 City,NORTH ADELAIDE,5006,CITY OF ADELAIDE,2,0,0,0,0,2019,August,Monday,10:20 AM,50,Divided Road,Straight road,Level,Not Applicable,Sealed,Dry,Not Raining,Daylight,Hit Parked Vehicle,2,Driver Rider,1: PDO,No Control,,,1328179.72,1672911.19,1.32818E+13
2019-7997-8/07/2020,3 Country,SIMPSON DESERT,5734,,1,1,0,0,1,2019,August,Tuesday,3:00 PM,60,Not Divided,"CURVED, VIEW OPEN",Crest of Hill,Not Applicable,Unsealed,Dry,Not Raining,Daylight,Roll Over,1,Driver Rider,2: MI,No Control,,,1218381.05,2654405.82,1.21838E+13
2019-7998-8/07/2020,2 Metropolitan,ELIZABETH PARK,5113,CITY OF PLAYFORD.,2,0,0,0,0,2019,August,Monday,12:25 PM,60,Cross Road,Straight road,Level,Not Applicable,Sealed,Dry,Not Raining,Daylight,Rear End,2,Driver Rider,1: PDO,Traffic Signals,,,1335972.14,1693727.26,1.33597E+13
2019-7999-8/07/2020,2 Metropolitan,CHELTENHAM,5014,CITY OF CHARLES STURT,2,0,0,0,0,2019,August,Monday,8:15 AM,50,Not Divided,Straight road,Level,Not Applicable,Sealed,Dry,Not Raining,Daylight,Hit Parked Vehicle,1,Driver Rider,1: PDO,No Control,,,1321978.18,1677784.12,1.32198E+13
2019-8000-8/07/2020,2 Metropolitan,EXETER,5019,CITY OF PORT ADELAIDE ENFIELD,2,0,0,0,0,2019,August,Monday,12:10 PM,50,Divided Road,Straight road,Level,Median Opening (not at I/S),Sealed,Dry,Not Raining,Daylight,Side Swipe,1,Driver Rider,1: PDO,No Control,,,1318736.59,1680510.84,1.31874E+13
2019-8001-8/07/2020,2 Metropolitan,RICHMOND,5033,CITY OF WEST TORRENS,3,1,0,0,1,2019,August,Monday,11:40 AM,60,T-Junction,Straight road,Level,Not Applicable,Sealed,Dry,Not Raining,Daylight,Hit Pedestrian,1,Driver Rider,2: MI,Stop Sign,,,1324157.9,1669558.12,1.32416E+13
2019-8002-8/07/2020,2 Metropolitan,SALISBURY NORTH,5108,CITY OF SALISBURY,3,0,0,0,0,2019,August,Monday,1:35 PM,60,Not Divided,Straight road,Level,Not Applicable,Sealed,Dry,Not Raining,Daylight,Rear End,1,Driver Rider,1: PDO,No Control,,,1332070.35,1689307.84,1.33207E+13
2019-8003-8/07/2020,2 Metropolitan,BROOKLYN PARK,5032,CITY OF WEST TORRENS,2,1,0,1,0,2019,August,Monday,12:55 PM,60,Cross Road,Straight road,Level,Not Applicable,Sealed,Dry,Not Raining,Daylight,Right Angle,1,Driver Rider,3: SI,Give Way Sign,,,1323251.63,1670501.45,1.32325E+13
2019-8004-8/07/2020,2 Metropolitan,SEAFORD MEADOWS,5169,CITY OF ONKAPARINGA,2,2,0,0,2,2019,August,Monday,2:40 PM,50,Cross Road,"CURVED, VIEW OPEN",Level,Not Applicable,Sealed,Dry,Not Raining,Daylight,Rear End,2,Driver Rider,2: MI,Traffic Signals,,,1316352.56,1642778.71,1.31635E+13
2019-8005-8/07/2020,2 Metropolitan,MODBURY,5092,CITY OF TEA TREE GULLY,2,0,0,0,0,2019,August,Monday,12:20 PM,60,T-Junction,Straight road,Level,Not Applicable,Sealed,Dry,Not Raining,Daylight,Side Swipe,2,Driver Rider,1: PDO,No Control,,,1336760.98,1680611.92,1.33676E+13
2019-8006-8/07/2020,2 Metropolitan,ST MARYS,5042,CC MITCHAM.                   ,2,0,0,0,0,2019,August,Monday,2:00 PM,60,T-Junction,Straight road,Level,Not Applicable,Sealed,Dry,Not Raining,Daylight,Right Angle,2,Driver Rider,1: PDO,Stop Sign,,,1326615.52,1663325.11,1.32662E+13
2019-8007-8/07/2020,2 Metropolitan,WINGFIELD,5013,CITY OF PORT ADELAIDE ENFIELD,2,0,0,0,0,2019,August,Monday,3:50 PM,60,Cross Road,Straight road,Level,Not Applicable,Sealed,Dry,Not Raining,Daylight,Hit Fixed Object,1,Driver Rider,1: PDO,Traffic Signals,,,1325562.16,1679187.23,1.32556E+13
2019-8008-8/07/2020,2 Metropolitan,TUSMORE,5065,CITY OF BURNSIDE,2,1,0,0,1,2019,August,Monday,3:00 PM,60,Divided Road,Straight road,Level,Driveway or Entrance,Sealed,Dry,Not Raining,Daylight,Hit Pedestrian,1,Driver Rider,2: MI,No Control,,,1332305.92,1669474.07,1.33231E+13
2019-8009-8/07/2020,2 Metropolitan,BOWDEN,5007,CITY OF CHARLES STURT,2,0,0,0,0,2019,August,Wednesday,10:10 PM,60,Divided Road,Straight road,Level,Not Applicable,Sealed,Wet,Raining,Night,Hit Fixed Object,1,Driver Rider,1: PDO,No Control,,,1326780.73,1672924.88,1.32678E+13
2019-8010-8/07/2020,2 Metropolitan,WOODVILLE SOUTH,5011,CITY OF CHARLES STURT,2,0,0,0,0,2019,August,Monday,5:20 PM,60,T-Junction,Straight road,Level,Not Applicable,Sealed,Dry,Not Raining,Daylight,Right Turn,2,Driver Rider,1: PDO,Give Way Sign,,,1323024.53,1675577.53,1.32303E+13
2019-8011-8/07/2020,2 Metropolitan,URRBRAE,5064,CC MITCHAM.                   ,2,0,0,0,0,2019,August,Monday,4:45 PM,60,Divided Road,Straight road,Slope,Not Applicable,Sealed,Dry,Not Raining,Daylight,Hit Object on Road,1,Driver Rider,1: PDO,No Control,,,1332515.18,1666267.82,1.33252E+13
2019-8012-8/07/2020,1 City,ADELAIDE,5000,CITY OF ADELAIDE,2,0,0,0,0,2019,August,Monday,10:50 AM,50,Not Divided,Straight road,Level,Not Applicable,Sealed,Dry,Not Raining,Daylight,Hit Parked Vehicle,2,Driver Rider,1: PDO,No Control,,,1327510.68,1669756.81,1.32751E+13
2019-8013-8/07/2020,2 Metropolitan,WINGFIELD,5013,CITY OF PORT ADELAIDE ENFIELD,2,0,0,0,0,2019,August,Monday,4:00 PM,60,T-Junction,Straight road,Level,Not Applicable,Sealed,Dry,Not Raining,Daylight,Rear End,1,Driver Rider,1: PDO,No Control,,,1325857.5,1679497.79,1.32586E+13
2019-8014-8/07/2020,2 Metropolitan,ADELAIDE,5000,CITY OF UNLEY,2,0,0,0,0,2019,August,Wednesday,3:45 PM,60,Divided Road,Straight road,Level,Not Applicable,Sealed,Wet,Raining,Daylight,Rear End,1,Driver Rider,1: PDO,No Control,,,1328989.57,1668979.42,1.32899E+13
2019-8015-8/07/2020,2 Metropolitan,CLEARVIEW,5085,CITY OF PORT ADELAIDE ENFIELD,3,1,0,0,1,2019,August,Monday,6:36 PM,50,Not Divided,Straight road,Slope,Not Applicable,Sealed,Dry,Not Raining,Night,Hit Parked Vehicle,1,Driver Rider,2: MI,No Control,,,1329684.3,1677573.97,1.32968E+13
2019-8016-8/07/2020,2 Metropolitan,MAWSON LAKES,5095,CITY OF SALISBURY,3,0,0,0,0,2019,August,Monday,7:00 AM,80,Divided Road,Straight road,Slope,Not Applicable,Sealed,Unknown,Unknown,Daylight,Rear End,2,Driver Rider,1: PDO,No Control,,,1328663.67,1683644.25,1.32866E+13
2019-8017-8/07/2020,2 Metropolitan,WEST BEACH,5024,CITY OF WEST TORRENS,2,1,0,0,1,2019,August,Monday,5:45 PM,50,T-Junction,"CURVED, VIEW OPEN",Level,Not Applicable,Sealed,Dry,Not Raining,Night,Right Angle,1,Driver Rider,2: MI,No Control,,,1320384.05,1667040.77,1.32038E+13
2019-8018-8/07/2020,2 Metropolitan,GLENSIDE,5065,CITY OF BURNSIDE,2,0,0,0,0,2019,August,Monday,6:00 PM,60,Cross Road,Straight road,Level,Not Applicable,Sealed,Dry,Not Raining,Night,Right Turn,1,Driver Rider,1: PDO,Traffic Signals,,,1330685.56,1669012.41,1.33069E+13
2019-8019-8/07/2020,3 Country,PENONG,5690,,2,1,0,1,0,2019,August,Monday,7:00 PM,110,Not Divided,"CURVED, VIEW OBSCURED",Level,Not Applicable,Sealed,Dry,Not Raining,Night,Hit Fixed Object,1,Driver Rider,3: SI,No Control,,,822354.6,2006156.91,8.22355E+12
2019-8020-8/07/2020,2 Metropolitan,GLENALTA,5052,CC MITCHAM.                   ,2,0,0,0,0,2019,August,Monday,9:07 PM,60,Not Divided,"CURVED, VIEW OBSCURED",Slope,Not Applicable,Sealed,Dry,Not Raining,Night,Hit Fixed Object,1,Driver Rider,1: PDO,No Control,,,1331258.49,1660757.96,1.33126E+13
2019-8021-8/07/2020,2 Metropolitan,GEPPS CROSS,5094,CITY OF PORT ADELAIDE ENFIELD,2,0,0,0,0,2019,August,Monday,9:29 PM,60,Cross Road,Straight road,Level,Not Applicable,Sealed,Dry,Not Raining,Night,Right Turn,2,Driver Rider,1: PDO,Traffic Signals,,,1330377.17,1679315.41,1.33038E+13
2019-8022-8/07/2020,2 Metropolitan,WOODVILLE NORTH,5012,CITY OF CHARLES STURT,1,0,0,0,0,2019,August,Tuesday,1:00 AM,50,Not Divided,Straight road,Level,Not Applicable,Unsealed,Dry,Not Raining,Night,Roll Over,1,Driver Rider,1: PDO,No Control,,,1323083.31,1677206.14,1.32308E+13
2019-8023-8/07/2020,2 Metropolitan,KINGSTON PARK,5049,CITY OF HOLDFAST BAY,2,0,0,0,0,2019,August,Tuesday,3:15 AM,50,T-Junction,"CURVED, VIEW OPEN",Level,Not Applicable,Sealed,Dry,Not Raining,Night,Hit Fixed Object,1,Driver Rider,1: PDO,No Control,,,1320727.18,1658427.1,1.32073E+13
2019-8024-8/07/2020,2 Metropolitan,NAIRNE,5252,DC MT.BARKER.                 ,2,0,0,0,0,2019,August,Tuesday,5:05 AM,80,Not Divided,Straight road,Level,Not Applicable,Sealed,Dry,Not Raining,Night,Hit Fixed Object,1,Driver Rider,1: PDO,No Control,,,1355533.08,1659190.02,1.35553E+13
2019-8025-8/07/2020,2 Metropolitan,HILLBANK,5112,CITY OF PLAYFORD.,2,1,0,0,1,2019,August,Tuesday,7:37 AM,80,Divided Road,"CURVED, VIEW OPEN",Level,Not Applicable,Sealed,Dry,Not Raining,Daylight,Rear End,1,Driver Rider,2: MI,No Control,,Y,1336376.12,1689522.7,1.33638E+13
2019-8026-8/07/2020,2 Metropolitan,WINDSOR GARDENS,5087,CITY OF PORT ADELAIDE ENFIELD,2,1,0,0,1,2019,August,Tuesday,7:55 AM,60,Cross Road,Straight road,Level,Not Applicable,Sealed,Dry,Not Raining,Daylight,Right Turn,1,Driver Rider,2: MI,Give Way Sign,Y,,1333312.76,1677650.73,1.33331E+13
2019-8027-8/07/2020,2 Metropolitan,PARKSIDE,5063,CITY OF UNLEY,2,0,0,0,0,2019,August,Tuesday,8:10 AM,40,Cross Road,Straight road,Level,Not Applicable,Sealed,Dry,Not Raining,Daylight,Right Angle,2,Driver Rider,1: PDO,Stop Sign,,,1330122.15,1668483.69,1.33012E+13
2019-8028-8/07/2020,2 Metropolitan,KESWICK,5035,CITY OF WEST TORRENS,2,1,0,0,1,2019,August,Tuesday,7:48 AM,60,Divided Road,Straight road,Level,Not Applicable,Sealed,Dry,Not Raining,Daylight,Rear End,2,Driver Rider,2: MI,No Control,,,1325817.54,1668534.5,1.32582E+13
2019-8029-8/07/2020,2 Metropolitan,PARAFIELD,5106,CITY OF SALISBURY,2,0,0,0,0,2019,August,Tuesday,8:35 AM,80,Cross Road,Straight road,Level,Not Applicable,Sealed,Dry,Not Raining,Daylight,Rear End,2,Driver Rider,1: PDO,Traffic Signals,,,1332521.09,1684419.56,1.33252E+13
2019-8030-8/07/2020,2 Metropolitan,ELIZABETH PARK,5113,CITY OF PLAYFORD.,2,0,0,0,0,2019,August,Tuesday,9:07 AM,80,Divided Road,Straight road,Level,Not Applicable,Sealed,Dry,Not Raining,Daylight,Rear End,1,Driver Rider,1: PDO,No Control,,,1336645.07,1694879.67,1.33665E+13
2019-8031-8/07/2020,2 Metropolitan,HINDMARSH,5007,CITY OF CHARLES STURT,2,1,0,0,1,2019,August,Tuesday,7:50 AM,60,T-Junction,Straight road,Level,Not Applicable,Sealed,Dry,Not Raining,Daylight,Rear End,2,Driver Rider,2: MI,Stop Sign,,,1325332.18,1672426.06,1.32533E+13
2019-8032-8/07/2020,2 Metropolitan,CHRISTIE DOWNS,5164,CITY OF ONKAPARINGA,2,1,0,0,1,2019,August,Tuesday,8:10 AM,25,Not Divided,Straight road,Level,Not Applicable,Sealed,Dry,Not Raining,Daylight,Hit Pedestrian,2,Pedestrian,2: MI,No Control,,,1318509.36,1647596.83,1.31851E+13
2019-8033-8/07/2020,2 Metropolitan,WALKERVILLE,5081,WALKERVILLE TOWN COUNCIL,3,1,0,0,1,2019,August,Tuesday,8:25 AM,60,Divided Road,Straight road,Level,Not Applicable,Sealed,Dry,Not Raining,Daylight,Side Swipe,1,Driver Rider,2: MI,No Control,,,1330255.52,1675010.93,1.33026E+13
2019-8034-8/07/2020,2 Metropolitan,REGENCY PARK,5010,CITY OF PORT ADELAIDE ENFIELD,2,0,0,0,0,2019,August,Tuesday,7:00 AM,60,T-Junction,Straight road,Level,Not Applicable,Sealed,Dry,Not Raining,Daylight,Right Angle,2,Driver Rider,1: PDO,Traffic Signals,,,1326449.2,1676384.02,1.32645E+13
2019-8035-8/07/2020,2 Metropolitan,MODBURY HEIGHTS,5092,CITY OF TEA TREE GULLY,2,0,0,0,0,2019,August,Tuesday,9:00 AM,80,Divided Road,Straight road,Level,Not Applicable,Sealed,Dry,Not Raining,Daylight,Rear End,2,Driver Rider,1: PDO,No Control,,,1335824.76,1682871.34,1.33583E+13
2019-8036-8/07/2020,2 Metropolitan,HENLEY BEACH,5022,CITY OF CHARLES STURT,2,1,0,0,1,2019,August,Tuesday,8:55 AM,50,Cross Road,Straight road,Level,Not Applicable,Sealed,Dry,Not Raining,Daylight,Right Angle,1,Driver Rider,2: MI,Give Way Sign,,,1319257.84,1671539.65,1.31926E+13
2019-8037-8/07/2020,2 Metropolitan,GLENGOWRIE,5044,CC MARION.                    ,2,0,0,0,0,2019,August,Tuesday,9:10 AM,60,T-Junction,Straight road,Level,Not Applicable,Sealed,Dry,Not Raining,Daylight,Hit Fixed Object,1,Driver Rider,1: PDO,No Control,,,1322676.46,1663964.89,1.32268E+13
2019-8038-8/07/2020,2 Metropolitan,GLENELG SOUTH,5045,CITY OF HOLDFAST BAY,2,0,0,0,0,2019,August,Monday,12:30 PM,50,Not Divided,Straight road,Level,Not Applicable,Sealed,Dry,Not Raining,Daylight,Hit Parked Vehicle,2,Driver Rider,1: PDO,No Control,,,1320240.8,1663861.36,1.32024E+13
2019-8039-8/07/2020,2 Metropolitan,PASADENA,5042,CC MITCHAM.                   ,2,0,0,0,0,2019,August,Tuesday,8:25 AM,60,Divided Road,Straight road,Level,Driveway or Entrance,Sealed,Dry,Not Raining,Daylight,Right Turn,1,Driver Rider,1: PDO,No Control,,,1327599.83,1662817.24,1.3276E+13
2019-8040-8/07/2020,2 Metropolitan,PARAFIELD GARDENS,5107,CITY OF SALISBURY,2,0,0,0,0,2019,August,Tuesday,7:35 AM,60,Cross Road,Straight road,Level,Not Applicable,Sealed,Dry,Not Raining,Daylight,Rear End,2,Driver Rider,1: PDO,Roundabout,,,1329779.29,1686588.74,1.32978E+13
2019-8041-8/07/2020,2 Metropolitan,EXETER,5019,CITY OF PORT ADELAIDE ENFIELD,2,1,0,0,1,2019,August,Tuesday,8:45 AM,60,T-Junction,Straight road,Level,Not Applicable,Sealed,Dry,Not Raining,Daylight,Rear End,2,Driver Rider,2: MI,Traffic Signals,,,1319005.86,1680428.29,1.31901E+13
2019-8042-8/07/2020,2 Metropolitan,SEMAPHORE,5019,CITY OF PORT ADELAIDE ENFIELD,2,1,0,0,1,2019,August,Tuesday,10:45 AM,50,T-Junction,Straight road,Level,Driveway or Entrance,Sealed,Dry,Not Raining,Daylight,Right Angle,1,Driver Rider,2: MI,Stop Sign,,,1318690.12,1680522.58,1.31869E+13
2019-8043-8/07/2020,2 Metropolitan,CHANDLERS HILL,5159,CITY OF ONKAPARINGA,2,1,0,1,0,2019,August,Tuesday,10:30 AM,80,Not Divided,"CURVED, VIEW OPEN",Level,Not Applicable,Sealed,Dry,Not Raining,Daylight,Hit Fixed Object,1,Driver Rider,3: SI,No Control,,,1327838.4,1650641.32,1.32784E+13
2019-8044-8/07/2020,2 Metropolitan,NETLEY,5037,CITY OF WEST TORRENS,3,0,0,0,0,2019,August,Tuesday,12:10 PM,50,Not Divided,Straight road,Level,Driveway or Entrance,Sealed,Dry,Not Raining,Daylight,Hit Fixed Object,1,Driver Rider,1: PDO,No Control,,,1323810.6,1668323.08,1.32381E+13
2019-8045-8/07/2020,2 Metropolitan,GLENELG NORTH,5045,CITY OF HOLDFAST BAY,2,0,0,0,0,2019,August,Sunday,6:57 PM,50,Not Divided,Straight road,Level,Not Applicable,Sealed,Wet,Not Raining,Night,Hit Parked Vehicle,2,Driver Rider,1: PDO,No Control,,,1320085.12,1666518.47,1.32009E+13
2019-8046-8/07/2020,1 City,ADELAIDE,5000,CITY OF ADELAIDE,2,0,0,0,0,2019,August,Tuesday,12:50 PM,50,T-Junction,Straight road,Level,Not Applicable,Sealed,Dry,Not Raining,Daylight,Hit Pedestrian,2,Pedestrian,1: PDO,No Control,,,1328095.49,1670819.3,1.3281E+13
2019-8047-8/07/2020,3 Country,SANDERGROVE,5255,ALEXANDRINA COUNCIL,2,1,0,0,1,2019,August,Tuesday,10:55 AM,100,Not Divided,Straight road,Level,Not Applicable,Sealed,Dry,Not Raining,Daylight,Hit Fixed Object,1,Driver Rider,2: MI,No Control,,,1353756.14,1626986.74,1.35376E+13
2019-8048-8/07/2020,2 Metropolitan,WOODVILLE,5011,CITY OF CHARLES STURT,2,0,0,0,0,2019,August,Tuesday,2:45 PM,40,Cross Road,Straight road,Level,Not Applicable,Sealed,Dry,Not Raining,Daylight,Right Angle,1,Driver Rider,1: PDO,Give Way Sign,,,1323517.65,1676211.09,1.32352E+13
2019-8049-8/07/2020,2 Metropolitan,CROYDON PARK,5008,CITY OF PORT ADELAIDE ENFIELD,2,1,0,0,1,2019,August,Tuesday,2:38 PM,60,T-Junction,Straight road,Level,Not Applicable,Sealed,Dry,Not Raining,Daylight,Right Angle,2,Driver Rider,2: MI,No Control,,,1326268.34,1676370.39,1.32627E+13
2019-8050-8/07/2020,2 Metropolitan,RIDLEYTON,5008,CITY OF CHARLES STURT,2,0,0,0,0,2019,August,Tuesday,2:57 PM,40,T-Junction,Straight road,Level,Not Applicable,Sealed,Dry,Not Raining,Daylight,Rear End,2,Driver Rider,1: PDO,Give Way Sign,,,1326180.61,1674149.04,1.32618E+13
2019-8051-8/07/2020,2 Metropolitan,NEWTON,5074,CC CAMPBELLTOWN.              ,2,0,0,0,0,2019,August,Tuesday,3:30 PM,60,Not Divided,Straight road,Level,Not Applicable,Sealed,Dry,Not Raining,Daylight,Side Swipe,1,Driver Rider,1: PDO,No Control,,,1335392.21,1675204.96,1.33539E+13
2019-8052-8/07/2020,2 Metropolitan,CROYDON PARK,5008,CITY OF PORT ADELAIDE ENFIELD,2,0,0,0,0,2019,August,Tuesday,3:05 PM,60,Divided Road,Straight road,Level,Not Applicable,Sealed,Dry,Not Raining,Daylight,Side Swipe,2,Driver Rider,1: PDO,No Control,,,1325759.03,1676358.47,1.32576E+13
2019-8053-8/07/2020,2 Metropolitan,O'HALLORAN HILL,5158,CITY OF ONKAPARINGA,2,0,0,0,0,2019,August,Tuesday,4:15 PM,80,T-Junction,"CURVED, VIEW OPEN",Slope,Not Applicable,Sealed,Dry,Not Raining,Daylight,Right Angle,1,Driver Rider,1: PDO,No Control,,,1323800.99,1654772.45,1.3238E+13
2019-8054-8/07/2020,3 Country,MOUNT GAMBIER,5290,CC MT.GAMBIER.                ,2,0,0,0,0,2019,August,Friday,2:25 PM,60,T-Junction,Straight road,Slope,Not Applicable,Sealed,Dry,Not Raining,Daylight,Right Angle,2,Driver Rider,1: PDO,Give Way Sign,,,1511034.84,1337977.94,1.51104E+13
2019-8055-8/07/2020,2 Metropolitan,PANORAMA,5041,CC MITCHAM.                   ,2,1,0,0,1,2019,August,Tuesday,4:45 PM,60,T-Junction,"CURVED, VIEW OPEN",Slope,Not Applicable,Sealed,Dry,Not Raining,Daylight,Side Swipe,1,Driver Rider,2: MI,No Control,,,1327596.01,1663277.86,1.3276E+13
2019-8056-8/07/2020,2 Metropolitan,PARADISE,5075,CC CAMPBELLTOWN.              ,2,1,0,0,1,2019,August,Tuesday,4:15 PM,60,T-Junction,"CURVED, VIEW OPEN",Level,Not Applicable,Sealed,Dry,Not Raining,Daylight,Right Turn,2,Driver Rider,2: MI,Traffic Signals,,,1335624.13,1676678.29,1.33562E+13
2019-8057-8/07/2020,2 Metropolitan,HAPPY VALLEY,5159,CITY OF ONKAPARINGA,1,0,0,0,0,2019,August,Wednesday,8:40 AM,50,Not Divided,Straight road,Slope,Not Applicable,Sealed,Wet,Raining,Daylight,Roll Over,1,Driver Rider,1: PDO,No Control,,,1328449.69,1652986,1.32845E+13
2019-8058-8/07/2020,2 Metropolitan,RIDLEYTON,5008,CITY OF CHARLES STURT,2,0,0,0,0,2019,August,Tuesday,3:15 PM,60,Not Divided,Straight road,Level,Not Applicable,Sealed,Dry,Not Raining,Daylight,Rear End,2,Driver Rider,1: PDO,No Control,,,1326091.06,1674755.13,1.32609E+13
2019-8059-8/07/2020,2 Metropolitan,ELIZABETH EAST,5112,CITY OF PLAYFORD.,2,0,0,0,0,2019,August,Tuesday,5:15 PM,80,T-Junction,Straight road,Level,Not Applicable,Sealed,Dry,Not Raining,Daylight,Right Turn,2,Driver Rider,1: PDO,No Control,,,1336146.35,1691544.42,1.33615E+13
2019-8060-8/07/2020,2 Metropolitan,STEPNEY,5069,"CC OF NORWOOD,PAYNEHAM & ST PETERS",2,2,0,0,2,2019,August,Tuesday,3:25 PM,60,T-Junction,Straight road,Slope,Not Applicable,Sealed,Dry,Not Raining,Daylight,Side Swipe,2,Driver Rider,2: MI,No Control,,,1331229.08,1672552.27,1.33123E+13
2019-8061-8/07/2020,2 Metropolitan,SEAVIEW DOWNS,5049,CC MARION.                    ,2,2,0,0,2,2019,August,Tuesday,6:00 PM,60,T-Junction,Straight road,Level,Not Applicable,Sealed,Dry,Not Raining,Night,Right Angle,2,Driver Rider,2: MI,No Control,,,1322266.5,1659361.69,1.32227E+13
2019-8062-8/07/2020,2 Metropolitan,SEAFORD MEADOWS,5169,CITY OF ONKAPARINGA,2,1,0,0,1,2019,August,Tuesday,5:55 PM,70,Not Divided,Straight road,Level,Not Applicable,Sealed,Dry,Not Raining,Night,Rear End,1,Driver Rider,2: MI,No Control,,,1316311.04,1643914.49,1.31631E+13
2019-8063-8/07/2020,2 Metropolitan,MORPHETT VALE,5162,CITY OF ONKAPARINGA,3,1,1,0,0,2019,August,Tuesday,2:10 PM,70,Cross Road,Straight road,Level,Not Applicable,Sealed,Dry,Not Raining,Daylight,Hit Fixed Object,1,Driver Rider,4: Fatal,Traffic Signals,,Y,1319574.9,1650969.89,1.31958E+13