REPORT_ID,Stats Area,Suburb,Postcode,LGA Name,Total Units,Total Cas,Total Fats,Total SI,Total MI,Year,Month,Day,Time,Area Speed,Position Type,Horizontal Align,Vertical Align,Other Feat,Road Surface,Moisture Cond,Weather Cond,DayNight,Crash Type,Unit Resp,Entity Code,CSEF Severity,Traffic Ctrls,DUI Involved,Drugs Involved,ACCLOC_X,ACCLOC_Y,UNIQUE_LOC
2019-8064-8/07/2020,2 Metropolitan,MOUNT BARKER SPRINGS,5251,DC MT.BARKER.                 ,2,0,0,0,0,2019,August,Tuesday,8:50 PM,80,Not Divided,Straight road,Slope,Not Applicable,Unsealed,Dry,Not Raining,Night,Hit Fixed Object,1,Driver Rider,1: PDO,No Control,,,1355581.54,1652265.91,1.35558E+13
2019-8065-8/07/2020,3 Country,KADINA,5554,COPPER COAST DISTRICT COUNCIL,1,1,0,0,1,2019,August,Tuesday,7:18 PM,50,T-Junction,Straight road,Level,Not Applicable,Sealed,Dry,Not Raining,Night,Roll Over,1,Driver Rider,2: MI,Give Way Sign,,,1250482.71,1779468.99,1.25048E+13
2019-8066-8/07/2020,2 Metropolitan,SOUTH PLYMPTON,5038,CC MARION.                    ,3,0,0,0,0,2019,August,Tuesday,9:15 PM,60,Cross Road,Straight road,Level,Not Applicable,Sealed,Dry,Not Raining,Night,Hit Pedestrian,1,Driver Rider,1: PDO,Give Way Sign,,,1324262.69,1665284.59,1.32426E+13
2019-8067-8/07/2020,2 Metropolitan,MORPHETT VALE,5162,CITY OF ONKAPARINGA,2,0,0,0,0,2019,August,Tuesday,11:15 PM,50,Not Divided,Straight road,Level,Not Applicable,Unsealed,Dry,Not Raining,Night,Hit Parked Vehicle,1,Driver Rider,1: PDO,No Control,,,1320088.63,1647817.11,1.32009E+13
2019-8068-8/07/2020,2 Metropolitan,PARAFIELD,5106,CITY OF SALISBURY,2,0,0,0,0,2019,August,Wednesday,5:30 AM,60,Divided Road,Straight road,Crest of Hill,Not Applicable,Sealed,Dry,Not Raining,Night,Hit Fixed Object,1,Driver Rider,1: PDO,No Control,,,1331660.19,1683560.19,1.33166E+13
2019-8069-8/07/2020,2 Metropolitan,SOUTH PLYMPTON,5038,CC MARION.                    ,2,0,0,0,0,2019,August,Tuesday,1:26 PM,60,Cross Road,Straight road,Level,Not Applicable,Sealed,Dry,Not Raining,Daylight,Right Turn,1,Driver Rider,1: PDO,Traffic Signals,,,1324291.75,1664735.62,1.32429E+13
2019-8070-8/07/2020,2 Metropolitan,RIDLEYTON,5008,CITY OF CHARLES STURT,2,0,0,0,0,2019,August,Wednesday,8:28 AM,60,Cross Road,Straight road,Level,Not Applicable,Sealed,Dry,Not Raining,Daylight,Right Turn,1,Driver Rider,1: PDO,Traffic Signals,,,1325915.28,1674895.89,1.32592E+13
2019-8071-8/07/2020,2 Metropolitan,PARALOWIE,5108,CITY OF SALISBURY,2,0,0,0,0,2019,August,Wednesday,7:30 AM,50,Cross Road,Straight road,Level,Not Applicable,Sealed,Dry,Not Raining,Daylight,Hit Fixed Object,1,Driver Rider,1: PDO,Roundabout,,,1328611.9,1690000.48,1.32861E+13
2019-8072-8/07/2020,1 City,ADELAIDE,5000,CITY OF ADELAIDE,2,0,0,0,0,2019,August,Wednesday,8:00 AM,50,Divided Road,Straight road,Level,Not Applicable,Sealed,Dry,Not Raining,Daylight,Side Swipe,2,Driver Rider,1: PDO,No Control,,,1328467.36,1671114.16,1.32847E+13
2019-8073-8/07/2020,2 Metropolitan,BRAHMA LODGE,5109,CITY OF SALISBURY,2,2,0,0,2,2019,August,Wednesday,8:36 AM,60,T-Junction,Straight road,Level,Not Applicable,Sealed,Dry,Not Raining,Daylight,Right Angle,1,Driver Rider,2: MI,No Control,,,1334452.37,1687405.05,1.33445E+13
2019-8074-8/07/2020,2 Metropolitan,FERRYDEN PARK,5010,CITY OF PORT ADELAIDE ENFIELD,2,0,0,0,0,2019,August,Wednesday,9:34 AM,50,Not Divided,Straight road,Level,Not Applicable,Sealed,Dry,Not Raining,Daylight,Side Swipe,1,Driver Rider,1: PDO,No Control,,,1325096.7,1676936.63,1.3251E+13
2019-8075-8/07/2020,2 Metropolitan,KESWICK TERMINAL,5035,CITY OF WEST TORRENS,2,1,0,0,1,2019,August,Tuesday,7:55 AM,60,Cross Road,Straight road,Level,Not Applicable,Sealed,Dry,Not Raining,Daylight,Right Angle,2,Driver Rider,2: MI,Traffic Signals,,,1326171.63,1670095.18,1.32617E+13
2019-8076-8/07/2020,2 Metropolitan,PARAFIELD,5106,CITY OF SALISBURY,2,0,0,0,0,2019,August,Tuesday,5:50 PM,80,Cross Road,Straight road,Level,Not Applicable,Sealed,Dry,Not Raining,Night,Rear End,2,Driver Rider,1: PDO,Traffic Signals,,,1332521.09,1684419.56,1.33252E+13
2019-8077-8/07/2020,2 Metropolitan,WALKERVILLE,5081,WALKERVILLE TOWN COUNCIL,2,0,0,0,0,2019,August,Tuesday,3:30 PM,50,Cross Road,Straight road,Level,Not Applicable,Sealed,Dry,Not Raining,Daylight,Right Angle,2,Driver Rider,1: PDO,Roundabout,,,1329978.74,1674265.45,1.32998E+13
2019-8078-8/07/2020,2 Metropolitan,SALISBURY,5108,CITY OF SALISBURY,2,1,0,0,1,2019,August,Wednesday,12:00 PM,60,Cross Road,Straight road,Level,Not Applicable,Sealed,Dry,Not Raining,Daylight,Rear End,2,Driver Rider,2: MI,Give Way Sign,,,1333282.49,1688340.23,1.33328E+13
2019-8079-8/07/2020,2 Metropolitan,ST MARYS,5042,CC MITCHAM.                   ,3,0,0,0,0,2019,August,Wednesday,11:25 AM,60,Cross Road,Straight road,Level,Not Applicable,Sealed,Dry,Not Raining,Daylight,Right Angle,1,Driver Rider,1: PDO,Traffic Signals,,,1325965.26,1663326.66,1.32597E+13
2019-8080-8/07/2020,2 Metropolitan,HILTON,5033,CITY OF WEST TORRENS,2,1,0,0,1,2019,May,Wednesday,5:00 PM,60,Cross Road,Straight road,Level,Not Applicable,Sealed,Wet,Raining,Daylight,Rear End,2,Driver Rider,2: MI,Traffic Signals,,,1325777.85,1670077.07,1.32578E+13
2019-8081-8/07/2020,2 Metropolitan,VIRGINIA,5120,CITY OF PLAYFORD.,2,1,0,0,1,2019,August,Wednesday,12:00 PM,80,Not Divided,Straight road,Level,Not Applicable,Sealed,Dry,Not Raining,Daylight,Head On,2,Driver Rider,2: MI,No Control,,,1326103.77,1698360.54,1.3261E+13
2019-8082-8/07/2020,3 Country,SPRINGTON,5235,THE BAROSSA COUNCIL.,2,0,0,0,0,2019,August,Tuesday,1:54 PM,50,Not Divided,Straight road,Level,Not Applicable,Sealed,Dry,Not Raining,Daylight,Hit Parked Vehicle,2,Driver Rider,1: PDO,No Control,,,1373990.37,1693129.93,1.37399E+13
2019-8083-8/07/2020,2 Metropolitan,GAWLER,5118,CT GAWLER.                    ,2,1,0,0,1,2019,August,Wednesday,2:00 PM,50,Not Divided,Straight road,Level,Driveway or Entrance,Sealed,Dry,Not Raining,Daylight,Rear End,2,Driver Rider,2: MI,No Control,,,1343362.25,1706097.85,1.34336E+13
2019-8084-8/07/2020,2 Metropolitan,WOODVILLE WEST,5011,CITY OF CHARLES STURT,2,0,0,0,0,2019,August,Wednesday,2:45 PM,50,Not Divided,Straight road,Level,Driveway or Entrance,Sealed,Dry,Not Raining,Daylight,Right Angle,1,Driver Rider,1: PDO,No Control,,,1321738.68,1675870.12,1.32174E+13
2019-8085-8/07/2020,2 Metropolitan,WINGFIELD,5013,CITY OF PORT ADELAIDE ENFIELD,2,0,0,0,0,2019,August,Tuesday,6:45 AM,50,Not Divided,Straight road,Level,Not Applicable,Sealed,Dry,Not Raining,Night,Side Swipe,2,Driver Rider,1: PDO,No Control,,,1324179.8,1680187.7,1.32418E+13
2019-8086-8/07/2020,1 City,ADELAIDE,5000,CITY OF ADELAIDE,2,0,0,0,0,2019,August,Wednesday,4:10 PM,50,Not Divided,Straight road,Level,Driveway or Entrance,Sealed,Dry,Not Raining,Daylight,Right Angle,2,Driver Rider,1: PDO,No Control,,,1328446.68,1669723.04,1.32845E+13
2019-8087-8/07/2020,2 Metropolitan,GAWLER EAST,5118,CT GAWLER.                    ,2,1,0,0,1,2019,August,Wednesday,3:50 PM,50,Cross Road,Straight road,Slope,Not Applicable,Sealed,Dry,Not Raining,Daylight,Hit Pedestrian,1,Driver Rider,2: MI,Give Way Sign,,,1343599.22,1706696.08,1.3436E+13
2019-8088-8/07/2020,2 Metropolitan,PAYNEHAM SOUTH,5070,"CC OF NORWOOD,PAYNEHAM & ST PETERS",2,1,0,0,1,2019,August,Wednesday,3:45 PM,50,Cross Road,Straight road,Level,Not Applicable,Sealed,Dry,Not Raining,Daylight,Right Angle,1,Driver Rider,2: MI,Roundabout,,,1332749.7,1672719.83,1.33275E+13
2019-8089-8/07/2020,2 Metropolitan,WOODVILLE SOUTH,5011,CITY OF CHARLES STURT,2,0,0,0,0,2019,August,Wednesday,4:50 PM,50,T-Junction,Straight road,Level,Not Applicable,Sealed,Dry,Not Raining,Daylight,Side Swipe,1,Driver Rider,1: PDO,No Control,,,1322688.55,1675765.74,1.32269E+13
2019-8090-8/07/2020,2 Metropolitan,KURRALTA PARK,5037,CITY OF WEST TORRENS,2,0,0,0,0,2019,August,Wednesday,8:40 AM,60,Divided Road,Straight road,Level,Not Applicable,Sealed,Dry,Not Raining,Daylight,Hit Pedestrian,2,Pedestrian,1: PDO,No Control,,,1325368.59,1667414.72,1.32537E+13
2019-8091-8/07/2020,2 Metropolitan,CROYDON PARK,5008,CITY OF PORT ADELAIDE ENFIELD,2,0,0,0,0,2019,August,Wednesday,4:10 PM,60,Divided Road,Straight road,Level,Not Applicable,Sealed,Dry,Not Raining,Daylight,Rear End,2,Driver Rider,1: PDO,No Control,,Y,1326071.32,1675609.79,1.32607E+13
2019-8092-8/07/2020,2 Metropolitan,WOODVILLE SOUTH,5011,CITY OF CHARLES STURT,2,1,0,0,1,2019,August,Wednesday,5:10 PM,60,Divided Road,Straight road,Level,Not Applicable,Sealed,Dry,Not Raining,Daylight,Hit Pedestrian,1,Pedestrian,2: MI,No Control,Y,,1323175.21,1675447.52,1.32318E+13
2019-8093-8/07/2020,2 Metropolitan,MAGILL,5072,CC CAMPBELLTOWN.              ,3,1,0,1,0,2019,August,Wednesday,5:26 PM,60,Cross Road,Straight road,Slope,Not Applicable,Sealed,Dry,Not Raining,Daylight,Right Turn,1,Driver Rider,3: SI,Traffic Signals,,,1335483.19,1671847.51,1.33548E+13
2019-8094-8/07/2020,1 City,ADELAIDE,5000,CITY OF ADELAIDE,2,0,0,0,0,2019,August,Wednesday,5:30 PM,50,Cross Road,Straight road,Level,Not Applicable,Sealed,Dry,Not Raining,Daylight,Side Swipe,2,Driver Rider,1: PDO,Traffic Signals,,,1327977.06,1670816.13,1.32798E+13
2019-8095-8/07/2020,2 Metropolitan,PARALOWIE,5108,CITY OF SALISBURY,2,1,0,0,1,2019,August,Wednesday,5:15 PM,50,Not Divided,Straight road,Level,Not Applicable,Sealed,Dry,Not Raining,Daylight,Hit Parked Vehicle,1,Driver Rider,2: MI,No Control,,,1329631.24,1688682.06,1.32963E+13
2019-8096-8/07/2020,2 Metropolitan,MILE END,5031,CITY OF WEST TORRENS,2,0,0,0,0,2019,August,Wednesday,6:10 PM,50,Cross Road,Straight road,Level,Not Applicable,Sealed,Dry,Not Raining,Night,Right Angle,2,Driver Rider,1: PDO,Roundabout,,,1325196.19,1670865.14,1.3252E+13
2019-8097-8/07/2020,2 Metropolitan,DRY CREEK,5094,CITY OF PORT ADELAIDE ENFIELD,2,2,0,0,2,2019,August,Wednesday,7:45 PM,50,Not Divided,Straight road,Level,Not Applicable,Sealed,Dry,Not Raining,Night,Hit Fixed Object,1,Driver Rider,2: MI,No Control,,,1327396.69,1680116.25,1.3274E+13
2019-8098-8/07/2020,2 Metropolitan,WOODSIDE,5244,THE ADELAIDE HILLS COUNCIL,3,1,0,0,1,2019,August,Wednesday,7:05 PM,80,Not Divided,"CURVED, VIEW OPEN",Level,Not Applicable,Sealed,Dry,Not Raining,Night,Hit Object on Road,1,Driver Rider,2: MI,No Control,,,1355138.71,1663675.47,1.35514E+13
2019-8099-8/07/2020,2 Metropolitan,BASKET RANGE,5138,THE ADELAIDE HILLS COUNCIL,2,0,0,0,0,2019,August,Wednesday,10:25 PM,80,Not Divided,"CURVED, VIEW OBSCURED",Slope,Not Applicable,Sealed,Dry,Not Raining,Night,Hit Fixed Object,1,Driver Rider,1: PDO,No Control,,,1343391.01,1668249.74,1.34339E+13
2019-8100-8/07/2020,1 City,ADELAIDE,5000,CITY OF ADELAIDE,2,1,0,0,1,2019,August,Wednesday,9:30 PM,50,Divided Road,Straight road,Level,Not Applicable,Sealed,Dry,Not Raining,Night,Hit Pedestrian,1,Pedestrian,2: MI,No Control,,,1329178.36,1670840.7,1.32918E+13
2019-8101-8/07/2020,2 Metropolitan,MCLAREN VALE,5171,CITY OF ONKAPARINGA,3,0,0,0,0,2019,August,Thursday,4:45 AM,50,Not Divided,Straight road,Level,Not Applicable,Sealed,Dry,Not Raining,Night,Hit Parked Vehicle,1,Driver Rider,1: PDO,No Control,,,1322451.99,1637551.86,1.32245E+13
2019-8102-8/07/2020,2 Metropolitan,SHEIDOW PARK,5158,CC MARION.                    ,3,0,0,0,0,2019,August,Thursday,8:22 AM,80,Divided Road,Straight road,Slope,Not Applicable,Sealed,Dry,Not Raining,Daylight,Rear End,1,Driver Rider,1: PDO,No Control,,,1321287.88,1654830.77,1.32129E+13
2019-8103-8/07/2020,2 Metropolitan,WINGFIELD,5013,CITY OF PORT ADELAIDE ENFIELD,2,0,0,0,0,2019,August,Wednesday,5:00 PM,60,Cross Road,Straight road,Level,Not Applicable,Sealed,Dry,Not Raining,Daylight,Hit Fixed Object,1,Driver Rider,1: PDO,Traffic Signals,,,1325466.27,1680660.68,1.32547E+13
2019-8104-8/07/2020,2 Metropolitan,CAMPBELLTOWN,5074,CC CAMPBELLTOWN.              ,2,0,0,0,0,2019,August,Thursday,6:30 AM,50,T-Junction,Straight road,Level,Not Applicable,Sealed,Dry,Not Raining,Night,Hit Parked Vehicle,1,Driver Rider,1: PDO,No Control,,,1333545.4,1676256.4,1.33355E+13
2019-8105-8/07/2020,2 Metropolitan,GLENELG EAST,5045,CITY OF HOLDFAST BAY,4,0,0,0,0,2019,August,Thursday,8:39 AM,60,Divided Road,Straight road,Level,Not Applicable,Sealed,Dry,Not Raining,Daylight,Rear End,2,Driver Rider,1: PDO,No Control,,,1321025.68,1664951.35,1.32103E+13
2019-8106-8/07/2020,2 Metropolitan,SHEIDOW PARK,5158,CC MARION.                    ,2,1,0,1,0,2019,August,Thursday,7:55 AM,80,T-Junction,Straight road,Slope,Not Applicable,Sealed,Dry,Not Raining,Daylight,Right Turn,1,Driver Rider,3: SI,No Control,,,1320864.69,1654361.45,1.32087E+13
2019-8107-8/07/2020,2 Metropolitan,BEDFORD PARK,5042,CC MITCHAM.                   ,2,1,0,0,1,2019,August,Thursday,12:15 PM,50,Pedestrian Crossing,Straight road,Level,Not Applicable,Sealed,Dry,Not Raining,Daylight,Rear End,2,Driver Rider,2: MI,No Control,,,1325206.41,1660133.47,1.32521E+13
2019-8108-8/07/2020,2 Metropolitan,MALVERN,5061,CITY OF UNLEY,3,0,0,0,0,2019,August,Tuesday,1:35 PM,50,Cross Road,Straight road,Level,Not Applicable,Sealed,Dry,Not Raining,Daylight,Rear End,1,Driver Rider,1: PDO,Traffic Signals,,,1329732.38,1667123.38,1.32973E+13
2019-8109-8/07/2020,3 Country,MOUNT GAMBIER,5290,CC MT.GAMBIER.                ,2,1,0,1,0,2019,August,Thursday,12:25 PM,50,Not Divided,Straight road,Level,Not Applicable,Sealed,Dry,Not Raining,Daylight,Hit Parked Vehicle,1,Driver Rider,3: SI,No Control,,,1510124.92,1339920.39,1.51013E+13
2019-8110-8/07/2020,2 Metropolitan,PROSPECT,5082,CITY OF PROSPECT,2,1,0,0,1,2019,August,Thursday,1:20 PM,60,Divided Road,Straight road,Level,Not Applicable,Sealed,Dry,Not Raining,Daylight,Side Swipe,1,Driver Rider,2: MI,No Control,,,1328778.37,1676430.63,1.32878E+13
2019-8111-8/07/2020,2 Metropolitan,ELIZABETH PARK,5113,CITY OF PLAYFORD.,2,0,0,0,0,2019,August,Thursday,1:25 PM,60,Divided Road,"CURVED, VIEW OPEN",Level,Not Applicable,Sealed,Dry,Not Raining,Daylight,Hit Parked Vehicle,1,Driver Rider,1: PDO,No Control,,,1336542.7,1693504.43,1.33654E+13
2019-8112-8/07/2020,3 Country,WESTERN FLAT,5268,DC TATIARA.                   ,2,1,0,0,1,2019,August,Thursday,10:40 AM,110,Not Divided,Straight road,Level,Not Applicable,Sealed,Dry,Not Raining,Daylight,Hit Fixed Object,1,Driver Rider,2: MI,No Control,,Y,1515665.28,1482617.39,1.51567E+13
2019-8113-8/07/2020,2 Metropolitan,OLD REYNELLA,5161,CITY OF ONKAPARINGA,2,1,0,0,1,2019,August,Thursday,2:29 PM,50,Not Divided,Straight road,Level,Driveway or Entrance,Sealed,Dry,Not Raining,Daylight,Rear End,2,Driver Rider,2: MI,No Control,,,1322597.8,1652794.37,1.3226E+13
2019-8114-8/07/2020,3 Country,GOOD HOPE LANDING,5330,LOXTON WAIKERIE DISTRICT COUNCIL,1,0,0,0,0,2019,August,Thursday,1:25 PM,110,Not Divided,Straight road,Level,Not Applicable,Sealed,Dry,Not Raining,Daylight,Left Road - Out of Control,1,Driver Rider,1: PDO,No Control,,,1476319.68,1746388.63,1.47632E+13
2019-8115-8/07/2020,2 Metropolitan,PARAFIELD GARDENS,5107,CITY OF SALISBURY,3,0,0,0,0,2019,August,Thursday,3:15 PM,60,Divided Road,Straight road,Level,Not Applicable,Sealed,Dry,Not Raining,Daylight,Rear End,1,Driver Rider,1: PDO,No Control,,,1330647.25,1685816.66,1.33065E+13
2019-8116-8/07/2020,2 Metropolitan,CHRISTIE DOWNS,5164,CITY OF ONKAPARINGA,2,1,0,0,1,2019,August,Thursday,3:33 PM,60,T-Junction,Straight road,Level,Not Applicable,Sealed,Dry,Not Raining,Daylight,Hit Pedestrian,2,Pedestrian,2: MI,Traffic Signals,,,1318513.27,1647464.88,1.31851E+13
2019-8117-8/07/2020,2 Metropolitan,GREENACRES,5086,CITY OF PORT ADELAIDE ENFIELD,2,0,0,0,0,2019,August,Thursday,3:10 PM,60,T-Junction,Straight road,Level,Not Applicable,Sealed,Dry,Not Raining,Daylight,Rear End,2,Driver Rider,1: PDO,No Control,,,1330428.1,1676934.65,1.33043E+13
2019-8118-8/07/2020,2 Metropolitan,MAGILL,5072,CC CAMPBELLTOWN.              ,2,1,0,0,1,2019,August,Thursday,10:15 AM,60,Not Divided,Straight road,Level,Not Applicable,Sealed,Dry,Not Raining,Daylight,Side Swipe,2,Driver Rider,2: MI,No Control,,,1335457.77,1672800.87,1.33546E+13
2019-8119-8/07/2020,2 Metropolitan,HEWETT,5118,LIGHT REGIONAL COUNCIL,3,1,1,0,0,2019,August,Thursday,11:05 AM,110,One Way,"CURVED, VIEW OPEN",Slope,Not Applicable,Sealed,Dry,Not Raining,Daylight,Hit Fixed Object,1,Driver Rider,4: Fatal,No Control,,,1343329.05,1709339.97,1.34333E+13
2019-8120-8/07/2020,2 Metropolitan,PASADENA,5042,CC MITCHAM.                   ,2,0,0,0,0,2019,August,Thursday,3:40 PM,60,T-Junction,Straight road,Level,Not Applicable,Sealed,Dry,Not Raining,Daylight,Rear End,2,Driver Rider,1: PDO,No Control,,,1327120.31,1663340.67,1.32712E+13
2019-8121-8/07/2020,2 Metropolitan,CAMPBELLTOWN,5074,CC CAMPBELLTOWN.              ,2,0,0,0,0,2019,August,Thursday,3:30 PM,50,Not Divided,Straight road,Level,Not Applicable,Sealed,Dry,Not Raining,Daylight,Hit Parked Vehicle,1,Driver Rider,1: PDO,No Control,,,1335333.48,1675317.19,1.33533E+13
2019-8122-8/07/2020,3 Country,RENMARK,5341,DC RENMARK PARINGA            ,2,0,0,0,0,2019,August,Thursday,4:42 PM,50,Cross Road,Straight road,Level,Not Applicable,Sealed,Dry,Not Raining,Daylight,Right Angle,2,Driver Rider,1: PDO,Give Way Sign,,,1528314.95,1745000.34,1.52832E+13
2019-8123-8/07/2020,2 Metropolitan,GOODWOOD,5034,CITY OF UNLEY,2,1,0,1,0,2019,August,Thursday,3:10 PM,50,Not Divided,Straight road,Level,Not Applicable,Sealed,Dry,Not Raining,Daylight,Right Turn,1,Driver Rider,3: SI,No Control,,,1327460.3,1667805.02,1.32746E+13
2019-8124-8/07/2020,2 Metropolitan,URRBRAE,5064,CC MITCHAM.                   ,2,0,0,0,0,2019,August,Thursday,5:30 PM,60,Cross Road,Straight road,Level,Not Applicable,Sealed,Dry,Not Raining,Daylight,Right Turn,1,Driver Rider,1: PDO,Traffic Signals,,,1330786.89,1665600.37,1.33079E+13
2019-8125-8/07/2020,2 Metropolitan,MELROSE PARK,5039,CC MITCHAM.                   ,2,0,0,0,0,2019,August,Thursday,3:50 PM,60,Not Divided,Straight road,Level,Not Applicable,Sealed,Dry,Not Raining,Daylight,Side Swipe,2,Driver Rider,1: PDO,No Control,,,1326045.85,1664953.5,1.32605E+13
2019-8126-8/07/2020,3 Country,MILLICENT,5280,WATTLE RANGE COUNCIL,2,0,0,0,0,2019,August,Thursday,2:24 PM,50,Cross Road,Straight road,Level,Not Applicable,Sealed,Dry,Not Raining,Daylight,Right Angle,1,Driver Rider,1: PDO,Give Way Sign,,,1474132.84,1367594.88,1.47413E+13
2019-8127-8/07/2020,1 City,ADELAIDE,5000,CITY OF ADELAIDE,2,0,0,0,0,2019,August,Thursday,8:30 AM,50,T-Junction,Straight road,Level,Not Applicable,Sealed,Dry,Not Raining,Daylight,Side Swipe,2,Driver Rider,1: PDO,Traffic Signals,,,1329575.18,1670547.41,1.32958E+13
2019-8128-8/07/2020,2 Metropolitan,THEBARTON,5031,CITY OF WEST TORRENS,3,0,0,0,0,2019,August,Thursday,7:00 PM,60,T-Junction,Straight road,Level,Not Applicable,Sealed,Dry,Not Raining,Night,Rear End,2,Driver Rider,1: PDO,Traffic Signals,,,1325687.29,1671374.32,1.32569E+13
2019-8129-8/07/2020,3 Country,PORT AUGUSTA,5700,CC PT.AUGUSTA.                ,3,0,0,0,0,2019,August,Thursday,4:00 PM,50,Not Divided,Straight road,Level,Driveway or Entrance,Sealed,Dry,Not Raining,Daylight,Right Angle,1,Driver Rider,1: PDO,No Control,,,1259196.91,1942218.7,1.2592E+13
2019-8130-8/07/2020,3 Country,RENMARK,5341,DC RENMARK PARINGA            ,2,0,0,0,0,2019,August,Friday,5:04 AM,50,Divided Road,Straight road,Level,Not Applicable,Sealed,Dry,Not Raining,Night,Hit Parked Vehicle,1,Driver Rider,1: PDO,No Control,,,1528818.16,1745894.94,1.52882E+13
2019-8131-8/07/2020,2 Metropolitan,FULHAM,5024,CITY OF WEST TORRENS,2,0,0,0,0,2019,August,Thursday,8:30 AM,60,Cross Road,Straight road,Level,Not Applicable,Sealed,Dry,Not Raining,Daylight,Side Swipe,2,Driver Rider,1: PDO,Traffic Signals,,,1320990.23,1670855.57,1.32099E+13
2019-8132-8/07/2020,2 Metropolitan,CAVAN,5094,CITY OF SALISBURY,2,0,0,0,0,2019,August,Thursday,12:00 PM,70,Cross Road,Straight road,Level,Not Applicable,Sealed,Dry,Not Raining,Daylight,Rear End,2,Driver Rider,1: PDO,Traffic Signals,,,1328738.31,1681559.52,1.32874E+13
2019-8133-8/07/2020,2 Metropolitan,FULHAM GARDENS,5024,CITY OF CHARLES STURT,2,1,0,0,1,2019,August,Friday,9:05 AM,60,Cross Road,Straight road,Slope,Not Applicable,Sealed,Dry,Not Raining,Daylight,Rear End,2,Driver Rider,2: MI,Traffic Signals,,,1320779.19,1673069.99,1.32078E+13
2019-8134-8/07/2020,2 Metropolitan,FORESTVILLE,5035,CITY OF UNLEY,3,0,0,0,0,2019,August,Friday,8:56 AM,40,T-Junction,Straight road,Level,Not Applicable,Sealed,Dry,Not Raining,Daylight,Right Angle,2,Driver Rider,1: PDO,No Control,,,1326691.95,1667801.66,1.32669E+13
2019-8135-8/07/2020,2 Metropolitan,REGENCY PARK,5010,CITY OF PORT ADELAIDE ENFIELD,2,0,0,0,0,2019,August,Friday,9:00 AM,60,T-Junction,Straight road,Level,Not Applicable,Sealed,Dry,Not Raining,Daylight,Right Angle,1,Driver Rider,1: PDO,No Control,,,1326404.81,1679010.23,1.32641E+13
2019-8136-8/07/2020,2 Metropolitan,MODBURY NORTH,5092,CITY OF TEA TREE GULLY,2,0,0,0,0,2019,August,Friday,9:35 AM,60,T-Junction,Straight road,Level,Not Applicable,Sealed,Wet,Not Raining,Daylight,Right Turn,1,Driver Rider,1: PDO,No Control,,,1335662.01,1681768.52,1.33566E+13
2019-8137-8/07/2020,2 Metropolitan,COWANDILLA,5033,CITY OF WEST TORRENS,2,0,0,0,0,2019,August,Friday,8:45 AM,50,Not Divided,Straight road,Level,Not Applicable,Sealed,Dry,Not Raining,Daylight,Side Swipe,2,Driver Rider,1: PDO,No Control,,,1324348.63,1670375,1.32435E+13
2019-8138-8/07/2020,2 Metropolitan,PARAFIELD,5106,CITY OF SALISBURY,2,0,0,0,0,2019,August,Friday,10:15 AM,80,Cross Road,Straight road,Level,Not Applicable,Sealed,Dry,Not Raining,Daylight,Side Swipe,2,Driver Rider,1: PDO,Traffic Signals,,,1331791.2,1683497.51,1.33179E+13
2019-8139-8/07/2020,3 Country,WHYALLA PLAYFORD,5600,CC WHYALLA.                   ,2,0,0,0,0,2019,August,Thursday,7:15 PM,50,T-Junction,Straight road,Level,Not Applicable,Sealed,Dry,Not Raining,Night,Right Angle,2,Driver Rider,1: PDO,Give Way Sign,,,1238501.56,1883874.14,1.2385E+13
2019-8140-8/07/2020,2 Metropolitan,ELIZABETH,5112,CITY OF PLAYFORD.,2,0,0,0,0,2019,August,Friday,12:06 PM,60,T-Junction,Straight road,Level,Not Applicable,Sealed,Dry,Not Raining,Daylight,Right Turn,2,Driver Rider,1: PDO,Give Way Sign,,,1335808.03,1693779.92,1.33581E+13
2019-8141-8/07/2020,2 Metropolitan,PARAFIELD GARDENS,5107,CITY OF SALISBURY,2,1,0,0,1,2019,August,Friday,12:35 PM,60,Divided Road,Straight road,Level,Not Applicable,Sealed,Dry,Not Raining,Daylight,Hit Pedestrian,2,Pedestrian,2: MI,No Control,,,1331309.84,1686655.24,1.33131E+13
2019-8142-8/07/2020,2 Metropolitan,GLENELG,5045,CITY OF HOLDFAST BAY,2,1,0,0,1,2019,August,Friday,7:30 AM,50,T-Junction,Straight road,Level,Not Applicable,Sealed,Dry,Not Raining,Daylight,Side Swipe,2,Driver Rider,2: MI,No Control,,,1320847.72,1665300.54,1.32085E+13
2019-8143-8/07/2020,2 Metropolitan,HOLDEN HILL,5088,CITY OF PORT ADELAIDE ENFIELD,2,0,0,0,0,2019,August,Friday,1:06 PM,60,Divided Road,Straight road,Level,Driveway or Entrance,Sealed,Dry,Not Raining,Daylight,Right Angle,1,Driver Rider,1: PDO,No Control,,,1334417.86,1678382.69,1.33442E+13