REPORT_ID,Stats Area,Suburb,Postcode,LGA Name,Total Units,Total Cas,Total Fats,Total SI,Total MI,Year,Month,Day,Time,Area Speed,Position Type,Horizontal Align,Vertical Align,Other Feat,Road Surface,Moisture Cond,Weather Cond,DayNight,Crash Type,Unit Resp,Entity Code,CSEF Severity,Traffic Ctrls,DUI Involved,Drugs Involved,ACCLOC_X,ACCLOC_Y,UNIQUE_LOC
2019-8387-8/07/2020,2 Metropolitan,ELIZABETH SOUTH,5112,CITY OF PLAYFORD.,2,2,0,0,2,2019,August,Friday,2:50 PM,60,T-Junction,Straight road,Level,Not Applicable,Sealed,Dry,Not Raining,Daylight,Right Angle,2,Driver Rider,2: MI,No Control,,Y,1334383.29,1691378.99,1.33438E+13
2019-8388-8/07/2020,2 Metropolitan,WYNN VALE,5127,CITY OF TEA TREE GULLY,2,0,0,0,0,2019,August,Friday,2:55 PM,70,T-Junction,"CURVED, VIEW OPEN",Level,Not Applicable,Sealed,Dry,Not Raining,Daylight,Right Angle,2,Driver Rider,1: PDO,Give Way Sign,,,1336880.89,1684611.96,1.33688E+13
2019-8389-8/07/2020,2 Metropolitan,PARALOWIE,5108,CITY OF SALISBURY,2,0,0,0,0,2019,August,Friday,11:45 AM,90,T-Junction,Straight road,Level,Not Applicable,Sealed,Dry,Not Raining,Daylight,Rear End,2,Driver Rider,1: PDO,Traffic Signals,,,1328458.27,1688691.09,1.32846E+13
2019-8390-8/07/2020,2 Metropolitan,ROSEWORTHY,5371,LIGHT REGIONAL COUNCIL,2,2,0,0,2,2019,August,Friday,12:55 PM,60,Cross Road,Straight road,Level,Not Applicable,Sealed,Dry,Not Raining,Daylight,Right Angle,2,Driver Rider,2: MI,Give Way Sign,,,1343730.75,1713529.75,1.34373E+13
2019-8391-8/07/2020,3 Country,MONASH,5342,THE BERRI BARMERA COUNCIL,2,3,0,2,1,2019,August,Friday,1:15 PM,110,Not Divided,Straight road,Crest of Hill,Driveway or Entrance,Sealed,Dry,Not Raining,Daylight,Rear End,2,Driver Rider,3: SI,No Control,,,1519400.66,1739435.84,1.5194E+13
2019-8392-8/07/2020,2 Metropolitan,OVINGHAM,5082,CITY OF CHARLES STURT,3,1,0,0,1,2019,August,Friday,2:50 PM,60,Divided Road,Straight road,Level,"Bridge, Culvert, Causeway",Sealed,Dry,Not Raining,Daylight,Rear End,1,Driver Rider,2: MI,No Control,,,1327088.54,1673249.04,1.32709E+13
2019-8393-8/07/2020,2 Metropolitan,SALISBURY DOWNS,5108,CITY OF SALISBURY,2,0,0,0,0,2019,August,Friday,3:40 PM,60,Cross Road,Straight road,Level,Not Applicable,Sealed,Dry,Not Raining,Daylight,Right Angle,2,Driver Rider,1: PDO,Traffic Signals,,,1332167.06,1687734.92,1.33217E+13
2019-8394-8/07/2020,2 Metropolitan,WALKERVILLE,5081,WALKERVILLE TOWN COUNCIL,2,0,0,0,0,2019,August,Friday,1:27 PM,40,Not Divided,Straight road,Level,Not Applicable,Sealed,Dry,Not Raining,Daylight,Rear End,1,Driver Rider,1: PDO,No Control,,,1330113.21,1673929.26,1.33011E+13
2019-8395-8/07/2020,2 Metropolitan,HALLETT COVE,5158,CC MARION.                    ,2,0,0,0,0,2019,August,Friday,2:15 PM,80,T-Junction,Straight road,Slope,Not Applicable,Sealed,Dry,Not Raining,Daylight,Rear End,1,Driver Rider,1: PDO,Traffic Signals,,,1320537.37,1654084.41,1.32054E+13
2019-8396-8/07/2020,2 Metropolitan,MODBURY,5092,CITY OF TEA TREE GULLY,2,0,0,0,0,2019,August,Friday,3:30 PM,80,Divided Road,Straight road,Level,Not Applicable,Sealed,Dry,Not Raining,Daylight,Rear End,2,Driver Rider,1: PDO,No Control,,,1336163.9,1680908.34,1.33616E+13
2019-8397-8/07/2020,2 Metropolitan,GLENELG EAST,5045,CITY OF HOLDFAST BAY,2,0,0,0,0,2019,August,Friday,3:56 PM,60,Divided Road,Straight road,Level,Not Applicable,Sealed,Dry,Not Raining,Daylight,Side Swipe,2,Driver Rider,1: PDO,No Control,,,1321464.53,1663808.8,1.32147E+13
2019-8398-8/07/2020,2 Metropolitan,BLAKEVIEW,5114,CITY OF PLAYFORD.,2,0,0,0,0,2019,August,Friday,3:10 PM,50,Not Divided,"CURVED, VIEW OPEN",Level,Not Applicable,Unsealed,Dry,Not Raining,Daylight,Hit Fixed Object,1,Driver Rider,1: PDO,No Control,,,1340235.03,1699095.35,1.34024E+13
2019-8399-8/07/2020,2 Metropolitan,GEPPS CROSS,5094,CITY OF PORT ADELAIDE ENFIELD,2,0,0,0,0,2019,August,Friday,3:55 PM,60,Cross Road,Straight road,Level,Not Applicable,Sealed,Dry,Not Raining,Daylight,Right Turn,1,Driver Rider,1: PDO,Traffic Signals,,,1327996.81,1679245.21,1.328E+13
2019-8400-8/07/2020,2 Metropolitan,SALISBURY DOWNS,5108,CITY OF SALISBURY,2,1,0,0,1,2019,August,Friday,3:55 PM,50,Cross Road,"CURVED, VIEW OPEN",Level,Not Applicable,Sealed,Dry,Not Raining,Daylight,Right Angle,2,Driver Rider,2: MI,Give Way Sign,,,1331474.2,1687015.62,1.33147E+13
2019-8401-8/07/2020,2 Metropolitan,WINGFIELD,5013,CITY OF PORT ADELAIDE ENFIELD,3,1,0,0,1,2019,August,Saturday,3:30 PM,60,Divided Road,Straight road,Level,Not Applicable,Sealed,Dry,Not Raining,Daylight,Rear End,1,Driver Rider,2: MI,No Control,,,1326243.33,1679170.6,1.32624E+13
2019-8402-8/07/2020,2 Metropolitan,LONSDALE,5160,CITY OF ONKAPARINGA,2,1,0,0,1,2019,August,Friday,2:00 PM,60,Divided Road,Straight road,Level,Not Applicable,Sealed,Dry,Not Raining,Daylight,Rear End,1,Driver Rider,2: MI,No Control,,,1318532.57,1650951.22,1.31853E+13
2019-8403-8/07/2020,3 Country,SOLOMONTOWN,5540,PT.PIRIE CITY & DIST. COUNCIL ,2,1,0,0,1,2019,August,Friday,3:35 PM,50,Not Divided,Straight road,Level,Not Applicable,Sealed,Dry,Not Raining,Daylight,Rear End,1,Driver Rider,2: MI,No Control,,,1280985.79,1865053.4,1.28099E+13
2019-8404-8/07/2020,2 Metropolitan,ELIZABETH GROVE,5112,CITY OF PLAYFORD.,3,0,0,0,0,2019,August,Friday,4:40 PM,80,Divided Road,Straight road,Level,Not Applicable,Sealed,Dry,Not Raining,Daylight,Rear End,1,Driver Rider,1: PDO,No Control,,,1336120.23,1691288.08,1.33612E+13
2019-8405-8/07/2020,2 Metropolitan,MILE END SOUTH,5031,CITY OF WEST TORRENS,2,0,0,0,0,2019,August,Friday,2:50 PM,60,T-Junction,Straight road,Level,Not Applicable,Sealed,Dry,Not Raining,Daylight,Right Turn,1,Driver Rider,1: PDO,No Control,,,1325878.64,1670081.21,1.32588E+13
2019-8406-8/07/2020,1 City,ADELAIDE,5000,CITY OF ADELAIDE,3,0,0,0,0,2019,August,Friday,5:30 PM,50,Not Divided,Straight road,Level,Not Applicable,Sealed,Dry,Not Raining,Daylight,Rear End,1,Driver Rider,1: PDO,No Control,,,1327924.71,1670533.18,1.32793E+13
2019-8407-8/07/2020,2 Metropolitan,NAILSWORTH,5083,CITY OF PROSPECT,3,0,0,0,0,2019,August,Friday,3:45 PM,60,Divided Road,Straight road,Level,Not Applicable,Sealed,Dry,Not Raining,Daylight,Rear End,1,Driver Rider,1: PDO,No Control,,,1328895.03,1675296.78,1.3289E+13
2019-8408-8/07/2020,2 Metropolitan,ETHELTON,5015,CITY OF PORT ADELAIDE ENFIELD,2,1,0,0,1,2019,August,Friday,5:45 PM,50,T-Junction,Straight road,Level,Not Applicable,Sealed,Dry,Not Raining,Daylight,Right Turn,1,Driver Rider,2: MI,No Control,,,1318890.48,1679449.58,1.31889E+13
2019-8409-8/07/2020,2 Metropolitan,GLOBE DERBY PARK,5110,CITY OF SALISBURY,2,0,0,0,0,2019,August,Friday,5:25 PM,90,T-Junction,Straight road,Level,Not Applicable,Sealed,Dry,Not Raining,Daylight,Right Turn,2,Driver Rider,1: PDO,No Control,,,1328609.44,1686810.92,1.32861E+13
2019-8410-8/07/2020,2 Metropolitan,MOANA,5169,CITY OF ONKAPARINGA,2,1,0,1,0,2019,August,Friday,6:37 PM,50,Not Divided,Straight road,Level,Driveway or Entrance,Sealed,Dry,Not Raining,Night,Right Turn,1,Driver Rider,3: SI,No Control,,,1316146.01,1640735.56,1.31615E+13
2019-8411-8/07/2020,2 Metropolitan,SEACOMBE HEIGHTS,5047,CC MARION.                    ,2,0,0,0,0,2019,August,Friday,8:00 AM,50,Not Divided,Straight road,Level,Not Applicable,Sealed,Dry,Not Raining,Daylight,Rear End,1,Driver Rider,1: PDO,No Control,,,1323119,1658396.61,1.32312E+13
2019-8412-8/07/2020,2 Metropolitan,MORPHETT VALE,5162,CITY OF ONKAPARINGA,2,1,0,0,1,2019,August,Friday,6:40 PM,60,Cross Road,Straight road,Level,Not Applicable,Sealed,Dry,Not Raining,Night,Right Angle,1,Driver Rider,2: MI,Roundabout,,,1321935.14,1649890.39,1.32194E+13
2019-8413-8/07/2020,2 Metropolitan,WAYVILLE,5034,CITY OF UNLEY,4,0,0,0,0,2019,August,Friday,6:50 PM,60,Cross Road,Straight road,Level,Not Applicable,Sealed,Dry,Not Raining,Night,Rear End,1,Driver Rider,1: PDO,Traffic Signals,,,1326893.44,1668904.96,1.32689E+13
2019-8414-8/07/2020,1 City,ADELAIDE,5000,CITY OF ADELAIDE,2,0,0,0,0,2019,August,Friday,8:15 PM,50,Divided Road,Straight road,Level,Not Applicable,Sealed,Dry,Not Raining,Night,Side Swipe,2,Driver Rider,1: PDO,No Control,,,1327591.28,1670322.24,1.32759E+13
2019-8415-8/07/2020,3 Country,SECOND VALLEY,5204,DC YANKALILLA.                ,2,2,0,2,0,2019,August,Friday,4:40 PM,100,Not Divided,"CURVED, VIEW OPEN",Level,Not Applicable,Sealed,Dry,Not Raining,Daylight,Head On,1,Driver Rider,3: SI,No Control,,,1292036.11,1604276.19,1.29204E+13
2019-8416-8/07/2020,2 Metropolitan,MAYLANDS,5069,"CC OF NORWOOD,PAYNEHAM & ST PETERS",2,0,0,0,0,2019,August,Friday,7:55 PM,50,Not Divided,Straight road,Level,Not Applicable,Sealed,Dry,Not Raining,Night,Hit Parked Vehicle,1,Driver Rider,1: PDO,No Control,,,1331801.89,1672166.39,1.3318E+13
2019-8417-8/07/2020,2 Metropolitan,CRAFERS,5152,THE ADELAIDE HILLS COUNCIL,2,0,0,0,0,2019,August,Friday,11:30 PM,60,Not Divided,"CURVED, VIEW OBSCURED",Slope,Not Applicable,Sealed,Wet,Not Raining,Night,Hit Fixed Object,1,Driver Rider,1: PDO,No Control,,,1338198.59,1663599.28,1.3382E+13
2019-8418-8/07/2020,2 Metropolitan,LINDEN PARK,5065,CITY OF BURNSIDE,2,2,0,2,0,2019,August,Saturday,12:30 AM,50,Not Divided,Straight road,Level,Not Applicable,Sealed,Dry,Not Raining,Night,Hit Fixed Object,1,Driver Rider,3: SI,No Control,,,1332557.95,1668748.94,1.33256E+13
2019-8419-8/07/2020,2 Metropolitan,CAMDEN PARK,5038,CITY OF WEST TORRENS,2,0,0,0,0,2019,August,Saturday,2:16 AM,60,T-Junction,Straight road,Level,Not Applicable,Sealed,Dry,Not Raining,Night,Hit Fixed Object,1,Driver Rider,1: PDO,Roundabout,,,1322615.66,1666104.64,1.32262E+13
2019-8420-8/07/2020,2 Metropolitan,GLENELG NORTH,5045,CITY OF HOLDFAST BAY,2,2,0,0,2,2019,August,Saturday,2:10 AM,60,Cross Road,Straight road,Level,Not Applicable,Sealed,Dry,Not Raining,Night,Right Turn,2,Driver Rider,2: MI,Traffic Signals,,,1321014.42,1665321.69,1.32101E+13
2019-8421-8/07/2020,2 Metropolitan,GLENGOWRIE,5044,CC MARION.                    ,3,2,0,1,1,2019,August,Saturday,3:10 AM,60,Not Divided,Straight road,Level,Not Applicable,Sealed,Dry,Not Raining,Night,Hit Parked Vehicle,1,Driver Rider,3: SI,No Control,,,1322642.72,1665147.62,1.32264E+13
2019-8422-8/07/2020,1 City,ADELAIDE,5000,CITY OF ADELAIDE,2,0,0,0,0,2019,August,Saturday,8:21 AM,60,Cross Road,"CURVED, VIEW OPEN",Level,Not Applicable,Sealed,Dry,Not Raining,Daylight,Right Turn,1,Driver Rider,1: PDO,Traffic Signals,,,1327395.61,1669542.05,1.3274E+13
2019-8423-8/07/2020,2 Metropolitan,KIDMAN PARK,5025,CITY OF CHARLES STURT,2,1,0,0,1,2019,August,Saturday,9:30 AM,60,Not Divided,Straight road,Crest of Hill,Not Applicable,Sealed,Dry,Not Raining,Daylight,Roll Over,1,Driver Rider,2: MI,No Control,,,1321627.61,1673093.4,1.32163E+13
2019-8424-8/07/2020,2 Metropolitan,FLINDERS PARK,5025,CITY OF CHARLES STURT,2,0,0,0,0,2019,August,Saturday,10:10 AM,60,T-Junction,Straight road,Level,Not Applicable,Sealed,Dry,Not Raining,Daylight,Right Angle,1,Driver Rider,1: PDO,No Control,,,1322523.14,1672347.24,1.32252E+13
2019-8425-8/07/2020,2 Metropolitan,SOUTH PLYMPTON,5038,CC MARION.                    ,2,0,0,0,0,2019,August,Friday,12:15 PM,60,Cross Road,Straight road,Level,Not Applicable,Sealed,Dry,Not Raining,Daylight,Rear End,1,Driver Rider,1: PDO,Traffic Signals,,,1324291.75,1664735.62,1.32429E+13
2019-8426-8/07/2020,3 Country,KINGSTON SE,5275,DC KINGSTON.,4,0,0,0,0,2019,August,Saturday,1:00 AM,60,Pedestrian Crossing,Straight road,Level,Not Applicable,Sealed,Dry,Not Raining,Night,Hit Fixed Object,1,Driver Rider,1: PDO,Other,,,1433532.44,1454546.86,1.43353E+13
2019-8427-8/07/2020,3 Country,COWELL,5602,DC FRANKLIN HARBOR.           ,3,0,0,0,0,2019,August,Saturday,12:15 AM,60,Not Divided,Straight road,Level,Not Applicable,Unsealed,Dry,Not Raining,Night,Hit Animal,2,Animal,1: PDO,No Control,,,1176938.53,1810713.73,1.17694E+13
2019-8428-8/07/2020,2 Metropolitan,WATERLOO CORNER,5110,CITY OF SALISBURY,2,0,0,0,0,2019,August,Friday,1:40 PM,90,T-Junction,"CURVED, VIEW OPEN",Level,Not Applicable,Sealed,Dry,Not Raining,Daylight,Side Swipe,1,Driver Rider,1: PDO,Traffic Signals,,,1327624.24,1692113.17,1.32762E+13
2019-8429-8/07/2020,2 Metropolitan,NORWOOD,5067,"CC OF NORWOOD,PAYNEHAM & ST PETERS",1,1,0,1,0,2019,August,Saturday,9:25 AM,60,Not Divided,Straight road,Level,Not Applicable,Sealed,Dry,Not Raining,Daylight,Roll Over,1,Driver Rider,3: SI,No Control,,,1330643.87,1670483.13,1.33064E+13
2019-8430-8/07/2020,2 Metropolitan,ADELAIDE,5000,CITY OF UNLEY,3,1,0,0,1,2019,August,Saturday,12:45 PM,60,Divided Road,Straight road,Level,Not Applicable,Sealed,Dry,Not Raining,Daylight,Rear End,1,Driver Rider,2: MI,No Control,,,1327836.91,1668946.53,1.32784E+13
2019-8431-8/07/2020,2 Metropolitan,ELIZABETH,5112,CITY OF PLAYFORD.,2,0,0,0,0,2019,August,Saturday,2:00 PM,60,Divided Road,Straight road,Level,Driveway or Entrance,Sealed,Dry,Not Raining,Daylight,Right Angle,2,Driver Rider,1: PDO,No Control,,,1335709.05,1693804.66,1.33571E+13
2019-8432-8/07/2020,2 Metropolitan,SALISBURY NORTH,5108,CITY OF SALISBURY,2,1,0,0,1,2019,August,Saturday,2:00 PM,50,T-Junction,Straight road,Level,Not Applicable,Sealed,Dry,Not Raining,Daylight,Right Angle,2,Driver Rider,2: MI,Give Way Sign,,,1332711.89,1690270.25,1.33271E+13
2019-8433-8/07/2020,3 Country,WALLAROO,5556,COPPER COAST DISTRICT COUNCIL,2,1,0,1,0,2019,August,Saturday,1:00 PM,50,Not Divided,"CURVED, VIEW OPEN",Level,Not Applicable,Sealed,Dry,Not Raining,Daylight,Hit Fixed Object,1,Driver Rider,3: SI,No Control,,,1242933.52,1782966.37,1.24293E+13
2019-8434-8/07/2020,3 Country,ROCKY CAMP,5280,WATTLE RANGE COUNCIL,2,1,0,1,0,2019,August,Saturday,3:30 PM,110,Not Divided,"CURVED, VIEW OPEN",Level,Not Applicable,Sealed,Dry,Not Raining,Daylight,Hit Fixed Object,1,Driver Rider,3: SI,No Control,,,1478717.7,1371293.16,1.47872E+13
2019-8435-8/07/2020,1 City,ADELAIDE,5000,CITY OF ADELAIDE,2,0,0,0,0,2019,August,Wednesday,6:30 PM,50,Not Divided,Straight road,Level,Not Applicable,Sealed,Dry,Not Raining,Night,Hit Pedestrian,1,Driver Rider,1: PDO,No Control,,,1329037.51,1670249.27,1.32904E+13
2019-8436-8/07/2020,2 Metropolitan,ROYAL PARK,5014,CITY OF CHARLES STURT,2,0,0,0,0,2019,August,Saturday,4:35 PM,50,Not Divided,Straight road,Level,Not Applicable,Sealed,Dry,Not Raining,Daylight,Hit Fixed Object,1,Driver Rider,1: PDO,No Control,,,1320125.4,1676606.21,1.32013E+13
2019-8437-8/07/2020,2 Metropolitan,HAHNDORF,5245,DC MT.BARKER.                 ,2,0,0,0,0,2019,August,Saturday,2:00 PM,40,Not Divided,Straight road,Level,Not Applicable,Sealed,Dry,Not Raining,Daylight,Hit Parked Vehicle,2,Driver Rider,1: PDO,No Control,,,1347187.31,1658643.22,1.34719E+13
2019-8438-8/07/2020,2 Metropolitan,PORT ADELAIDE,5015,CITY OF PORT ADELAIDE ENFIELD,2,0,0,0,0,2019,August,Saturday,10:00 AM,50,T-Junction,Straight road,Level,Not Applicable,Sealed,Dry,Not Raining,Daylight,Right Angle,1,Driver Rider,1: PDO,Stop Sign,,,1320424.96,1679414.38,1.32043E+13
2019-8439-8/07/2020,3 Country,PAISLEY,5357,LOXTON WAIKERIE DISTRICT COUNCIL,1,1,0,1,0,2019,August,Saturday,11:30 AM,80,Cross Road,Straight road,Bottom of Hill,Not Applicable,Sealed,Dry,Not Raining,Daylight,Roll Over,1,Driver Rider,3: SI,Give Way Sign,,,1424742.33,1731771.23,1.42474E+13
2019-8440-8/07/2020,2 Metropolitan,MODBURY NORTH,5092,CITY OF TEA TREE GULLY,1,1,0,1,0,2019,August,Saturday,5:25 PM,60,Cross Road,Straight road,Crest of Hill,Not Applicable,Sealed,Dry,Not Raining,Daylight,Roll Over,1,Driver Rider,3: SI,Roundabout,,,1335649.88,1682335.63,1.33565E+13
2019-8441-8/07/2020,2 Metropolitan,PORT NOARLUNGA,5167,CITY OF ONKAPARINGA,2,1,0,0,1,2019,August,Thursday,8:50 AM,60,Not Divided,Straight road,Slope,Not Applicable,Sealed,Dry,Not Raining,Daylight,Rear End,2,Driver Rider,2: MI,No Control,,,1316791.94,1646596.32,1.31679E+13
2019-8442-8/07/2020,2 Metropolitan,YATTALUNGA,5114,CITY OF PLAYFORD.,3,0,0,0,0,2019,August,Saturday,8:50 PM,100,Not Divided,"CURVED, VIEW OBSCURED",Level,Not Applicable,Sealed,Dry,Not Raining,Night,Hit Fixed Object,1,Driver Rider,1: PDO,No Control,,,1349249.03,1695301.25,1.34925E+13
2019-8443-8/07/2020,3 Country,GLENBURNIE,5291,DISTRICT COUNCIL OF GRANT,1,0,0,0,0,2019,August,Saturday,4:30 PM,100,Not Divided,"CURVED, VIEW OPEN",Slope,Not Applicable,Unsealed,Wet,Raining,Daylight,Roll Over,1,Driver Rider,1: PDO,No Control,,,1524645.35,1340924.6,1.52465E+13
2019-8444-8/07/2020,2 Metropolitan,GREENHILL,5140,THE ADELAIDE HILLS COUNCIL,2,0,0,0,0,2019,August,Sunday,2:08 AM,80,Not Divided,"CURVED, VIEW OPEN",Slope,Not Applicable,Sealed,Dry,Not Raining,Night,Hit Fixed Object,1,Driver Rider,1: PDO,No Control,,,1338634.9,1666699.97,1.33864E+13
2019-8445-8/07/2020,3 Country,WARD HILL,5522,BARUNGA WEST DISTRICT COUNCIL,2,0,0,0,0,2019,August,Saturday,7:00 PM,100,Cross Road,"CURVED, VIEW OBSCURED",Level,Not Applicable,Unsealed,Dry,Not Raining,Night,Roll Over,1,Driver Rider,1: PDO,Give Way Sign,,,1265666.16,1805664.67,1.26567E+13
2019-8446-8/07/2020,3 Country,MORN HILL,5371,LIGHT REGIONAL COUNCIL,3,0,0,0,0,2019,August,Sunday,5:00 AM,100,Not Divided,Straight road,Level,Not Applicable,Sealed,Dry,Not Raining,Night,Hit Fixed Object,1,Driver Rider,1: PDO,No Control,,,1344286.95,1727286.03,1.34429E+13
2019-8447-8/07/2020,2 Metropolitan,GILBERTON,5081,WALKERVILLE TOWN COUNCIL,2,0,0,0,0,2019,August,Saturday,5:45 PM,60,T-Junction,Straight road,Level,Not Applicable,Sealed,Dry,Not Raining,Daylight,Rear End,2,Driver Rider,1: PDO,No Control,,,1330004.64,1673692.02,1.33001E+13
2019-8448-8/07/2020,2 Metropolitan,DRY CREEK,5094,CITY OF SALISBURY,3,0,0,0,0,2019,August,Saturday,1:30 PM,90,T-Junction,"CURVED, VIEW OPEN",Level,Not Applicable,Sealed,Dry,Not Raining,Daylight,Rear End,1,Driver Rider,1: PDO,Traffic Signals,,,1328672.58,1683237.82,1.32867E+13
2019-8449-8/07/2020,3 Country,BAROSSA GOLDFIELDS,5351,THE BAROSSA COUNCIL.,1,0,0,0,0,2019,August,Sunday,11:10 AM,60,Not Divided,"CURVED, VIEW OBSCURED",Crest of Hill,Not Applicable,Unsealed,Dry,Not Raining,Daylight,Roll Over,1,Driver Rider,1: PDO,No Control,,,1348675.16,1700351.84,1.34868E+13
2019-8450-8/07/2020,2 Metropolitan,GEPPS CROSS,5094,CITY OF PORT ADELAIDE ENFIELD,3,1,0,0,1,2019,August,Sunday,11:50 AM,60,Divided Road,Straight road,Level,Not Applicable,Sealed,Dry,Not Raining,Daylight,Rear End,1,Driver Rider,2: MI,No Control,,,1328602.81,1679273.13,1.3286E+13
2019-8451-8/07/2020,2 Metropolitan,MORPHETT VALE,5162,CITY OF ONKAPARINGA,4,0,0,0,0,2019,August,Sunday,1:20 PM,60,Divided Road,Straight road,Level,Not Applicable,Sealed,Dry,Not Raining,Daylight,Rear End,2,Driver Rider,1: PDO,No Control,,,1321084.82,1650881.98,1.32109E+13
2019-8452-8/07/2020,2 Metropolitan,KENSINGTON,5068,"CC OF NORWOOD,PAYNEHAM & ST PETERS",2,1,0,0,1,2019,August,Thursday,6:00 PM,60,Cross Road,Straight road,Level,Not Applicable,Sealed,Dry,Not Raining,Night,Hit Pedestrian,2,Driver Rider,2: MI,Traffic Signals,,,1332259.75,1671076.47,1.33226E+13
2019-8453-8/07/2020,2 Metropolitan,NOARLUNGA DOWNS,5168,CITY OF ONKAPARINGA,2,1,0,1,0,2019,August,Sunday,2:30 PM,80,Divided Road,"CURVED, VIEW OPEN",Level,Not Applicable,Sealed,Dry,Not Raining,Daylight,Hit Fixed Object,1,Driver Rider,3: SI,No Control,,,1318718.47,1643798.11,1.31872E+13
2019-8454-8/07/2020,2 Metropolitan,PARK HOLME,5043,CC MARION.                    ,2,0,0,0,0,2019,August,Sunday,7:30 AM,50,Not Divided,Straight road,Level,Not Applicable,Sealed,Dry,Not Raining,Daylight,Hit Parked Vehicle,2,Driver Rider,1: PDO,No Control,,,1323974.55,1663897.21,1.32398E+13
2019-8455-8/07/2020,2 Metropolitan,KLEMZIG,5087,CITY OF PORT ADELAIDE ENFIELD,2,1,0,0,1,2019,August,Sunday,3:17 PM,60,Cross Road,Straight road,Slope,Not Applicable,Sealed,Dry,Not Raining,Daylight,Right Turn,2,Driver Rider,2: MI,Traffic Signals,,,1331690.63,1676251.12,1.33169E+13
2019-8456-8/07/2020,2 Metropolitan,BURTON,5110,CITY OF SALISBURY,2,0,0,0,0,2019,August,Friday,9:00 PM,70,Not Divided,Straight road,Level,Driveway or Entrance,Sealed,Dry,Not Raining,Night,Right Angle,1,Driver Rider,1: PDO,No Control,,,1329202.99,1691580.6,1.3292E+13
2019-8457-8/07/2020,3 Country,LOWER LIGHT,5501,DC MALLALA.                   ,2,2,0,1,1,2019,August,Sunday,2:00 PM,100,Not Divided,"CURVED, VIEW OBSCURED",Level,Not Applicable,Unsealed,Dry,Not Raining,Daylight,Head On,1,Driver Rider,3: SI,No Control,,,1304148.54,1717522.02,1.30415E+13
2019-8458-8/07/2020,2 Metropolitan,MAWSON LAKES,5095,CITY OF SALISBURY,2,0,0,0,0,2019,August,Sunday,11:30 AM,60,T-Junction,Straight road,Level,Not Applicable,Sealed,Dry,Not Raining,Daylight,Right Turn,1,Driver Rider,1: PDO,No Control,,,1330821.38,1683029.87,1.33082E+13
2019-8459-8/07/2020,3 Country,BLACKFELLOWS CREEK,5201,ALEXANDRINA COUNCIL,1,1,0,1,0,2019,August,Sunday,2:00 PM,100,Not Divided,Straight road,Level,Not Applicable,Sealed,Dry,Not Raining,Daylight,Roll Over,1,Driver Rider,3: SI,No Control,,,1337341.81,1635339.77,1.33734E+13
2019-8460-8/07/2020,3 Country,KAPUNDA,5373,LIGHT REGIONAL COUNCIL,2,2,0,0,2,2019,August,Sunday,3:00 PM,50,Not Divided,Straight road,Level,Not Applicable,Sealed,Dry,Not Raining,Daylight,Head On,1,Driver Rider,2: MI,No Control,,,1359541.23,1734325.96,1.35954E+13
2019-8461-8/07/2020,2 Metropolitan,KLEMZIG,5087,CITY OF PORT ADELAIDE ENFIELD,2,0,0,0,0,2019,August,Sunday,5:30 PM,60,Cross Road,Straight road,Level,Not Applicable,Sealed,Dry,Not Raining,Daylight,Right Angle,2,Driver Rider,1: PDO,Give Way Sign,,,1331318.59,1675941.63,1.33132E+13
2019-8462-8/07/2020,2 Metropolitan,PARACOMBE,5132,THE ADELAIDE HILLS COUNCIL,1,2,0,0,2,2019,August,Sunday,5:40 PM,80,Not Divided,"CURVED, VIEW OBSCURED",Slope,Not Applicable,Sealed,Dry,Not Raining,Daylight,Roll Over,1,Driver Rider,2: MI,No Control,,,1343763.8,1677217.35,1.34376E+13
2019-8463-8/07/2020,2 Metropolitan,CLELAND,5152,THE ADELAIDE HILLS COUNCIL,3,4,0,0,4,2019,August,Sunday,7:51 PM,80,Not Divided,"CURVED, VIEW OBSCURED",Slope,Not Applicable,Sealed,Dry,Not Raining,Night,Hit Fixed Object,1,Driver Rider,2: MI,No Control,,,1338440.81,1665825.34,1.33844E+13
2019-8464-8/07/2020,2 Metropolitan,ALBERT PARK,5014,CITY OF CHARLES STURT,3,0,0,0,0,2019,August,Sunday,9:20 PM,60,Cross Road,Straight road,Level,Not Applicable,Sealed,Dry,Not Raining,Night,Rear End,1,Driver Rider,1: PDO,Traffic Signals,,,1322118.29,1676363.89,1.32212E+13
2019-8465-8/07/2020,2 Metropolitan,WAYVILLE,5034,CITY OF UNLEY,2,0,0,0,0,2019,August,Sunday,9:43 PM,50,Not Divided,Straight road,Level,Not Applicable,Sealed,Dry,Not Raining,Night,Hit Fixed Object,1,Driver Rider,1: PDO,No Control,,,1327750.72,1668671.88,1.32775E+13
2019-8466-8/07/2020,3 Country,TINTINARA,5266,COORONG DISTRICT COUNCIL,1,0,0,0,0,2019,August,Sunday,8:50 PM,110,Not Divided,"CURVED, VIEW OPEN",Level,Not Applicable,Sealed,Dry,Not Raining,Night,Roll Over,1,Driver Rider,1: PDO,No Control,,,1459677.84,1556017.98,1.45968E+13
2019-8467-8/07/2020,3 Country,WATTLE FLAT,5203,DC YANKALILLA.                ,2,0,0,0,0,2019,August,Sunday,4:23 PM,100,Not Divided,"CURVED, VIEW OBSCURED",Slope,Not Applicable,Sealed,Dry,Not Raining,Daylight,Head On,2,Driver Rider,1: PDO,No Control,,,1309755.9,1616210.46,1.30976E+13
2019-8468-8/07/2020,2 Metropolitan,KILBURN,5084,CITY OF PORT ADELAIDE ENFIELD,2,0,0,0,0,2019,August,Sunday,7:00 PM,50,Not Divided,Straight road,Level,Not Applicable,Sealed,Dry,Not Raining,Night,Side Swipe,2,Driver Rider,1: PDO,No Control,,,1328037.46,1677370.5,1.32804E+13