REPORT_ID,Stats Area,Suburb,Postcode,LGA Name,Total Units,Total Cas,Total Fats,Total SI,Total MI,Year,Month,Day,Time,Area Speed,Position Type,Horizontal Align,Vertical Align,Other Feat,Road Surface,Moisture Cond,Weather Cond,DayNight,Crash Type,Unit Resp,Entity Code,CSEF Severity,Traffic Ctrls,DUI Involved,Drugs Involved,ACCLOC_X,ACCLOC_Y,UNIQUE_LOC
2019-8469-8/07/2020,3 Country,CAMBRAI,5353,MID MURRAY DISTRICT COUNCIL,1,1,0,0,1,2019,August,Sunday,1:00 PM,50,Not Divided,Straight road,Level,Not Applicable,Unsealed,Dry,Not Raining,Daylight,Roll Over,1,Driver Rider,2: MI,No Control,,,1389155.61,1697032.01,1.38916E+13
2019-8470-8/07/2020,3 Country,WARNERTOWN,5540,PT.PIRIE CITY & DIST. COUNCIL ,2,0,0,0,0,2019,August,Sunday,11:30 PM,100,Not Divided,Straight road,Level,Not Applicable,Sealed,Dry,Not Raining,Night,Hit Fixed Object,1,Driver Rider,1: PDO,No Control,,Y,1287283.12,1862799.07,1.28728E+13
2019-8471-8/07/2020,3 Country,COONDAMBO,5719,,1,1,0,0,1,2019,August,Sunday,6:45 PM,100,Not Divided,"CURVED, VIEW OPEN",Level,Not Applicable,Unsealed,Dry,Not Raining,Night,Roll Over,1,Driver Rider,2: MI,No Control,,,1058963.85,2115306.7,1.05896E+13
2019-8472-8/07/2020,2 Metropolitan,TWO WELLS,5501,DC MALLALA.                   ,2,2,0,0,2,2019,August,Monday,7:50 AM,100,T-Junction,Straight road,Level,Not Applicable,Sealed,Dry,Not Raining,Daylight,Right Angle,1,Driver Rider,2: MI,Give Way Sign,,,1325592.53,1707746.22,1.32559E+13
2019-8473-8/07/2020,1 City,ADELAIDE,5000,CITY OF ADELAIDE,2,0,0,0,0,2019,August,Friday,5:30 PM,50,Divided Road,Straight road,Level,Driveway or Entrance,Sealed,Dry,Not Raining,Daylight,Right Angle,2,Driver Rider,1: PDO,No Control,,,1329229.33,1671067.56,1.32923E+13
2019-8474-8/07/2020,2 Metropolitan,INGLE FARM,5098,CITY OF SALISBURY,2,0,0,0,0,2019,August,Sunday,11:20 AM,50,T-Junction,"CURVED, VIEW OPEN",Level,Not Applicable,Sealed,Dry,Not Raining,Daylight,Right Angle,1,Driver Rider,1: PDO,No Control,,,1331965.13,1680913.49,1.33197E+13
2019-8475-8/07/2020,2 Metropolitan,PROSPECT,5082,CITY OF PROSPECT,2,0,0,0,0,2019,August,Friday,6:35 PM,60,Divided Road,Straight road,Level,Not Applicable,Sealed,Dry,Not Raining,Night,Rear End,2,Driver Rider,1: PDO,No Control,,,1327728.04,1676413.74,1.32773E+13
2019-8476-8/07/2020,2 Metropolitan,MILLSWOOD,5034,CITY OF UNLEY,2,0,0,0,0,2019,August,Monday,8:20 AM,50,T-Junction,Straight road,Level,Not Applicable,Sealed,Dry,Not Raining,Daylight,Side Swipe,2,Driver Rider,1: PDO,Stop Sign,,,1327473.12,1667380.9,1.32747E+13
2019-8477-8/07/2020,2 Metropolitan,HOLDEN HILL,5088,CITY OF TEA TREE GULLY,2,0,0,0,0,2019,August,Monday,10:17 AM,60,T-Junction,Straight road,Level,Not Applicable,Sealed,Dry,Not Raining,Daylight,Right Turn,2,Driver Rider,1: PDO,Traffic Signals,,,1334713.27,1678543.84,1.33471E+13
2019-8478-8/07/2020,2 Metropolitan,CAMPBELLTOWN,5074,CC CAMPBELLTOWN.              ,2,0,0,0,0,2019,August,Monday,10:45 AM,60,T-Junction,Straight road,Slope,Not Applicable,Sealed,Dry,Not Raining,Daylight,Rear End,2,Driver Rider,1: PDO,No Control,,,1335396.86,1675023.91,1.3354E+13
2019-8479-8/07/2020,2 Metropolitan,GAWLER BELT,5118,LIGHT REGIONAL COUNCIL,2,0,0,0,0,2019,August,Tuesday,3:28 PM,110,T-Junction,Straight road,Level,Not Applicable,Sealed,Dry,Not Raining,Daylight,Side Swipe,2,Driver Rider,1: PDO,No Control,,,1341705.93,1707247.5,1.34171E+13
2019-8480-8/07/2020,3 Country,MOUNT CRAWFORD,5351,THE BAROSSA COUNCIL.,2,0,0,0,0,2019,August,Sunday,6:15 PM,100,Not Divided,Straight road,Level,Not Applicable,Sealed,Dry,Not Raining,Night,Hit Animal,2,Animal,1: PDO,No Control,,,1360886.26,1687923.94,1.36089E+13
2019-8481-8/07/2020,2 Metropolitan,SALISBURY,5108,CITY OF SALISBURY,2,0,0,0,0,2019,August,Monday,11:45 AM,50,T-Junction,Straight road,Level,Not Applicable,Sealed,Dry,Not Raining,Daylight,Hit Fixed Object,1,Driver Rider,1: PDO,Roundabout,,,1334109.3,1688308.43,1.33411E+13
2019-8482-8/07/2020,3 Country,MURRAY BRIDGE,5253,RC MURRAY BRIDGE.             ,2,1,0,1,0,2019,August,Monday,10:50 AM,50,Cross Road,Straight road,Slope,Not Applicable,Sealed,Dry,Not Raining,Daylight,Hit Pedestrian,1,Driver Rider,3: SI,Traffic Signals,,,1389252.78,1647025.09,1.38925E+13
2019-8483-8/07/2020,2 Metropolitan,NEWTON,5074,CC CAMPBELLTOWN.              ,3,1,0,0,1,2019,August,Monday,11:50 AM,60,Not Divided,Straight road,Slope,Not Applicable,Sealed,Dry,Not Raining,Daylight,Hit Fixed Object,1,Driver Rider,2: MI,No Control,,,1336713.41,1675801.65,1.33671E+13
2019-8484-8/07/2020,3 Country,MURRAY BRIDGE,5253,RC MURRAY BRIDGE.             ,2,0,0,0,0,2019,August,Monday,10:50 AM,50,Not Divided,Straight road,Level,Not Applicable,Sealed,Dry,Not Raining,Daylight,Hit Parked Vehicle,1,Driver Rider,1: PDO,No Control,,,1390943.46,1644885.73,1.39094E+13
2019-8485-8/07/2020,2 Metropolitan,MAGILL,5072,CC CAMPBELLTOWN.              ,2,1,0,0,1,2019,August,Sunday,5:42 PM,50,Not Divided,Straight road,Level,Not Applicable,Sealed,Dry,Not Raining,Daylight,Rear End,2,Driver Rider,2: MI,No Control,,,1336292.88,1672317.72,1.33629E+13
2019-8486-8/07/2020,2 Metropolitan,LONSDALE,5160,CITY OF ONKAPARINGA,2,1,0,0,1,2019,August,Monday,11:20 AM,70,T-Junction,Straight road,Level,Not Applicable,Sealed,Dry,Not Raining,Daylight,Right Angle,1,Driver Rider,2: MI,No Control,,,1318879.72,1650968.79,1.31888E+13
2019-8487-8/07/2020,2 Metropolitan,FORESTVILLE,5035,CITY OF UNLEY,2,1,0,1,0,2019,August,Wednesday,8:20 AM,40,T-Junction,Straight road,Level,Not Applicable,Sealed,Dry,Not Raining,Daylight,Right Angle,2,Driver Rider,3: SI,Stop Sign,,,1326682.88,1668153.74,1.32668E+13
2019-8488-8/07/2020,2 Metropolitan,LONSDALE,5160,CITY OF ONKAPARINGA,2,0,0,0,0,2019,August,Monday,11:30 AM,70,T-Junction,Straight road,Level,Not Applicable,Sealed,Dry,Not Raining,Daylight,Right Angle,2,Driver Rider,1: PDO,No Control,,,1318879.72,1650968.79,1.31888E+13
2019-8489-8/07/2020,2 Metropolitan,MAYLANDS,5069,"CC OF NORWOOD,PAYNEHAM & ST PETERS",2,0,0,0,0,2019,August,Monday,12:49 PM,60,Cross Road,Straight road,Level,Not Applicable,Sealed,Dry,Not Raining,Daylight,Side Swipe,1,Driver Rider,1: PDO,Traffic Signals,,,1332227.63,1671761.35,1.33223E+13
2019-8490-8/07/2020,2 Metropolitan,PARAFIELD GARDENS,5107,CITY OF SALISBURY,4,2,0,0,2,2019,August,Monday,2:00 PM,50,Not Divided,Straight road,Level,Not Applicable,Sealed,Dry,Not Raining,Daylight,Hit Parked Vehicle,1,Driver Rider,2: MI,No Control,,,1330467.79,1686043.07,1.33047E+13
2019-8491-8/07/2020,1 City,NORTH ADELAIDE,5006,CITY OF ADELAIDE,2,0,0,0,0,2019,August,Thursday,3:50 PM,50,Divided Road,Straight road,Level,Not Applicable,Sealed,Dry,Not Raining,Daylight,Hit Parked Vehicle,2,Driver Rider,1: PDO,No Control,,,1328093.74,1673245.1,1.32809E+13
2019-8492-8/07/2020,1 City,ADELAIDE,5000,CITY OF ADELAIDE,2,1,0,0,1,2019,August,Monday,8:45 AM,60,Not Divided,"CURVED, VIEW OPEN",Level,Not Applicable,Sealed,Dry,Not Raining,Daylight,Rear End,2,Driver Rider,2: MI,No Control,,,1330411.19,1670403.24,1.33041E+13
2019-8493-8/07/2020,3 Country,TANTANOOLA,5280,WATTLE RANGE COUNCIL,3,0,0,0,0,2019,August,Monday,2:55 PM,100,Not Divided,Straight road,Level,Driveway or Entrance,Sealed,Dry,Not Raining,Daylight,Side Swipe,2,Driver Rider,1: PDO,No Control,,Y,1479729.01,1358031.25,1.47973E+13
2019-8494-8/07/2020,2 Metropolitan,NORTHFIELD,5085,CITY OF PORT ADELAIDE ENFIELD,2,0,0,0,0,2019,August,Monday,3:00 PM,60,Divided Road,Straight road,Level,Not Applicable,Sealed,Dry,Not Raining,Daylight,Hit Parked Vehicle,1,Driver Rider,1: PDO,No Control,,,1330396.67,1678177.12,1.3304E+13
2019-8495-8/07/2020,2 Metropolitan,FINDON,5023,CITY OF CHARLES STURT,4,0,0,0,0,2019,August,Monday,3:15 PM,60,Cross Road,"CURVED, VIEW OBSCURED",Level,Not Applicable,Sealed,Dry,Not Raining,Daylight,Side Swipe,1,Driver Rider,1: PDO,Traffic Signals,,,1322391.64,1674259.27,1.32239E+13
2019-8496-8/07/2020,2 Metropolitan,HAWTHORNDENE,5051,CC MITCHAM.                   ,2,0,0,0,0,2019,August,Monday,2:03 PM,50,Not Divided,Straight road,Slope,Not Applicable,Sealed,Dry,Not Raining,Daylight,Hit Parked Vehicle,1,Driver Rider,1: PDO,No Control,,,1330531.3,1659056.49,1.33053E+13
2019-8497-8/07/2020,2 Metropolitan,FIRLE,5070,"CC OF NORWOOD,PAYNEHAM & ST PETERS",2,0,0,0,0,2019,August,Monday,4:05 PM,60,Divided Road,Straight road,Level,Median Opening (not at I/S),Sealed,Dry,Not Raining,Daylight,Hit Fixed Object,1,Driver Rider,1: PDO,No Control,,,1333819.37,1673078.9,1.33382E+13
2019-8498-8/07/2020,1 City,NORTH ADELAIDE,5006,CITY OF ADELAIDE,2,0,0,0,0,2019,August,Monday,4:00 PM,50,Cross Road,Straight road,Level,Not Applicable,Sealed,Dry,Not Raining,Daylight,Side Swipe,2,Driver Rider,1: PDO,Traffic Signals,,,1329586.59,1672940.18,1.32959E+13
2019-8499-8/07/2020,2 Metropolitan,MARINO,5049,CC MARION.                    ,1,0,0,0,0,2019,August,Monday,5:08 PM,50,T-Junction,Straight road,Level,Not Applicable,Sealed,Dry,Not Raining,Daylight,Left Road - Out of Control,1,Driver Rider,1: PDO,No Control,,,1320032.63,1657380.63,1.32003E+13
2019-8500-8/07/2020,2 Metropolitan,ELIZABETH DOWNS,5113,CITY OF PLAYFORD.,2,0,0,0,0,2019,August,Monday,4:25 AM,50,Not Divided,Straight road,Level,Not Applicable,Sealed,Dry,Not Raining,Night,Hit Fixed Object,1,Driver Rider,1: PDO,No Control,,,1338519.78,1695902.34,1.33852E+13
2019-8501-8/07/2020,2 Metropolitan,PASADENA,5042,CC MITCHAM.                   ,2,0,0,0,0,2019,August,Monday,6:42 PM,60,T-Junction,Straight road,Level,Not Applicable,Sealed,Dry,Not Raining,Night,Hit Pedestrian,1,Driver Rider,1: PDO,Traffic Signals,,,1327304.21,1662221.6,1.3273E+13
2019-8502-8/07/2020,2 Metropolitan,WALKERVILLE,5081,WALKERVILLE TOWN COUNCIL,2,0,0,0,0,2019,August,Monday,4:00 PM,50,Not Divided,Straight road,Level,Not Applicable,Sealed,Dry,Not Raining,Daylight,Right Angle,1,Driver Rider,1: PDO,No Control,,,1330228.61,1673847.63,1.33023E+13
2019-8503-8/07/2020,3 Country,WILLIAMSTOWN,5351,THE BAROSSA COUNCIL.,2,0,0,0,0,2019,August,Monday,9:30 PM,100,Not Divided,Straight road,Level,Not Applicable,Sealed,Dry,Not Raining,Night,Hit Fixed Object,1,Driver Rider,1: PDO,No Control,,,1355956.52,1699906.17,1.35596E+13
2019-8504-8/07/2020,2 Metropolitan,WILLUNGA SOUTH,5172,CITY OF ONKAPARINGA,2,1,0,1,0,2019,August,Monday,7:00 PM,100,Divided Road,Straight road,Slope,Not Applicable,Sealed,Dry,Not Raining,Night,Rear End,2,Driver Rider,3: SI,No Control,,,1324705.09,1630696.52,1.32471E+13
2019-8505-8/07/2020,3 Country,MOYHALL,5271,DC NARACOORTE & LUCINDALE.,2,1,0,1,0,2019,August,Monday,11:40 PM,100,Not Divided,"CURVED, VIEW OPEN",Level,Not Applicable,Unsealed,Wet,Raining,Night,Hit Fixed Object,1,Driver Rider,3: SI,No Control,,,1503533.43,1429314.82,1.50353E+13
2019-8506-8/07/2020,3 Country,LOCHABER,5271,DC NARACOORTE & LUCINDALE.,2,1,0,1,0,2019,August,Monday,4:29 PM,110,Not Divided,Straight road,Level,Not Applicable,Sealed,Dry,Not Raining,Daylight,Head On,1,Driver Rider,3: SI,No Control,,,1503928.28,1458223.92,1.50393E+13
2019-8507-8/07/2020,2 Metropolitan,GLENELG,5045,CITY OF HOLDFAST BAY,2,1,0,1,0,2019,August,Tuesday,6:30 AM,10,Not Divided,Straight road,Level,Not Applicable,Sealed,Dry,Not Raining,Night,Hit Pedestrian,1,Driver Rider,3: SI,No Control,,,1320244.3,1664804.46,1.32024E+13
2019-8508-8/07/2020,2 Metropolitan,EDEN HILLS,5050,CC MITCHAM.                   ,3,0,0,0,0,2019,August,Tuesday,7:50 AM,60,Divided Road,Straight road,Bottom of Hill,Not Applicable,Sealed,Dry,Not Raining,Daylight,Rear End,1,Driver Rider,1: PDO,No Control,,,1328019.09,1659392.47,1.32802E+13
2019-8509-8/07/2020,2 Metropolitan,SALISBURY PLAIN,5109,CITY OF SALISBURY,3,0,0,0,0,2019,August,Tuesday,8:18 AM,80,Divided Road,Straight road,Level,Not Applicable,Sealed,Dry,Not Raining,Daylight,Rear End,1,Driver Rider,1: PDO,No Control,,,1334867.23,1687385.39,1.33487E+13
2019-8510-8/07/2020,2 Metropolitan,SEMAPHORE PARK,5019,CITY OF CHARLES STURT,2,0,0,0,0,2019,August,Tuesday,8:30 AM,50,Not Divided,Straight road,Level,Not Applicable,Sealed,Dry,Not Raining,Daylight,Hit Parked Vehicle,1,Driver Rider,1: PDO,No Control,,,1317845.42,1678189.45,1.31785E+13
2019-8511-8/07/2020,2 Metropolitan,PASADENA,5042,CC MITCHAM.                   ,2,1,0,0,1,2019,August,Tuesday,7:47 AM,60,Divided Road,Straight road,Level,Driveway or Entrance,Sealed,Dry,Not Raining,Daylight,Right Turn,1,Driver Rider,2: MI,No Control,,,1327599.79,1662818.62,1.3276E+13
2019-8512-8/07/2020,2 Metropolitan,KENT TOWN,5067,"CC OF NORWOOD,PAYNEHAM & ST PETERS",2,1,0,0,1,2019,August,Tuesday,9:37 AM,60,Cross Road,"CURVED, VIEW OPEN",Level,Not Applicable,Sealed,Dry,Not Raining,Daylight,Rear End,2,Driver Rider,2: MI,Traffic Signals,,,1329923.35,1671041.33,1.32992E+13
2019-8513-8/07/2020,2 Metropolitan,WINDSOR GARDENS,5087,CITY OF PORT ADELAIDE ENFIELD,2,0,0,0,0,2019,August,Monday,1:40 PM,50,Not Divided,Straight road,Level,Not Applicable,Sealed,Dry,Not Raining,Daylight,Side Swipe,2,Driver Rider,1: PDO,No Control,,,1333888.73,1677714.37,1.33389E+13
2019-8514-8/07/2020,2 Metropolitan,PARK HOLME,5043,CC MARION.                    ,2,0,0,0,0,2019,August,Tuesday,10:00 AM,60,Divided Road,Straight road,Level,Driveway or Entrance,Sealed,Dry,Not Raining,Daylight,Right Angle,2,Driver Rider,1: PDO,No Control,,,1324077.3,1663138.3,1.32408E+13
2019-8515-8/07/2020,2 Metropolitan,PLYMPTON,5038,CITY OF WEST TORRENS,3,0,0,0,0,2019,August,Tuesday,9:05 AM,60,T-Junction,Straight road,Level,Not Applicable,Sealed,Dry,Not Raining,Daylight,Rear End,1,Driver Rider,1: PDO,No Control,,,1324594.87,1666828.32,1.3246E+13
2019-8516-8/07/2020,2 Metropolitan,OLD REYNELLA,5161,CITY OF ONKAPARINGA,2,1,0,0,1,2019,August,Tuesday,9:40 AM,50,Not Divided,Straight road,Level,Not Applicable,Sealed,Dry,Not Raining,Daylight,Side Swipe,1,Driver Rider,2: MI,No Control,,,1321831.89,1651263.04,1.32183E+13
2019-8517-8/07/2020,2 Metropolitan,THEBARTON,5031,CITY OF WEST TORRENS,2,0,0,0,0,2019,August,Tuesday,12:00 PM,60,Divided Road,Straight road,Level,Driveway or Entrance,Sealed,Dry,Not Raining,Daylight,Rear End,1,Driver Rider,1: PDO,No Control,,,1326519.45,1672025.98,1.32652E+13
2019-8518-8/07/2020,2 Metropolitan,MALVERN,5061,CITY OF UNLEY,2,0,0,0,0,2019,August,Tuesday,9:10 AM,50,Not Divided,Straight road,Level,Not Applicable,Sealed,Dry,Not Raining,Daylight,Rear End,1,Driver Rider,1: PDO,No Control,,,1329429.14,1666465.97,1.32943E+13
2019-8519-8/07/2020,2 Metropolitan,WOODVILLE PARK,5011,CITY OF CHARLES STURT,2,0,0,0,0,2019,August,Tuesday,12:50 PM,60,Not Divided,Straight road,Level,Not Applicable,Sealed,Dry,Not Raining,Daylight,Hit Parked Vehicle,1,Driver Rider,1: PDO,No Control,,,1324006.01,1675349.4,1.32401E+13
2019-8520-8/07/2020,2 Metropolitan,PENFIELD GARDENS,5121,CITY OF PLAYFORD.,2,2,0,2,0,2019,August,Tuesday,1:45 PM,110,Freeway,Straight road,Level,Not Applicable,Sealed,Dry,Not Raining,Daylight,Hit Parked Vehicle,2,Driver Rider,3: SI,No Control,,,1328720.06,1696927.27,1.32872E+13
2019-8521-8/07/2020,2 Metropolitan,CAVAN,5094,CITY OF SALISBURY,2,1,0,0,1,2019,August,Tuesday,12:25 PM,70,Cross Road,Straight road,Level,Not Applicable,Sealed,Dry,Not Raining,Daylight,Side Swipe,2,Driver Rider,2: MI,Traffic Signals,,,1328738.64,1681544.36,1.32874E+13
2019-8522-8/07/2020,2 Metropolitan,ELIZABETH PARK,5113,CITY OF PLAYFORD.,2,0,0,0,0,2019,August,Tuesday,2:15 PM,50,Not Divided,Straight road,Level,Not Applicable,Sealed,Dry,Not Raining,Daylight,Head On,2,Driver Rider,1: PDO,No Control,,,1337046.82,1694665.84,1.33705E+13
2019-8523-8/07/2020,2 Metropolitan,ELIZABETH VALE,5112,CITY OF PLAYFORD.,2,1,0,0,1,2019,August,Friday,11:30 AM,60,Cross Road,Straight road,Level,Not Applicable,Sealed,Dry,Not Raining,Daylight,Rear End,2,Driver Rider,2: MI,Roundabout,,,1334450.22,1689811.49,1.33445E+13
2019-8524-8/07/2020,3 Country,KADINA,5554,COPPER COAST DISTRICT COUNCIL,2,1,0,0,1,2019,August,Monday,8:30 AM,100,Cross Road,Straight road,Level,Not Applicable,Sealed,Dry,Not Raining,Daylight,Rear End,1,Driver Rider,2: MI,Give Way Sign,,,1248953.9,1777461.31,1.24895E+13
2019-8525-8/07/2020,2 Metropolitan,TUSMORE,5065,CITY OF BURNSIDE,2,1,0,0,1,2019,August,Tuesday,3:45 PM,60,T-Junction,Straight road,Level,Not Applicable,Sealed,Dry,Not Raining,Daylight,Right Angle,1,Driver Rider,2: MI,No Control,,,1332304.93,1669516.06,1.33231E+13
2019-8526-8/07/2020,2 Metropolitan,MAGILL,5072,CC CAMPBELLTOWN.              ,2,0,0,0,0,2019,August,Tuesday,3:15 PM,60,Not Divided,Straight road,Level,Not Applicable,Sealed,Dry,Not Raining,Daylight,Side Swipe,2,Driver Rider,1: PDO,No Control,,,1335453.59,1672954.9,1.33545E+13
2019-8527-8/07/2020,2 Metropolitan,STURT,5047,CC MARION.                    ,2,1,0,0,1,2019,August,Tuesday,4:44 PM,60,Cross Road,Straight road,Level,Not Applicable,Sealed,Dry,Not Raining,Daylight,Rear End,2,Driver Rider,2: MI,Traffic Signals,,,1324420.13,1660669.19,1.32442E+13
2019-8528-8/07/2020,2 Metropolitan,BOLIVAR,5110,CITY OF SALISBURY,3,2,0,0,2,2019,August,Tuesday,4:45 PM,80,Divided Road,Straight road,Level,Roadworks,Sealed,Dry,Not Raining,Daylight,Rear End,1,Driver Rider,2: MI,No Control,,,1328455,1688622.51,1.32846E+13
2019-8529-8/07/2020,1 City,ADELAIDE,5000,CITY OF ADELAIDE,2,0,0,0,0,2019,August,Tuesday,8:40 AM,50,Cross Road,Straight road,Level,Not Applicable,Sealed,Dry,Not Raining,Daylight,Rear End,2,Driver Rider,1: PDO,Traffic Signals,,,1327977.06,1670816.13,1.32798E+13
2019-8530-8/07/2020,3 Country,CALLANNA,5733,,2,1,0,1,0,2019,August,Tuesday,1:18 PM,100,Not Divided,Straight road,Level,Not Applicable,Unsealed,Dry,Not Raining,Daylight,Rear End,1,Driver Rider,3: SI,No Control,,,1252021.45,2258084.69,1.25202E+13
2019-8531-8/07/2020,2 Metropolitan,PLYMPTON,5038,CITY OF WEST TORRENS,2,0,0,0,0,2019,August,Tuesday,5:15 PM,50,T-Junction,Straight road,Level,Not Applicable,Sealed,Dry,Not Raining,Daylight,Right Angle,2,Driver Rider,1: PDO,No Control,,,1324982.96,1667225.62,1.32498E+13
2019-8532-8/07/2020,3 Country,BLETCHLEY,5255,ALEXANDRINA COUNCIL,2,0,0,0,0,2019,August,Tuesday,6:30 AM,110,Not Divided,Straight road,Level,Not Applicable,Sealed,Dry,Not Raining,Night,Hit Animal,2,Animal,1: PDO,No Control,,,1363931.44,1634145.2,1.36393E+13
2019-8533-8/07/2020,2 Metropolitan,GLENELG SOUTH,5045,CITY OF HOLDFAST BAY,2,0,0,0,0,2019,August,Tuesday,4:20 PM,50,Cross Road,Straight road,Level,Not Applicable,Sealed,Dry,Not Raining,Daylight,Right Angle,2,Driver Rider,1: PDO,Roundabout,,,1320398.15,1664002.19,1.3204E+13
2019-8534-8/07/2020,2 Metropolitan,WAYVILLE,5034,CITY OF UNLEY,3,1,0,0,1,2019,August,Tuesday,6:37 PM,60,Cross Road,"CURVED, VIEW OPEN",Level,Not Applicable,Sealed,Dry,Not Raining,Night,Rear End,2,Driver Rider,2: MI,Traffic Signals,,,1326865.31,1668904.7,1.32687E+13
2019-8535-8/07/2020,2 Metropolitan,GAWLER,5118,CT GAWLER.                    ,3,0,0,0,0,2019,August,Tuesday,7:10 PM,50,Cross Road,Straight road,Level,Not Applicable,Sealed,Dry,Not Raining,Night,Right Angle,1,Driver Rider,1: PDO,Traffic Signals,,,1343262.87,1705915.87,1.34326E+13
2019-8536-8/07/2020,3 Country,BOOKPURNONG,5333,LOXTON WAIKERIE DISTRICT COUNCIL,2,0,0,0,0,2019,August,Tuesday,7:00 PM,110,Not Divided,"CURVED, VIEW OPEN",Unknown,Not Applicable,Sealed,Dry,Not Raining,Night,Hit Fixed Object,1,Driver Rider,1: PDO,No Control,,,1514710.98,1724544.11,1.51471E+13
2019-8537-8/07/2020,2 Metropolitan,PARACOMBE,5132,THE ADELAIDE HILLS COUNCIL,2,0,0,0,0,2019,August,Tuesday,10:05 PM,80,Not Divided,"CURVED, VIEW OBSCURED",Slope,Not Applicable,Sealed,Dry,Not Raining,Night,Hit Fixed Object,1,Driver Rider,1: PDO,No Control,,,1342491.69,1679637.91,1.34249E+13
2019-8538-8/07/2020,2 Metropolitan,YATTALUNGA,5114,CITY OF PLAYFORD.,2,2,0,2,0,2019,August,Wednesday,6:20 AM,80,Not Divided,Straight road,Level,Not Applicable,Sealed,Dry,Not Raining,Night,Head On,1,Driver Rider,3: SI,No Control,,,1345403.55,1695127.73,1.3454E+13
2019-8539-8/07/2020,3 Country,OVERLAND CORNER,5330,THE BERRI BARMERA COUNCIL,2,2,0,1,1,2019,August,Tuesday,1:40 PM,110,Not Divided,Straight road,Level,Not Applicable,Sealed,Dry,Not Raining,Daylight,Roll Over,1,Driver Rider,3: SI,No Control,,,1491005.34,1750164.54,1.49101E+13
2019-8540-8/07/2020,2 Metropolitan,MORPHETT VALE,5162,CITY OF ONKAPARINGA,2,0,0,0,0,2019,August,Tuesday,9:30 PM,60,Cross Road,Straight road,Level,Not Applicable,Sealed,Dry,Not Raining,Night,Right Angle,2,Driver Rider,1: PDO,Roundabout,,,1321901.02,1651049.42,1.3219E+13
2019-8541-8/07/2020,2 Metropolitan,SALISBURY SOUTH,5106,CITY OF SALISBURY,3,0,0,0,0,2019,August,Wednesday,7:59 AM,70,Divided Road,Straight road,Level,Not Applicable,Sealed,Dry,Not Raining,Daylight,Rear End,2,Driver Rider,1: PDO,No Control,,,1332421.09,1686065.52,1.33242E+13
2019-8542-8/07/2020,2 Metropolitan,SALISBURY,5108,CITY OF SALISBURY,2,0,0,0,0,2019,August,Wednesday,8:30 AM,60,Multiple,Straight road,Level,Not Applicable,Sealed,Dry,Not Raining,Daylight,Right Angle,1,Driver Rider,1: PDO,Traffic Signals,,,1333632.48,1688660.75,1.33363E+13
2019-8543-8/07/2020,2 Metropolitan,MILE END,5031,CITY OF WEST TORRENS,2,0,0,0,0,2019,August,Wednesday,8:40 AM,60,T-Junction,Straight road,Level,Not Applicable,Sealed,Dry,Not Raining,Daylight,Right Turn,2,Driver Rider,1: PDO,No Control,,,1326080.52,1670999.64,1.32608E+13
2019-8544-8/07/2020,2 Metropolitan,WYNN VALE,5127,CITY OF TEA TREE GULLY,2,1,0,1,0,2019,August,Wednesday,8:55 AM,70,Divided Road,Straight road,Level,Driveway or Entrance,Sealed,Wet,Not Raining,Daylight,Right Angle,1,Driver Rider,3: SI,No Control,,,1336753.68,1684284.23,1.33675E+13
2019-8545-8/07/2020,2 Metropolitan,MORPHETT VALE,5162,CITY OF ONKAPARINGA,4,1,0,0,1,2019,August,Wednesday,9:08 AM,60,T-Junction,Straight road,Level,Not Applicable,Sealed,Dry,Not Raining,Daylight,Right Angle,2,Driver Rider,2: MI,Give Way Sign,,,1320783.4,1649081.81,1.32078E+13
2019-8546-8/07/2020,3 Country,MONTEITH,5254,RC MURRAY BRIDGE.             ,2,0,0,0,0,2019,August,Wednesday,9:15 AM,110,T-Junction,"CURVED, VIEW OPEN",Level,Not Applicable,Sealed,Dry,Not Raining,Daylight,Right Angle,2,Driver Rider,1: PDO,Give Way Sign,,,1393901.39,1643643.46,1.3939E+13
2019-8547-8/07/2020,2 Metropolitan,DRY CREEK,5094,CITY OF PORT ADELAIDE ENFIELD,2,0,0,0,0,2019,August,Tuesday,6:40 PM,90,Interchange,Straight road,Level,Not Applicable,Sealed,Dry,Not Raining,Night,Side Swipe,1,Driver Rider,1: PDO,No Control,,,1324381.11,1681051.99,1.32438E+13
2019-8548-8/07/2020,2 Metropolitan,PENNINGTON,5013,CITY OF CHARLES STURT,2,1,0,0,1,2019,August,Wednesday,10:20 AM,60,Not Divided,Straight road,Level,Driveway or Entrance,Sealed,Dry,Not Raining,Daylight,Right Angle,2,Driver Rider,2: MI,No Control,,,1322283.72,1678273.48,1.32228E+13
2019-8549-8/07/2020,2 Metropolitan,WINGFIELD,5013,CITY OF PORT ADELAIDE ENFIELD,2,0,0,0,0,2019,August,Wednesday,10:38 AM,50,Divided Road,Straight road,Level,Driveway or Entrance,Sealed,Dry,Not Raining,Daylight,Right Angle,1,Driver Rider,1: PDO,No Control,,,1325618.16,1680211.47,1.32562E+13