REPORT_ID,Stats Area,Suburb,Postcode,LGA Name,Total Units,Total Cas,Total Fats,Total SI,Total MI,Year,Month,Day,Time,Area Speed,Position Type,Horizontal Align,Vertical Align,Other Feat,Road Surface,Moisture Cond,Weather Cond,DayNight,Crash Type,Unit Resp,Entity Code,CSEF Severity,Traffic Ctrls,DUI Involved,Drugs Involved,ACCLOC_X,ACCLOC_Y,UNIQUE_LOC
2019-8550-8/07/2020,2 Metropolitan,HOLDEN HILL,5088,CITY OF TEA TREE GULLY,2,0,0,0,0,2019,August,Wednesday,11:30 AM,60,Divided Road,Straight road,Slope,Not Applicable,Sealed,Dry,Not Raining,Daylight,Rear End,2,Driver Rider,1: PDO,No Control,,,1335263.53,1679370,1.33526E+13
2019-8551-8/07/2020,2 Metropolitan,HECTORVILLE,5073,CC CAMPBELLTOWN.              ,2,1,0,0,1,2019,August,Wednesday,9:40 AM,50,T-Junction,Straight road,Level,Not Applicable,Sealed,Dry,Not Raining,Daylight,Right Angle,1,Driver Rider,2: MI,No Control,,,1334282.53,1674010.45,1.33428E+13
2019-8552-8/07/2020,2 Metropolitan,PLYMPTON,5038,CITY OF WEST TORRENS,2,1,0,0,1,2019,August,Wednesday,12:00 PM,60,T-Junction,Straight road,Level,Not Applicable,Sealed,Dry,Not Raining,Daylight,Right Turn,1,Driver Rider,2: MI,Traffic Signals,,,1324215.94,1667044.83,1.32422E+13
2019-8553-8/07/2020,2 Metropolitan,SALISBURY EAST,5109,CITY OF SALISBURY,2,0,0,0,0,2019,August,Tuesday,4:10 PM,60,T-Junction,Straight road,Level,Not Applicable,Sealed,Dry,Not Raining,Daylight,Rear End,2,Driver Rider,1: PDO,Traffic Signals,,,1336485.48,1687419.78,1.33649E+13
2019-8554-8/07/2020,2 Metropolitan,KILKENNY,5009,CITY OF CHARLES STURT,2,2,0,0,2,2019,August,Wednesday,12:20 PM,60,Cross Road,Straight road,Level,Not Applicable,Sealed,Dry,Not Raining,Daylight,Right Angle,2,Driver Rider,2: MI,Stop Sign,,,1324550.61,1676338.68,1.32455E+13
2019-8555-8/07/2020,1 City,ADELAIDE,5000,CITY OF ADELAIDE,2,0,0,0,0,2019,August,Tuesday,1:30 PM,50,Divided Road,Straight road,Level,Not Applicable,Sealed,Dry,Not Raining,Daylight,Side Swipe,2,Driver Rider,1: PDO,No Control,,,1327676.39,1670799.13,1.32768E+13
2019-8556-8/07/2020,2 Metropolitan,FULLARTON,5063,CITY OF UNLEY,2,0,0,0,0,2019,August,Wednesday,9:20 AM,60,T-Junction,Straight road,Level,Not Applicable,Sealed,Wet,Not Raining,Daylight,Rear End,2,Driver Rider,1: PDO,No Control,,,1331752.41,1667349.43,1.33175E+13
2019-8557-8/07/2020,2 Metropolitan,PORT ADELAIDE,5015,CITY OF PORT ADELAIDE ENFIELD,3,2,0,0,2,2019,August,Wednesday,12:55 PM,50,Not Divided,Straight road,Level,Driveway or Entrance,Sealed,Dry,Not Raining,Daylight,Right Turn,2,Driver Rider,2: MI,No Control,,,1320335.13,1679901.84,1.32034E+13
2019-8558-8/07/2020,3 Country,MOONTA,5558,COPPER COAST DISTRICT COUNCIL,2,1,0,0,1,2019,August,Wednesday,1:00 PM,50,T-Junction,Straight road,Level,Not Applicable,Sealed,Dry,Not Raining,Daylight,Rear End,2,Driver Rider,2: MI,No Control,,,1238770.53,1768078.89,1.23877E+13
2019-8559-8/07/2020,3 Country,MOUNT JAGGED,5211,DC VICTOR HARBOR.             ,2,0,0,0,0,2019,August,Wednesday,2:00 PM,100,Not Divided,"CURVED, VIEW OBSCURED",Bottom of Hill,Not Applicable,Sealed,Wet,Raining,Daylight,Hit Fixed Object,1,Driver Rider,1: PDO,No Control,,,1330919.27,1611171.77,1.33092E+13
2019-8560-8/07/2020,2 Metropolitan,PORT ADELAIDE,5015,CITY OF PORT ADELAIDE ENFIELD,2,1,0,0,1,2019,August,Wednesday,2:18 PM,50,T-Junction,Straight road,Level,Driveway or Entrance,Sealed,Wet,Raining,Daylight,Right Angle,1,Driver Rider,2: MI,No Control,,,1320512.02,1679539.15,1.32051E+13
2019-8561-8/07/2020,2 Metropolitan,ELIZABETH,5112,CITY OF PLAYFORD.,1,1,0,0,1,2019,August,Tuesday,1:55 PM,50,Divided Road,Straight road,Level,Driveway or Entrance,Sealed,Dry,Not Raining,Daylight,Roll Over,1,Driver Rider,2: MI,No Control,,,1335490.78,1693712.7,1.33549E+13
2019-8562-8/07/2020,2 Metropolitan,HAWTHORNDENE,5051,CC MITCHAM.                   ,2,0,0,0,0,2019,August,Wednesday,2:08 PM,50,T-Junction,"CURVED, VIEW OBSCURED",Slope,Not Applicable,Sealed,Wet,Raining,Daylight,Hit Fixed Object,1,Driver Rider,1: PDO,No Control,,,1330298.98,1660501.63,1.3303E+13
2019-8563-8/07/2020,2 Metropolitan,HOPE VALLEY,5090,CITY OF TEA TREE GULLY,2,1,0,0,1,2019,August,Wednesday,3:05 PM,60,T-Junction,Straight road,Level,Not Applicable,Sealed,Dry,Not Raining,Daylight,Right Angle,2,Driver Rider,2: MI,Traffic Signals,,,1337389.22,1678140.96,1.33739E+13
2019-8564-8/07/2020,2 Metropolitan,BRAHMA LODGE,5109,CITY OF SALISBURY,2,2,0,0,2,2019,August,Wednesday,3:40 PM,80,Divided Road,Straight road,Level,Not Applicable,Sealed,Dry,Not Raining,Daylight,Rear End,2,Driver Rider,2: MI,No Control,,,1334683.47,1687186.46,1.33468E+13
2019-8565-8/07/2020,2 Metropolitan,BURTON,5110,CITY OF SALISBURY,3,0,0,0,0,2019,August,Wednesday,3:12 PM,90,Divided Road,Straight road,Level,Not Applicable,Sealed,Wet,Not Raining,Daylight,Rear End,1,Driver Rider,1: PDO,No Control,,,1328076.23,1690261.31,1.32808E+13
2019-8566-8/07/2020,2 Metropolitan,FELIXSTOW,5070,"CC OF NORWOOD,PAYNEHAM & ST PETERS",2,1,0,0,1,2019,August,Wednesday,7:24 AM,60,Pedestrian Crossing,Straight road,Level,Not Applicable,Sealed,Dry,Not Raining,Daylight,Rear End,2,Driver Rider,2: MI,Traffic Signals,,,1332769.08,1674074.83,1.33277E+13
2019-8567-8/07/2020,2 Metropolitan,MOUNT BARKER,5251,DC MT.BARKER.                 ,2,1,0,0,1,2019,August,Wednesday,4:10 PM,60,T-Junction,Straight road,Level,Not Applicable,Sealed,Wet,Not Raining,Daylight,Rear End,2,Driver Rider,2: MI,No Control,,,1351046.53,1654767.75,1.35105E+13
2019-8568-8/07/2020,2 Metropolitan,SEAFORD RISE,5169,CITY OF ONKAPARINGA,2,0,0,0,0,2019,August,Wednesday,3:50 PM,70,Cross Road,Straight road,Level,Not Applicable,Sealed,Dry,Not Raining,Daylight,Right Turn,2,Driver Rider,1: PDO,Traffic Signals,,,1316386.82,1641371.18,1.31639E+13
2019-8569-8/07/2020,2 Metropolitan,WINGFIELD,5013,CITY OF PORT ADELAIDE ENFIELD,2,2,0,0,2,2019,August,Wednesday,5:15 PM,90,Divided Road,Straight road,Level,Roadworks,Sealed,Dry,Not Raining,Daylight,Rear End,2,Driver Rider,2: MI,No Control,,,1326296.93,1681047.79,1.3263E+13
2019-8570-8/07/2020,2 Metropolitan,SALISBURY NORTH,5108,CITY OF SALISBURY,2,1,0,0,1,2019,August,Wednesday,2:30 PM,60,Not Divided,Straight road,Level,Not Applicable,Sealed,Wet,Raining,Daylight,Rear End,2,Driver Rider,2: MI,No Control,,,1331955.74,1689399.38,1.33196E+13
2019-8571-8/07/2020,2 Metropolitan,PAYNEHAM,5070,"CC OF NORWOOD,PAYNEHAM & ST PETERS",3,0,0,0,0,2019,August,Wednesday,4:19 PM,60,Cross Road,Straight road,Level,Not Applicable,Sealed,Dry,Not Raining,Daylight,Right Turn,1,Driver Rider,1: PDO,Traffic Signals,,,1332162.99,1673774.81,1.33216E+13
2019-8572-8/07/2020,3 Country,STONE WELL,5352,LIGHT REGIONAL COUNCIL,2,1,0,0,1,2019,August,Wednesday,5:15 PM,80,Not Divided,Straight road,Level,Not Applicable,Sealed,Wet,Raining,Daylight,Hit Fixed Object,1,Driver Rider,2: MI,No Control,,,1361464.34,1716439.02,1.36146E+13
2019-8573-8/07/2020,2 Metropolitan,ALDINGA,5173,CITY OF ONKAPARINGA,3,1,0,0,1,2019,August,Wednesday,4:30 PM,90,Not Divided,Straight road,Level,Not Applicable,Sealed,Dry,Not Raining,Daylight,Rear End,1,Driver Rider,2: MI,No Control,,,1317329.69,1633976.25,1.31733E+13
2019-8574-8/07/2020,2 Metropolitan,PAYNEHAM,5070,"CC OF NORWOOD,PAYNEHAM & ST PETERS",3,0,0,0,0,2019,August,Wednesday,7:30 PM,60,Not Divided,Straight road,Level,Not Applicable,Sealed,Dry,Not Raining,Night,Rear End,1,Driver Rider,1: PDO,No Control,,,1332053.89,1673653.18,1.33205E+13
2019-8575-8/07/2020,2 Metropolitan,GLANDORE,5037,CC MARION.                    ,2,1,0,0,1,2019,August,Tuesday,2:48 PM,60,T-Junction,Straight road,Level,Not Applicable,Sealed,Dry,Not Raining,Daylight,Right Angle,2,Driver Rider,2: MI,No Control,,,1325626.17,1666145.26,1.32563E+13
2019-8576-8/07/2020,2 Metropolitan,HOPE VALLEY,5090,CITY OF TEA TREE GULLY,2,0,0,0,0,2019,August,Wednesday,8:25 PM,50,Not Divided,Straight road,Slope,Not Applicable,Sealed,Dry,Not Raining,Night,Hit Parked Vehicle,1,Driver Rider,1: PDO,No Control,,,1338349.51,1679200.27,1.33835E+13
2019-8577-8/07/2020,3 Country,WILLUNGA HILL,5172,ALEXANDRINA COUNCIL,2,1,0,0,1,2019,August,Wednesday,6:50 PM,100,Not Divided,Straight road,Level,Not Applicable,Sealed,Wet,Not Raining,Night,Hit Fixed Object,9,Other,2: MI,No Control,,,1326658.27,1630129.29,1.32666E+13
2019-8578-8/07/2020,3 Country,WOODCHESTER,5255,ALEXANDRINA COUNCIL,1,0,0,0,0,2019,August,Wednesday,7:35 PM,100,Cross Road,Straight road,Slope,Not Applicable,Unsealed,Dry,Not Raining,Night,Roll Over,1,Driver Rider,1: PDO,No Control,,,1358763.94,1638543.87,1.35876E+13
2019-8579-8/07/2020,3 Country,PENOLA,5277,WATTLE RANGE COUNCIL,2,0,0,0,0,2019,August,Wednesday,7:55 PM,50,Not Divided,Straight road,Level,Not Applicable,Sealed,Dry,Not Raining,Night,Hit Parked Vehicle,1,Driver Rider,1: PDO,No Control,Y,,1517956.92,1390507.74,1.51796E+13
2019-8580-8/07/2020,2 Metropolitan,PARADISE,5075,CC CAMPBELLTOWN.              ,2,0,0,0,0,2019,August,Wednesday,10:24 PM,50,Not Divided,"CURVED, VIEW OPEN",Level,Not Applicable,Sealed,Dry,Not Raining,Night,Hit Fixed Object,1,Driver Rider,1: PDO,No Control,,,1336821.17,1676598.46,1.33682E+13
2019-8581-8/07/2020,3 Country,BON BON,5719,,1,1,0,1,0,2019,August,Wednesday,3:15 PM,110,Not Divided,Straight road,Level,Not Applicable,Sealed,Dry,Not Raining,Daylight,Left Road - Out of Control,1,Driver Rider,3: SI,No Control,,Y,1035857.6,2158937,1.03586E+13
2019-8582-8/07/2020,3 Country,MOUNT GAMBIER,5290,CC MT.GAMBIER.                ,2,0,0,0,0,2019,August,Tuesday,3:30 PM,50,T-Junction,Straight road,Level,Not Applicable,Sealed,Dry,Not Raining,Daylight,Side Swipe,1,Driver Rider,1: PDO,No Control,,,1510939.6,1339808.97,1.51094E+13
2019-8583-8/07/2020,1 City,NORTH ADELAIDE,5006,CITY OF ADELAIDE,2,1,0,0,1,2019,August,Wednesday,12:10 PM,50,Cross Road,Straight road,Level,Not Applicable,Sealed,Dry,Not Raining,Daylight,Hit Pedestrian,2,Pedestrian,2: MI,Give Way Sign,,,1328150.15,1673023.7,1.32815E+13
2019-8584-8/07/2020,2 Metropolitan,MILE END,5031,CITY OF WEST TORRENS,2,1,0,0,1,2019,August,Wednesday,6:15 PM,50,Not Divided,Straight road,Level,Not Applicable,Sealed,Dry,Not Raining,Night,Hit Parked Vehicle,2,Driver Rider,2: MI,No Control,,,1325103.93,1670432.3,1.3251E+13
2019-8585-8/07/2020,2 Metropolitan,PASADENA,5042,CC MITCHAM.                   ,2,0,0,0,0,2019,August,Thursday,8:30 AM,60,Divided Road,Straight road,Slope,Not Applicable,Sealed,Dry,Not Raining,Daylight,Hit Fixed Object,1,Driver Rider,1: PDO,No Control,,,1327593.63,1663010.25,1.32759E+13
2019-8586-8/07/2020,2 Metropolitan,GEPPS CROSS,5094,CITY OF PORT ADELAIDE ENFIELD,2,1,0,1,0,2019,August,Thursday,8:45 AM,60,T-Junction,Straight road,Slope,Not Applicable,Sealed,Dry,Not Raining,Daylight,Right Angle,1,Driver Rider,3: SI,Traffic Signals,,,1330666.13,1679769.22,1.33067E+13
2019-8587-8/07/2020,2 Metropolitan,VALLEY VIEW,5093,CITY OF TEA TREE GULLY,2,0,0,0,0,2019,August,Thursday,8:45 AM,60,T-Junction,Straight road,Slope,Driveway or Entrance,Sealed,Dry,Not Raining,Daylight,Right Angle,2,Driver Rider,1: PDO,No Control,,,1335443.25,1680579.29,1.33544E+13
2019-8588-8/07/2020,2 Metropolitan,DRY CREEK,5094,CITY OF PORT ADELAIDE ENFIELD,2,0,0,0,0,2019,August,Wednesday,7:40 AM,60,Ramp Off,Straight road,Level,Roadworks,Sealed,Dry,Not Raining,Daylight,Side Swipe,2,Driver Rider,1: PDO,No Control,,,1324094.3,1681063.81,1.32409E+13
2019-8589-8/07/2020,2 Metropolitan,ST MARYS,5042,CC MITCHAM.                   ,3,1,0,0,1,2019,August,Thursday,9:00 AM,60,Divided Road,Straight road,Level,Not Applicable,Sealed,Dry,Not Raining,Daylight,Other,2,Driver Rider,2: MI,No Control,,,1325980.45,1662726.46,1.32598E+13
2019-8590-8/07/2020,2 Metropolitan,HILLCREST,5086,CITY OF PORT ADELAIDE ENFIELD,2,1,0,0,1,2019,August,Thursday,8:50 AM,60,T-Junction,Straight road,Level,Not Applicable,Sealed,Dry,Not Raining,Daylight,Right Turn,2,Driver Rider,2: MI,No Control,,,1333153.94,1677525.54,1.33315E+13
2019-8591-8/07/2020,2 Metropolitan,ST PETERS,5069,"CC OF NORWOOD,PAYNEHAM & ST PETERS",2,0,0,0,0,2019,August,Wednesday,5:50 PM,50,Not Divided,Straight road,Level,Not Applicable,Sealed,Dry,Not Raining,Daylight,Hit Parked Vehicle,2,Driver Rider,1: PDO,No Control,,,1330657.52,1672214.21,1.33066E+13
2019-8592-8/07/2020,3 Country,KIMBA,5641,DC KIMBA.                     ,2,0,0,0,0,2019,August,Wednesday,11:45 AM,80,Cross Road,Straight road,Level,Not Applicable,Sealed,Dry,Not Raining,Daylight,Hit Fixed Object,1,Driver Rider,1: PDO,Give Way Sign,,,1132655.05,1873281.94,1.13266E+13
2019-8593-8/07/2020,2 Metropolitan,REGENCY PARK,5010,CITY OF PORT ADELAIDE ENFIELD,3,0,0,0,0,2019,August,Wednesday,1:35 PM,60,Divided Road,Straight road,Level,Not Applicable,Sealed,Wet,Raining,Daylight,Rear End,2,Driver Rider,1: PDO,No Control,,,1326032.38,1676375.98,1.32603E+13
2019-8594-8/07/2020,2 Metropolitan,PARKSIDE,5063,CITY OF UNLEY,2,1,0,0,1,2019,August,Thursday,10:30 AM,60,Cross Road,Straight road,Level,Not Applicable,Sealed,Dry,Not Raining,Daylight,Side Swipe,2,Driver Rider,2: MI,Stop Sign,,,1330716.49,1667948.9,1.33072E+13
2019-8595-8/07/2020,2 Metropolitan,WATERLOO CORNER,5110,CITY OF SALISBURY,2,0,0,0,0,2019,August,Thursday,10:40 AM,90,Not Divided,Straight road,Level,Driveway or Entrance,Sealed,Dry,Not Raining,Daylight,Right Turn,1,Driver Rider,1: PDO,No Control,,,1328308.76,1692243.28,1.32831E+13
2019-8596-8/07/2020,2 Metropolitan,PROSPECT,5082,CITY OF PROSPECT,3,2,1,0,1,2019,August,Thursday,10:00 AM,25,Other,Straight road,Level,Not Applicable,Sealed,Dry,Not Raining,Daylight,Hit Pedestrian,1,Driver Rider,4: Fatal,No Control,,,1328803.07,1676174.84,1.3288E+13
2019-8597-8/07/2020,2 Metropolitan,SMITHFIELD,5114,CITY OF PLAYFORD.,2,1,0,0,1,2019,August,Thursday,10:45 AM,80,Divided Road,Straight road,Level,Not Applicable,Sealed,Dry,Not Raining,Daylight,Rear End,1,Driver Rider,2: MI,No Control,,,1337429.82,1696331.92,1.33743E+13
2019-8598-8/07/2020,3 Country,COPLEY,5732,,2,0,0,0,0,2019,August,Tuesday,5:00 PM,100,Not Divided,Straight road,Level,Not Applicable,Unsealed,Dry,Not Raining,Daylight,Hit Animal,2,Animal,1: PDO,No Control,,,1328164.89,2154318.57,1.32817E+13
2019-8599-8/07/2020,2 Metropolitan,GLYNDE,5070,"CC OF NORWOOD,PAYNEHAM & ST PETERS",2,1,0,0,1,2019,August,Thursday,6:45 AM,60,Cross Road,"CURVED, VIEW OPEN",Level,Not Applicable,Sealed,Dry,Not Raining,Daylight,Side Swipe,2,Driver Rider,2: MI,Traffic Signals,,,1333785.54,1674516.59,1.33379E+13
2019-8600-8/07/2020,2 Metropolitan,BOLIVAR,5110,CITY OF SALISBURY,1,0,0,0,0,2019,August,Thursday,12:00 PM,90,Divided Road,Straight road,Level,Not Applicable,Sealed,Dry,Not Raining,Daylight,Left Road - Out of Control,1,Driver Rider,1: PDO,No Control,,,1328552.91,1687928.59,1.32855E+13
2019-8601-8/07/2020,3 Country,BERRI,5343,THE BERRI BARMERA COUNCIL,3,1,0,0,1,2019,August,Thursday,12:20 PM,60,Cross Road,Straight road,Level,Not Applicable,Sealed,Dry,Not Raining,Daylight,Rear End,1,Driver Rider,2: MI,Roundabout,,,1515230.7,1735123.52,1.51523E+13
2019-8602-8/07/2020,2 Metropolitan,THORNGATE,5082,CITY OF PROSPECT,2,1,0,0,1,2019,August,Thursday,10:00 AM,50,Cross Road,Straight road,Level,Not Applicable,Sealed,Dry,Not Raining,Daylight,Rear End,2,Driver Rider,2: MI,Traffic Signals,,,1328116.38,1673663.9,1.32812E+13
2019-8603-8/07/2020,2 Metropolitan,ECHUNGA,5153,DC MT.BARKER.                 ,2,0,0,0,0,2019,August,Wednesday,4:45 PM,80,Cross Road,Straight road,Level,Not Applicable,Sealed,Dry,Not Raining,Daylight,Right Angle,1,Driver Rider,1: PDO,Give Way Sign,,,1345392.92,1649855.14,1.34539E+13
2019-8604-8/07/2020,1 City,ADELAIDE,5000,CITY OF ADELAIDE,2,0,0,0,0,2019,August,Wednesday,4:00 PM,60,Cross Road,Straight road,Level,Not Applicable,Sealed,Dry,Not Raining,Daylight,Side Swipe,1,Driver Rider,1: PDO,Traffic Signals,,,1327395.61,1669542.05,1.3274E+13
2019-8605-8/07/2020,2 Metropolitan,SALISBURY,5108,CITY OF SALISBURY,2,0,0,0,0,2019,August,Thursday,11:45 AM,50,Not Divided,Straight road,Level,Not Applicable,Sealed,Dry,Not Raining,Daylight,Hit Parked Vehicle,2,Driver Rider,1: PDO,No Control,,,1333254.07,1688220.97,1.33325E+13
2019-8606-8/07/2020,2 Metropolitan,ROSTREVOR,5073,CC CAMPBELLTOWN.              ,2,0,0,0,0,2019,August,Wednesday,10:10 AM,50,Not Divided,Straight road,Level,Not Applicable,Sealed,Dry,Not Raining,Daylight,Hit Parked Vehicle,1,Driver Rider,1: PDO,No Control,,,1336000.32,1673592.49,1.336E+13
2019-8607-8/07/2020,3 Country,SHEA-OAK LOG,5371,LIGHT REGIONAL COUNCIL,2,2,0,0,2,2019,August,Thursday,2:48 PM,110,T-Junction,Straight road,Crest of Hill,Not Applicable,Sealed,Dry,Not Raining,Daylight,Right Turn,1,Driver Rider,2: MI,No Control,,,1347458.7,1713695.88,1.34746E+13
2019-8608-8/07/2020,2 Metropolitan,POORAKA,5095,CITY OF SALISBURY,2,1,0,0,1,2019,August,Thursday,4:55 PM,70,Cross Road,Straight road,Level,Not Applicable,Sealed,Dry,Not Raining,Daylight,Side Swipe,2,Driver Rider,2: MI,Traffic Signals,,Y,1330475.28,1681830.96,1.33048E+13
2019-8609-8/07/2020,2 Metropolitan,PORT ADELAIDE,5015,CITY OF PORT ADELAIDE ENFIELD,2,0,0,0,0,2019,August,Thursday,5:00 PM,60,Divided Road,"CURVED, VIEW OPEN",Level,Median Opening (not at I/S),Sealed,Dry,Not Raining,Daylight,Rear End,2,Driver Rider,1: PDO,No Control,,,1320492.11,1679298.18,1.32049E+13
2019-8610-8/07/2020,2 Metropolitan,GEPPS CROSS,5094,CITY OF PORT ADELAIDE ENFIELD,2,0,0,0,0,2019,August,Thursday,5:08 PM,60,T-Junction,Straight road,Level,Not Applicable,Sealed,Dry,Not Raining,Daylight,Right Turn,1,Driver Rider,1: PDO,No Control,,,1329401.58,1679295.63,1.3294E+13
2019-8611-8/07/2020,2 Metropolitan,ENFIELD,5085,CITY OF PORT ADELAIDE ENFIELD,2,1,0,0,1,2019,August,Thursday,4:30 PM,60,Divided Road,Straight road,Level,Not Applicable,Sealed,Dry,Not Raining,Daylight,Rear End,2,Driver Rider,2: MI,No Control,,,1328801.32,1679026.89,1.3288E+13
2019-8612-8/07/2020,2 Metropolitan,KENSINGTON PARK,5068,CITY OF BURNSIDE,3,0,0,0,0,2019,August,Thursday,5:40 PM,50,Not Divided,Straight road,Level,Driveway or Entrance,Sealed,Dry,Not Raining,Daylight,Right Angle,2,Driver Rider,1: PDO,No Control,,,1333116.84,1670911.17,1.33312E+13
2019-8613-8/07/2020,2 Metropolitan,MORPHETT VALE,5162,CITY OF ONKAPARINGA,2,0,0,0,0,2019,August,Thursday,4:00 PM,50,Not Divided,Straight road,Level,Not Applicable,Sealed,Dry,Not Raining,Daylight,Rear End,1,Driver Rider,1: PDO,No Control,,,1322569.91,1648297.26,1.32257E+13
2019-8614-8/07/2020,2 Metropolitan,ELIZABETH DOWNS,5113,CITY OF PLAYFORD.,2,1,0,0,1,2019,August,Thursday,9:30 PM,80,Divided Road,Straight road,Level,Not Applicable,Sealed,Dry,Not Raining,Night,Hit Fixed Object,1,Driver Rider,2: MI,No Control,,,1337525.08,1696439.75,1.33753E+13
2019-8615-8/07/2020,2 Metropolitan,CROYDON PARK,5008,CITY OF PORT ADELAIDE ENFIELD,2,0,0,0,0,2019,August,Friday,6:28 AM,60,Divided Road,Straight road,Level,Not Applicable,Sealed,Dry,Not Raining,Night,Rear End,2,Driver Rider,1: PDO,No Control,,,1326066.38,1675903.01,1.32607E+13
2019-8616-8/07/2020,2 Metropolitan,HORSNELL GULLY,5141,THE ADELAIDE HILLS COUNCIL,2,1,0,0,1,2019,August,Thursday,12:25 PM,60,Not Divided,Straight road,Slope,Not Applicable,Sealed,Dry,Not Raining,Daylight,Hit Fixed Object,1,Driver Rider,2: MI,No Control,,,1337487.4,1670841.11,1.33749E+13
2019-8617-8/07/2020,2 Metropolitan,MARRYATVILLE,5068,"CC OF NORWOOD,PAYNEHAM & ST PETERS",2,1,0,0,1,2019,August,Thursday,7:45 PM,60,Cross Road,Straight road,Level,Not Applicable,Sealed,Dry,Not Raining,Night,Right Turn,2,Driver Rider,2: MI,Traffic Signals,,,1332280.78,1670410.05,1.33228E+13
2019-8618-8/07/2020,1 City,ADELAIDE,5000,CITY OF ADELAIDE,3,1,0,0,1,2019,August,Friday,6:50 AM,50,Cross Road,Straight road,Level,Not Applicable,Sealed,Dry,Not Raining,Daylight,Right Angle,1,Driver Rider,2: MI,Traffic Signals,Y,,1328464.72,1670670.91,1.32847E+13
2019-8619-8/07/2020,2 Metropolitan,STEPNEY,5069,"CC OF NORWOOD,PAYNEHAM & ST PETERS",2,0,0,0,0,2019,August,Saturday,1:30 PM,60,Divided Road,Straight road,Level,Not Applicable,Sealed,Dry,Not Raining,Daylight,Rear End,2,Driver Rider,1: PDO,No Control,,,1330991.08,1672238.21,1.33099E+13
2019-8620-8/07/2020,2 Metropolitan,SOMERTON PARK,5044,CITY OF HOLDFAST BAY,2,0,0,0,0,2019,August,Friday,9:30 AM,60,Divided Road,Straight road,Level,Not Applicable,Sealed,Dry,Not Raining,Daylight,Side Swipe,1,Driver Rider,1: PDO,No Control,,,1321794.87,1663204.23,1.3218E+13
2019-8621-8/07/2020,2 Metropolitan,CROMER,5235,THE ADELAIDE HILLS COUNCIL,2,0,0,0,0,2019,August,Friday,7:15 AM,100,Cross Road,Straight road,Level,Not Applicable,Sealed,Dry,Not Raining,Daylight,Right Angle,1,Driver Rider,1: PDO,Give Way Sign,,,1361394.91,1684498.8,1.3614E+13
2019-8622-8/07/2020,2 Metropolitan,MAWSON LAKES,5095,CITY OF SALISBURY,2,0,0,0,0,2019,August,Thursday,3:00 PM,80,T-Junction,Straight road,Level,Not Applicable,Unsealed,Dry,Not Raining,Daylight,Rear End,2,Driver Rider,1: PDO,Traffic Signals,,,1328697.75,1683414.9,1.3287E+13
2019-8623-8/07/2020,3 Country,ARDROSSAN,5571,YORKE PENINSULA COUNCIL,2,1,0,1,0,2019,August,Monday,11:00 AM,50,Not Divided,Straight road,Level,Not Applicable,Sealed,Dry,Not Raining,Daylight,Hit Pedestrian,1,Pedestrian,3: SI,No Control,,,1267950.9,1728411.37,1.26795E+13
2019-8624-8/07/2020,2 Metropolitan,ADELAIDE AIRPORT,5950,CITY OF WEST TORRENS,3,0,0,0,0,2019,August,Friday,11:28 AM,60,Divided Road,Straight road,Level,Not Applicable,Sealed,Dry,Not Raining,Daylight,Rear End,1,Driver Rider,1: PDO,No Control,,,1323204.59,1670085.22,1.32321E+13
2019-8625-8/07/2020,2 Metropolitan,BEDFORD PARK,5042,CC MARION.                    ,2,0,0,0,0,2019,August,Friday,7:40 AM,60,Divided Road,Straight road,Level,Roadworks,Sealed,Dry,Not Raining,Daylight,Side Swipe,2,Driver Rider,1: PDO,No Control,,,1325029.24,1660329.4,1.32503E+13
2019-8626-8/07/2020,2 Metropolitan,KINGSWOOD,5062,CC MITCHAM.                   ,2,0,0,0,0,2019,August,Friday,2:35 PM,60,T-Junction,Straight road,Level,Not Applicable,Sealed,Dry,Not Raining,Daylight,Rear End,2,Driver Rider,1: PDO,No Control,,,1329152.27,1665693.46,1.32915E+13
2019-8627-8/07/2020,2 Metropolitan,HAWTHORNDENE,5051,CC MITCHAM.                   ,2,0,0,0,0,2019,August,Friday,10:50 AM,60,Not Divided,Straight road,Level,Not Applicable,Sealed,Dry,Not Raining,Daylight,Hit Fixed Object,1,Driver Rider,1: PDO,No Control,,,1330426.27,1659010.25,1.33043E+13
2019-8628-8/07/2020,1 City,ADELAIDE,5000,CITY OF ADELAIDE,2,0,0,0,0,2019,August,Thursday,6:15 AM,50,Cross Road,Straight road,Level,Not Applicable,Sealed,Dry,Not Raining,Night,Right Turn,1,Driver Rider,1: PDO,Traffic Signals,,,1329249.26,1670368.51,1.32925E+13
2019-8629-8/07/2020,2 Metropolitan,NORWOOD,5067,"CC OF NORWOOD,PAYNEHAM & ST PETERS",2,1,0,0,1,2019,August,Friday,2:50 PM,50,Cross Road,Straight road,Level,Not Applicable,Sealed,Dry,Not Raining,Daylight,Right Angle,1,Driver Rider,2: MI,No Control,,,1331441.64,1671402.32,1.33144E+13
2019-8630-8/07/2020,2 Metropolitan,ELIZABETH SOUTH,5112,CITY OF PLAYFORD.,2,1,0,0,1,2019,August,Friday,2:45 PM,50,Not Divided,Straight road,Level,Driveway or Entrance,Sealed,Dry,Not Raining,Daylight,Right Angle,2,Driver Rider,2: MI,No Control,,,1334782.96,1691812.52,1.33478E+13