REPORT_ID,Stats Area,Suburb,Postcode,LGA Name,Total Units,Total Cas,Total Fats,Total SI,Total MI,Year,Month,Day,Time,Area Speed,Position Type,Horizontal Align,Vertical Align,Other Feat,Road Surface,Moisture Cond,Weather Cond,DayNight,Crash Type,Unit Resp,Entity Code,CSEF Severity,Traffic Ctrls,DUI Involved,Drugs Involved,ACCLOC_X,ACCLOC_Y,UNIQUE_LOC
2019-8631-8/07/2020,2 Metropolitan,RICHMOND,5033,CITY OF WEST TORRENS,3,1,0,0,1,2019,August,Friday,2:40 PM,60,Multiple,"CURVED, VIEW OPEN",Level,Not Applicable,Sealed,Dry,Not Raining,Daylight,Rear End,2,Driver Rider,2: MI,Traffic Signals,,,1325780.47,1669458.89,1.32578E+13
2019-8632-8/07/2020,2 Metropolitan,BEDFORD PARK,5042,CC MITCHAM.                   ,2,0,0,0,0,2019,August,Friday,3:00 PM,50,Divided Road,Straight road,Slope,Driveway or Entrance,Sealed,Dry,Not Raining,Daylight,Side Swipe,2,Driver Rider,1: PDO,No Control,,,1325213.64,1659779.46,1.32521E+13
2019-8633-8/07/2020,3 Country,PORT AUGUSTA,5700,CC PT.AUGUSTA.                ,2,0,0,0,0,2019,August,Friday,2:35 PM,60,Not Divided,Straight road,Level,Driveway or Entrance,Sealed,Dry,Not Raining,Daylight,Rear End,2,Driver Rider,1: PDO,No Control,,,1260258.85,1942271.23,1.26026E+13
2019-8634-8/07/2020,2 Metropolitan,EDWARDSTOWN,5039,CC MARION.                    ,2,0,0,0,0,2019,August,Friday,3:20 PM,50,Cross Road,Straight road,Level,Not Applicable,Sealed,Dry,Not Raining,Daylight,Right Angle,1,Driver Rider,1: PDO,Give Way Sign,,,1325360.15,1663878.62,1.32536E+13
2019-8635-8/07/2020,2 Metropolitan,MUNNO PARA,5115,CITY OF PLAYFORD.,4,1,0,0,1,2019,August,Friday,3:25 PM,60,Divided Road,Straight road,Level,Not Applicable,Sealed,Dry,Not Raining,Daylight,Rear End,1,Driver Rider,2: MI,No Control,,,1337063.87,1698335.69,1.33706E+13
2019-8636-8/07/2020,2 Metropolitan,HILLBANK,5112,CITY OF PLAYFORD.,2,0,0,0,0,2019,August,Thursday,11:00 PM,60,T-Junction,Straight road,Level,Not Applicable,Sealed,Dry,Not Raining,Night,Rear End,1,Driver Rider,1: PDO,Traffic Signals,,,1336371.28,1689664.55,1.33637E+13
2019-8637-8/07/2020,2 Metropolitan,EASTWOOD,5063,CITY OF BURNSIDE,2,0,0,0,0,2019,August,Friday,5:00 PM,60,Divided Road,Straight road,Level,Median Opening (not at I/S),Sealed,Dry,Not Raining,Daylight,Side Swipe,2,Driver Rider,1: PDO,No Control,,,1330156.06,1668990.87,1.33016E+13
2019-8638-8/07/2020,2 Metropolitan,WARRADALE,5046,CC MARION.                    ,2,0,0,0,0,2019,August,Friday,7:00 AM,60,Cross Road,Straight road,Level,Not Applicable,Sealed,Dry,Not Raining,Daylight,Side Swipe,1,Driver Rider,1: PDO,Traffic Signals,,,1322708.54,1661544.9,1.32271E+13
2019-8639-8/07/2020,2 Metropolitan,SOMERTON PARK,5044,CITY OF HOLDFAST BAY,2,0,0,0,0,2019,August,Friday,4:30 PM,50,Cross Road,Straight road,Level,Not Applicable,Sealed,Dry,Not Raining,Daylight,Right Angle,2,Driver Rider,1: PDO,Stop Sign,,,1321802.97,1662692.74,1.3218E+13
2019-8640-8/07/2020,2 Metropolitan,HAWTHORN,5062,CC MITCHAM.                   ,3,0,0,0,0,2019,August,Friday,4:35 PM,60,Divided Road,Straight road,Level,Not Applicable,Sealed,Dry,Not Raining,Daylight,Rear End,1,Driver Rider,1: PDO,No Control,,,1328099.65,1666216.2,1.3281E+13
2019-8641-8/07/2020,2 Metropolitan,GLOBE DERBY PARK,5110,CITY OF SALISBURY,3,0,0,0,0,2019,August,Friday,5:20 PM,80,Divided Road,Straight road,Level,Not Applicable,Sealed,Dry,Not Raining,Daylight,Side Swipe,2,Driver Rider,1: PDO,No Control,,,1328647.58,1685065.14,1.32865E+13
2019-8642-8/07/2020,2 Metropolitan,MAYLANDS,5069,"CC OF NORWOOD,PAYNEHAM & ST PETERS",2,1,0,0,1,2019,August,Friday,6:52 PM,50,Not Divided,Straight road,Level,Not Applicable,Sealed,Dry,Not Raining,Night,Hit Parked Vehicle,1,Driver Rider,2: MI,No Control,Y,,1331948.23,1671933.22,1.33195E+13
2019-8643-8/07/2020,2 Metropolitan,SEAFORD,5169,CITY OF ONKAPARINGA,2,0,0,0,0,2019,August,Friday,8:40 AM,50,T-Junction,"CURVED, VIEW OPEN",Level,Not Applicable,Sealed,Dry,Not Raining,Daylight,Hit Pedestrian,1,Driver Rider,1: PDO,No Control,,,1315955.05,1642079.38,1.31596E+13
2019-8644-8/07/2020,3 Country,KARCULTABY,5654,DC STREAKY BAY.               ,1,2,1,1,0,2019,August,Friday,3:50 PM,110,Not Divided,Straight road,Level,Not Applicable,Sealed,Dry,Not Raining,Daylight,Roll Over,1,Driver Rider,4: Fatal,No Control,,Y,996280.23,1915381.1,9.9628E+12
2019-8645-8/07/2020,2 Metropolitan,MOUNT BARKER,5251,DC MT.BARKER.                 ,2,0,0,0,0,2019,August,Friday,10:05 PM,80,Not Divided,Straight road,Level,Not Applicable,Sealed,Dry,Not Raining,Night,Hit Animal,2,Animal,1: PDO,No Control,,,1353658.7,1653932.19,1.35366E+13
2019-8646-8/07/2020,2 Metropolitan,NORWOOD,5067,"CC OF NORWOOD,PAYNEHAM & ST PETERS",2,0,0,0,0,2019,August,Friday,11:00 PM,60,Cross Road,Straight road,Level,Not Applicable,Sealed,Dry,Not Raining,Night,Side Swipe,1,Driver Rider,1: PDO,Stop Sign,,,1331050.76,1670373.67,1.33105E+13
2019-8647-8/07/2020,3 Country,PORT AUGUSTA WEST,5700,CC PT.AUGUSTA.                ,2,0,0,0,0,2019,August,Friday,11:05 PM,50,Not Divided,Straight road,Crest of Hill,Not Applicable,Sealed,Dry,Not Raining,Night,Hit Fixed Object,1,Driver Rider,1: PDO,No Control,,,1257950.55,1943225.61,1.25795E+13
2019-8648-8/07/2020,3 Country,PORT HUGHES,5558,COPPER COAST DISTRICT COUNCIL,1,1,0,0,1,2019,August,Saturday,2:30 AM,50,T-Junction,"CURVED, VIEW OPEN",Level,Not Applicable,Sealed,Dry,Not Raining,Night,Roll Over,1,Driver Rider,2: MI,No Control,,,1235376.08,1768168.79,1.23538E+13
2019-8649-8/07/2020,2 Metropolitan,LOBETHAL,5241,THE ADELAIDE HILLS COUNCIL,3,0,0,0,0,2019,August,Saturday,7:05 AM,80,Not Divided,Straight road,Level,Not Applicable,Sealed,Dry,Not Raining,Daylight,Hit Fixed Object,1,Driver Rider,1: PDO,No Control,,,1352195.73,1671568.1,1.3522E+13
2019-8650-8/07/2020,3 Country,MOUNT GAMBIER,5290,CC MT.GAMBIER.                ,2,0,0,0,0,2019,August,Saturday,10:40 AM,60,Cross Road,Straight road,Level,Not Applicable,Sealed,Dry,Not Raining,Daylight,Right Angle,1,Driver Rider,1: PDO,Roundabout,,,1510137.65,1338892.76,1.51014E+13
2019-8651-8/07/2020,2 Metropolitan,TEA TREE GULLY,5091,CITY OF TEA TREE GULLY,2,0,0,0,0,2019,August,Saturday,11:05 AM,60,Not Divided,Straight road,Bottom of Hill,Not Applicable,Sealed,Dry,Not Raining,Daylight,Side Swipe,2,Driver Rider,1: PDO,No Control,,,1340435.28,1681906.89,1.34044E+13
2019-8652-8/07/2020,2 Metropolitan,SALISBURY EAST,5109,CITY OF SALISBURY,2,1,0,0,1,2019,August,Friday,10:00 AM,60,Not Divided,Straight road,Level,Driveway or Entrance,Sealed,Dry,Not Raining,Daylight,Hit Pedestrian,2,Driver Rider,2: MI,No Control,,,1335567.87,1686522.11,1.33557E+13
2019-8653-8/07/2020,3 Country,MOUNT PLEASANT,5235,THE BAROSSA COUNCIL.,1,0,0,0,0,2019,August,Friday,9:20 PM,100,T-Junction,Straight road,Slope,Not Applicable,Sealed,Dry,Not Raining,Night,Roll Over,1,Driver Rider,1: PDO,No Control,,,1371494.65,1687616.51,1.3715E+13
2019-8654-8/07/2020,2 Metropolitan,STEPNEY,5069,"CC OF NORWOOD,PAYNEHAM & ST PETERS",2,1,0,0,1,2019,August,Saturday,11:25 AM,60,Not Divided,Straight road,Level,Not Applicable,Sealed,Dry,Not Raining,Daylight,Hit Pedestrian,2,Pedestrian,2: MI,No Control,,,1331358.54,1671737.86,1.33136E+13
2019-8655-8/07/2020,2 Metropolitan,MODBURY,5092,CITY OF TEA TREE GULLY,2,0,0,0,0,2019,August,Friday,4:45 PM,60,Divided Road,Straight road,Level,Driveway or Entrance,Sealed,Dry,Not Raining,Daylight,Right Angle,1,Driver Rider,1: PDO,No Control,,,1336472.22,1680601.82,1.33647E+13
2019-8656-8/07/2020,2 Metropolitan,GLENELG NORTH,5045,CITY OF WEST TORRENS,3,0,0,0,0,2019,September,Friday,3:17 PM,60,T-Junction,Straight road,Level,Not Applicable,Sealed,Dry,Not Raining,Daylight,Right Turn,1,Driver Rider,1: PDO,Traffic Signals,,,1320773.5,1666832.01,1.32077E+13
2019-8657-8/07/2020,2 Metropolitan,ONKAPARINGA HILLS,5163,CITY OF ONKAPARINGA,2,1,0,0,1,2019,August,Saturday,11:15 AM,80,Not Divided,"CURVED, VIEW OPEN",Level,Not Applicable,Sealed,Dry,Not Raining,Daylight,Hit Fixed Object,1,Driver Rider,2: MI,No Control,,Y,1327276.65,1650016.73,1.32728E+13
2019-8658-8/07/2020,2 Metropolitan,SALISBURY EAST,5109,CITY OF SALISBURY,2,1,0,0,1,2019,August,Saturday,7:20 AM,60,Divided Road,Straight road,Level,Driveway or Entrance,Sealed,Dry,Not Raining,Daylight,Rear End,2,Driver Rider,2: MI,No Control,,,1333326.17,1685352.32,1.33333E+13
2019-8659-8/07/2020,3 Country,MACCLESFIELD,5153,ALEXANDRINA COUNCIL,2,1,0,0,1,2019,August,Saturday,2:00 PM,80,Not Divided,"CURVED, VIEW OBSCURED",Slope,Not Applicable,Sealed,Dry,Not Raining,Daylight,Hit Fixed Object,1,Driver Rider,2: MI,No Control,,,1350180.07,1639624.57,1.35018E+13
2019-8660-8/07/2020,2 Metropolitan,KLEMZIG,5087,CITY OF PORT ADELAIDE ENFIELD,2,0,0,0,0,2019,August,Saturday,2:30 PM,60,Cross Road,Straight road,Level,Not Applicable,Sealed,Dry,Not Raining,Daylight,Side Swipe,2,Driver Rider,1: PDO,Traffic Signals,,,1332072.8,1676595.28,1.33207E+13
2019-8661-8/07/2020,2 Metropolitan,SOUTH PLYMPTON,5038,CC MARION.                    ,3,0,0,0,0,2019,August,Saturday,3:18 PM,50,Cross Road,Straight road,Level,Not Applicable,Sealed,Dry,Not Raining,Daylight,Rear End,1,Driver Rider,1: PDO,Give Way Sign,,,1324930.45,1664757.68,1.32493E+13
2019-8662-8/07/2020,1 City,ADELAIDE,5000,CITY OF ADELAIDE,2,0,0,0,0,2019,August,Friday,11:15 PM,50,T-Junction,Straight road,Level,Not Applicable,Sealed,Dry,Not Raining,Night,Right Angle,2,Driver Rider,1: PDO,No Control,,,1327538.32,1671108.73,1.32754E+13
2019-8663-8/07/2020,2 Metropolitan,OVINGHAM,5082,CITY OF CHARLES STURT,2,0,0,0,0,2019,August,Saturday,4:30 PM,60,Cross Road,Straight road,Level,Not Applicable,Sealed,Dry,Not Raining,Daylight,Right Turn,2,Driver Rider,1: PDO,Traffic Signals,,,1327131.58,1673269.49,1.32713E+13
2019-8664-8/07/2020,2 Metropolitan,UNLEY,5061,CITY OF UNLEY,2,0,0,0,0,2019,August,Saturday,4:37 PM,60,Not Divided,Straight road,Level,Not Applicable,Sealed,Dry,Not Raining,Daylight,Rear End,2,Driver Rider,1: PDO,No Control,,,1329078.15,1668259.17,1.32908E+13
2019-8665-8/07/2020,2 Metropolitan,HAPPY VALLEY,5159,CITY OF ONKAPARINGA,2,1,0,0,1,2019,August,Friday,6:30 PM,70,T-Junction,Straight road,Level,Not Applicable,Sealed,Dry,Not Raining,Night,Rear End,2,Driver Rider,2: MI,Traffic Signals,,,1324354.32,1656484.47,1.32435E+13
2019-8666-8/07/2020,2 Metropolitan,MUNNO PARA,5115,CITY OF PLAYFORD.,3,1,0,0,1,2019,August,Saturday,5:00 PM,60,Cross Road,Straight road,Level,Not Applicable,Sealed,Dry,Not Raining,Daylight,Right Turn,1,Driver Rider,2: MI,Traffic Signals,,,1338214.26,1697718.61,1.33821E+13
2019-8667-8/07/2020,2 Metropolitan,GOLDEN GROVE,5125,CITY OF TEA TREE GULLY,2,0,0,0,0,2019,August,Saturday,11:27 AM,50,T-Junction,Straight road,Level,Not Applicable,Sealed,Dry,Not Raining,Daylight,Rear End,2,Driver Rider,1: PDO,Roundabout,,,1338431.71,1685255.93,1.33843E+13
2019-8668-8/07/2020,2 Metropolitan,ST CLAIR,5011,CITY OF CHARLES STURT,2,1,0,0,1,2019,August,Saturday,5:25 PM,60,T-Junction,Straight road,Level,Not Applicable,Sealed,Dry,Not Raining,Daylight,Right Turn,1,Driver Rider,2: MI,Traffic Signals,,,1322226.5,1677238.33,1.32223E+13
2019-8669-8/07/2020,1 City,ADELAIDE,5000,CITY OF ADELAIDE,2,0,0,0,0,2019,August,Saturday,2:30 PM,50,Cross Road,Straight road,Level,Not Applicable,Sealed,Dry,Not Raining,Daylight,Rear End,2,Driver Rider,1: PDO,Traffic Signals,,,1328475.2,1670187.2,1.32848E+13
2019-8670-8/07/2020,2 Metropolitan,LOCKLEYS,5032,CITY OF WEST TORRENS,2,0,0,0,0,2019,August,Saturday,6:45 PM,60,Divided Road,Straight road,Level,Not Applicable,Sealed,Dry,Not Raining,Night,Hit Parked Vehicle,2,Driver Rider,1: PDO,No Control,,,1321736.38,1670855.89,1.32174E+13
2019-8671-8/07/2020,1 City,ADELAIDE,5000,CITY OF ADELAIDE,2,0,0,0,0,2019,August,Saturday,8:00 PM,50,Divided Road,Straight road,Level,Not Applicable,Sealed,Dry,Not Raining,Night,Hit Parked Vehicle,1,Driver Rider,1: PDO,No Control,,,1328378,1671130.06,1.32838E+13
2019-8672-8/07/2020,2 Metropolitan,LIGHTSVIEW,5085,CITY OF PORT ADELAIDE ENFIELD,2,1,0,0,1,2019,August,Saturday,3:18 PM,60,Divided Road,Straight road,Level,Driveway or Entrance,Sealed,Dry,Not Raining,Daylight,Rear End,1,Driver Rider,2: MI,No Control,,,1330422.97,1677486.47,1.33042E+13
2019-8673-8/07/2020,2 Metropolitan,SOUTH PLYMPTON,5038,CC MARION.                    ,2,0,0,0,0,2019,August,Saturday,8:02 PM,60,Cross Road,Straight road,Level,Not Applicable,Sealed,Dry,Not Raining,Night,Right Angle,1,Driver Rider,1: PDO,Stop Sign,,,1324251.16,1665691.41,1.32425E+13
2019-8674-8/07/2020,2 Metropolitan,ROSTREVOR,5073,CC CAMPBELLTOWN.              ,3,2,0,0,2,2019,August,Saturday,8:36 PM,60,Not Divided,Straight road,Level,Not Applicable,Sealed,Wet,Raining,Night,Hit Parked Vehicle,1,Driver Rider,2: MI,No Control,,Y,1337037.51,1674594.22,1.33704E+13
2019-8675-8/07/2020,2 Metropolitan,ALBERT PARK,5014,CITY OF CHARLES STURT,2,4,0,0,4,2019,August,Saturday,9:00 PM,60,Cross Road,Straight road,Level,Not Applicable,Sealed,Wet,Raining,Night,Right Turn,1,Driver Rider,2: MI,Traffic Signals,,,1321444.17,1675569.1,1.32144E+13
2019-8676-8/07/2020,3 Country,CEDUNA,5690,DC CEDUNA                     ,2,5,0,2,3,2019,August,Saturday,4:45 PM,80,Not Divided,Straight road,Level,Driveway or Entrance,Sealed,Dry,Not Raining,Daylight,Right Turn,1,Driver Rider,3: SI,No Control,,,876713.97,1985715.94,8.76714E+12
2019-8677-8/07/2020,2 Metropolitan,HOLDEN HILL,5088,CITY OF PORT ADELAIDE ENFIELD,2,1,0,0,1,2019,August,Saturday,4:18 PM,60,Cross Road,"CURVED, VIEW OPEN",Level,Not Applicable,Sealed,Dry,Not Raining,Daylight,Rear End,2,Driver Rider,2: MI,Traffic Signals,,,1333825.9,1678094.42,1.33383E+13
2019-8678-8/07/2020,2 Metropolitan,HAPPY VALLEY,5159,CITY OF ONKAPARINGA,2,2,0,0,2,2019,September,Sunday,12:30 AM,60,Cross Road,Straight road,Slope,Not Applicable,Sealed,Wet,Raining,Night,Right Angle,2,Driver Rider,2: MI,Give Way Sign,,,1326146.22,1656948.02,1.32615E+13
2019-8679-8/07/2020,2 Metropolitan,BURTON,5110,CITY OF SALISBURY,2,1,0,0,1,2019,September,Sunday,12:40 AM,60,Cross Road,Straight road,Level,Not Applicable,Sealed,Wet,Raining,Night,Right Angle,2,Driver Rider,2: MI,Roundabout,,,1330155.51,1690824.15,1.33016E+13
2019-8680-8/07/2020,1 City,ADELAIDE,5000,CITY OF ADELAIDE,2,0,0,0,0,2019,September,Sunday,1:15 AM,50,Cross Road,Straight road,Level,Not Applicable,Sealed,Wet,Raining,Night,Right Turn,1,Driver Rider,1: PDO,Traffic Signals,,,1327860.32,1670813.48,1.32786E+13
2019-8681-8/07/2020,2 Metropolitan,FREWVILLE,5063,CITY OF BURNSIDE,2,0,0,0,0,2019,September,Sunday,5:45 AM,50,Not Divided,Straight road,Level,Not Applicable,Sealed,Dry,Not Raining,Night,Hit Fixed Object,1,Driver Rider,1: PDO,No Control,Y,,1331341.9,1668235.63,1.33134E+13
2019-8682-8/07/2020,2 Metropolitan,HENLEY BEACH SOUTH,5022,CITY OF CHARLES STURT,1,1,0,0,1,2019,September,Sunday,8:27 AM,50,Cross Road,Straight road,Level,Not Applicable,Sealed,Dry,Not Raining,Daylight,Other,1,Driver Rider,2: MI,Roundabout,,,1319011.68,1670996.19,1.31901E+13
2019-8683-8/07/2020,2 Metropolitan,WALKERVILLE,5081,WALKERVILLE TOWN COUNCIL,2,0,0,0,0,2019,August,Saturday,2:05 PM,60,Cross Road,Straight road,Level,Not Applicable,Sealed,Dry,Not Raining,Daylight,Rear End,1,Driver Rider,1: PDO,Traffic Signals,,,1329731.7,1674562.6,1.32973E+13
2019-8684-8/07/2020,2 Metropolitan,RICHMOND,5033,CITY OF WEST TORRENS,2,0,0,0,0,2019,August,Saturday,5:30 PM,60,Divided Road,Straight road,Level,Not Applicable,Sealed,Dry,Not Raining,Daylight,Side Swipe,2,Driver Rider,1: PDO,No Control,,,1325326.57,1668932.86,1.32533E+13
2019-8685-8/07/2020,2 Metropolitan,SUMMERTOWN,5141,THE ADELAIDE HILLS COUNCIL,2,0,0,0,0,2019,August,Saturday,10:30 PM,80,T-Junction,Straight road,Level,Not Applicable,Sealed,Wet,Raining,Night,Hit Fixed Object,1,Driver Rider,1: PDO,No Control,,,1338950.98,1666794.3,1.33895E+13
2019-8686-8/07/2020,2 Metropolitan,SALISBURY HEIGHTS,5109,CITY OF SALISBURY,2,0,0,0,0,2019,September,Sunday,11:00 AM,80,T-Junction,Straight road,Level,Not Applicable,Sealed,Dry,Not Raining,Daylight,Hit Fixed Object,1,Driver Rider,1: PDO,No Control,,,1335937.64,1688754.16,1.33594E+13
2019-8687-8/07/2020,2 Metropolitan,PARALOWIE,5108,CITY OF SALISBURY,2,1,0,0,1,2019,August,Saturday,2:30 PM,50,Not Divided,Straight road,Level,Driveway or Entrance,Sealed,Dry,Not Raining,Daylight,Hit Pedestrian,1,Driver Rider,2: MI,No Control,,,1329013.29,1688584.08,1.32901E+13
2019-8688-8/07/2020,2 Metropolitan,SALISBURY DOWNS,5108,CITY OF SALISBURY,2,0,0,0,0,2019,September,Sunday,12:15 PM,50,T-Junction,Straight road,Level,Not Applicable,Sealed,Dry,Not Raining,Daylight,Right Angle,2,Driver Rider,1: PDO,Give Way Sign,,,1331112.26,1688093.67,1.33111E+13
2019-8689-8/07/2020,2 Metropolitan,NAILSWORTH,5083,CITY OF PROSPECT,3,1,0,0,1,2019,September,Sunday,12:49 PM,60,T-Junction,Straight road,Level,Not Applicable,Sealed,Dry,Not Raining,Daylight,Hit Fixed Object,1,Driver Rider,2: MI,Stop Sign,,,1328915.5,1674838.62,1.32892E+13
2019-8690-8/07/2020,2 Metropolitan,KIDMAN PARK,5025,CITY OF CHARLES STURT,2,0,0,0,0,2019,September,Sunday,3:31 PM,60,T-Junction,Straight road,Level,Not Applicable,Sealed,Dry,Not Raining,Daylight,Side Swipe,1,Driver Rider,1: PDO,No Control,,,1322454.1,1672854.17,1.32245E+13
2019-8691-8/07/2020,3 Country,MOUNT BENSON,5275,DC ROBE.                      ,2,0,0,0,0,2019,September,Sunday,5:00 PM,100,Not Divided,Straight road,Level,Not Applicable,Unsealed,Dry,Not Raining,Daylight,Hit Object on Road,1,Driver Rider,1: PDO,No Control,,,1430759.73,1429328.28,1.43076E+13
2019-8692-8/07/2020,2 Metropolitan,WOODVILLE NORTH,5012,CITY OF CHARLES STURT,2,1,0,0,1,2019,September,Sunday,7:30 PM,60,Divided Road,Straight road,Level,Not Applicable,Sealed,Dry,Not Raining,Night,Hit Fixed Object,1,Driver Rider,2: MI,No Control,,,1323675.88,1676666.52,1.32368E+13
2019-8693-8/07/2020,2 Metropolitan,BRAHMA LODGE,5109,CITY OF SALISBURY,2,0,0,0,0,2019,September,Sunday,7:00 PM,50,T-Junction,Straight road,Level,Not Applicable,Sealed,Dry,Not Raining,Night,Right Angle,2,Driver Rider,1: PDO,No Control,Y,,1333868.57,1686385.58,1.33387E+13
2019-8694-8/07/2020,2 Metropolitan,GLYNDE,5070,"CC OF NORWOOD,PAYNEHAM & ST PETERS",3,1,0,0,1,2019,September,Sunday,8:40 PM,60,Divided Road,Straight road,Level,Not Applicable,Sealed,Dry,Not Raining,Night,Hit Parked Vehicle,1,Driver Rider,2: MI,No Control,,,1333449.35,1674364.9,1.33345E+13
2019-8695-8/07/2020,3 Country,NORMANVILLE,5204,DC YANKALILLA.                ,3,0,0,0,0,2019,September,Sunday,6:28 PM,50,Not Divided,Straight road,Level,Not Applicable,Sealed,Dry,Not Raining,Night,Hit Fixed Object,1,Driver Rider,1: PDO,No Control,Y,,1300986.8,1613766.62,1.30099E+13
2019-8696-8/07/2020,2 Metropolitan,MAWSON LAKES,5095,CITY OF SALISBURY,1,0,0,0,0,2019,September,Sunday,8:40 PM,80,T-Junction,Straight road,Level,Not Applicable,Sealed,Dry,Not Raining,Night,Left Road - Out of Control,1,Driver Rider,1: PDO,Traffic Signals,,,1331190.78,1682739.34,1.33119E+13
2019-8697-8/07/2020,2 Metropolitan,GLANVILLE,5015,CITY OF PORT ADELAIDE ENFIELD,2,0,0,0,0,2019,September,Sunday,9:20 PM,60,T-Junction,Straight road,Level,Not Applicable,Sealed,Dry,Not Raining,Night,Right Angle,1,Driver Rider,1: PDO,No Control,,,1319147.23,1679762.64,1.31915E+13
2019-8698-8/07/2020,1 City,NORTH ADELAIDE,5006,CITY OF ADELAIDE,2,0,0,0,0,2019,September,Sunday,11:00 PM,50,Cross Road,Straight road,Level,Not Applicable,Sealed,Dry,Not Raining,Night,Right Turn,1,Driver Rider,1: PDO,Traffic Signals,,,1329104.9,1672640.89,1.32911E+13
2019-8699-8/07/2020,2 Metropolitan,KANGARILLA,5157,CITY OF ONKAPARINGA,2,0,0,0,0,2019,September,Sunday,10:46 PM,80,Not Divided,"CURVED, VIEW OPEN",Slope,Not Applicable,Sealed,Dry,Not Raining,Night,Hit Fixed Object,1,Driver Rider,1: PDO,No Control,,,1331574.11,1647907.02,1.33157E+13
2019-8700-8/07/2020,3 Country,MALLALA,5502,DC MALLALA.                   ,2,0,0,0,0,2019,September,Monday,1:10 AM,80,Not Divided,Straight road,Level,Not Applicable,Unsealed,Dry,Not Raining,Night,Hit Fixed Object,1,Driver Rider,1: PDO,No Control,,,1317627.2,1718296.38,1.31763E+13
2019-8701-8/07/2020,2 Metropolitan,OVINGHAM,5082,CITY OF PROSPECT,1,1,0,0,1,2019,September,Monday,5:10 AM,60,Cross Road,Straight road,Level,Not Applicable,Sealed,Dry,Not Raining,Night,Roll Over,1,Driver Rider,2: MI,Traffic Signals,,,1327262,1673837.29,1.32726E+13
2019-8702-8/07/2020,2 Metropolitan,EDWARDSTOWN,5039,CC MARION.                    ,2,0,0,0,0,2019,September,Monday,6:07 AM,50,Cross Road,Straight road,Level,Not Applicable,Sealed,Dry,Not Raining,Night,Right Angle,2,Driver Rider,1: PDO,Roundabout,,,1325096.66,1664766.8,1.3251E+13
2019-8703-8/07/2020,2 Metropolitan,TROTT PARK,5158,CC MARION.                    ,2,0,0,0,0,2019,September,Monday,7:15 AM,100,Freeway,Straight road,Slope,Not Applicable,Sealed,Dry,Not Raining,Daylight,Rear End,1,Driver Rider,1: PDO,No Control,,,1321950.57,1652897.77,1.32195E+13
2019-8704-8/07/2020,3 Country,COORABIE,5690,,2,0,0,0,0,2019,August,Saturday,5:00 AM,110,Not Divided,Straight road,Level,Not Applicable,Sealed,Dry,Not Raining,Night,Hit Fixed Object,1,Driver Rider,1: PDO,No Control,,,728277.46,2030389.06,7.28277E+12
2019-8705-8/07/2020,2 Metropolitan,TROTT PARK,5158,CC MARION.                    ,3,1,0,0,1,2019,September,Monday,7:07 AM,100,Freeway,Straight road,Level,Not Applicable,Sealed,Dry,Not Raining,Daylight,Rear End,1,Driver Rider,2: MI,No Control,,Y,1321989.15,1652905.55,1.32199E+13
2019-8706-8/07/2020,2 Metropolitan,INGLE FARM,5098,CITY OF SALISBURY,2,1,0,0,1,2019,September,Monday,8:28 AM,60,T-Junction,Straight road,Slope,Not Applicable,Sealed,Dry,Not Raining,Daylight,Hit Pedestrian,1,Driver Rider,2: MI,No Control,,,1331651.67,1681192.56,1.33165E+13
2019-8707-8/07/2020,2 Metropolitan,PARAFIELD GARDENS,5107,CITY OF SALISBURY,2,0,0,0,0,2019,September,Sunday,3:15 PM,60,T-Junction,Straight road,Level,Not Applicable,Sealed,Dry,Not Raining,Daylight,Hit Fixed Object,1,Driver Rider,1: PDO,No Control,,,1330179.63,1687067.17,1.33018E+13
2019-8708-8/07/2020,2 Metropolitan,SALISBURY,5108,CITY OF SALISBURY,2,0,0,0,0,2019,September,Monday,9:03 AM,60,Cross Road,Straight road,Level,Not Applicable,Sealed,Dry,Not Raining,Daylight,Right Angle,2,Driver Rider,1: PDO,Traffic Signals,,,1333389.6,1688248.34,1.33339E+13
2019-8709-8/07/2020,2 Metropolitan,FITZROY,5082,CITY OF PROSPECT,2,1,0,0,1,2019,September,Monday,9:30 AM,60,Cross Road,Straight road,Level,Not Applicable,Sealed,Dry,Not Raining,Daylight,Rear End,2,Driver Rider,2: MI,Traffic Signals,,,1327513.27,1673636.83,1.32751E+13
2019-8710-8/07/2020,2 Metropolitan,PORT ADELAIDE,5015,CITY OF PORT ADELAIDE ENFIELD,2,0,0,0,0,2019,September,Monday,9:00 AM,50,Divided Road,"CURVED, VIEW OPEN",Bottom of Hill,"Bridge, Culvert, Causeway",Sealed,Dry,Not Raining,Daylight,Hit Fixed Object,1,Driver Rider,1: PDO,No Control,,,1319851.14,1679350.62,1.31985E+13
2019-8711-8/07/2020,2 Metropolitan,PARK HOLME,5043,CC MARION.                    ,2,0,0,0,0,2019,August,Saturday,11:00 AM,60,T-Junction,Straight road,Level,Not Applicable,Sealed,Dry,Not Raining,Daylight,Right Angle,2,Driver Rider,1: PDO,No Control,,,1323973.99,1663128.96,1.32397E+13