REPORT_ID,Stats Area,Suburb,Postcode,LGA Name,Total Units,Total Cas,Total Fats,Total SI,Total MI,Year,Month,Day,Time,Area Speed,Position Type,Horizontal Align,Vertical Align,Other Feat,Road Surface,Moisture Cond,Weather Cond,DayNight,Crash Type,Unit Resp,Entity Code,CSEF Severity,Traffic Ctrls,DUI Involved,Drugs Involved,ACCLOC_X,ACCLOC_Y,UNIQUE_LOC
2019-8953-8/07/2020,3 Country,MOUNT GAMBIER,5290,CC MT.GAMBIER.                ,2,0,0,0,0,2019,September,Monday,3:20 PM,60,Cross Road,Straight road,Level,Not Applicable,Sealed,Dry,Not Raining,Daylight,Rear End,2,Driver Rider,1: PDO,Roundabout,,,1509805.52,1340997.45,1.50981E+13
2019-8954-8/07/2020,2 Metropolitan,CALLINGTON,5254,DC MT.BARKER.                 ,2,0,0,0,0,2019,September,Monday,7:49 PM,110,Freeway,Straight road,Bottom of Hill,Not Applicable,Sealed,Dry,Not Raining,Night,Hit Animal,2,Animal,1: PDO,No Control,,,1366436.79,1647524.97,1.36644E+13
2019-8955-8/07/2020,2 Metropolitan,MORPHETT VALE,5162,CITY OF ONKAPARINGA,3,0,0,0,0,2019,September,Monday,8:00 PM,60,T-Junction,Straight road,Slope,Not Applicable,Sealed,Dry,Not Raining,Night,Right Turn,1,Driver Rider,1: PDO,Stop Sign,,,1320315.29,1651001.19,1.32032E+13
2019-8956-8/07/2020,2 Metropolitan,ASHFORD,5035,CITY OF WEST TORRENS,2,0,0,0,0,2019,September,Monday,5:25 PM,50,Cross Road,Straight road,Level,Not Applicable,Sealed,Dry,Not Raining,Daylight,Right Angle,1,Driver Rider,1: PDO,Stop Sign,,,1326034,1668341.91,1.32603E+13
2019-8957-8/07/2020,3 Country,RENMARK,5341,DC RENMARK PARINGA            ,2,0,0,0,0,2019,September,Monday,9:19 PM,60,Not Divided,"CURVED, VIEW OBSCURED",Level,"Bridge, Culvert, Causeway",Sealed,Dry,Not Raining,Night,Hit Fixed Object,9,Other,1: PDO,No Control,,,1531060.7,1744476.59,1.53106E+13
2019-8958-8/07/2020,2 Metropolitan,FLINDERS PARK,5025,CITY OF CHARLES STURT,3,0,0,0,0,2019,September,Tuesday,8:27 AM,60,Not Divided,Straight road,Level,Not Applicable,Sealed,Dry,Not Raining,Daylight,Rear End,1,Driver Rider,1: PDO,No Control,,,1322516.45,1672397.29,1.32252E+13
2019-8959-8/07/2020,2 Metropolitan,VIRGINIA,5120,CITY OF PLAYFORD.,3,1,0,0,1,2019,September,Thursday,10:00 AM,50,Not Divided,Straight road,Level,Not Applicable,Sealed,Dry,Not Raining,Daylight,Hit Parked Vehicle,1,Driver Rider,2: MI,No Control,,,1325817.25,1699475.68,1.32582E+13
2019-8960-8/07/2020,2 Metropolitan,SOUTH PLYMPTON,5038,CC MARION.                    ,4,1,0,0,1,2019,September,Tuesday,1:00 PM,60,Cross Road,Straight road,Level,Not Applicable,Sealed,Dry,Not Raining,Daylight,Rear End,1,Driver Rider,2: MI,Stop Sign,,,1324251.16,1665691.41,1.32425E+13
2019-8961-8/07/2020,2 Metropolitan,MILE END,5031,CITY OF WEST TORRENS,2,0,0,0,0,2019,September,Tuesday,8:10 AM,50,Cross Road,Straight road,Level,Not Applicable,Sealed,Dry,Not Raining,Daylight,Right Angle,1,Driver Rider,1: PDO,Give Way Sign,,,1325483,1670443.4,1.32548E+13
2019-8962-8/07/2020,2 Metropolitan,KLEMZIG,5087,CITY OF PORT ADELAIDE ENFIELD,2,0,0,0,0,2019,September,Tuesday,7:45 AM,60,Cross Road,Straight road,Level,Not Applicable,Sealed,Dry,Not Raining,Daylight,Rear End,2,Driver Rider,1: PDO,Traffic Signals,,,1332072.8,1676595.28,1.33207E+13
2019-8963-8/07/2020,2 Metropolitan,ONE TREE HILL,5114,CITY OF PLAYFORD.,2,0,0,0,0,2019,September,Tuesday,8:45 AM,80,T-Junction,Straight road,Slope,Not Applicable,Sealed,Dry,Not Raining,Daylight,Right Angle,2,Driver Rider,1: PDO,No Control,,,1343511.7,1693306.77,1.34351E+13
2019-8964-8/07/2020,2 Metropolitan,PARKSIDE,5063,CITY OF UNLEY,2,0,0,0,0,2019,September,Tuesday,8:20 AM,60,Cross Road,Straight road,Level,Not Applicable,Sealed,Dry,Not Raining,Daylight,Right Turn,2,Driver Rider,1: PDO,Traffic Signals,,,1329603.75,1668978.88,1.3296E+13
2019-8965-8/07/2020,2 Metropolitan,MANNINGHAM,5086,CITY OF PORT ADELAIDE ENFIELD,2,4,0,0,4,2019,September,Tuesday,8:32 AM,60,Divided Road,Straight road,Level,Not Applicable,Sealed,Dry,Not Raining,Daylight,Rear End,2,Driver Rider,2: MI,No Control,,,1330441.8,1676429.77,1.33044E+13
2019-8966-8/07/2020,3 Country,BORDERTOWN,5268,DC TATIARA.                   ,3,1,0,0,1,2019,September,Tuesday,10:40 AM,50,Cross Road,Straight road,Level,Not Applicable,Sealed,Dry,Not Raining,Daylight,Right Angle,1,Driver Rider,2: MI,Give Way Sign,,,1518429.92,1508881.93,1.51843E+13
2019-8967-8/07/2020,3 Country,WAIKERIE,5330,LOXTON WAIKERIE DISTRICT COUNCIL,3,0,0,0,0,2019,September,Tuesday,10:15 AM,50,Not Divided,Straight road,Level,Not Applicable,Sealed,Dry,Not Raining,Daylight,Hit Pedestrian,2,Driver Rider,1: PDO,No Control,,,1458669.93,1748237.58,1.45867E+13
2019-8968-8/07/2020,2 Metropolitan,ST MARYS,5042,CC MITCHAM.                   ,2,0,0,0,0,2019,September,Tuesday,7:27 AM,60,Cross Road,Straight road,Level,Not Applicable,Sealed,Dry,Not Raining,Daylight,Right Turn,2,Driver Rider,1: PDO,Traffic Signals,,,1325965.45,1663318.74,1.32597E+13
2019-8969-8/07/2020,2 Metropolitan,GULFVIEW HEIGHTS,5096,CITY OF SALISBURY,3,0,0,0,0,2019,September,Tuesday,11:20 AM,60,T-Junction,Straight road,Slope,Not Applicable,Sealed,Dry,Not Raining,Daylight,Right Turn,2,Driver Rider,1: PDO,No Control,,,1334426.81,1684341.95,1.33443E+13
2019-8970-8/07/2020,2 Metropolitan,ASCOT PARK,5043,CC MARION.                    ,3,0,0,0,0,2019,September,Tuesday,8:59 AM,60,Divided Road,Straight road,Level,Not Applicable,Sealed,Dry,Not Raining,Daylight,Rear End,1,Driver Rider,1: PDO,No Control,,,1324312.57,1663679.04,1.32431E+13
2019-8971-8/07/2020,2 Metropolitan,PAYNEHAM,5070,"CC OF NORWOOD,PAYNEHAM & ST PETERS",2,1,0,0,1,2019,August,Friday,1:15 PM,60,Cross Road,Straight road,Level,Unknown,Sealed,Dry,Not Raining,Daylight,Rear End,2,Driver Rider,2: MI,Traffic Signals,,,1332162.99,1673774.81,1.33216E+13
2019-8972-8/07/2020,2 Metropolitan,LEABROOK,5068,CITY OF BURNSIDE,3,0,0,0,0,2019,September,Tuesday,12:30 PM,60,Cross Road,Straight road,Level,Not Applicable,Sealed,Dry,Not Raining,Daylight,Rear End,1,Driver Rider,1: PDO,Give Way Sign,,,1333907.29,1670185.95,1.33391E+13
2019-8973-8/07/2020,2 Metropolitan,NORWOOD,5067,"CC OF NORWOOD,PAYNEHAM & ST PETERS",2,0,0,0,0,2019,September,Tuesday,10:45 AM,60,Divided Road,Straight road,Level,Not Applicable,Sealed,Dry,Not Raining,Daylight,Side Swipe,2,Driver Rider,1: PDO,No Control,,,1330816.16,1671040.64,1.33082E+13
2019-8974-8/07/2020,2 Metropolitan,ST AGNES,5097,CITY OF TEA TREE GULLY,2,1,0,0,1,2019,September,Tuesday,8:25 AM,60,Cross Road,Straight road,Level,Not Applicable,Sealed,Dry,Not Raining,Daylight,Right Angle,2,Driver Rider,2: MI,Roundabout,,,1338614.98,1680677.78,1.33862E+13
2019-8975-8/07/2020,2 Metropolitan,RENOWN PARK,5008,CITY OF CHARLES STURT,3,1,1,0,0,2019,September,Tuesday,10:52 AM,60,Not Divided,Straight road,Level,Not Applicable,Sealed,Dry,Not Raining,Daylight,Hit Fixed Object,1,Driver Rider,4: Fatal,No Control,,Y,1326436.18,1674483.72,1.32644E+13
2019-8976-8/07/2020,2 Metropolitan,HALLETT COVE,5158,CC MARION.                    ,2,0,0,0,0,2019,September,Tuesday,1:20 PM,50,T-Junction,Straight road,Level,Not Applicable,Sealed,Dry,Not Raining,Daylight,Hit Pedestrian,2,Pedestrian,1: PDO,No Control,,,1319796.4,1654946.31,1.3198E+13
2019-8977-8/07/2020,3 Country,OODNADATTA,5734,,1,0,0,0,0,2019,September,Tuesday,9:30 AM,100,Not Divided,Straight road,Level,Not Applicable,Unsealed,Dry,Not Raining,Daylight,Roll Over,1,Driver Rider,1: PDO,No Control,,,1041944.61,2496118.9,1.04195E+13
2019-8978-8/07/2020,3 Country,WILLIAMSTOWN,5351,THE BAROSSA COUNCIL.,2,1,0,0,1,2019,September,Tuesday,12:25 PM,80,Not Divided,Straight road,Slope,Not Applicable,Sealed,Dry,Not Raining,Daylight,Hit Fixed Object,1,Driver Rider,2: MI,No Control,,,1357450.53,1697320.67,1.35745E+13
2019-8979-8/07/2020,3 Country,PORT LINCOLN,5606,CC PT.LINCOLN.                ,2,1,0,0,1,2019,September,Tuesday,3:00 PM,40,Not Divided,Straight road,Level,Not Applicable,Sealed,Dry,Not Raining,Daylight,Right Angle,2,Driver Rider,2: MI,No Control,,,1078454.5,1698663.13,1.07846E+13
2019-8980-8/07/2020,2 Metropolitan,PARA HILLS WEST,5096,CITY OF SALISBURY,2,0,0,0,0,2019,September,Tuesday,3:20 PM,60,T-Junction,Straight road,Level,Not Applicable,Sealed,Dry,Not Raining,Daylight,Rear End,1,Driver Rider,1: PDO,No Control,,,1333506.98,1685190.89,1.33351E+13
2019-8981-8/07/2020,2 Metropolitan,GEPPS CROSS,5094,CITY OF PORT ADELAIDE ENFIELD,2,0,0,0,0,2019,September,Monday,2:15 PM,60,Cross Road,"CURVED, VIEW OPEN",Level,Not Applicable,Sealed,Dry,Not Raining,Daylight,Side Swipe,1,Driver Rider,1: PDO,Traffic Signals,,,1327996.81,1679245.21,1.328E+13
2019-8982-8/07/2020,2 Metropolitan,GOLDEN GROVE,5125,CITY OF TEA TREE GULLY,1,1,0,0,1,2019,September,Tuesday,4:15 PM,60,Not Divided,"CURVED, VIEW OBSCURED",Crest of Hill,Not Applicable,Sealed,Dry,Not Raining,Daylight,Roll Over,1,Driver Rider,2: MI,No Control,,,1339860.88,1685995.62,1.33986E+13
2019-8983-8/07/2020,2 Metropolitan,PAYNEHAM,5070,"CC OF NORWOOD,PAYNEHAM & ST PETERS",2,0,0,0,0,2019,September,Tuesday,8:50 AM,60,Cross Road,Straight road,Level,Not Applicable,Sealed,Dry,Not Raining,Daylight,Side Swipe,2,Driver Rider,1: PDO,Traffic Signals,,,1332174.87,1673786.03,1.33218E+13
2019-8984-8/07/2020,2 Metropolitan,HOVE,5048,CITY OF HOLDFAST BAY,2,0,0,0,0,2019,September,Tuesday,9:00 AM,60,T-Junction,Straight road,Level,Not Applicable,Sealed,Dry,Not Raining,Daylight,Side Swipe,2,Driver Rider,1: PDO,No Control,,,1321120.61,1661578.32,1.32112E+13
2019-8985-8/07/2020,2 Metropolitan,SOMERTON PARK,5044,CITY OF HOLDFAST BAY,3,1,0,0,1,2019,September,Tuesday,4:40 PM,60,Divided Road,Straight road,Level,Not Applicable,Sealed,Dry,Not Raining,Daylight,Rear End,1,Driver Rider,2: MI,No Control,,,1321805.3,1663204.78,1.32181E+13
2019-8986-8/07/2020,2 Metropolitan,PAYNEHAM,5070,"CC OF NORWOOD,PAYNEHAM & ST PETERS",3,0,0,0,0,2019,September,Tuesday,5:24 PM,60,Cross Road,"CURVED, VIEW OPEN",Level,Not Applicable,Sealed,Dry,Not Raining,Daylight,Right Turn,2,Driver Rider,1: PDO,Traffic Signals,,,1332162.99,1673774.81,1.33216E+13
2019-8987-8/07/2020,2 Metropolitan,MODBURY,5092,CITY OF TEA TREE GULLY,3,0,0,0,0,2019,September,Tuesday,3:50 PM,60,Divided Road,Straight road,Level,Not Applicable,Sealed,Dry,Not Raining,Daylight,Rear End,1,Driver Rider,1: PDO,No Control,,,1337062.93,1680632.76,1.33706E+13
2019-8988-8/07/2020,2 Metropolitan,BROMPTON,5007,CITY OF CHARLES STURT,2,0,0,0,0,2019,September,Tuesday,2:45 PM,40,Cross Road,Straight road,Level,Not Applicable,Sealed,Dry,Not Raining,Daylight,Right Angle,2,Driver Rider,1: PDO,Give Way Sign,,,1326730.05,1674007.6,1.32673E+13
2019-8989-8/07/2020,2 Metropolitan,CAVAN,5094,CITY OF SALISBURY,3,0,0,0,0,2019,September,Tuesday,5:20 PM,70,Divided Road,Straight road,Level,Not Applicable,Sealed,Dry,Not Raining,Daylight,Rear End,2,Driver Rider,1: PDO,No Control,,,1329300.32,1681676.25,1.3293E+13
2019-8990-8/07/2020,2 Metropolitan,NEWTON,5074,CC CAMPBELLTOWN.              ,4,2,0,0,2,2019,September,Tuesday,6:20 PM,60,Not Divided,Straight road,Level,Not Applicable,Sealed,Dry,Not Raining,Night,Rear End,1,Driver Rider,2: MI,No Control,,,1335406.33,1674690.91,1.33541E+13
2019-8991-8/07/2020,3 Country,WAIKERIE,5330,LOXTON WAIKERIE DISTRICT COUNCIL,2,0,0,0,0,2019,September,Tuesday,4:00 PM,110,T-Junction,Straight road,Level,Not Applicable,Sealed,Dry,Not Raining,Daylight,Side Swipe,2,Driver Rider,1: PDO,No Control,,,1455067.44,1745053,1.45507E+13
2019-8992-8/07/2020,2 Metropolitan,GLENELG EAST,5045,CITY OF HOLDFAST BAY,2,1,0,0,1,2019,September,Wednesday,7:00 AM,60,T-Junction,Straight road,Level,Not Applicable,Sealed,Dry,Not Raining,Daylight,Right Angle,1,Driver Rider,2: MI,No Control,,,1322038.15,1665334.94,1.32204E+13
2019-8993-8/07/2020,2 Metropolitan,EDWARDSTOWN,5039,CC MARION.                    ,2,1,0,0,1,2019,September,Wednesday,7:40 AM,60,T-Junction,Straight road,Level,Not Applicable,Sealed,Dry,Not Raining,Daylight,Right Turn,1,Driver Rider,2: MI,No Control,,,1325938,1663897.52,1.32594E+13
2019-8994-8/07/2020,2 Metropolitan,GEPPS CROSS,5094,CITY OF PORT ADELAIDE ENFIELD,2,1,0,0,1,2019,September,Wednesday,7:55 AM,60,Multiple,Straight road,Level,Not Applicable,Sealed,Dry,Not Raining,Daylight,Right Turn,1,Driver Rider,2: MI,Traffic Signals,,,1328797.53,1679280.27,1.3288E+13
2019-8995-8/07/2020,2 Metropolitan,LARGS NORTH,5016,CITY OF PORT ADELAIDE ENFIELD,3,0,0,0,0,2019,September,Wednesday,6:00 AM,60,Not Divided,Straight road,Level,Not Applicable,Sealed,Dry,Not Raining,Night,Hit Fixed Object,1,Driver Rider,1: PDO,No Control,,,1319204.03,1683007.39,1.3192E+13
2019-8996-8/07/2020,2 Metropolitan,GREENACRES,5086,CITY OF PORT ADELAIDE ENFIELD,2,0,0,0,0,2019,September,Wednesday,9:15 AM,60,T-Junction,Straight road,Level,Not Applicable,Sealed,Dry,Not Raining,Daylight,Right Angle,1,Driver Rider,1: PDO,No Control,,,1330430.11,1677200.82,1.33043E+13
2019-8997-8/07/2020,2 Metropolitan,CHANDLERS HILL,5159,CITY OF ONKAPARINGA,2,0,0,0,0,2019,September,Wednesday,8:14 AM,70,Cross Road,Straight road,Level,Not Applicable,Sealed,Dry,Not Raining,Daylight,Rear End,2,Driver Rider,1: PDO,No Control,,,1330404.38,1654176.38,1.3304E+13
2019-8998-8/07/2020,2 Metropolitan,LITTLEHAMPTON,5250,DC MT.BARKER.                 ,2,0,0,0,0,2019,September,Wednesday,8:15 AM,50,Not Divided,Straight road,Level,Not Applicable,Sealed,Dry,Not Raining,Daylight,Hit Fixed Object,1,Driver Rider,1: PDO,No Control,,,1352210.44,1656231.74,1.35221E+13
2019-8999-8/07/2020,2 Metropolitan,MITCHELL PARK,5043,CC MARION.                    ,3,0,0,0,0,2019,September,Wednesday,8:30 AM,60,Divided Road,Straight road,Level,Not Applicable,Sealed,Dry,Not Raining,Daylight,Rear End,1,Driver Rider,1: PDO,No Control,,,1324356.86,1662176.92,1.32436E+13
2019-9000-8/07/2020,2 Metropolitan,MANSFIELD PARK,5012,CITY OF PORT ADELAIDE ENFIELD,2,0,0,0,0,2019,September,Wednesday,6:30 AM,50,T-Junction,Straight road,Level,Not Applicable,Sealed,Dry,Not Raining,Daylight,Hit Parked Vehicle,1,Driver Rider,1: PDO,No Control,,,1324681.76,1679072.53,1.32468E+13
2019-9001-8/07/2020,2 Metropolitan,SALISBURY,5108,CITY OF SALISBURY,2,4,0,0,4,2019,September,Wednesday,10:40 AM,60,T-Junction,Straight road,Level,Not Applicable,Sealed,Dry,Not Raining,Daylight,Right Turn,2,Driver Rider,2: MI,Traffic Signals,,Y,1333049.35,1688482.22,1.33305E+13
2019-9002-8/07/2020,2 Metropolitan,VALLEY VIEW,5093,CITY OF TEA TREE GULLY,2,0,0,0,0,2019,September,Wednesday,11:55 AM,60,Divided Road,Straight road,Slope,Not Applicable,Sealed,Dry,Not Raining,Daylight,Hit Fixed Object,1,Driver Rider,1: PDO,No Control,,,1335653.31,1679888.59,1.33565E+13
2019-9003-8/07/2020,2 Metropolitan,BRIGHTON,5048,CITY OF HOLDFAST BAY,2,0,0,0,0,2019,September,Tuesday,4:00 PM,60,Divided Road,Straight road,Level,Not Applicable,Sealed,Dry,Not Raining,Daylight,Rear End,1,Driver Rider,1: PDO,No Control,,,1321149.04,1660569.9,1.32115E+13
2019-9004-8/07/2020,2 Metropolitan,PARKSIDE,5063,CITY OF UNLEY,2,0,0,0,0,2019,September,Wednesday,11:00 AM,60,Divided Road,Straight road,Level,Not Applicable,Sealed,Dry,Not Raining,Daylight,Hit Parked Vehicle,2,Driver Rider,1: PDO,No Control,,,1329531.28,1668976.71,1.32953E+13
2019-9005-8/07/2020,2 Metropolitan,MCLAREN VALE,5171,CITY OF ONKAPARINGA,2,0,0,0,0,2019,September,Wednesday,6:40 AM,50,Not Divided,Straight road,Level,Not Applicable,Sealed,Dry,Not Raining,Daylight,Hit Parked Vehicle,1,Driver Rider,1: PDO,No Control,,,1322059.94,1637996.91,1.32206E+13
2019-9006-8/07/2020,1 City,ADELAIDE,5000,CITY OF ADELAIDE,2,1,0,0,1,2019,September,Wednesday,2:20 PM,50,T-Junction,Straight road,Level,Not Applicable,Sealed,Dry,Not Raining,Daylight,Hit Pedestrian,1,Driver Rider,2: MI,No Control,,,1328137.4,1670506.61,1.32814E+13
2019-9007-8/07/2020,3 Country,MOUNT GAMBIER,5290,CC MT.GAMBIER.                ,2,0,0,0,0,2019,September,Wednesday,10:00 AM,60,T-Junction,Straight road,Level,Not Applicable,Sealed,Dry,Not Raining,Daylight,Right Turn,1,Driver Rider,1: PDO,Traffic Signals,,,1511191.82,1342562.65,1.51119E+13
2019-9008-8/07/2020,2 Metropolitan,CHANDLERS HILL,5159,CITY OF ONKAPARINGA,2,0,0,0,0,2019,September,Tuesday,9:32 PM,80,Not Divided,"CURVED, VIEW OPEN",Level,Not Applicable,Sealed,Dry,Not Raining,Night,Hit Fixed Object,1,Driver Rider,1: PDO,No Control,,,1327844.72,1650649.25,1.32785E+13
2019-9009-8/07/2020,3 Country,YOUNGHUSBAND,5238,MID MURRAY DISTRICT COUNCIL,3,0,0,0,0,2019,September,Wednesday,8:45 AM,80,Not Divided,"CURVED, VIEW OPEN",Level,Not Applicable,Sealed,Dry,Not Raining,Daylight,Hit Animal,2,Animal,1: PDO,No Control,,,1402186.03,1674629.9,1.40219E+13
2019-9010-8/07/2020,2 Metropolitan,POORAKA,5095,CITY OF SALISBURY,2,0,0,0,0,2019,September,Wednesday,2:30 PM,70,T-Junction,Straight road,Level,Not Applicable,Sealed,Dry,Not Raining,Daylight,Rear End,2,Driver Rider,1: PDO,No Control,,,1329292.15,1681228.47,1.32929E+13
2019-9011-8/07/2020,1 City,ADELAIDE,5000,CITY OF ADELAIDE,2,0,0,0,0,2019,September,Wednesday,3:30 PM,50,Cross Road,Straight road,Level,Not Applicable,Sealed,Dry,Not Raining,Daylight,Side Swipe,2,Driver Rider,1: PDO,Traffic Signals,,,1329051.95,1669739.69,1.32905E+13
2019-9012-8/07/2020,2 Metropolitan,PARA HILLS WEST,5096,CITY OF SALISBURY,2,0,0,0,0,2019,September,Wednesday,3:20 PM,60,Divided Road,Straight road,Level,Not Applicable,Sealed,Dry,Not Raining,Daylight,Side Swipe,2,Driver Rider,1: PDO,No Control,,,1333208.37,1683419.19,1.33321E+13
2019-9013-8/07/2020,2 Metropolitan,UNLEY,5061,CITY OF UNLEY,2,1,0,0,1,2019,September,Wednesday,7:40 AM,60,Cross Road,Straight road,Level,Not Applicable,Sealed,Dry,Not Raining,Daylight,Rear End,2,Driver Rider,2: MI,Traffic Signals,,,1328488.62,1668945.86,1.32849E+13
2019-9014-8/07/2020,2 Metropolitan,WESTBOURNE PARK,5041,CC MITCHAM.                   ,2,1,0,1,0,2019,September,Wednesday,3:00 PM,60,Cross Road,Straight road,Level,Not Applicable,Sealed,Dry,Not Raining,Daylight,Hit Pedestrian,1,Driver Rider,3: SI,Traffic Signals,,,1327507.74,1666207.56,1.32751E+13
2019-9015-8/07/2020,2 Metropolitan,ST MARYS,5042,CC MITCHAM.                   ,2,0,0,0,0,2019,September,Wednesday,4:00 PM,70,Divided Road,Straight road,Level,Not Applicable,Sealed,Dry,Not Raining,Daylight,Side Swipe,2,Driver Rider,1: PDO,No Control,,,1326296.58,1661286.48,1.3263E+13
2019-9016-8/07/2020,3 Country,CHAFFEY,5341,DC RENMARK PARINGA            ,2,0,0,0,0,2019,September,Wednesday,4:22 PM,100,Cross Road,Straight road,Level,Not Applicable,Sealed,Dry,Not Raining,Daylight,Right Angle,2,Driver Rider,1: PDO,Give Way Sign,,,1524072.74,1755680.56,1.52407E+13
2019-9017-8/07/2020,2 Metropolitan,COLLINSWOOD,5081,CITY OF PROSPECT,2,0,0,0,0,2019,September,Wednesday,5:00 PM,60,T-Junction,Straight road,Level,Not Applicable,Sealed,Dry,Not Raining,Daylight,Right Turn,1,Driver Rider,1: PDO,No Control,,,1330186.09,1674963.57,1.33019E+13
2019-9018-8/07/2020,2 Metropolitan,MCLAREN FLAT,5171,CITY OF ONKAPARINGA,2,0,0,0,0,2019,September,Wednesday,4:20 PM,50,Not Divided,"CURVED, VIEW OPEN",Bottom of Hill,Not Applicable,Unsealed,Dry,Not Raining,Daylight,Hit Fixed Object,1,Driver Rider,1: PDO,No Control,,,1332444.64,1642287.48,1.33245E+13
2019-9019-8/07/2020,3 Country,LINCOLN GAP,5715,,2,1,0,0,1,2019,September,Wednesday,3:54 PM,110,Not Divided,Straight road,Level,Not Applicable,Sealed,Dry,Not Raining,Daylight,Head On,1,Driver Rider,2: MI,No Control,,,1243654.45,1931192.91,1.24365E+13
2019-9020-8/07/2020,2 Metropolitan,SALISBURY,5108,CITY OF SALISBURY,3,2,0,0,2,2019,September,Wednesday,4:30 PM,60,T-Junction,"CURVED, VIEW OPEN",Slope,Not Applicable,Sealed,Dry,Not Raining,Daylight,Rear End,1,Driver Rider,2: MI,No Control,,,1333596.57,1689243.55,1.3336E+13
2019-9021-8/07/2020,3 Country,SEDDON,5223,KANGAROO ISLAND COUNCIL,2,1,0,0,1,2019,September,Wednesday,2:30 PM,110,Not Divided,"CURVED, VIEW OPEN",Level,Not Applicable,Sealed,Dry,Not Raining,Daylight,Hit Fixed Object,1,Driver Rider,2: MI,No Control,,,1208913.24,1565053.49,1.20891E+13
2019-9022-8/07/2020,2 Metropolitan,THEBARTON,5031,CITY OF WEST TORRENS,2,0,0,0,0,2019,September,Wednesday,4:30 PM,50,Cross Road,Straight road,Level,Not Applicable,Sealed,Dry,Not Raining,Daylight,Side Swipe,1,Driver Rider,1: PDO,Stop Sign,,,1326399.81,1672092.65,1.3264E+13
2019-9023-8/07/2020,2 Metropolitan,BROOKLYN PARK,5032,CITY OF WEST TORRENS,2,0,0,0,0,2019,September,Wednesday,8:30 AM,60,Divided Road,Straight road,Level,Not Applicable,Sealed,Dry,Not Raining,Daylight,Rear End,2,Driver Rider,1: PDO,No Control,,,1323005.7,1670091.37,1.32301E+13
2019-9024-8/07/2020,2 Metropolitan,BROOKLYN PARK,5032,CITY OF WEST TORRENS,2,1,0,0,1,2019,September,Wednesday,5:55 PM,60,Divided Road,Straight road,Level,Median Opening (not at I/S),Sealed,Dry,Not Raining,Daylight,Side Swipe,2,Driver Rider,2: MI,No Control,,,1323390.54,1670803.81,1.32339E+13
2019-9025-8/07/2020,2 Metropolitan,PORT ADELAIDE,5015,CITY OF PORT ADELAIDE ENFIELD,2,1,0,0,1,2019,September,Wednesday,4:20 PM,50,T-Junction,Straight road,Level,Not Applicable,Sealed,Dry,Not Raining,Daylight,Right Angle,2,Driver Rider,2: MI,No Control,,,1320370.43,1679528.09,1.32037E+13
2019-9026-8/07/2020,2 Metropolitan,SALISBURY HEIGHTS,5109,CITY OF SALISBURY,3,0,0,0,0,2019,September,Wednesday,8:35 AM,60,Divided Road,Straight road,Slope,Not Applicable,Sealed,Dry,Not Raining,Daylight,Rear End,2,Driver Rider,1: PDO,No Control,,,1335564.91,1688052.48,1.33557E+13
2019-9027-8/07/2020,2 Metropolitan,URRBRAE,5064,CC MITCHAM.                   ,8,1,0,0,1,2019,September,Wednesday,6:28 PM,60,Cross Road,Straight road,Bottom of Hill,Not Applicable,Sealed,Dry,Not Raining,Night,Rear End,1,Driver Rider,2: MI,Traffic Signals,,,1332373.16,1666370.92,1.33237E+13
2019-9028-8/07/2020,2 Metropolitan,ETHELTON,5015,CITY OF PORT ADELAIDE ENFIELD,2,0,0,0,0,2019,September,Wednesday,8:20 PM,60,Not Divided,Straight road,Level,Not Applicable,Sealed,Dry,Not Raining,Night,Hit Fixed Object,1,Driver Rider,1: PDO,No Control,,,1319164.45,1679578.36,1.31916E+13
2019-9029-8/07/2020,2 Metropolitan,WOODVILLE,5011,CITY OF CHARLES STURT,2,0,0,0,0,2019,September,Wednesday,7:55 PM,50,Divided Road,Straight road,Level,Not Applicable,Sealed,Dry,Not Raining,Night,Hit Pedestrian,1,Driver Rider,1: PDO,No Control,,,1322944.13,1676077.32,1.32294E+13
2019-9030-8/07/2020,2 Metropolitan,PLYMPTON,5038,CITY OF WEST TORRENS,2,0,0,0,0,2019,September,Wednesday,2:18 PM,60,Cross Road,Straight road,Level,Not Applicable,Sealed,Dry,Not Raining,Daylight,Rear End,2,Driver Rider,1: PDO,Traffic Signals,,,1324227.97,1666559.26,1.32423E+13
2019-9031-8/07/2020,2 Metropolitan,MAWSON LAKES,5095,CITY OF SALISBURY,2,1,0,1,0,2019,September,Wednesday,8:17 PM,60,Divided Road,Straight road,Level,Not Applicable,Sealed,Dry,Not Raining,Night,Rear End,1,Driver Rider,3: SI,No Control,Y,Y,1328676.58,1683918.6,1.32868E+13
2019-9032-8/07/2020,3 Country,BOOKPURNONG,5333,LOXTON WAIKERIE DISTRICT COUNCIL,2,1,1,0,0,2019,September,Wednesday,9:40 PM,110,T-Junction,Straight road,Level,Not Applicable,Sealed,Dry,Not Raining,Night,Hit Fixed Object,1,Driver Rider,4: Fatal,No Control,,Y,1520423.03,1729190.02,1.52042E+13