REPORT_ID,Stats Area,Suburb,Postcode,LGA Name,Total Units,Total Cas,Total Fats,Total SI,Total MI,Year,Month,Day,Time,Area Speed,Position Type,Horizontal Align,Vertical Align,Other Feat,Road Surface,Moisture Cond,Weather Cond,DayNight,Crash Type,Unit Resp,Entity Code,CSEF Severity,Traffic Ctrls,DUI Involved,Drugs Involved,ACCLOC_X,ACCLOC_Y,UNIQUE_LOC
2019-9114-8/07/2020,3 Country,MINBRIE,5602,DC FRANKLIN HARBOR.           ,2,0,0,0,0,2019,September,Friday,2:50 PM,110,Not Divided,"CURVED, VIEW OBSCURED",Level,Not Applicable,Sealed,Dry,Not Raining,Daylight,Hit Animal,2,Animal,1: PDO,No Control,,,1184805.42,1822064.87,1.18481E+13
2019-9115-8/07/2020,2 Metropolitan,GAWLER EAST,5118,CT GAWLER.                    ,2,0,0,0,0,2019,September,Friday,4:00 PM,50,T-Junction,"CURVED, VIEW OPEN",Level,Not Applicable,Sealed,Dry,Not Raining,Daylight,Head On,2,Driver Rider,1: PDO,No Control,,,1345753.8,1705776.72,1.34575E+13
2019-9116-8/07/2020,2 Metropolitan,ROYAL PARK,5014,CITY OF CHARLES STURT,3,1,0,0,1,2019,September,Saturday,11:05 AM,60,Pedestrian Crossing,Straight road,Level,Not Applicable,Sealed,Dry,Not Raining,Daylight,Rear End,1,Driver Rider,2: MI,Traffic Signals,,,1320688,1676764.6,1.32069E+13
2019-9117-8/07/2020,2 Metropolitan,MUNNO PARA,5115,CITY OF PLAYFORD.,2,0,0,0,0,2019,September,Saturday,11:30 AM,60,T-Junction,Straight road,Level,Not Applicable,Sealed,Dry,Not Raining,Daylight,Right Angle,1,Driver Rider,1: PDO,Give Way Sign,,,1336515.35,1698629.88,1.33652E+13
2019-9118-8/07/2020,2 Metropolitan,SALISBURY PLAIN,5109,CITY OF SALISBURY,1,0,0,0,0,2019,September,Saturday,11:00 AM,80,Cross Road,Straight road,Level,Not Applicable,Sealed,Dry,Not Raining,Daylight,Roll Over,1,Driver Rider,1: PDO,Traffic Signals,,,1334701.93,1687209.78,1.3347E+13
2019-9119-8/07/2020,2 Metropolitan,MAGILL,5072,CC CAMPBELLTOWN.              ,2,0,0,0,0,2019,September,Friday,3:00 PM,60,Not Divided,Straight road,Level,Not Applicable,Sealed,Dry,Not Raining,Daylight,Rear End,2,Driver Rider,1: PDO,No Control,,,1335451.54,1671846.9,1.33545E+13
2019-9120-8/07/2020,3 Country,TAILEM BEND,5260,COORONG DISTRICT COUNCIL,2,0,0,0,0,2019,September,Saturday,6:00 AM,110,Not Divided,Straight road,Level,Not Applicable,Sealed,Dry,Not Raining,Night,Hit Fixed Object,1,Driver Rider,1: PDO,No Control,,,1399915.38,1637338.44,1.39992E+13
2019-9121-8/07/2020,3 Country,MIDDLETON,5213,ALEXANDRINA COUNCIL,2,0,0,0,0,2019,September,Saturday,1:00 PM,50,Not Divided,"CURVED, VIEW OBSCURED",Level,Not Applicable,Sealed,Dry,Not Raining,Daylight,Head On,2,Driver Rider,1: PDO,No Control,,,1338528.2,1605393.48,1.33853E+13
2019-9122-8/07/2020,2 Metropolitan,ULEYBURY,5114,CITY OF PLAYFORD.,2,1,0,0,1,2019,September,Saturday,1:50 PM,100,Not Divided,"CURVED, VIEW OBSCURED",Slope,Not Applicable,Sealed,Dry,Not Raining,Daylight,Head On,1,Driver Rider,2: MI,No Control,,,1342008.81,1695212.81,1.34201E+13
2019-9123-8/07/2020,2 Metropolitan,NOARLUNGA CENTRE,5168,CITY OF ONKAPARINGA,2,0,0,0,0,2019,September,Saturday,1:40 PM,60,T-Junction,Straight road,Level,Not Applicable,Sealed,Dry,Not Raining,Daylight,Right Turn,2,Driver Rider,1: PDO,Traffic Signals,,,1318788.81,1647471.6,1.31879E+13
2019-9124-8/07/2020,2 Metropolitan,MOANA,5169,CITY OF ONKAPARINGA,2,1,0,1,0,2019,September,Saturday,1:45 PM,50,T-Junction,Straight road,Level,Not Applicable,Sealed,Dry,Not Raining,Daylight,Side Swipe,2,Driver Rider,3: SI,No Control,,,1315723.57,1641134.64,1.31572E+13
2019-9125-8/07/2020,2 Metropolitan,TORRENSVILLE,5031,CITY OF WEST TORRENS,3,0,0,0,0,2019,September,Friday,5:00 PM,60,Divided Road,Straight road,Level,Not Applicable,Sealed,Dry,Not Raining,Daylight,Rear End,1,Driver Rider,1: PDO,No Control,,,1325671.83,1671413.25,1.32567E+13
2019-9126-8/07/2020,2 Metropolitan,POORAKA,5095,CITY OF SALISBURY,3,3,0,0,3,2019,September,Saturday,3:28 PM,60,T-Junction,Straight road,Level,Not Applicable,Sealed,Dry,Not Raining,Daylight,Rear End,1,Driver Rider,2: MI,No Control,,,1331419.79,1680901.15,1.33142E+13
2019-9127-8/07/2020,2 Metropolitan,ELIZABETH NORTH,5113,CITY OF PLAYFORD.,2,0,0,0,0,2019,September,Saturday,1:30 PM,80,Divided Road,Straight road,Level,Not Applicable,Sealed,Dry,Not Raining,Daylight,Rear End,2,Driver Rider,1: PDO,No Control,,,1336928.19,1695449.12,1.33693E+13
2019-9128-8/07/2020,2 Metropolitan,HENLEY BEACH,5022,CITY OF CHARLES STURT,2,0,0,0,0,2019,September,Saturday,3:00 PM,50,Cross Road,Straight road,Level,Not Applicable,Sealed,Dry,Not Raining,Daylight,Rear End,1,Driver Rider,1: PDO,Give Way Sign,,,1318817.37,1671996.21,1.31882E+13
2019-9129-8/07/2020,2 Metropolitan,SEATON,5023,CITY OF CHARLES STURT,3,0,0,0,0,2019,September,Saturday,2:40 PM,60,Not Divided,Straight road,Level,Not Applicable,Sealed,Dry,Not Raining,Daylight,Hit Parked Vehicle,1,Driver Rider,1: PDO,No Control,,,1319949.86,1673425.95,1.31995E+13
2019-9130-8/07/2020,2 Metropolitan,HILLCREST,5086,CITY OF PORT ADELAIDE ENFIELD,3,0,0,0,0,2019,September,Saturday,3:20 PM,60,Divided Road,Straight road,Level,Not Applicable,Sealed,Dry,Not Raining,Daylight,Rear End,2,Driver Rider,1: PDO,No Control,,,1332221.57,1676721.54,1.33222E+13
2019-9131-8/07/2020,3 Country,ROCKLEIGH,5254,MID MURRAY DISTRICT COUNCIL,2,0,0,0,0,2019,September,Saturday,10:00 AM,80,Not Divided,"CURVED, VIEW OBSCURED",Bottom of Hill,Not Applicable,Unsealed,Dry,Not Raining,Daylight,Hit Fixed Object,1,Driver Rider,1: PDO,No Control,,,1379509.07,1664737.41,1.37951E+13
2019-9132-8/07/2020,2 Metropolitan,GLENELG EAST,5045,CITY OF HOLDFAST BAY,2,0,0,0,0,2019,September,Saturday,3:15 PM,60,Divided Road,Straight road,Level,Not Applicable,Sealed,Dry,Not Raining,Daylight,Side Swipe,2,Driver Rider,1: PDO,No Control,,,1321009.57,1665156.19,1.32101E+13
2019-9133-8/07/2020,2 Metropolitan,MANSFIELD PARK,5012,CITY OF PORT ADELAIDE ENFIELD,3,6,0,0,6,2019,September,Saturday,6:10 PM,60,T-Junction,Straight road,Level,Not Applicable,Sealed,Dry,Not Raining,Night,Right Angle,1,Driver Rider,2: MI,No Control,,,1323929.02,1678141.14,1.32393E+13
2019-9134-8/07/2020,2 Metropolitan,CRAIGMORE,5114,CITY OF PLAYFORD.,3,1,1,0,0,2019,September,Saturday,1:40 PM,50,Not Divided,Straight road,Level,Not Applicable,Sealed,Dry,Not Raining,Daylight,Hit Fixed Object,1,Driver Rider,4: Fatal,No Control,,,1338825.38,1696110.28,1.33883E+13
2019-9135-8/07/2020,2 Metropolitan,DRY CREEK,5094,CITY OF SALISBURY,2,6,0,0,6,2019,September,Saturday,7:50 PM,80,T-Junction,Straight road,Level,Not Applicable,Sealed,Dry,Not Raining,Night,Right Turn,2,Driver Rider,2: MI,Traffic Signals,,,1328672.58,1683237.82,1.32867E+13
2019-9136-8/07/2020,3 Country,PORT PIRIE WEST,5540,PT.PIRIE CITY & DIST. COUNCIL ,2,0,0,0,0,2019,September,Saturday,8:06 PM,50,Not Divided,Straight road,Level,Not Applicable,Sealed,Dry,Not Raining,Night,Hit Parked Vehicle,1,Driver Rider,1: PDO,No Control,,,1278878.92,1864660.26,1.27888E+13
2019-9137-8/07/2020,2 Metropolitan,SEAFORD RISE,5169,CITY OF ONKAPARINGA,2,1,0,1,0,2019,September,Saturday,8:31 PM,70,T-Junction,Straight road,Slope,Not Applicable,Sealed,Dry,Not Raining,Night,Hit Fixed Object,1,Driver Rider,3: SI,No Control,Y,,1316413.22,1640775.43,1.31641E+13
2019-9138-8/07/2020,2 Metropolitan,WINGFIELD,5013,CITY OF PORT ADELAIDE ENFIELD,1,1,0,0,1,2019,September,Saturday,11:30 AM,60,Cross Road,Straight road,Level,Not Applicable,Sealed,Dry,Not Raining,Daylight,Roll Over,1,Driver Rider,2: MI,Traffic Signals,,,1323910.63,1679162.4,1.32391E+13
2019-9139-8/07/2020,2 Metropolitan,LENSWOOD,5240,THE ADELAIDE HILLS COUNCIL,2,1,0,0,1,2019,September,Sunday,12:02 AM,80,Not Divided,"CURVED, VIEW OPEN",Slope,Not Applicable,Unsealed,Dry,Not Raining,Night,Hit Fixed Object,1,Driver Rider,2: MI,No Control,,,1349540.77,1674146.25,1.34954E+13
2019-9140-8/07/2020,2 Metropolitan,EXETER,5019,CITY OF PORT ADELAIDE ENFIELD,4,0,0,0,0,2019,September,Sunday,3:08 AM,50,Not Divided,Straight road,Level,Not Applicable,Sealed,Dry,Not Raining,Night,Hit Parked Vehicle,1,Driver Rider,1: PDO,No Control,,,1318760.48,1680365.96,1.31876E+13
2019-9141-8/07/2020,2 Metropolitan,KANGARILLA,5157,CITY OF ONKAPARINGA,2,0,0,0,0,2019,September,Sunday,4:50 AM,80,Not Divided,"CURVED, VIEW OBSCURED",Slope,Not Applicable,Sealed,Dry,Not Raining,Night,Hit Fixed Object,1,Driver Rider,1: PDO,No Control,,Y,1332567.08,1647984.25,1.33257E+13
2019-9142-8/07/2020,3 Country,PORT AUGUSTA,5700,CC PT.AUGUSTA.                ,1,2,0,1,1,2019,September,Sunday,6:10 AM,60,Not Divided,Straight road,Level,Not Applicable,Sealed,Dry,Not Raining,Night,Roll Over,1,Driver Rider,3: SI,No Control,Y,Y,1260623.62,1943642.06,1.26062E+13
2019-9143-8/07/2020,2 Metropolitan,DARLINGTON,5047,CITY OF ONKAPARINGA,2,1,0,0,1,2019,September,Sunday,9:23 AM,70,Cross Road,Straight road,Slope,Not Applicable,Sealed,Dry,Not Raining,Daylight,Right Angle,1,Driver Rider,2: MI,Traffic Signals,,,1324432.96,1659694.42,1.32443E+13
2019-9144-8/07/2020,2 Metropolitan,WYNN VALE,5127,CITY OF TEA TREE GULLY,2,0,0,0,0,2019,September,Sunday,9:25 AM,70,T-Junction,"CURVED, VIEW OPEN",Level,Not Applicable,Sealed,Dry,Not Raining,Daylight,Right Angle,1,Driver Rider,1: PDO,No Control,,,1336816.75,1684469.13,1.33682E+13
2019-9145-8/07/2020,2 Metropolitan,HAWTHORN,5062,CC MITCHAM.                   ,2,0,0,0,0,2019,September,Sunday,10:00 AM,60,Divided Road,Straight road,Level,Not Applicable,Sealed,Dry,Not Raining,Daylight,Side Swipe,2,Driver Rider,1: PDO,No Control,,,1328330.22,1666219.8,1.32833E+13
2019-9146-8/07/2020,3 Country,MONASH,5342,THE BERRI BARMERA COUNCIL,2,0,0,0,0,2019,September,Saturday,10:00 PM,80,Not Divided,"CURVED, VIEW OBSCURED",Level,Not Applicable,Sealed,Dry,Not Raining,Night,Hit Fixed Object,1,Driver Rider,1: PDO,No Control,,,1510238.1,1740156.95,1.51024E+13
2019-9147-8/07/2020,3 Country,NALYAPPA,5558,YORKE PENINSULA COUNCIL,1,1,0,1,0,2019,September,Saturday,9:30 PM,100,Other,Straight road,Level,Not Applicable,Unsealed,Dry,Not Raining,Night,Roll Over,1,Driver Rider,3: SI,No Control,,,1226327.47,1758814.92,1.22633E+13
2019-9148-8/07/2020,2 Metropolitan,SALISBURY EAST,5109,CITY OF SALISBURY,2,0,0,0,0,2019,September,Sunday,11:35 AM,50,T-Junction,"CURVED, VIEW OPEN",Level,Not Applicable,Sealed,Dry,Not Raining,Daylight,Hit Fixed Object,1,Driver Rider,1: PDO,No Control,,,1335467.07,1687124.25,1.33547E+13
2019-9149-8/07/2020,2 Metropolitan,TRANMERE,5073,CC CAMPBELLTOWN.              ,2,3,0,0,3,2019,September,Sunday,11:28 AM,60,T-Junction,Straight road,Level,Not Applicable,Sealed,Dry,Not Raining,Daylight,Right Angle,1,Driver Rider,2: MI,No Control,,,1333815.22,1673627.37,1.33382E+13
2019-9150-8/07/2020,2 Metropolitan,RICHMOND,5033,CITY OF WEST TORRENS,2,0,0,0,0,2019,September,Sunday,9:10 AM,60,Cross Road,Straight road,Level,Not Applicable,Sealed,Dry,Not Raining,Daylight,Right Angle,1,Driver Rider,1: PDO,Traffic Signals,,,1324996.68,1668923.98,1.325E+13
2019-9151-8/07/2020,2 Metropolitan,PARADISE,5075,CC CAMPBELLTOWN.              ,2,1,0,0,1,2019,September,Saturday,11:50 AM,60,T-Junction,Straight road,Level,Not Applicable,Sealed,Dry,Not Raining,Daylight,Rear End,2,Driver Rider,2: MI,Traffic Signals,,,1334585.83,1675907.51,1.33459E+13
2019-9152-8/07/2020,1 City,ADELAIDE,5000,CITY OF ADELAIDE,2,0,0,0,0,2019,September,Saturday,9:40 PM,50,Divided Road,Straight road,Level,Not Applicable,Sealed,Dry,Not Raining,Night,Hit Parked Vehicle,1,Driver Rider,1: PDO,No Control,,,1328311.92,1670824.82,1.32831E+13
2019-9153-8/07/2020,3 Country,MILLICENT,5280,WATTLE RANGE COUNCIL,1,0,0,0,0,2019,September,Sunday,12:00 PM,110,Not Divided,Straight road,Level,Not Applicable,Sealed,Wet,Raining,Daylight,Roll Over,1,Driver Rider,1: PDO,No Control,,,1473504.03,1372132.79,1.4735E+13
2019-9154-8/07/2020,3 Country,PORT LINCOLN,5606,CC PT.LINCOLN.                ,2,0,0,0,0,2019,September,Sunday,1:40 PM,60,Cross Road,Straight road,Crest of Hill,Not Applicable,Sealed,Dry,Not Raining,Daylight,Right Angle,2,Driver Rider,1: PDO,Give Way Sign,,,1077950.51,1696433.47,1.07795E+13
2019-9155-8/07/2020,2 Metropolitan,OSBORNE,5017,CITY OF PORT ADELAIDE ENFIELD,2,1,0,0,1,2019,September,Sunday,2:02 PM,60,Divided Road,Straight road,Level,Driveway or Entrance,Sealed,Dry,Not Raining,Daylight,Hit Pedestrian,1,Driver Rider,2: MI,No Control,,,1319977.08,1685156.47,1.31998E+13
2019-9156-8/07/2020,3 Country,ANGASTON,5353,THE BAROSSA COUNCIL.,2,1,0,0,1,2019,September,Sunday,12:30 PM,80,Not Divided,"CURVED, VIEW OPEN",Level,Not Applicable,Sealed,Dry,Not Raining,Daylight,Hit Fixed Object,1,Driver Rider,2: MI,No Control,,,1368946.42,1710959.14,1.36895E+13
2019-9157-8/07/2020,3 Country,MINLATON,5575,YORKE PENINSULA COUNCIL,2,0,0,0,0,2019,September,Sunday,3:00 PM,100,Not Divided,"CURVED, VIEW OBSCURED",Level,Not Applicable,Sealed,Dry,Not Raining,Daylight,Hit Fixed Object,1,Driver Rider,1: PDO,No Control,,,1233419.52,1684956.75,1.23342E+13
2019-9158-8/07/2020,3 Country,SENIOR,5268,DC TATIARA.                   ,2,1,0,0,1,2019,September,Sunday,10:00 AM,100,T-Junction,"CURVED, VIEW OBSCURED",Level,Not Applicable,Unsealed,Dry,Not Raining,Daylight,Hit Fixed Object,1,Driver Rider,2: MI,No Control,,,1537053.01,1533245.1,1.53705E+13
2019-9159-8/07/2020,3 Country,LUCINDALE,5272,DC NARACOORTE & LUCINDALE.,3,0,0,0,0,2019,September,Saturday,3:40 PM,110,Cross Road,Straight road,Level,Not Applicable,Sealed,Dry,Not Raining,Daylight,Rear End,1,Driver Rider,1: PDO,Give Way Sign,,,1478331.5,1431138.2,1.47833E+13
2019-9160-8/07/2020,2 Metropolitan,GLENELG NORTH,5045,CITY OF HOLDFAST BAY,2,0,0,0,0,2019,September,Sunday,4:13 PM,60,Cross Road,Straight road,Level,Not Applicable,Sealed,Dry,Not Raining,Daylight,Rear End,1,Driver Rider,1: PDO,Traffic Signals,,,1321003.72,1665305.11,1.321E+13
2019-9161-8/07/2020,2 Metropolitan,NORTON SUMMIT,5136,THE ADELAIDE HILLS COUNCIL,2,0,0,0,0,2019,September,Saturday,10:00 PM,60,Not Divided,"CURVED, VIEW OBSCURED",Slope,Not Applicable,Sealed,Dry,Not Raining,Night,Hit Fixed Object,1,Driver Rider,1: PDO,No Control,,,1339429.35,1670478.43,1.33943E+13
2019-9162-8/07/2020,2 Metropolitan,SALISBURY DOWNS,5108,CITY OF SALISBURY,2,0,0,0,0,2019,September,Sunday,4:47 PM,60,Cross Road,Straight road,Level,Not Applicable,Sealed,Dry,Not Raining,Daylight,Rear End,2,Driver Rider,1: PDO,Traffic Signals,,,1331438.94,1686827.09,1.33144E+13
2019-9163-8/07/2020,2 Metropolitan,ST MARYS,5042,CC MITCHAM.                   ,2,1,0,0,1,2019,September,Sunday,5:35 PM,60,Not Divided,Straight road,Level,Driveway or Entrance,Sealed,Dry,Not Raining,Daylight,Side Swipe,1,Driver Rider,2: MI,No Control,,,1325978.09,1662802.57,1.32598E+13
2019-9164-8/07/2020,2 Metropolitan,ANGLE VALE,5117,CITY OF PLAYFORD.,4,1,0,0,1,2019,September,Sunday,4:30 PM,110,Freeway,"CURVED, VIEW OPEN",Level,Not Applicable,Sealed,Dry,Not Raining,Daylight,Hit Fixed Object,1,Driver Rider,2: MI,No Control,,,1336781.11,1704480.03,1.33678E+13
2019-9165-8/07/2020,2 Metropolitan,ST MARYS,5042,CC MITCHAM.                   ,2,0,0,0,0,2019,September,Sunday,5:30 PM,60,Cross Road,Straight road,Level,Not Applicable,Sealed,Dry,Not Raining,Daylight,Side Swipe,2,Driver Rider,1: PDO,Traffic Signals,,,1325965.37,1663322.86,1.32597E+13
2019-9166-8/07/2020,2 Metropolitan,PARKSIDE,5063,CITY OF UNLEY,2,0,0,0,0,2019,September,Sunday,7:10 PM,60,Not Divided,Straight road,Level,Not Applicable,Sealed,Dry,Not Raining,Night,Hit Pedestrian,2,Pedestrian,1: PDO,No Control,,,1329064.34,1668742.96,1.32906E+13
2019-9167-8/07/2020,3 Country,ARKAROOLA,5732,,1,1,0,1,0,2019,September,Sunday,2:30 PM,100,Not Divided,"CURVED, VIEW OBSCURED",Level,Not Applicable,Unsealed,Dry,Not Raining,Daylight,Left Road - Out of Control,1,Driver Rider,3: SI,No Control,,,1419542.84,2173273.91,1.41954E+13
2019-9168-8/07/2020,2 Metropolitan,URRBRAE,5064,CC MITCHAM.                   ,2,0,0,0,0,2019,September,Saturday,5:30 PM,60,Divided Road,Straight road,Slope,Not Applicable,Sealed,Dry,Not Raining,Daylight,Rear End,2,Driver Rider,1: PDO,No Control,,,1332203.62,1666334.65,1.3322E+13
2019-9169-8/07/2020,2 Metropolitan,WEST LAKES,5021,CITY OF CHARLES STURT,2,0,0,0,0,2019,September,Sunday,9:10 PM,50,T-Junction,"CURVED, VIEW OPEN",Level,Not Applicable,Sealed,Dry,Not Raining,Night,Hit Fixed Object,1,Driver Rider,1: PDO,No Control,,,1318653.22,1676584.57,1.31865E+13
2019-9170-8/07/2020,3 Country,WINDSOR,5501,DC MALLALA.                   ,1,0,0,0,0,2019,September,Sunday,6:00 PM,110,Divided Road,"CURVED, VIEW OPEN",Level,Not Applicable,Sealed,Dry,Not Raining,Daylight,Roll Over,1,Driver Rider,1: PDO,No Control,,,1305947.31,1727547.36,1.30595E+13
2019-9171-8/07/2020,2 Metropolitan,GULFVIEW HEIGHTS,5096,CITY OF SALISBURY,2,0,0,0,0,2019,September,Sunday,11:45 PM,60,Not Divided,"CURVED, VIEW OPEN",Slope,Not Applicable,Sealed,Dry,Not Raining,Night,Hit Fixed Object,1,Driver Rider,1: PDO,No Control,,,1334934.56,1684828.49,1.33494E+13
2019-9172-8/07/2020,2 Metropolitan,CLELAND,5152,THE ADELAIDE HILLS COUNCIL,2,0,0,0,0,2019,September,Monday,2:20 AM,80,Not Divided,"CURVED, VIEW OBSCURED",Slope,Not Applicable,Sealed,Dry,Not Raining,Night,Hit Fixed Object,1,Driver Rider,1: PDO,No Control,,,1338440.81,1665825.34,1.33844E+13
2019-9173-8/07/2020,1 City,NORTH ADELAIDE,5006,CITY OF ADELAIDE,3,0,0,0,0,2019,September,Monday,4:27 AM,50,Cross Road,Straight road,Level,Not Applicable,Sealed,Wet,Not Raining,Night,Rear End,1,Driver Rider,1: PDO,Traffic Signals,,,1328238.86,1672728.63,1.32824E+13
2019-9174-8/07/2020,3 Country,STRATHALBYN,5255,ALEXANDRINA COUNCIL,3,0,0,0,0,2019,September,Monday,5:30 AM,50,Not Divided,Straight road,Level,Not Applicable,Sealed,Wet,Raining,Night,Hit Parked Vehicle,1,Driver Rider,1: PDO,No Control,,,1354486.34,1632326.89,1.35449E+13
2019-9175-8/07/2020,2 Metropolitan,WALKLEY HEIGHTS,5098,CITY OF PORT ADELAIDE ENFIELD,2,0,0,0,0,2019,September,Monday,6:55 AM,70,Cross Road,Straight road,Slope,Not Applicable,Sealed,Wet,Raining,Daylight,Rear End,1,Driver Rider,1: PDO,Traffic Signals,,,1333300.77,1679336.63,1.3333E+13
2019-9176-8/07/2020,2 Metropolitan,PARA HILLS WEST,5096,CITY OF SALISBURY,2,0,0,0,0,2019,September,Monday,6:51 AM,60,Cross Road,Straight road,Level,Not Applicable,Sealed,Wet,Raining,Daylight,Hit Fixed Object,1,Driver Rider,1: PDO,Traffic Signals,,,1333434.52,1683702.92,1.33344E+13
2019-9177-8/07/2020,2 Metropolitan,HOPE VALLEY,5090,CITY OF TEA TREE GULLY,2,0,0,0,0,2019,September,Monday,6:40 AM,60,T-Junction,Straight road,Level,Not Applicable,Sealed,Wet,Not Raining,Daylight,Right Turn,2,Driver Rider,1: PDO,Traffic Signals,,,1336918.1,1679461.71,1.33692E+13
2019-9178-8/07/2020,2 Metropolitan,SALISBURY EAST,5109,CITY OF SALISBURY,2,0,0,0,0,2019,September,Monday,7:30 AM,60,T-Junction,Straight road,Level,Not Applicable,Sealed,Wet,Raining,Daylight,Right Angle,2,Driver Rider,1: PDO,No Control,,,1333610.1,1685123.47,1.33361E+13
2019-9179-8/07/2020,2 Metropolitan,HOUGHTON,5131,CITY OF TEA TREE GULLY,2,1,0,1,0,2019,September,Monday,6:10 AM,80,Not Divided,"CURVED, VIEW OPEN",Slope,Not Applicable,Sealed,Wet,Raining,Night,Hit Fixed Object,1,Driver Rider,3: SI,No Control,,,1342960.33,1681754.84,1.34296E+13
2019-9180-8/07/2020,2 Metropolitan,HAMPSTEAD GARDENS,5086,CITY OF PORT ADELAIDE ENFIELD,2,0,0,0,0,2019,September,Monday,7:45 AM,60,Divided Road,Straight road,Level,Not Applicable,Sealed,Wet,Raining,Daylight,Hit Fixed Object,1,Driver Rider,1: PDO,No Control,,,1331734.21,1676592.57,1.33173E+13
2019-9181-8/07/2020,3 Country,WANILLA,5607,DC LOWER EYRE PENINSULA       ,1,1,0,0,1,2019,September,Monday,6:35 AM,110,Not Divided,"CURVED, VIEW OBSCURED",Crest of Hill,Not Applicable,Sealed,Dry,Not Raining,Daylight,Roll Over,1,Driver Rider,2: MI,No Control,,,1061486.12,1719265.7,1.06149E+13
2019-9182-8/07/2020,2 Metropolitan,HOPE VALLEY,5090,CITY OF TEA TREE GULLY,2,1,0,0,1,2019,September,Monday,8:47 AM,60,T-Junction,Straight road,Slope,Not Applicable,Sealed,Wet,Not Raining,Daylight,Right Angle,2,Driver Rider,2: MI,No Control,,,1338490.16,1679538.76,1.33849E+13
2019-9183-8/07/2020,2 Metropolitan,PLYMPTON PARK,5038,CC MARION.                    ,2,0,0,0,0,2019,September,Sunday,4:30 PM,50,Cross Road,Straight road,Level,Not Applicable,Sealed,Dry,Not Raining,Daylight,Right Angle,1,Driver Rider,1: PDO,Give Way Sign,,,1324079.13,1665189.6,1.32408E+13
2019-9184-8/07/2020,2 Metropolitan,BROADVIEW,5083,CITY OF PROSPECT,2,0,0,0,0,2019,September,Monday,8:00 AM,60,T-Junction,Straight road,Slope,Not Applicable,Sealed,Wet,Not Raining,Daylight,Rear End,2,Driver Rider,1: PDO,Traffic Signals,,,1330480.24,1675204.79,1.33048E+13
2019-9185-8/07/2020,3 Country,FREELING,5372,LIGHT REGIONAL COUNCIL,2,0,0,0,0,2019,September,Monday,6:57 AM,100,Not Divided,Straight road,Slope,Not Applicable,Sealed,Wet,Raining,Daylight,Rear End,2,Driver Rider,1: PDO,No Control,,,1347537.46,1716866.4,1.34754E+13
2019-9186-8/07/2020,3 Country,WILLAMULKA,5554,COPPER COAST DISTRICT COUNCIL,2,0,0,0,0,2019,September,Friday,2:40 PM,100,Not Divided,Straight road,Crest of Hill,Not Applicable,Unsealed,Dry,Not Raining,Daylight,Hit Fixed Object,1,Driver Rider,1: PDO,No Control,,,1260978.57,1782309.91,1.26098E+13
2019-9187-8/07/2020,2 Metropolitan,SHEA-OAK LOG,5371,LIGHT REGIONAL COUNCIL,2,2,0,0,2,2019,September,Monday,8:45 AM,100,Cross Road,Straight road,Level,Not Applicable,Sealed,Wet,Raining,Daylight,Right Angle,1,Driver Rider,2: MI,Stop Sign,,Y,1345589.38,1713688.99,1.34559E+13
2019-9188-8/07/2020,2 Metropolitan,EVANSTON SOUTH,5116,CT GAWLER.                    ,2,0,0,0,0,2019,September,Monday,10:28 AM,90,Divided Road,Straight road,Level,Not Applicable,Sealed,Wet,Raining,Daylight,Hit Fixed Object,1,Driver Rider,1: PDO,No Control,,,1340409.05,1701246.39,1.34041E+13
2019-9189-8/07/2020,2 Metropolitan,KURRALTA PARK,5037,CITY OF WEST TORRENS,2,0,0,0,0,2019,September,Sunday,1:25 PM,60,Cross Road,Straight road,Level,Not Applicable,Sealed,Dry,Not Raining,Daylight,Right Turn,1,Driver Rider,1: PDO,Traffic Signals,,,1325778.61,1667717.09,1.32578E+13
2019-9190-8/07/2020,2 Metropolitan,SEAFORD RISE,5169,CITY OF ONKAPARINGA,2,1,0,0,1,2019,September,Monday,8:50 AM,90,Not Divided,Straight road,Slope,"Bridge, Culvert, Causeway",Sealed,Dry,Not Raining,Daylight,Hit Fixed Object,1,Driver Rider,2: MI,No Control,,,1317536.61,1639803.02,1.31754E+13
2019-9191-8/07/2020,2 Metropolitan,WALKERVILLE,5081,WALKERVILLE TOWN COUNCIL,3,1,0,0,1,2019,September,Saturday,7:06 PM,60,Divided Road,Straight road,Level,Not Applicable,Sealed,Dry,Not Raining,Night,Rear End,2,Driver Rider,2: MI,No Control,,,1329919.44,1674720.59,1.32992E+13
2019-9192-8/07/2020,2 Metropolitan,SEATON,5023,CITY OF CHARLES STURT,2,0,0,0,0,2019,September,Monday,1:40 PM,60,Rail Xing,Straight road,Level,Not Applicable,Sealed,Dry,Not Raining,Daylight,Right Angle,2,Driver Rider,1: PDO,Traffic Signals,,,1320752.28,1674693.53,1.32075E+13
2019-9193-8/07/2020,2 Metropolitan,TRANMERE,5073,CC CAMPBELLTOWN.              ,2,0,0,0,0,2019,September,Thursday,11:35 AM,60,T-Junction,Straight road,Level,Not Applicable,Sealed,Dry,Not Raining,Daylight,Right Angle,1,Driver Rider,1: PDO,No Control,,,1333815.22,1673627.37,1.33382E+13