REPORT_ID,Stats Area,Suburb,Postcode,LGA Name,Total Units,Total Cas,Total Fats,Total SI,Total MI,Year,Month,Day,Time,Area Speed,Position Type,Horizontal Align,Vertical Align,Other Feat,Road Surface,Moisture Cond,Weather Cond,DayNight,Crash Type,Unit Resp,Entity Code,CSEF Severity,Traffic Ctrls,DUI Involved,Drugs Involved,ACCLOC_X,ACCLOC_Y,UNIQUE_LOC
2019-9274-8/07/2020,2 Metropolitan,EASTWOOD,5063,CITY OF BURNSIDE,2,0,0,0,0,2019,September,Wednesday,9:15 AM,60,Cross Road,Straight road,Level,Not Applicable,Sealed,Dry,Not Raining,Daylight,Rear End,1,Driver Rider,1: PDO,No Control,,,1330332.92,1668996.09,1.33033E+13
2019-9275-8/07/2020,2 Metropolitan,BROMPTON,5007,CITY OF CHARLES STURT,2,0,0,0,0,2019,September,Wednesday,10:30 AM,40,Cross Road,Straight road,Level,Not Applicable,Sealed,Dry,Not Raining,Daylight,Side Swipe,2,Driver Rider,1: PDO,Traffic Signals,,,1326666.42,1673728.21,1.32667E+13
2019-9276-8/07/2020,2 Metropolitan,VALLEY VIEW,5093,CITY OF PORT ADELAIDE ENFIELD,2,1,0,0,1,2019,September,Wednesday,8:50 AM,60,Divided Road,Straight road,Level,Not Applicable,Sealed,Dry,Not Raining,Daylight,Rear End,2,Driver Rider,2: MI,No Control,,,1334320.88,1679380.24,1.33432E+13
2019-9277-8/07/2020,1 City,NORTH ADELAIDE,5006,CITY OF ADELAIDE,2,0,0,0,0,2019,September,Wednesday,10:40 AM,60,Divided Road,Straight road,Level,Not Applicable,Sealed,Dry,Not Raining,Daylight,Side Swipe,2,Driver Rider,1: PDO,No Control,,,1327901.14,1671744.36,1.3279E+13
2019-9278-8/07/2020,2 Metropolitan,PARAFIELD,5106,CITY OF SALISBURY,2,1,0,0,1,2019,September,Wednesday,11:42 AM,70,T-Junction,Straight road,Level,Not Applicable,Sealed,Dry,Not Raining,Daylight,Right Angle,1,Driver Rider,2: MI,No Control,,,1332588.34,1685918.47,1.33259E+13
2019-9279-8/07/2020,2 Metropolitan,PARALOWIE,5108,CITY OF SALISBURY,2,0,0,0,0,2019,September,Wednesday,2:25 PM,60,T-Junction,Straight road,Level,Not Applicable,Sealed,Dry,Not Raining,Daylight,Right Angle,2,Driver Rider,1: PDO,Roundabout,,,1328632.06,1688769.49,1.32863E+13
2019-9280-8/07/2020,2 Metropolitan,WINDSOR GARDENS,5087,CITY OF PORT ADELAIDE ENFIELD,3,1,0,0,1,2019,September,Wednesday,8:50 AM,60,T-Junction,Straight road,Level,Not Applicable,Sealed,Dry,Not Raining,Daylight,Rear End,1,Driver Rider,2: MI,Traffic Signals,,,1333433.85,1677755.39,1.33343E+13
2019-9281-8/07/2020,2 Metropolitan,NORWOOD,5067,"CC OF NORWOOD,PAYNEHAM & ST PETERS",2,0,0,0,0,2019,September,Wednesday,1:45 PM,25,Not Divided,Straight road,Level,Roadworks,Sealed,Dry,Not Raining,Daylight,Hit Parked Vehicle,2,Driver Rider,1: PDO,No Control,,,1330997.73,1670372.22,1.331E+13
2019-9282-8/07/2020,2 Metropolitan,PARADISE,5075,CC CAMPBELLTOWN.              ,2,1,0,0,1,2019,September,Wednesday,8:36 AM,60,T-Junction,Straight road,Level,Not Applicable,Sealed,Dry,Not Raining,Daylight,Rear End,2,Driver Rider,2: MI,Traffic Signals,,,1334461.82,1676974.32,1.33446E+13
2019-9283-8/07/2020,1 City,ADELAIDE,5000,CITY OF ADELAIDE,2,0,0,0,0,2019,September,Wednesday,4:10 PM,50,Cross Road,Straight road,Level,Not Applicable,Sealed,Dry,Not Raining,Daylight,Side Swipe,2,Driver Rider,1: PDO,Traffic Signals,,,1327914.39,1670964.22,1.32791E+13
2019-9284-8/07/2020,2 Metropolitan,WATERLOO CORNER,5110,CITY OF SALISBURY,2,0,0,0,0,2019,September,Wednesday,2:20 PM,70,T-Junction,Straight road,Level,Not Applicable,Sealed,Dry,Not Raining,Daylight,Side Swipe,2,Driver Rider,1: PDO,Roundabout,,,1328258.79,1692163.2,1.32826E+13
2019-9285-8/07/2020,2 Metropolitan,SALISBURY EAST,5109,CITY OF SALISBURY,2,1,0,0,1,2019,September,Wednesday,2:20 PM,60,T-Junction,Straight road,Level,Not Applicable,Sealed,Dry,Not Raining,Daylight,Right Angle,2,Driver Rider,2: MI,No Control,,,1333610.1,1685123.47,1.33361E+13
2019-9286-8/07/2020,2 Metropolitan,MODBURY NORTH,5092,CITY OF TEA TREE GULLY,3,1,0,0,1,2019,September,Wednesday,4:30 PM,80,Cross Road,Straight road,Level,Unknown,Sealed,Dry,Not Raining,Daylight,Rear End,1,Driver Rider,2: MI,Traffic Signals,,,1335966.45,1682345.59,1.33597E+13
2019-9287-8/07/2020,2 Metropolitan,WEST BEACH,5024,CITY OF WEST TORRENS,2,1,0,0,1,2019,September,Wednesday,4:30 PM,60,T-Junction,"CURVED, VIEW OPEN",Level,Not Applicable,Sealed,Dry,Not Raining,Daylight,Side Swipe,1,Driver Rider,2: MI,No Control,,,1320535.49,1667281.73,1.32054E+13
2019-9288-8/07/2020,2 Metropolitan,NORTHFIELD,5085,CITY OF PORT ADELAIDE ENFIELD,2,0,0,0,0,2019,September,Wednesday,4:58 PM,60,T-Junction,Straight road,Level,Not Applicable,Sealed,Dry,Not Raining,Daylight,Right Angle,1,Driver Rider,1: PDO,No Control,,,1330489.72,1678045.36,1.33049E+13
2019-9289-8/07/2020,2 Metropolitan,MANSFIELD PARK,5012,CITY OF PORT ADELAIDE ENFIELD,2,1,0,0,1,2019,September,Wednesday,5:23 PM,60,T-Junction,Straight road,Level,Not Applicable,Sealed,Dry,Not Raining,Daylight,Right Angle,1,Driver Rider,2: MI,No Control,,,1323935.48,1678241.43,1.32394E+13
2019-9290-8/07/2020,2 Metropolitan,MAWSON LAKES,5095,CITY OF SALISBURY,3,0,0,0,0,2019,September,Wednesday,4:45 PM,70,Divided Road,Straight road,Bottom of Hill,"Bridge, Culvert, Causeway",Sealed,Dry,Not Raining,Daylight,Rear End,1,Driver Rider,1: PDO,No Control,,,1328930.81,1683649.74,1.32893E+13
2019-9291-8/07/2020,2 Metropolitan,WESTBOURNE PARK,5041,CC MITCHAM.                   ,3,0,0,0,0,2019,September,Wednesday,5:50 PM,60,T-Junction,Straight road,Level,Not Applicable,Sealed,Dry,Not Raining,Daylight,Right Turn,2,Driver Rider,1: PDO,Stop Sign,,,1327515.58,1665915.74,1.32752E+13
2019-9292-8/07/2020,2 Metropolitan,OAKLANDS PARK,5046,CC MARION.                    ,2,0,0,0,0,2019,September,Wednesday,10:30 AM,50,Not Divided,Straight road,Level,Not Applicable,Sealed,Dry,Not Raining,Daylight,Hit Parked Vehicle,1,Driver Rider,1: PDO,No Control,,,1323421.66,1661035.99,1.32342E+13
2019-9293-8/07/2020,2 Metropolitan,GOLDEN GROVE,5125,CITY OF TEA TREE GULLY,2,1,0,0,1,2019,September,Wednesday,5:55 PM,80,Not Divided,"CURVED, VIEW OPEN",Slope,Not Applicable,Sealed,Dry,Not Raining,Daylight,Head On,2,Driver Rider,2: MI,No Control,,,1342790.91,1687214,1.34279E+13
2019-9294-8/07/2020,2 Metropolitan,GLENSIDE,5065,CITY OF BURNSIDE,2,0,0,0,0,2019,September,Wednesday,4:55 PM,60,Cross Road,Straight road,Level,Not Applicable,Sealed,Dry,Not Raining,Daylight,Side Swipe,2,Driver Rider,1: PDO,Traffic Signals,,,1330685.56,1669012.41,1.33069E+13
2019-9295-8/07/2020,2 Metropolitan,RIDLEYTON,5008,CITY OF CHARLES STURT,2,1,0,0,1,2019,August,Monday,4:00 AM,60,One Way,Straight road,Level,Not Applicable,Sealed,Dry,Not Raining,Night,Hit Fixed Object,1,Driver Rider,2: MI,No Control,,Y,1325611.23,1673791.98,1.32561E+13
2019-9296-8/07/2020,1 City,ADELAIDE,5000,CITY OF ADELAIDE,2,0,0,0,0,2019,September,Wednesday,6:50 PM,50,Cross Road,Straight road,Level,Not Applicable,Sealed,Dry,Not Raining,Night,Right Angle,1,Driver Rider,1: PDO,Traffic Signals,,,1328494.31,1669574.15,1.32849E+13
2019-9297-8/07/2020,2 Metropolitan,ROSEWATER,5013,CITY OF PORT ADELAIDE ENFIELD,2,1,0,0,1,2019,September,Wednesday,6:20 PM,60,T-Junction,Straight road,Level,Not Applicable,Sealed,Dry,Not Raining,Night,Right Turn,2,Driver Rider,2: MI,Traffic Signals,,,1321599.49,1679099.12,1.3216E+13
2019-9298-8/07/2020,2 Metropolitan,STURT,5047,CC MARION.                    ,4,0,0,0,0,2019,September,Wednesday,3:10 PM,60,Cross Road,Straight road,Level,Not Applicable,Sealed,Dry,Not Raining,Daylight,Hit Pedestrian,2,Driver Rider,1: PDO,Traffic Signals,,,1324418.54,1660680,1.32442E+13
2019-9299-8/07/2020,3 Country,KADINA,5554,COPPER COAST DISTRICT COUNCIL,2,0,0,0,0,2019,September,Wednesday,3:45 PM,50,Cross Road,Straight road,Level,Not Applicable,Sealed,Dry,Not Raining,Daylight,Rear End,2,Driver Rider,1: PDO,Stop Sign,,,1250403.87,1779739.01,1.2504E+13
2019-9300-8/07/2020,2 Metropolitan,OAKLANDS PARK,5046,CC MARION.                    ,2,0,0,0,0,2019,September,Wednesday,8:30 PM,60,T-Junction,"CURVED, VIEW OPEN",Level,Not Applicable,Sealed,Dry,Not Raining,Night,Right Angle,2,Driver Rider,1: PDO,No Control,,,1323063.16,1661158.65,1.32306E+13
2019-9301-8/07/2020,2 Metropolitan,HAWTHORNDENE,5051,CC MITCHAM.                   ,2,0,0,0,0,2019,September,Wednesday,2:00 PM,50,Not Divided,Straight road,Level,Driveway or Entrance,Sealed,Dry,Not Raining,Daylight,Side Swipe,1,Driver Rider,1: PDO,No Control,,,1330043.43,1660437.68,1.33004E+13
2019-9302-8/07/2020,2 Metropolitan,POORAKA,5095,CITY OF SALISBURY,3,1,0,1,0,2019,September,Wednesday,9:40 PM,70,Cross Road,Straight road,Level,Not Applicable,Sealed,Dry,Not Raining,Night,Right Angle,1,Driver Rider,3: SI,Traffic Signals,Y,,1330499.62,1681832.25,1.3305E+13
2019-9303-8/07/2020,2 Metropolitan,WATERLOO CORNER,5110,CITY OF SALISBURY,2,0,0,0,0,2019,September,Wednesday,11:40 PM,90,T-Junction,Straight road,Level,Not Applicable,Sealed,Dry,Not Raining,Night,Hit Fixed Object,1,Driver Rider,1: PDO,Traffic Signals,,,1327645.93,1692118.06,1.32765E+13
2019-9304-8/07/2020,3 Country,COOKE PLAINS,5261,COORONG DISTRICT COUNCIL,2,0,0,0,0,2019,September,Thursday,2:00 AM,110,Not Divided,Straight road,Level,Not Applicable,Sealed,Dry,Not Raining,Night,Hit Fixed Object,1,Driver Rider,1: PDO,No Control,,,1416949.39,1613753.86,1.41695E+13
2019-9305-8/07/2020,2 Metropolitan,CHELTENHAM,5014,CITY OF CHARLES STURT,2,1,0,0,1,2019,September,Thursday,5:51 AM,60,Cross Road,Straight road,Level,Not Applicable,Sealed,Dry,Not Raining,Night,Right Angle,2,Driver Rider,2: MI,Traffic Signals,,,1322125.85,1676413.1,1.32213E+13
2019-9306-8/07/2020,2 Metropolitan,LONSDALE,5160,CITY OF ONKAPARINGA,2,1,0,0,1,2019,September,Wednesday,7:50 AM,70,T-Junction,Straight road,Level,Not Applicable,Sealed,Dry,Not Raining,Daylight,Right Angle,2,Driver Rider,2: MI,No Control,,,1318879.72,1650968.79,1.31888E+13
2019-9307-8/07/2020,2 Metropolitan,GEPPS CROSS,5094,CITY OF PORT ADELAIDE ENFIELD,2,1,0,0,1,2019,September,Thursday,6:56 AM,60,Divided Road,Straight road,Level,Not Applicable,Sealed,Dry,Not Raining,Daylight,Hit Fixed Object,1,Driver Rider,2: MI,No Control,,,1330388.74,1679342.56,1.33039E+13
2019-9308-8/07/2020,2 Metropolitan,GEPPS CROSS,5094,CITY OF PORT ADELAIDE ENFIELD,2,0,0,0,0,2019,September,Thursday,7:00 AM,60,Not Divided,Straight road,Level,Not Applicable,Sealed,Dry,Not Raining,Daylight,Side Swipe,2,Driver Rider,1: PDO,No Control,,,1330837.88,1680034.79,1.33084E+13
2019-9309-8/07/2020,2 Metropolitan,CLARENCE PARK,5034,CITY OF UNLEY,2,0,0,0,0,2019,September,Wednesday,6:15 PM,40,T-Junction,Straight road,Level,Not Applicable,Sealed,Dry,Not Raining,Night,Right Angle,2,Driver Rider,1: PDO,Give Way Sign,,,1326680.12,1666318.29,1.32668E+13
2019-9310-8/07/2020,2 Metropolitan,PORT ADELAIDE,5015,CITY OF PORT ADELAIDE ENFIELD,4,0,0,0,0,2019,September,Thursday,8:50 AM,60,Freeway,Straight road,Slope,"Bridge, Culvert, Causeway",Sealed,Dry,Not Raining,Daylight,Rear End,1,Driver Rider,1: PDO,Other,,,1320425.23,1680598.4,1.32043E+13
2019-9311-8/07/2020,2 Metropolitan,FULHAM,5024,CITY OF WEST TORRENS,2,0,0,0,0,2019,September,Thursday,7:30 AM,60,Cross Road,Straight road,Level,Not Applicable,Sealed,Dry,Not Raining,Daylight,Rear End,2,Driver Rider,1: PDO,Traffic Signals,,,1320990.35,1670844.64,1.32099E+13
2019-9312-8/07/2020,3 Country,MUNDOORA,5555,BARUNGA WEST DISTRICT COUNCIL,1,0,0,0,0,2019,September,Thursday,8:05 AM,100,Not Divided,"CURVED, VIEW OPEN",Level,Not Applicable,Sealed,Dry,Not Raining,Daylight,Roll Over,1,Driver Rider,1: PDO,No Control,,,1283014.35,1820052.18,1.28301E+13
2019-9313-8/07/2020,2 Metropolitan,GLANDORE,5037,CC MARION.                    ,2,0,0,0,0,2019,September,Wednesday,10:20 PM,50,T-Junction,Straight road,Level,Not Applicable,Sealed,Dry,Not Raining,Night,Right Turn,2,Driver Rider,1: PDO,No Control,,,1325045.34,1666456.3,1.32505E+13
2019-9314-8/07/2020,2 Metropolitan,HAWTHORN,5062,CC MITCHAM.                   ,2,0,0,0,0,2019,September,Thursday,8:40 AM,60,Cross Road,Straight road,Level,Not Applicable,Sealed,Dry,Not Raining,Daylight,Right Angle,1,Driver Rider,1: PDO,Give Way Sign,,,1328854.2,1666245.58,1.32885E+13
2019-9315-8/07/2020,2 Metropolitan,GEPPS CROSS,5094,CITY OF PORT ADELAIDE ENFIELD,3,1,0,0,1,2019,September,Thursday,9:45 AM,60,Divided Road,Straight road,Level,Not Applicable,Sealed,Dry,Not Raining,Daylight,Rear End,1,Driver Rider,2: MI,No Control,,,1328804.2,1679422.24,1.3288E+13
2019-9316-8/07/2020,2 Metropolitan,BRAHMA LODGE,5109,CITY OF SALISBURY,2,1,0,0,1,2019,September,Thursday,8:20 AM,50,Not Divided,Straight road,Level,Not Applicable,Sealed,Dry,Not Raining,Daylight,Hit Parked Vehicle,2,Driver Rider,2: MI,No Control,,,1334284.74,1686889.88,1.33429E+13
2019-9317-8/07/2020,2 Metropolitan,TORRENSVILLE,5031,CITY OF WEST TORRENS,2,0,0,0,0,2019,September,Thursday,10:10 AM,60,Divided Road,Straight road,Level,Not Applicable,Sealed,Dry,Not Raining,Daylight,Side Swipe,2,Driver Rider,1: PDO,No Control,,,1325492.6,1671840.09,1.32549E+13
2019-9318-8/07/2020,1 City,ADELAIDE,5000,CITY OF ADELAIDE,2,0,0,0,0,2019,September,Thursday,9:45 AM,50,T-Junction,Straight road,Level,Not Applicable,Sealed,Dry,Not Raining,Daylight,Side Swipe,2,Driver Rider,1: PDO,No Control,,,1327878.65,1669860.7,1.32788E+13
2019-9319-8/07/2020,2 Metropolitan,MAWSON LAKES,5095,CITY OF SALISBURY,2,0,0,0,0,2019,September,Thursday,10:59 AM,80,Divided Road,Straight road,Level,Not Applicable,Sealed,Dry,Not Raining,Daylight,Rear End,2,Driver Rider,1: PDO,No Control,,,1328665.82,1684326.2,1.32867E+13
2019-9320-8/07/2020,2 Metropolitan,POORAKA,5095,CITY OF SALISBURY,3,2,0,1,1,2019,September,Monday,5:15 PM,70,Divided Road,Straight road,Level,Not Applicable,Sealed,Dry,Not Raining,Daylight,Rear End,2,Driver Rider,3: SI,No Control,,,1330342.69,1681817.66,1.33034E+13
2019-9321-8/07/2020,2 Metropolitan,ROSTREVOR,5073,CC CAMPBELLTOWN.              ,2,0,0,0,0,2019,September,Thursday,12:25 PM,60,Not Divided,Straight road,Level,Driveway or Entrance,Sealed,Dry,Not Raining,Daylight,Right Angle,2,Driver Rider,1: PDO,No Control,,,1335411.8,1674487.83,1.33541E+13
2019-9322-8/07/2020,2 Metropolitan,GREENWITH,5125,CITY OF TEA TREE GULLY,2,1,0,0,1,2019,September,Thursday,11:55 AM,60,Not Divided,"CURVED, VIEW OPEN",Crest of Hill,Not Applicable,Sealed,Dry,Not Raining,Daylight,Head On,2,Driver Rider,2: MI,No Control,,,1337954.14,1687926.23,1.33795E+13
2019-9323-8/07/2020,2 Metropolitan,MILE END,5031,CITY OF WEST TORRENS,2,0,0,0,0,2019,September,Thursday,12:50 PM,60,Divided Road,Straight road,Level,Not Applicable,Sealed,Dry,Not Raining,Daylight,Hit Fixed Object,1,Driver Rider,1: PDO,No Control,,,1326619.03,1671073.06,1.32662E+13
2019-9324-8/07/2020,3 Country,STRATHALBYN,5255,ALEXANDRINA COUNCIL,2,2,0,0,2,2019,September,Thursday,12:15 PM,50,Not Divided,Straight road,Level,Not Applicable,Sealed,Dry,Not Raining,Daylight,Hit Parked Vehicle,1,Driver Rider,2: MI,No Control,,,1354344.37,1632865.37,1.35434E+13
2019-9325-8/07/2020,2 Metropolitan,SOMERTON PARK,5044,CITY OF HOLDFAST BAY,2,0,0,0,0,2019,September,Thursday,1:15 PM,60,Divided Road,Straight road,Level,Not Applicable,Sealed,Dry,Not Raining,Daylight,Rear End,2,Driver Rider,1: PDO,No Control,,,1321095.04,1662481.5,1.3211E+13
2019-9326-8/07/2020,3 Country,PORT LINCOLN,5606,CC PT.LINCOLN.                ,3,0,0,0,0,2019,September,Thursday,12:40 PM,40,Not Divided,Straight road,Level,Not Applicable,Sealed,Dry,Not Raining,Daylight,Hit Fixed Object,1,Driver Rider,1: PDO,No Control,,,1078559.58,1698589.36,1.07856E+13
2019-9327-8/07/2020,2 Metropolitan,KENT TOWN,5067,"CC OF NORWOOD,PAYNEHAM & ST PETERS",2,0,0,0,0,2019,September,Thursday,1:46 PM,50,Not Divided,Straight road,Slope,Not Applicable,Sealed,Dry,Not Raining,Daylight,Right Angle,2,Driver Rider,1: PDO,No Control,,,1330420.16,1671328.72,1.33042E+13
2019-9328-8/07/2020,3 Country,MURRAY BRIDGE,5253,RC MURRAY BRIDGE.             ,2,0,0,0,0,2019,September,Wednesday,10:30 PM,110,Freeway,Straight road,Level,Not Applicable,Sealed,Dry,Not Raining,Night,Hit Animal,2,Animal,1: PDO,No Control,,,1387835.22,1643885.85,1.38784E+13
2019-9329-8/07/2020,1 City,ADELAIDE,5000,CITY OF ADELAIDE,2,0,0,0,0,2019,September,Thursday,12:30 PM,50,Divided Road,Straight road,Level,Not Applicable,Sealed,Dry,Not Raining,Daylight,Side Swipe,1,Driver Rider,1: PDO,No Control,,,1328509.73,1670480.29,1.32851E+13
2019-9330-8/07/2020,2 Metropolitan,EDWARDSTOWN,5039,CC MARION.                    ,2,0,0,0,0,2019,September,Thursday,2:17 PM,60,T-Junction,Straight road,Level,Driveway or Entrance,Sealed,Dry,Not Raining,Daylight,Right Turn,1,Driver Rider,1: PDO,Traffic Signals,,,1325932.87,1664392.69,1.32593E+13
2019-9331-8/07/2020,2 Metropolitan,STEPNEY,5069,"CC OF NORWOOD,PAYNEHAM & ST PETERS",3,0,0,0,0,2019,September,Thursday,2:30 PM,60,Not Divided,Straight road,Level,Not Applicable,Sealed,Dry,Not Raining,Daylight,Rear End,1,Driver Rider,1: PDO,No Control,,,1331110.12,1671731.02,1.33111E+13
2019-9332-8/07/2020,3 Country,ROWLAND FLAT,5352,THE BAROSSA COUNCIL.,2,0,0,0,0,2019,September,Thursday,2:35 PM,90,Not Divided,Straight road,Slope,Driveway or Entrance,Sealed,Dry,Not Raining,Daylight,Rear End,2,Driver Rider,1: PDO,No Control,,,1360976.44,1709508.32,1.36098E+13
2019-9333-8/07/2020,2 Metropolitan,CUDLEE CREEK,5232,THE ADELAIDE HILLS COUNCIL,3,1,0,1,0,2019,September,Wednesday,6:20 PM,80,Not Divided,"CURVED, VIEW OPEN",Slope,Not Applicable,Sealed,Dry,Not Raining,Night,Head On,2,Driver Rider,3: SI,No Control,Y,,1352676.14,1675849.27,1.35268E+13
2019-9334-8/07/2020,2 Metropolitan,ELIZABETH SOUTH,5112,CITY OF PLAYFORD.,2,3,0,3,0,2019,September,Thursday,2:57 PM,60,T-Junction,Straight road,Level,Not Applicable,Sealed,Dry,Not Raining,Daylight,Right Turn,2,Driver Rider,3: SI,No Control,,Y,1334428.27,1690568.59,1.33443E+13
2019-9335-8/07/2020,2 Metropolitan,NORTH PLYMPTON,5037,CITY OF WEST TORRENS,2,0,0,0,0,2019,September,Thursday,2:15 PM,50,Not Divided,Straight road,Level,Unknown,Sealed,Dry,Not Raining,Daylight,Side Swipe,2,Driver Rider,1: PDO,No Control,,,1324668.4,1668125.32,1.32467E+13
2019-9336-8/07/2020,2 Metropolitan,EDINBURGH,5111,CITY OF SALISBURY,2,0,0,0,0,2019,September,Thursday,3:20 PM,80,Cross Road,Straight road,Level,Not Applicable,Sealed,Dry,Not Raining,Daylight,Right Angle,2,Driver Rider,1: PDO,Roundabout,,,1333520.75,1693631.71,1.33352E+13
2019-9337-8/07/2020,2 Metropolitan,PENFIELD,5121,CITY OF PLAYFORD.,2,1,0,0,1,2019,September,Thursday,3:47 PM,80,Not Divided,Straight road,Level,Not Applicable,Sealed,Dry,Not Raining,Daylight,Hit Fixed Object,1,Driver Rider,2: MI,No Control,,Y,1332849.45,1696691.74,1.33285E+13
2019-9338-8/07/2020,1 City,ADELAIDE,5000,CITY OF ADELAIDE,2,1,0,0,1,2019,September,Wednesday,7:55 PM,50,Other,Straight road,Level,Not Applicable,Unsealed,Dry,Not Raining,Night,Hit Pedestrian,2,Driver Rider,2: MI,No Control,,,1328582.13,1670983.01,1.32858E+13
2019-9339-8/07/2020,2 Metropolitan,NOARLUNGA DOWNS,5168,CITY OF ONKAPARINGA,6,0,0,0,0,2019,September,Thursday,4:25 PM,80,Divided Road,Straight road,Slope,Not Applicable,Sealed,Dry,Not Raining,Daylight,Rear End,1,Driver Rider,1: PDO,No Control,,,1318403.48,1643329.19,1.3184E+13
2019-9340-8/07/2020,2 Metropolitan,SALISBURY DOWNS,5108,CITY OF SALISBURY,3,1,0,0,1,2019,September,Thursday,3:28 PM,60,Divided Road,Straight road,Level,Driveway or Entrance,Sealed,Dry,Not Raining,Daylight,Right Angle,2,Driver Rider,2: MI,No Control,,,1332039.26,1687560.2,1.33204E+13
2019-9341-8/07/2020,2 Metropolitan,TORRENSVILLE,5031,CITY OF WEST TORRENS,2,1,0,0,1,2019,September,Sunday,4:25 PM,50,Cross Road,Straight road,Level,Not Applicable,Sealed,Dry,Not Raining,Daylight,Rear End,2,Driver Rider,2: MI,Traffic Signals,,,1325416.27,1672003.04,1.32542E+13
2019-9342-8/07/2020,2 Metropolitan,WYNN VALE,5127,CITY OF TEA TREE GULLY,2,0,0,0,0,2019,October,Wednesday,6:00 PM,60,T-Junction,Straight road,Slope,Not Applicable,Sealed,Dry,Not Raining,Daylight,Rear End,2,Driver Rider,1: PDO,No Control,,,1335707,1684671.34,1.33571E+13
2019-9343-8/07/2020,2 Metropolitan,RIDGEHAVEN,5097,CITY OF TEA TREE GULLY,2,1,0,1,0,2019,September,Thursday,3:52 PM,60,T-Junction,Straight road,Slope,Not Applicable,Sealed,Dry,Not Raining,Daylight,Right Angle,2,Driver Rider,3: SI,No Control,,,1339325.18,1682451.08,1.33933E+13
2019-9344-8/07/2020,2 Metropolitan,SALISBURY,5108,CITY OF SALISBURY,3,1,0,0,1,2019,September,Thursday,5:05 PM,60,Not Divided,Straight road,Level,Driveway or Entrance,Sealed,Dry,Not Raining,Daylight,Right Turn,2,Driver Rider,2: MI,No Control,,,1333563.03,1688826.74,1.33356E+13
2019-9345-8/07/2020,3 Country,ANNA CREEK,5723,,1,1,0,1,0,2019,September,Thursday,8:30 AM,100,Not Divided,Straight road,Crest of Hill,Not Applicable,Unsealed,Dry,Not Raining,Daylight,Roll Over,1,Driver Rider,3: SI,No Control,,,1135901.92,2336399.18,1.1359E+13
2019-9346-8/07/2020,2 Metropolitan,LIGHTSVIEW,5085,CITY OF PORT ADELAIDE ENFIELD,2,0,0,0,0,2019,September,Thursday,5:50 PM,60,Divided Road,Straight road,Level,Not Applicable,Sealed,Dry,Not Raining,Daylight,Rear End,1,Driver Rider,1: PDO,No Control,,,1330416.18,1677420.1,1.33042E+13
2019-9347-8/07/2020,1 City,ADELAIDE,5000,CITY OF ADELAIDE,2,2,0,0,2,2019,September,Thursday,7:15 PM,50,Cross Road,Straight road,Level,Not Applicable,Sealed,Dry,Not Raining,Night,Right Turn,2,Driver Rider,2: MI,Traffic Signals,,,1329570.16,1670701.85,1.32957E+13
2019-9348-8/07/2020,3 Country,COLLINSFIELD,5555,PT.PIRIE CITY & DIST. COUNCIL ,1,2,0,2,0,2019,September,Thursday,8:16 PM,80,Not Divided,"CURVED, VIEW OPEN",Crest of Hill,Not Applicable,Unsealed,Dry,Not Raining,Daylight,Roll Over,1,Driver Rider,3: SI,No Control,,,1294262.41,1817361.99,1.29426E+13
2019-9349-8/07/2020,3 Country,WILLOW SPRINGS,5434,,1,1,0,1,0,2019,September,Thursday,1:03 PM,100,Not Divided,Straight road,Crest of Hill,Not Applicable,Unsealed,Dry,Not Raining,Daylight,Roll Over,1,Driver Rider,3: SI,No Control,,,1354250.13,2054636.49,1.35425E+13
2019-9350-8/07/2020,2 Metropolitan,BLEWITT SPRINGS,5171,CITY OF ONKAPARINGA,3,1,0,0,1,2019,September,Thursday,5:21 PM,80,Not Divided,"CURVED, VIEW OBSCURED",Level,Not Applicable,Sealed,Dry,Not Raining,Daylight,Hit Fixed Object,1,Driver Rider,2: MI,No Control,Y,,1325443.12,1644056.81,1.32544E+13
2019-9351-8/07/2020,2 Metropolitan,CLAPHAM,5062,CC MITCHAM.                   ,2,0,0,0,0,2019,September,Thursday,8:00 PM,50,Not Divided,Straight road,Level,Not Applicable,Sealed,Dry,Not Raining,Night,Hit Fixed Object,1,Driver Rider,1: PDO,No Control,,,1328646.2,1662924.28,1.32865E+13
2019-9352-8/07/2020,2 Metropolitan,ELIZABETH VALE,5112,CITY OF PLAYFORD.,2,0,0,0,0,2019,September,Wednesday,5:34 PM,60,Not Divided,Straight road,Level,Not Applicable,Sealed,Dry,Not Raining,Daylight,Hit Parked Vehicle,2,Driver Rider,1: PDO,No Control,,,1335436.57,1690110.87,1.33544E+13
2019-9353-8/07/2020,1 City,ADELAIDE,5000,CITY OF ADELAIDE,2,0,0,0,0,2019,September,Thursday,10:50 PM,50,Divided Road,Straight road,Level,Not Applicable,Sealed,Dry,Not Raining,Night,Right Angle,2,Driver Rider,1: PDO,No Control,,,1328263.49,1670341.78,1.32826E+13
2019-9354-8/07/2020,2 Metropolitan,GREENWITH,5125,CITY OF TEA TREE GULLY,1,0,0,0,0,2019,September,Thursday,10:30 PM,60,Not Divided,Straight road,Level,Not Applicable,Sealed,Dry,Not Raining,Night,Roll Over,1,Driver Rider,1: PDO,No Control,,,1338369.89,1687441.16,1.33837E+13