REPORT_ID,Stats Area,Suburb,Postcode,LGA Name,Total Units,Total Cas,Total Fats,Total SI,Total MI,Year,Month,Day,Time,Area Speed,Position Type,Horizontal Align,Vertical Align,Other Feat,Road Surface,Moisture Cond,Weather Cond,DayNight,Crash Type,Unit Resp,Entity Code,CSEF Severity,Traffic Ctrls,DUI Involved,Drugs Involved,ACCLOC_X,ACCLOC_Y,UNIQUE_LOC
2019-9596-8/07/2020,2 Metropolitan,WOODVILLE PARK,5011,CITY OF CHARLES STURT,3,1,0,0,1,2019,September,Friday,8:10 AM,60,Cross Road,Straight road,Level,Not Applicable,Sealed,Dry,Not Raining,Daylight,Rear End,1,Driver Rider,2: MI,Traffic Signals,,,1324192.45,1676259.66,1.32419E+13
2019-9597-8/07/2020,2 Metropolitan,PORT ADELAIDE,5015,CITY OF PORT ADELAIDE ENFIELD,2,0,0,0,0,2019,September,Friday,8:25 AM,60,Divided Road,Straight road,Slope,Not Applicable,Sealed,Dry,Not Raining,Daylight,Rear End,1,Driver Rider,1: PDO,No Control,,,1321146.03,1680352.62,1.32115E+13
2019-9598-8/07/2020,2 Metropolitan,WAYVILLE,5034,CITY OF UNLEY,2,0,0,0,0,2019,September,Friday,8:45 AM,60,Divided Road,Straight road,Level,Not Applicable,Sealed,Dry,Not Raining,Daylight,Rear End,1,Driver Rider,1: PDO,No Control,,,1327316.88,1668910.36,1.32732E+13
2019-9599-8/07/2020,2 Metropolitan,STURT,5047,CC MARION.                    ,2,0,0,0,0,2019,September,Friday,9:11 AM,60,Divided Road,Straight road,Level,Driveway or Entrance,Sealed,Dry,Not Raining,Daylight,Right Turn,1,Driver Rider,1: PDO,No Control,,,1323790.68,1660652.09,1.32379E+13
2019-9600-8/07/2020,2 Metropolitan,BEDFORD PARK,5042,CC MITCHAM.                   ,2,0,0,0,0,2019,September,Friday,10:14 AM,50,T-Junction,Straight road,Slope,Not Applicable,Sealed,Dry,Not Raining,Daylight,Side Swipe,1,Driver Rider,1: PDO,Give Way Sign,,,1325211.27,1659968.06,1.32521E+13
2019-9601-8/07/2020,2 Metropolitan,STIRLING,5152,THE ADELAIDE HILLS COUNCIL,2,0,0,0,0,2019,September,Friday,7:30 AM,110,Freeway,Straight road,Slope,Not Applicable,Sealed,Dry,Not Raining,Daylight,Hit Fixed Object,1,Driver Rider,1: PDO,No Control,,,1341112.19,1662413.16,1.34111E+13
2019-9602-8/07/2020,2 Metropolitan,STURT,5047,CC MARION.                    ,2,0,0,0,0,2019,September,Friday,10:30 AM,60,Cross Road,Straight road,Level,Not Applicable,Sealed,Dry,Not Raining,Daylight,Side Swipe,1,Driver Rider,1: PDO,Give Way Sign,,,1323794.34,1659430.27,1.32379E+13
2019-9603-8/07/2020,2 Metropolitan,PARA HILLS WEST,5096,CITY OF SALISBURY,2,0,0,0,0,2019,September,Thursday,7:15 AM,80,Divided Road,Straight road,Level,Not Applicable,Sealed,Dry,Not Raining,Daylight,Other,1,Driver Rider,1: PDO,No Control,,,1332649.12,1684547.98,1.33265E+13
2019-9604-8/07/2020,2 Metropolitan,DRY CREEK,5094,CITY OF SALISBURY,2,0,0,0,0,2019,September,Friday,10:15 AM,80,T-Junction,Straight road,Level,Not Applicable,Sealed,Dry,Not Raining,Daylight,Rear End,1,Driver Rider,1: PDO,Traffic Signals,,,1328672.58,1683237.82,1.32867E+13
2019-9605-8/07/2020,3 Country,MOUNT GAMBIER,5290,CC MT.GAMBIER.                ,3,0,0,0,0,2019,September,Friday,12:12 PM,60,Divided Road,Straight road,Bottom of Hill,Not Applicable,Sealed,Dry,Not Raining,Daylight,Rear End,1,Driver Rider,1: PDO,No Control,,,1510487.39,1341042.37,1.51049E+13
2019-9606-8/07/2020,2 Metropolitan,ELIZABETH PARK,5113,CITY OF PLAYFORD.,4,1,0,0,1,2019,September,Friday,1:20 PM,80,Cross Road,Straight road,Level,Not Applicable,Sealed,Dry,Not Raining,Daylight,Rear End,2,Driver Rider,2: MI,Traffic Signals,,,1335939.12,1693257.92,1.33594E+13
2019-9607-8/07/2020,3 Country,VICTOR HARBOR,5211,DC VICTOR HARBOR.             ,4,0,0,0,0,2019,September,Friday,10:25 AM,50,Not Divided,Straight road,Level,"Bridge, Culvert, Causeway",Sealed,Dry,Not Raining,Daylight,Head On,1,Passenger,1: PDO,No Control,,,1327366.13,1600600.52,1.32737E+13
2019-9608-8/07/2020,2 Metropolitan,MITCHELL PARK,5043,CC MARION.                    ,2,0,0,0,0,2019,September,Friday,1:15 PM,60,Divided Road,Straight road,Level,Not Applicable,Sealed,Dry,Not Raining,Daylight,Rear End,2,Driver Rider,1: PDO,No Control,,,1324372.8,1661956.49,1.32437E+13
2019-9609-8/07/2020,2 Metropolitan,BLACKWOOD,5051,CC MITCHAM.                   ,2,1,0,0,1,2019,September,Friday,8:15 AM,50,T-Junction,Straight road,Level,Not Applicable,Sealed,Dry,Not Raining,Daylight,Right Angle,2,Driver Rider,2: MI,Give Way Sign,,,1329934.79,1659289.81,1.32994E+13
2019-9610-8/07/2020,2 Metropolitan,BANKSIA PARK,5091,CITY OF TEA TREE GULLY,2,1,0,0,1,2019,September,Friday,1:35 PM,50,T-Junction,"CURVED, VIEW OPEN",Level,Not Applicable,Sealed,Dry,Not Raining,Daylight,Hit Fixed Object,1,Driver Rider,2: MI,No Control,Y,,1340187.21,1683060.42,1.34019E+13
2019-9611-8/07/2020,2 Metropolitan,EDINBURGH NORTH,5113,CITY OF PLAYFORD.,1,0,0,0,0,2019,September,Friday,1:40 PM,80,Cross Road,Straight road,Level,Not Applicable,Sealed,Dry,Not Raining,Daylight,Roll Over,9,Other,1: PDO,Roundabout,,,1333888.71,1694789.04,1.33389E+13
2019-9612-8/07/2020,2 Metropolitan,KESWICK,5035,CITY OF WEST TORRENS,2,1,0,0,1,2019,September,Thursday,2:30 PM,50,T-Junction,Straight road,Level,Not Applicable,Sealed,Dry,Not Raining,Daylight,Right Angle,2,Driver Rider,2: MI,Give Way Sign,,,1326452.96,1668558.25,1.32645E+13
2019-9613-8/07/2020,2 Metropolitan,SEAFORD MEADOWS,5169,CITY OF ONKAPARINGA,2,0,0,0,0,2019,September,Friday,2:30 PM,70,Not Divided,Straight road,Level,Not Applicable,Sealed,Dry,Not Raining,Daylight,Rear End,2,Driver Rider,1: PDO,No Control,,,1316308.75,1643764.3,1.31631E+13
2019-9614-8/07/2020,2 Metropolitan,WINGFIELD,5013,CITY OF PORT ADELAIDE ENFIELD,2,1,0,0,1,2019,September,Friday,2:00 PM,50,Cross Road,Straight road,Level,Not Applicable,Sealed,Dry,Not Raining,Daylight,Right Turn,2,Driver Rider,2: MI,Stop Sign,,,1323900.67,1679670.46,1.3239E+13
2019-9615-8/07/2020,2 Metropolitan,OLD REYNELLA,5161,CITY OF ONKAPARINGA,2,0,0,0,0,2019,September,Friday,2:43 PM,50,Not Divided,Straight road,Slope,Driveway or Entrance,Sealed,Dry,Not Raining,Daylight,Rear End,2,Driver Rider,1: PDO,No Control,Y,,1322595.13,1652791.74,1.3226E+13
2019-9616-8/07/2020,2 Metropolitan,WINGFIELD,5013,CITY OF PORT ADELAIDE ENFIELD,1,1,0,1,0,2019,September,Friday,2:20 PM,60,T-Junction,Straight road,Level,Not Applicable,Sealed,Dry,Not Raining,Daylight,Roll Over,1,Driver Rider,3: SI,No Control,,,1325540.31,1679709.29,1.32554E+13
2019-9617-8/07/2020,2 Metropolitan,HORSNELL GULLY,5141,THE ADELAIDE HILLS COUNCIL,2,2,0,0,2,2019,September,Thursday,9:15 PM,60,Not Divided,"CURVED, VIEW OPEN",Level,Not Applicable,Sealed,Dry,Not Raining,Night,Hit Fixed Object,1,Driver Rider,2: MI,No Control,,,1338485.39,1670866.53,1.33849E+13
2019-9618-8/07/2020,2 Metropolitan,URRBRAE,5064,CC MITCHAM.                   ,2,0,0,0,0,2019,September,Friday,8:20 AM,60,Cross Road,Straight road,Level,Not Applicable,Sealed,Dry,Not Raining,Daylight,Rear End,2,Driver Rider,1: PDO,Traffic Signals,,,1332373.16,1666370.92,1.33237E+13
2019-9619-8/07/2020,2 Metropolitan,THEBARTON,5031,CITY OF WEST TORRENS,2,0,0,0,0,2019,September,Friday,3:15 PM,60,Divided Road,Straight road,Level,Not Applicable,Sealed,Dry,Not Raining,Daylight,Rear End,1,Driver Rider,1: PDO,No Control,,,1326495.61,1672230.82,1.3265E+13
2019-9620-8/07/2020,2 Metropolitan,BRAHMA LODGE,5109,CITY OF SALISBURY,2,0,0,0,0,2019,September,Friday,2:55 PM,50,Not Divided,Straight road,Level,Not Applicable,Sealed,Dry,Not Raining,Daylight,Side Swipe,2,Driver Rider,1: PDO,No Control,,,1333712.41,1687795.08,1.33371E+13
2019-9621-8/07/2020,2 Metropolitan,GREENACRES,5086,CITY OF PORT ADELAIDE ENFIELD,2,1,0,0,1,2019,September,Friday,3:50 PM,50,T-Junction,Straight road,Level,Not Applicable,Sealed,Dry,Not Raining,Daylight,Right Angle,1,Driver Rider,2: MI,Roundabout,,,1331789.94,1677274.41,1.33179E+13
2019-9622-8/07/2020,2 Metropolitan,PARAFIELD,5106,CITY OF SALISBURY,2,0,0,0,0,2019,September,Friday,4:05 PM,70,Cross Road,Straight road,Level,Not Applicable,Sealed,Dry,Not Raining,Daylight,Rear End,1,Driver Rider,1: PDO,Traffic Signals,,,1331791.2,1683497.51,1.33179E+13
2019-9623-8/07/2020,2 Metropolitan,BRIDGEWATER,5155,THE ADELAIDE HILLS COUNCIL,2,0,0,0,0,2019,September,Friday,1:50 PM,50,T-Junction,"CURVED, VIEW OPEN",Slope,Not Applicable,Sealed,Dry,Not Raining,Daylight,Right Angle,1,Driver Rider,1: PDO,Give Way Sign,,,1342659.44,1660866.9,1.34266E+13
2019-9624-8/07/2020,2 Metropolitan,GEPPS CROSS,5094,CITY OF PORT ADELAIDE ENFIELD,2,0,0,0,0,2019,September,Friday,4:38 PM,60,Divided Road,Straight road,Level,Not Applicable,Sealed,Dry,Not Raining,Daylight,Rear End,2,Driver Rider,1: PDO,No Control,,,1329890,1679308.03,1.32989E+13
2019-9625-8/07/2020,2 Metropolitan,CAVAN,5094,CITY OF SALISBURY,2,0,0,0,0,2019,September,Friday,3:50 PM,70,Cross Road,Straight road,Level,Not Applicable,Sealed,Dry,Not Raining,Daylight,Right Angle,2,Driver Rider,1: PDO,Traffic Signals,,,1328738.64,1681544.36,1.32874E+13
2019-9626-8/07/2020,2 Metropolitan,HOPE VALLEY,5090,CITY OF TEA TREE GULLY,2,0,0,0,0,2019,September,Friday,4:00 PM,60,Divided Road,Straight road,Level,Not Applicable,Sealed,Dry,Not Raining,Daylight,Hit Fixed Object,1,Passenger,1: PDO,No Control,,,1337860.41,1679488.6,1.33786E+13
2019-9627-8/07/2020,2 Metropolitan,BRAHMA LODGE,5109,CITY OF SALISBURY,2,0,0,0,0,2019,September,Friday,3:17 PM,50,T-Junction,Straight road,Level,Not Applicable,Sealed,Dry,Not Raining,Daylight,Right Angle,1,Driver Rider,1: PDO,No Control,,,1333476.67,1687498.81,1.33348E+13
2019-9628-8/07/2020,2 Metropolitan,WEST BEACH,5024,CITY OF WEST TORRENS,2,0,0,0,0,2019,September,Friday,6:03 PM,80,Divided Road,Straight road,Level,Not Applicable,Sealed,Dry,Not Raining,Daylight,Rear End,2,Driver Rider,1: PDO,No Control,,,1320923.52,1668578.31,1.32092E+13
2019-9629-8/07/2020,2 Metropolitan,EVANSTON SOUTH,5116,CT GAWLER.                    ,2,2,0,0,2,2019,September,Friday,3:30 PM,90,Cross Road,Straight road,Level,Not Applicable,Sealed,Dry,Not Raining,Daylight,Right Turn,2,Driver Rider,2: MI,Stop Sign,,,1339551.26,1700125.05,1.33955E+13
2019-9630-8/07/2020,1 City,ADELAIDE,5000,CITY OF ADELAIDE,2,0,0,0,0,2019,August,Tuesday,2:00 PM,60,Divided Road,Straight road,Level,Not Applicable,Sealed,Dry,Not Raining,Daylight,Side Swipe,1,Driver Rider,1: PDO,No Control,,,1327401.91,1669752.8,1.3274E+13
2019-9631-8/07/2020,2 Metropolitan,NORTHGATE,5085,CITY OF PORT ADELAIDE ENFIELD,1,1,0,1,0,2019,September,Friday,5:20 PM,70,Divided Road,Straight road,Level,Not Applicable,Unsealed,Dry,Not Raining,Daylight,Roll Over,1,Driver Rider,3: SI,No Control,,,1331597.59,1679289.51,1.3316E+13
2019-9632-8/07/2020,2 Metropolitan,PARAFIELD,5106,CITY OF SALISBURY,2,0,0,0,0,2019,September,Friday,8:30 AM,80,Divided Road,Straight road,Level,Not Applicable,Sealed,Dry,Not Raining,Daylight,Rear End,2,Driver Rider,1: PDO,No Control,,,1332421.06,1684292.69,1.33242E+13
2019-9633-8/07/2020,3 Country,GLOSSOP,5344,THE BERRI BARMERA COUNCIL,2,0,0,0,0,2019,September,Thursday,8:50 PM,100,Not Divided,Straight road,Level,Not Applicable,Sealed,Dry,Not Raining,Night,Hit Animal,2,Animal,1: PDO,No Control,,,1512150.69,1735196.97,1.51215E+13
2019-9634-8/07/2020,2 Metropolitan,THEBARTON,5031,CITY OF WEST TORRENS,2,0,0,0,0,2019,September,Friday,4:00 PM,60,T-Junction,Straight road,Level,Not Applicable,Sealed,Dry,Not Raining,Daylight,Side Swipe,2,Driver Rider,1: PDO,No Control,,,1326533.08,1671892.4,1.32653E+13
2019-9635-8/07/2020,2 Metropolitan,BOLIVAR,5110,CITY OF SALISBURY,2,0,0,0,0,2019,September,Friday,6:25 PM,90,Divided Road,Straight road,Level,Not Applicable,Sealed,Dry,Not Raining,Night,Side Swipe,2,Driver Rider,1: PDO,No Control,,,1328046.49,1690301.26,1.32805E+13
2019-9636-8/07/2020,2 Metropolitan,NORWOOD,5067,"CC OF NORWOOD,PAYNEHAM & ST PETERS",2,0,0,0,0,2019,September,Friday,3:30 PM,50,Divided Road,Straight road,Level,Not Applicable,Sealed,Dry,Not Raining,Daylight,Hit Parked Vehicle,1,Driver Rider,1: PDO,No Control,,,1331776.74,1671076.03,1.33178E+13
2019-9637-8/07/2020,2 Metropolitan,SALISBURY PARK,5109,CITY OF SALISBURY,3,0,0,0,0,2019,September,Friday,7:30 PM,80,Divided Road,Straight road,Level,Not Applicable,Sealed,Dry,Not Raining,Night,Rear End,1,Driver Rider,1: PDO,No Control,,,1335535.88,1688234.26,1.33554E+13
2019-9638-8/07/2020,2 Metropolitan,CHRISTIE DOWNS,5164,CITY OF ONKAPARINGA,3,2,0,0,2,2019,September,Friday,7:45 PM,60,Cross Road,Straight road,Slope,Not Applicable,Sealed,Dry,Not Raining,Night,Right Angle,1,Driver Rider,2: MI,Give Way Sign,,,1318484.22,1648627.93,1.31848E+13
2019-9639-8/07/2020,2 Metropolitan,ENFIELD,5085,CITY OF PORT ADELAIDE ENFIELD,2,0,0,0,0,2019,September,Friday,8:00 PM,60,T-Junction,Straight road,Level,Not Applicable,Sealed,Dry,Not Raining,Night,Right Turn,2,Driver Rider,1: PDO,Traffic Signals,,,1328821.62,1678606.27,1.32882E+13
2019-9640-8/07/2020,2 Metropolitan,CLEARVIEW,5085,CITY OF PORT ADELAIDE ENFIELD,2,2,0,0,2,2019,September,Friday,8:25 PM,50,Not Divided,Straight road,Level,Not Applicable,Sealed,Dry,Not Raining,Night,Hit Fixed Object,1,Driver Rider,2: MI,No Control,,,1329818.25,1677235.75,1.32982E+13
2019-9641-8/07/2020,2 Metropolitan,MARDEN,5070,"CC OF NORWOOD,PAYNEHAM & ST PETERS",3,0,0,0,0,2019,September,Friday,9:38 PM,60,T-Junction,Straight road,Level,Not Applicable,Sealed,Dry,Not Raining,Night,Right Turn,1,Driver Rider,1: PDO,Traffic Signals,,,1332496.75,1673949.58,1.3325E+13
2019-9642-8/07/2020,2 Metropolitan,KIDMAN PARK,5025,CITY OF CHARLES STURT,2,0,0,0,0,2019,September,Saturday,12:01 AM,60,Cross Road,Straight road,Level,Not Applicable,Sealed,Dry,Not Raining,Night,Right Turn,2,Driver Rider,1: PDO,Traffic Signals,,,1322419.52,1673125.07,1.32242E+13
2019-9643-8/07/2020,2 Metropolitan,ALDGATE,5154,THE ADELAIDE HILLS COUNCIL,2,0,0,0,0,2019,September,Friday,11:20 PM,50,Not Divided,"CURVED, VIEW OBSCURED",Slope,Not Applicable,Sealed,Dry,Not Raining,Night,Hit Fixed Object,1,Driver Rider,1: PDO,No Control,Y,,1341440.74,1661288.11,1.34144E+13
2019-9644-8/07/2020,2 Metropolitan,MEADOWS,5201,DC MT.BARKER.                 ,2,1,0,0,1,2019,September,Saturday,1:00 AM,100,Not Divided,Straight road,Level,Not Applicable,Sealed,Dry,Not Raining,Night,Hit Fixed Object,1,Driver Rider,2: MI,No Control,,,1342329.89,1645370.85,1.34233E+13
2019-9645-8/07/2020,3 Country,UCOLTA,5422,DC OF PETERBOROUGH,2,1,0,0,1,2019,September,Saturday,4:30 AM,110,Not Divided,Straight road,Level,Not Applicable,Sealed,Dry,Not Raining,Night,Hit Animal,2,Animal,2: MI,No Control,,,1367818.04,1878453.93,1.36782E+13
2019-9646-8/07/2020,2 Metropolitan,VALE PARK,5081,WALKERVILLE TOWN COUNCIL,1,1,0,1,0,2019,September,Saturday,8:05 AM,60,Divided Road,Straight road,Level,Not Applicable,Sealed,Dry,Not Raining,Daylight,Roll Over,1,Driver Rider,3: SI,No Control,,,1330582.29,1675292.99,1.33058E+13
2019-9647-8/07/2020,2 Metropolitan,ALDINGA BEACH,5173,CITY OF ONKAPARINGA,2,0,0,0,0,2019,September,Saturday,6:50 AM,50,Not Divided,Straight road,Level,Not Applicable,Sealed,Dry,Not Raining,Daylight,Hit Parked Vehicle,1,Driver Rider,1: PDO,No Control,,,1315427.15,1632497.31,1.31543E+13
2019-9648-8/07/2020,3 Country,RENMARK,5341,DC RENMARK PARINGA            ,2,1,0,0,1,2019,September,Saturday,9:10 AM,50,Cross Road,Straight road,Level,Not Applicable,Sealed,Dry,Not Raining,Daylight,Right Angle,1,Driver Rider,2: MI,Give Way Sign,,,1528314.95,1745000.34,1.52832E+13
2019-9649-8/07/2020,1 City,NORTH ADELAIDE,5006,CITY OF ADELAIDE,2,0,0,0,0,2019,September,Friday,4:30 PM,60,Cross Road,Straight road,Level,Not Applicable,Sealed,Dry,Not Raining,Daylight,Right Turn,1,Driver Rider,1: PDO,Traffic Signals,,,1327887.77,1671596.04,1.32789E+13
2019-9650-8/07/2020,2 Metropolitan,HUMBUG SCRUB,5114,THE ADELAIDE HILLS COUNCIL,2,1,0,0,1,2019,September,Friday,5:30 PM,80,Not Divided,"CURVED, VIEW OPEN",Level,Unknown,Unsealed,Dry,Not Raining,Daylight,Hit Fixed Object,1,Driver Rider,2: MI,No Control,,,1350633.18,1693188.75,1.35063E+13
2019-9651-8/07/2020,2 Metropolitan,KIDMAN PARK,5025,CITY OF CHARLES STURT,2,1,0,0,1,2019,September,Saturday,9:55 AM,60,Not Divided,Straight road,Level,Not Applicable,Sealed,Dry,Not Raining,Daylight,Rear End,2,Driver Rider,2: MI,No Control,,,1322442.56,1672943.19,1.32244E+13
2019-9652-8/07/2020,2 Metropolitan,SALISBURY,5108,CITY OF SALISBURY,2,0,0,0,0,2019,September,Saturday,11:00 AM,60,T-Junction,Straight road,Level,Not Applicable,Sealed,Dry,Not Raining,Daylight,Right Angle,1,Driver Rider,1: PDO,Give Way Sign,,,1332728.57,1688571.7,1.33273E+13
2019-9653-8/07/2020,2 Metropolitan,UNDERDALE,5032,CITY OF WEST TORRENS,2,1,0,0,1,2019,September,Saturday,11:30 AM,60,T-Junction,Straight road,Level,Not Applicable,Sealed,Dry,Not Raining,Daylight,Hit Pedestrian,2,Pedestrian,2: MI,Traffic Signals,,,1323855.77,1670931.81,1.32386E+13
2019-9654-8/07/2020,2 Metropolitan,WOODVILLE SOUTH,5011,CITY OF CHARLES STURT,3,0,0,0,0,2019,September,Friday,2:30 PM,50,Cross Road,Straight road,Level,Not Applicable,Sealed,Dry,Not Raining,Daylight,Rear End,2,Driver Rider,1: PDO,Traffic Signals,,,1322727.34,1675834.91,1.32273E+13
2019-9655-8/07/2020,3 Country,BERRI,5343,THE BERRI BARMERA COUNCIL,2,0,0,0,0,2019,September,Saturday,11:05 AM,60,T-Junction,"CURVED, VIEW OPEN",Crest of Hill,Not Applicable,Sealed,Dry,Not Raining,Daylight,Right Angle,2,Driver Rider,1: PDO,No Control,,,1514505.68,1734169.04,1.51451E+13
2019-9656-8/07/2020,2 Metropolitan,YATALA VALE,5126,CITY OF TEA TREE GULLY,2,0,0,0,0,2019,September,Saturday,11:45 AM,60,Cross Road,Straight road,Level,Not Applicable,Sealed,Dry,Not Raining,Daylight,Right Angle,1,Driver Rider,1: PDO,Roundabout,,,1339647.25,1684786.35,1.33965E+13
2019-9657-8/07/2020,2 Metropolitan,VIRGINIA,5120,CITY OF PLAYFORD.,2,0,0,0,0,2019,September,Saturday,12:45 PM,110,Divided Road,Straight road,Level,Not Applicable,Sealed,Dry,Not Raining,Daylight,Rear End,2,Driver Rider,1: PDO,No Control,,,1324614.11,1699445.02,1.32461E+13
2019-9658-8/07/2020,2 Metropolitan,WOODVILLE WEST,5011,CITY OF CHARLES STURT,2,2,0,0,2,2019,September,Saturday,11:45 AM,60,Multiple,Straight road,Level,Not Applicable,Sealed,Dry,Not Raining,Daylight,Rear End,2,Driver Rider,2: MI,Traffic Signals,,,1322354.24,1676151.89,1.32235E+13
2019-9659-8/07/2020,2 Metropolitan,BROOKLYN PARK,5032,CITY OF WEST TORRENS,2,0,0,0,0,2019,September,Saturday,1:30 PM,60,Divided Road,Straight road,Level,Not Applicable,Sealed,Dry,Not Raining,Daylight,Hit Fixed Object,1,Driver Rider,1: PDO,No Control,,,1324128.59,1670644.82,1.32413E+13
2019-9660-8/07/2020,2 Metropolitan,WOODSIDE,5244,THE ADELAIDE HILLS COUNCIL,2,1,0,0,1,2019,September,Saturday,11:45 AM,50,Not Divided,Straight road,Level,Not Applicable,Sealed,Dry,Not Raining,Daylight,Hit Pedestrian,2,Pedestrian,2: MI,No Control,,,1353788.06,1667129.98,1.35379E+13
2019-9661-8/07/2020,2 Metropolitan,MEDINDIE,5081,WALKERVILLE TOWN COUNCIL,2,0,0,0,0,2019,September,Saturday,11:30 AM,60,T-Junction,Straight road,Level,Not Applicable,Sealed,Dry,Not Raining,Daylight,Right Turn,1,Driver Rider,1: PDO,No Control,,,1329091.54,1674227.45,1.32909E+13
2019-9662-8/07/2020,3 Country,WILLIAMSTOWN,5351,THE BAROSSA COUNCIL.,2,1,0,0,1,2019,September,Saturday,2:00 PM,100,Not Divided,"CURVED, VIEW OBSCURED",Level,Driveway or Entrance,Sealed,Dry,Not Raining,Daylight,Right Angle,1,Driver Rider,2: MI,No Control,,,1355299.49,1699977.43,1.3553E+13
2019-9663-8/07/2020,3 Country,CURRENCY CREEK,5214,ALEXANDRINA COUNCIL,1,1,0,0,1,2019,September,Sunday,2:20 PM,80,T-Junction,Straight road,Level,Not Applicable,Sealed,Dry,Not Raining,Daylight,Roll Over,1,Driver Rider,2: MI,Give Way Sign,,,1342700.58,1613636.07,1.3427E+13
2019-9664-8/07/2020,2 Metropolitan,ELIZABETH PARK,5113,CITY OF PLAYFORD.,2,0,0,0,0,2019,September,Saturday,6:47 PM,60,T-Junction,Straight road,Level,Not Applicable,Sealed,Dry,Not Raining,Night,Right Turn,2,Driver Rider,1: PDO,No Control,,,1336652.22,1693682.38,1.33665E+13
2019-9665-8/07/2020,2 Metropolitan,HOPE VALLEY,5090,CITY OF TEA TREE GULLY,2,2,0,0,2,2019,September,Saturday,7:24 PM,60,T-Junction,Straight road,Level,Not Applicable,Sealed,Dry,Not Raining,Night,Right Turn,2,Driver Rider,2: MI,Traffic Signals,,,1338079.25,1679496.38,1.33808E+13
2019-9666-8/07/2020,3 Country,CALLINGTON,5254,RC MURRAY BRIDGE.             ,2,0,0,0,0,2019,September,Saturday,6:11 PM,100,Not Divided,"CURVED, VIEW OPEN",Slope,Not Applicable,Sealed,Dry,Not Raining,Daylight,Hit Fixed Object,1,Driver Rider,1: PDO,No Control,,,1370045.59,1648477.94,1.37005E+13
2019-9667-8/07/2020,2 Metropolitan,ROSEWATER,5013,CITY OF PORT ADELAIDE ENFIELD,2,2,0,0,2,2019,September,Saturday,7:13 PM,60,One Way,Straight road,Level,Not Applicable,Sealed,Dry,Not Raining,Night,Rear End,1,Driver Rider,2: MI,No Control,Y,,1322169.43,1679121.5,1.32217E+13
2019-9668-8/07/2020,2 Metropolitan,GLYNDE,5070,"CC OF NORWOOD,PAYNEHAM & ST PETERS",3,0,0,0,0,2019,September,Saturday,7:48 PM,60,Divided Road,Straight road,Level,Not Applicable,Sealed,Dry,Not Raining,Night,Side Swipe,1,Driver Rider,1: PDO,No Control,,,1333797.25,1674314.52,1.3338E+13
2019-9669-8/07/2020,2 Metropolitan,BURTON,5110,CITY OF SALISBURY,2,2,0,0,2,2019,September,Saturday,7:10 PM,50,T-Junction,Straight road,Level,Not Applicable,Sealed,Dry,Not Raining,Night,Right Angle,1,Driver Rider,2: MI,No Control,Y,,1329523.62,1691130.53,1.32952E+13
2019-9670-8/07/2020,2 Metropolitan,STEPNEY,5069,"CC OF NORWOOD,PAYNEHAM & ST PETERS",2,2,0,0,2,2019,September,Saturday,8:14 PM,60,Cross Road,Straight road,Level,Not Applicable,Sealed,Dry,Not Raining,Night,Right Turn,1,Driver Rider,2: MI,Traffic Signals,Y,,1331009.51,1671726.41,1.33101E+13
2019-9671-8/07/2020,2 Metropolitan,HENLEY BEACH,5022,CITY OF CHARLES STURT,2,0,0,0,0,2019,September,Saturday,9:14 PM,50,Not Divided,Straight road,Level,Not Applicable,Sealed,Dry,Not Raining,Night,Hit Parked Vehicle,1,Driver Rider,1: PDO,No Control,,,1318849.62,1671997.11,1.31885E+13
2019-9672-8/07/2020,1 City,ADELAIDE,5000,CITY OF ADELAIDE,2,0,0,0,0,2019,September,Saturday,11:40 PM,50,Not Divided,Straight road,Level,Not Applicable,Sealed,Dry,Not Raining,Night,Side Swipe,1,Driver Rider,1: PDO,No Control,,,1329013.26,1671116.2,1.32901E+13
2019-9673-8/07/2020,2 Metropolitan,DAVOREN PARK,5113,CITY OF PLAYFORD.,2,0,0,0,0,2019,September,Saturday,8:40 PM,50,Not Divided,"CURVED, VIEW OBSCURED",Level,Not Applicable,Sealed,Dry,Not Raining,Night,Hit Fixed Object,1,Driver Rider,1: PDO,No Control,,,1336152.75,1696002.04,1.33615E+13
2019-9674-8/07/2020,2 Metropolitan,MARDEN,5070,"CC OF NORWOOD,PAYNEHAM & ST PETERS",3,1,0,0,1,2019,September,Sunday,4:55 AM,50,Not Divided,Straight road,Slope,Not Applicable,Sealed,Dry,Not Raining,Night,Hit Parked Vehicle,1,Driver Rider,2: MI,No Control,Y,Y,1332341.62,1673974.65,1.33234E+13
2019-9675-8/07/2020,2 Metropolitan,BALHANNAH,5242,THE ADELAIDE HILLS COUNCIL,2,2,0,0,2,2019,September,Sunday,5:09 AM,80,Not Divided,Straight road,Slope,Not Applicable,Sealed,Dry,Not Raining,Night,Hit Fixed Object,1,Driver Rider,2: MI,No Control,,Y,1347879.54,1663062.51,1.34788E+13