REPORT_ID,Stats Area,Suburb,Postcode,LGA Name,Total Units,Total Cas,Total Fats,Total SI,Total MI,Year,Month,Day,Time,Area Speed,Position Type,Horizontal Align,Vertical Align,Other Feat,Road Surface,Moisture Cond,Weather Cond,DayNight,Crash Type,Unit Resp,Entity Code,CSEF Severity,Traffic Ctrls,DUI Involved,Drugs Involved,ACCLOC_X,ACCLOC_Y,UNIQUE_LOC
2019-9837-8/07/2020,1 City,ADELAIDE,5000,CITY OF ADELAIDE,2,0,0,0,0,2019,September,Saturday,10:15 PM,50,Cross Road,Straight road,Level,Not Applicable,Sealed,Dry,Not Raining,Night,Hit Pedestrian,2,Driver Rider,1: PDO,Traffic Signals,,,1328681.78,1670835.11,1.32868E+13
2019-9838-8/07/2020,2 Metropolitan,MOUNT BARKER,5251,DC MT.BARKER.                 ,2,0,0,0,0,2019,October,Thursday,4:45 PM,60,Cross Road,Straight road,Slope,Not Applicable,Sealed,Dry,Not Raining,Daylight,Right Angle,1,Driver Rider,1: PDO,Give Way Sign,,,1352235.68,1652736.58,1.35224E+13
2019-9839-8/07/2020,2 Metropolitan,SOUTH PLYMPTON,5038,CC MARION.                    ,2,0,0,0,0,2019,October,Thursday,6:15 PM,60,Cross Road,Straight road,Level,Not Applicable,Sealed,Dry,Not Raining,Daylight,Right Turn,1,Driver Rider,1: PDO,Traffic Signals,,,1324247.23,1666113.9,1.32425E+13
2019-9840-8/07/2020,2 Metropolitan,STURT,5047,CC MARION.                    ,3,3,0,0,3,2019,October,Thursday,5:07 PM,60,Cross Road,Straight road,Level,Not Applicable,Sealed,Dry,Not Raining,Daylight,Rear End,2,Driver Rider,2: MI,Traffic Signals,,,1324420.13,1660669.19,1.32442E+13
2019-9841-8/07/2020,2 Metropolitan,ATHELSTONE,5076,CC CAMPBELLTOWN.              ,2,0,0,0,0,2019,October,Thursday,10:15 AM,60,Cross Road,Straight road,Level,Not Applicable,Sealed,Dry,Not Raining,Daylight,Rear End,1,Driver Rider,1: PDO,Roundabout,,,1337007.56,1675722.14,1.33701E+13
2019-9842-8/07/2020,2 Metropolitan,STURT,5047,CC MARION.                    ,2,0,0,0,0,2019,October,Thursday,5:00 PM,60,Divided Road,Straight road,Level,Not Applicable,Sealed,Dry,Not Raining,Daylight,Rear End,2,Driver Rider,1: PDO,No Control,,,1324373.71,1660678.97,1.32437E+13
2019-9843-8/07/2020,2 Metropolitan,KINGSFORD,5118,LIGHT REGIONAL COUNCIL,2,1,0,0,1,2019,October,Thursday,4:35 PM,110,T-Junction,Straight road,Level,Not Applicable,Sealed,Dry,Not Raining,Daylight,Right Turn,1,Driver Rider,2: MI,No Control,,,1346935.82,1712819.14,1.34694E+13
2019-9844-8/07/2020,2 Metropolitan,NORTH PLYMPTON,5037,CITY OF WEST TORRENS,2,0,0,0,0,2019,October,Thursday,6:40 PM,50,Not Divided,Straight road,Level,Not Applicable,Sealed,Dry,Not Raining,Night,Hit Parked Vehicle,2,Driver Rider,1: PDO,No Control,,,1324324.45,1667663.77,1.32432E+13
2019-9845-8/07/2020,3 Country,ANDAMOOKA,5722,,1,2,0,0,2,2019,October,Thursday,1:00 PM,100,Not Divided,"CURVED, VIEW OPEN",Level,Not Applicable,Unsealed,Dry,Not Raining,Daylight,Roll Over,1,Driver Rider,2: MI,No Control,,,1206908.03,2167652.29,1.20691E+13
2019-9846-8/07/2020,2 Metropolitan,ELIZABETH EAST,5112,CITY OF PLAYFORD.,2,2,0,2,0,2019,October,Thursday,7:20 PM,80,Divided Road,Straight road,Level,Not Applicable,Sealed,Dry,Not Raining,Night,Hit Fixed Object,1,Driver Rider,3: SI,No Control,,,1336153.69,1691057.2,1.33615E+13
2019-9847-8/07/2020,2 Metropolitan,EVANSTON PARK,5116,CT GAWLER.                    ,2,0,0,0,0,2019,October,Tuesday,9:30 PM,60,Divided Road,Straight road,Level,Driveway or Entrance,Sealed,Dry,Not Raining,Night,Right Angle,1,Driver Rider,1: PDO,No Control,,,1342205.84,1703661.3,1.34221E+13
2019-9848-8/07/2020,2 Metropolitan,HINDMARSH,5007,CITY OF CHARLES STURT,2,0,0,0,0,2019,October,Friday,12:15 AM,60,T-Junction,"CURVED, VIEW OPEN",Level,Not Applicable,Sealed,Dry,Not Raining,Night,Right Angle,1,Driver Rider,1: PDO,Traffic Signals,,,1326056.45,1673028.42,1.32606E+13
2019-9849-8/07/2020,2 Metropolitan,TWO WELLS,5501,DC MALLALA.                   ,2,2,0,1,1,2019,October,Friday,5:00 AM,80,T-Junction,Straight road,Level,Not Applicable,Sealed,Dry,Not Raining,Night,Right Angle,2,Driver Rider,3: SI,No Control,,,1321989.46,1706605.39,1.32199E+13
2019-9850-8/07/2020,2 Metropolitan,SOUTH PLYMPTON,5038,CC MARION.                    ,2,0,0,0,0,2019,October,Friday,6:55 AM,60,Cross Road,Straight road,Level,Not Applicable,Sealed,Dry,Not Raining,Daylight,Right Turn,1,Driver Rider,1: PDO,Traffic Signals,,,1324280.93,1665104.48,1.32428E+13
2019-9851-8/07/2020,2 Metropolitan,GILLES PLAINS,5086,CITY OF PORT ADELAIDE ENFIELD,2,0,0,0,0,2019,October,Friday,7:20 AM,60,T-Junction,Straight road,Level,Not Applicable,Sealed,Dry,Not Raining,Daylight,Right Angle,2,Driver Rider,1: PDO,No Control,,,1334150.22,1678269.42,1.33415E+13
2019-9852-8/07/2020,2 Metropolitan,VIRGINIA,5120,CITY OF PLAYFORD.,2,0,0,0,0,2019,October,Friday,8:10 AM,80,Cross Road,Straight road,Level,Not Applicable,Sealed,Dry,Not Raining,Daylight,Side Swipe,2,Driver Rider,1: PDO,Give Way Sign,,,1327795.16,1698211.19,1.3278E+13
2019-9853-8/07/2020,2 Metropolitan,OAKDEN,5086,CITY OF PORT ADELAIDE ENFIELD,3,1,0,0,1,2019,October,Friday,8:10 AM,60,T-Junction,Straight road,Level,Not Applicable,Sealed,Dry,Not Raining,Daylight,Rear End,2,Driver Rider,2: MI,Traffic Signals,,,1333378.55,1678561.06,1.33338E+13
2019-9854-8/07/2020,3 Country,VICTOR HARBOR,5211,DC VICTOR HARBOR.             ,2,0,0,0,0,2019,September,Sunday,3:25 PM,60,T-Junction,Straight road,Level,Not Applicable,Sealed,Dry,Not Raining,Daylight,Rear End,2,Driver Rider,1: PDO,No Control,,,1328668.4,1601877.27,1.32867E+13
2019-9855-8/07/2020,2 Metropolitan,KUDLA,5115,CT GAWLER.                    ,2,0,0,0,0,2019,October,Thursday,9:20 PM,80,Cross Road,Straight road,Level,Not Applicable,Sealed,Dry,Not Raining,Night,Hit Object on Road,1,Driver Rider,1: PDO,Give Way Sign,,,1337680.92,1701807.18,1.33768E+13
2019-9856-8/07/2020,2 Metropolitan,PARAFIELD,5106,CITY OF SALISBURY,2,1,0,0,1,2019,October,Thursday,4:00 PM,80,Cross Road,Straight road,Level,Not Applicable,Sealed,Dry,Not Raining,Daylight,Rear End,2,Driver Rider,2: MI,Traffic Signals,,,1332537.93,1684407.94,1.33254E+13
2019-9857-8/07/2020,2 Metropolitan,CAMPBELLTOWN,5074,CC CAMPBELLTOWN.              ,2,1,0,0,1,2019,October,Friday,9:48 AM,60,Divided Road,Straight road,Level,Driveway or Entrance,Sealed,Dry,Not Raining,Daylight,Hit Pedestrian,1,Driver Rider,2: MI,No Control,,,1334435.68,1675656.98,1.33444E+13
2019-9858-8/07/2020,2 Metropolitan,HOLDEN HILL,5088,CITY OF TEA TREE GULLY,2,1,0,0,1,2019,October,Thursday,5:20 PM,60,T-Junction,Straight road,Level,Not Applicable,Sealed,Dry,Not Raining,Daylight,Rear End,2,Driver Rider,2: MI,No Control,,,1335152.81,1679026.35,1.33515E+13
2019-9859-8/07/2020,3 Country,WILD HORSE PLAINS,5501,WAKEFIELD REGIONAL COUNCIL,1,1,0,0,1,2019,October,Friday,11:00 AM,100,Not Divided,Straight road,Level,Not Applicable,Unsealed,Dry,Not Raining,Daylight,Roll Over,1,Driver Rider,2: MI,No Control,,,1303993.43,1739243.26,1.30399E+13
2019-9860-8/07/2020,2 Metropolitan,CHRISTIE DOWNS,5164,CITY OF ONKAPARINGA,3,0,0,0,0,2019,October,Friday,12:47 PM,100,Divided Road,"CURVED, VIEW OPEN",Level,Not Applicable,Sealed,Dry,Not Raining,Daylight,Rear End,1,Driver Rider,1: PDO,No Control,,,1319196.67,1648709.17,1.3192E+13
2019-9861-8/07/2020,3 Country,MILLICENT,5280,WATTLE RANGE COUNCIL,2,0,0,0,0,2019,October,Thursday,1:00 PM,100,Cross Road,Straight road,Unknown,Not Applicable,Sealed,Dry,Not Raining,Daylight,Right Angle,1,Driver Rider,1: PDO,Give Way Sign,,,1478246.57,1366151.91,1.47825E+13
2019-9862-8/07/2020,2 Metropolitan,LONGWOOD,5153,THE ADELAIDE HILLS COUNCIL,2,1,0,0,1,2019,October,Friday,8:00 AM,60,Not Divided,Straight road,Slope,Not Applicable,Sealed,Dry,Not Raining,Daylight,Hit Fixed Object,1,Driver Rider,2: MI,No Control,,,1337842.81,1657737.03,1.33784E+13
2019-9863-8/07/2020,3 Country,MYPONGA,5202,DC YANKALILLA.                ,2,0,0,0,0,2019,October,Thursday,5:30 PM,100,Not Divided,Straight road,Slope,Not Applicable,Sealed,Dry,Not Raining,Daylight,Rear End,1,Driver Rider,1: PDO,No Control,,,1317668.13,1619707.54,1.31767E+13
2019-9864-8/07/2020,2 Metropolitan,MCLAREN VALE,5171,CITY OF ONKAPARINGA,2,0,0,0,0,2019,October,Friday,2:22 PM,50,T-Junction,Straight road,Level,Not Applicable,Sealed,Dry,Not Raining,Daylight,Side Swipe,1,Driver Rider,1: PDO,Give Way Sign,,,1321682.35,1638872.81,1.32168E+13
2019-9865-8/07/2020,2 Metropolitan,PARK HOLME,5043,CC MARION.                    ,2,0,0,0,0,2019,October,Friday,2:46 PM,50,Cross Road,Straight road,Level,Not Applicable,Sealed,Dry,Not Raining,Daylight,Right Angle,1,Driver Rider,1: PDO,Give Way Sign,,,1323724.92,1664311.3,1.32373E+13
2019-9866-8/07/2020,2 Metropolitan,NORTHFIELD,5085,CITY OF PORT ADELAIDE ENFIELD,3,3,0,1,2,2019,October,Friday,2:20 PM,70,Divided Road,Straight road,Level,Median Opening (not at I/S),Sealed,Dry,Not Raining,Daylight,Head On,2,Driver Rider,3: SI,No Control,,,1332324.42,1679315.36,1.33232E+13
2019-9867-8/07/2020,2 Metropolitan,CAVAN,5094,CITY OF SALISBURY,2,0,0,0,0,2019,October,Friday,11:00 AM,70,Divided Road,Straight road,Level,Not Applicable,Sealed,Dry,Not Raining,Daylight,Side Swipe,2,Driver Rider,1: PDO,No Control,,,1328730.41,1681205.14,1.32873E+13
2019-9868-8/07/2020,2 Metropolitan,SEAFORD MEADOWS,5169,CITY OF ONKAPARINGA,3,1,0,0,1,2019,October,Friday,3:20 PM,70,Divided Road,Straight road,Level,Not Applicable,Sealed,Dry,Not Raining,Daylight,Rear End,1,Driver Rider,2: MI,No Control,,,1316310.36,1643945.7,1.31631E+13
2019-9869-8/07/2020,2 Metropolitan,GLENGOWRIE,5044,CC MARION.                    ,2,0,0,0,0,2019,October,Wednesday,10:30 PM,50,Not Divided,Straight road,Level,Not Applicable,Sealed,Dry,Not Raining,Night,Hit Parked Vehicle,2,Driver Rider,1: PDO,No Control,,,1322309.77,1664450.35,1.32231E+13
2019-9870-8/07/2020,2 Metropolitan,KERSBROOK,5231,THE ADELAIDE HILLS COUNCIL,2,2,1,0,1,2019,October,Friday,10:30 AM,100,Not Divided,"CURVED, VIEW OBSCURED",Slope,Not Applicable,Sealed,Dry,Not Raining,Daylight,Hit Fixed Object,1,Driver Rider,4: Fatal,No Control,,,1354582.27,1692240.02,1.35458E+13
2019-9871-8/07/2020,2 Metropolitan,PROSPECT,5082,CITY OF PROSPECT,2,0,0,0,0,2019,October,Friday,4:45 PM,60,Divided Road,Straight road,Level,Not Applicable,Sealed,Dry,Not Raining,Daylight,Rear End,2,Driver Rider,1: PDO,No Control,,,1327505.49,1676399.57,1.32751E+13
2019-9872-8/07/2020,2 Metropolitan,RICHMOND,5033,CITY OF WEST TORRENS,3,0,0,0,0,2019,October,Friday,4:40 PM,50,Cross Road,Straight road,Level,Not Applicable,Sealed,Dry,Not Raining,Daylight,Right Angle,1,Driver Rider,1: PDO,Give Way Sign,,,1324574.87,1669061.16,1.32458E+13
2019-9873-8/07/2020,3 Country,ANAMA,5464,CLARE AND GILBERT VALLEYS DISTRICT COUNCIL,2,0,0,0,0,2019,October,Friday,4:17 PM,100,Not Divided,Straight road,Level,"Bridge, Culvert, Causeway",Sealed,Dry,Not Raining,Daylight,Hit Fixed Object,1,Driver Rider,1: PDO,No Control,,,1332038.42,1809824.49,1.33204E+13
2019-9874-8/07/2020,2 Metropolitan,PARAFIELD,5095,CITY OF SALISBURY,3,0,0,0,0,2019,October,Friday,6:55 PM,80,Cross Road,Straight road,Level,Not Applicable,Sealed,Dry,Not Raining,Night,Rear End,1,Driver Rider,1: PDO,Traffic Signals,,,1331812.14,1683486.03,1.33181E+13
2019-9875-8/07/2020,2 Metropolitan,SEMAPHORE,5019,CITY OF PORT ADELAIDE ENFIELD,2,0,0,0,0,2019,October,Friday,8:15 PM,60,Cross Road,Straight road,Level,Not Applicable,Sealed,Dry,Not Raining,Night,Right Angle,1,Driver Rider,1: PDO,Give Way Sign,,,1318421.48,1681176.72,1.31842E+13
2019-9876-8/07/2020,2 Metropolitan,PARA VISTA,5093,CITY OF SALISBURY,2,0,0,0,0,2019,October,Friday,8:30 PM,60,T-Junction,Straight road,Bottom of Hill,Not Applicable,Sealed,Dry,Not Raining,Night,Rear End,2,Driver Rider,1: PDO,No Control,,,1334486.65,1681758.8,1.33449E+13
2019-9877-8/07/2020,2 Metropolitan,CLARENCE GARDENS,5039,CC MITCHAM.                   ,2,1,0,0,1,2019,October,Friday,9:45 PM,60,One Way,Straight road,Level,Not Applicable,Sealed,Dry,Not Raining,Night,Rear End,1,Driver Rider,2: MI,No Control,,,1325896.99,1665938.89,1.3259E+13
2019-9878-8/07/2020,3 Country,MYPONGA,5202,DC YANKALILLA.                ,2,0,0,0,0,2019,October,Friday,8:20 PM,100,Not Divided,Straight road,Level,Not Applicable,Sealed,Dry,Not Raining,Night,Hit Animal,2,Animal,1: PDO,No Control,,,1313409.54,1618336.19,1.31341E+13
2019-9879-8/07/2020,2 Metropolitan,ELIZABETH NORTH,5113,CITY OF PLAYFORD.,3,0,0,0,0,2019,October,Friday,5:38 PM,50,Not Divided,Straight road,Level,Median Opening (not at I/S),Sealed,Dry,Not Raining,Daylight,Hit Fixed Object,1,Driver Rider,1: PDO,No Control,,,1336822.31,1695912.76,1.33682E+13
2019-9880-8/07/2020,2 Metropolitan,HOLDEN HILL,5088,CITY OF TEA TREE GULLY,2,4,0,0,4,2019,October,Saturday,5:37 AM,60,T-Junction,Straight road,Slope,Not Applicable,Sealed,Dry,Not Raining,Night,Right Angle,2,Driver Rider,2: MI,Give Way Sign,,,1335081.04,1678894.68,1.33508E+13
2019-9881-8/07/2020,2 Metropolitan,ADELAIDE,5000,"CC OF NORWOOD,PAYNEHAM & ST PETERS",2,0,0,0,0,2019,October,Friday,11:00 AM,60,Divided Road,Straight road,Level,"Bridge, Culvert, Causeway",Sealed,Dry,Not Raining,Daylight,Side Swipe,1,Driver Rider,1: PDO,No Control,,,1329747.58,1672304.54,1.32975E+13
2019-9882-8/07/2020,2 Metropolitan,GLENELG SOUTH,5045,CITY OF HOLDFAST BAY,2,1,0,0,1,2019,October,Friday,4:10 PM,50,Cross Road,Straight road,Level,Not Applicable,Sealed,Dry,Not Raining,Daylight,Right Turn,1,Driver Rider,2: MI,Give Way Sign,,,1320413.6,1663751.86,1.32041E+13
2019-9883-8/07/2020,2 Metropolitan,GAWLER,5118,CT GAWLER.                    ,2,0,0,0,0,2019,October,Saturday,10:25 AM,50,T-Junction,"CURVED, VIEW OPEN",Slope,Not Applicable,Sealed,Dry,Not Raining,Daylight,Hit Pedestrian,1,Driver Rider,1: PDO,Traffic Signals,,,1343360.57,1706588.67,1.34336E+13
2019-9884-8/07/2020,3 Country,SNOWTOWN,5520,WAKEFIELD REGIONAL COUNCIL,2,1,1,0,0,2019,October,Saturday,6:20 AM,110,Not Divided,Straight road,Level,Not Applicable,Sealed,Dry,Not Raining,Daylight,Hit Fixed Object,1,Driver Rider,4: Fatal,No Control,Y,Y,1295052.7,1792062.7,1.29505E+13
2019-9885-8/07/2020,2 Metropolitan,FELIXSTOW,5070,"CC OF NORWOOD,PAYNEHAM & ST PETERS",2,0,0,0,0,2019,October,Thursday,12:00 PM,60,Divided Road,Straight road,Level,Not Applicable,Sealed,Dry,Not Raining,Daylight,Rear End,1,Driver Rider,1: PDO,No Control,,,1332596.41,1673995.25,1.3326E+13
2019-9886-8/07/2020,2 Metropolitan,ALDINGA,5173,CITY OF ONKAPARINGA,2,1,0,0,1,2019,October,Saturday,11:05 AM,70,Not Divided,Straight road,Slope,Not Applicable,Sealed,Dry,Not Raining,Daylight,Rear End,1,Driver Rider,2: MI,No Control,,,1316875.42,1633238.66,1.31688E+13
2019-9887-8/07/2020,2 Metropolitan,SALISBURY EAST,5109,CITY OF SALISBURY,5,2,0,0,2,2019,October,Saturday,12:12 PM,80,Divided Road,Straight road,Level,Not Applicable,Sealed,Dry,Not Raining,Daylight,Rear End,1,Driver Rider,2: MI,No Control,,,1334176.45,1686513.31,1.33418E+13
2019-9888-8/07/2020,1 City,NORTH ADELAIDE,5006,CITY OF ADELAIDE,2,0,0,0,0,2019,October,Friday,4:10 PM,50,Not Divided,Straight road,Level,Not Applicable,Sealed,Dry,Not Raining,Daylight,Rear End,1,Driver Rider,1: PDO,No Control,,,1328817.67,1672459.82,1.32882E+13
2019-9889-8/07/2020,2 Metropolitan,COLONEL LIGHT GARDENS,5041,CC MITCHAM.                   ,2,0,0,0,0,2019,October,Saturday,1:55 PM,50,Cross Road,Straight road,Level,Not Applicable,Sealed,Dry,Not Raining,Daylight,Right Angle,1,Driver Rider,1: PDO,Give Way Sign,,,1327804.72,1664529.91,1.32781E+13
2019-9890-8/07/2020,2 Metropolitan,HENLEY BEACH,5022,CITY OF CHARLES STURT,2,0,0,0,0,2019,October,Saturday,3:05 PM,50,Cross Road,Straight road,Level,Not Applicable,Sealed,Dry,Not Raining,Daylight,Right Angle,1,Driver Rider,1: PDO,Roundabout,,,1318718.7,1673021.6,1.31872E+13
2019-9891-8/07/2020,3 Country,PARAWA,5203,DC YANKALILLA.                ,2,1,1,0,0,2019,October,Saturday,2:00 PM,50,Other,Straight road,Level,Driveway or Entrance,Unsealed,Dry,Not Raining,Daylight,Hit Pedestrian,2,Pedestrian,4: Fatal,No Control,,,1305157.18,1600869.47,1.30516E+13
2019-9892-8/07/2020,2 Metropolitan,WOODVILLE WEST,5011,CITY OF CHARLES STURT,3,1,0,0,1,2019,October,Saturday,3:24 PM,50,Not Divided,Straight road,Level,Not Applicable,Sealed,Dry,Not Raining,Daylight,Hit Parked Vehicle,1,Driver Rider,2: MI,No Control,,,1321901.8,1675291,1.3219E+13
2019-9893-8/07/2020,2 Metropolitan,PARADISE,5075,CC CAMPBELLTOWN.              ,2,0,0,0,0,2019,October,Saturday,3:30 PM,50,Not Divided,Straight road,Level,Driveway or Entrance,Sealed,Dry,Not Raining,Daylight,Rear End,1,Driver Rider,1: PDO,No Control,,,1334202.23,1676793.29,1.3342E+13
2019-9894-8/07/2020,3 Country,BARMERA,5345,THE BERRI BARMERA COUNCIL,2,1,0,1,0,2019,October,Saturday,4:20 PM,80,Not Divided,"CURVED, VIEW OBSCURED",Level,Not Applicable,Sealed,Dry,Not Raining,Daylight,Right Turn,1,Driver Rider,3: SI,No Control,,,1503003.3,1741647.41,1.503E+13
2019-9895-8/07/2020,2 Metropolitan,PLYMPTON,5038,CITY OF WEST TORRENS,2,0,0,0,0,2019,October,Saturday,5:13 PM,60,Divided Road,Straight road,Level,Not Applicable,Sealed,Dry,Not Raining,Daylight,Side Swipe,1,Driver Rider,1: PDO,No Control,,,1324203.1,1666562.53,1.3242E+13
2019-9896-8/07/2020,3 Country,WHYALLA STUART,5608,CC WHYALLA.                   ,2,0,0,0,0,2019,October,Saturday,5:00 PM,60,Cross Road,Straight road,Level,Not Applicable,Sealed,Dry,Not Raining,Daylight,Right Angle,2,Driver Rider,1: PDO,Roundabout,,,1235649.87,1882798.37,1.23565E+13
2019-9897-8/07/2020,2 Metropolitan,NORTHFIELD,5085,CITY OF PORT ADELAIDE ENFIELD,2,0,0,0,0,2019,October,Saturday,7:30 PM,60,T-Junction,Straight road,Level,Not Applicable,Sealed,Dry,Not Raining,Night,Hit Pedestrian,2,Driver Rider,1: PDO,Traffic Signals,,,1330407.78,1678042.15,1.33041E+13
2019-9898-8/07/2020,3 Country,GOOLWA,5214,ALEXANDRINA COUNCIL,2,0,0,0,0,2019,October,Saturday,8:50 PM,50,Not Divided,Straight road,Level,Not Applicable,Sealed,Dry,Not Raining,Night,Hit Parked Vehicle,1,Driver Rider,1: PDO,No Control,Y,,1342273.93,1606956.56,1.34227E+13
2019-9899-8/07/2020,3 Country,GREENOCK,5360,LIGHT REGIONAL COUNCIL,1,0,0,0,0,2019,October,Saturday,8:40 PM,100,Not Divided,"CURVED, VIEW OBSCURED",Level,Not Applicable,Sealed,Dry,Not Raining,Night,Roll Over,1,Driver Rider,1: PDO,No Control,,,1361146.74,1723455.61,1.36115E+13
2019-9900-8/07/2020,2 Metropolitan,MOUNT BARKER,5251,DC MT.BARKER.                 ,2,1,0,1,0,2019,October,Saturday,10:10 PM,110,Freeway,Straight road,Level,Not Applicable,Sealed,Dry,Not Raining,Night,Hit Fixed Object,1,Driver Rider,3: SI,No Control,,Y,1353321.45,1655642.25,1.35332E+13
2019-9901-8/07/2020,2 Metropolitan,MODBURY NORTH,5092,CITY OF TEA TREE GULLY,2,0,0,0,0,2019,October,Saturday,11:30 PM,60,Not Divided,Straight road,Level,Driveway or Entrance,Sealed,Dry,Not Raining,Night,Hit Parked Vehicle,1,Driver Rider,1: PDO,No Control,Y,,1335676.77,1681397.14,1.33568E+13
2019-9902-8/07/2020,1 City,ADELAIDE,5000,CITY OF ADELAIDE,2,0,0,0,0,2019,October,Sunday,12:44 AM,50,Not Divided,Straight road,Level,Driveway or Entrance,Sealed,Dry,Not Raining,Night,Right Angle,1,Driver Rider,1: PDO,No Control,Y,,1329039.88,1670166.27,1.32904E+13
2019-9903-8/07/2020,3 Country,KEYNETON,5353,MID MURRAY DISTRICT COUNCIL,1,1,0,0,1,2019,October,Saturday,2:45 PM,100,Not Divided,"CURVED, VIEW OPEN",Crest of Hill,Not Applicable,Sealed,Dry,Not Raining,Daylight,Roll Over,1,Driver Rider,2: MI,No Control,,,1381680.58,1708209.94,1.38168E+13
2019-9904-8/07/2020,2 Metropolitan,WOODVILLE,5011,CITY OF CHARLES STURT,2,0,0,0,0,2019,October,Sunday,9:50 AM,50,T-Junction,Straight road,Level,Not Applicable,Sealed,Dry,Not Raining,Daylight,Right Angle,1,Driver Rider,1: PDO,Give Way Sign,,,1322832.67,1675961.11,1.32283E+13
2019-9905-8/07/2020,3 Country,GILLENTOWN,5453,CLARE AND GILBERT VALLEYS DISTRICT COUNCIL,2,1,0,0,1,2019,October,Saturday,5:00 PM,80,Not Divided,Straight road,Level,Not Applicable,Sealed,Dry,Not Raining,Daylight,Hit Fixed Object,1,Driver Rider,2: MI,No Control,,,1333935.82,1786436.68,1.33394E+13
2019-9906-8/07/2020,3 Country,LYNDOCH,5351,THE BAROSSA COUNCIL.,2,0,0,0,0,2019,October,Saturday,10:40 AM,90,Not Divided,Straight road,Slope,Not Applicable,Sealed,Dry,Not Raining,Daylight,Side Swipe,2,Driver Rider,1: PDO,No Control,,,1354292.89,1706884.56,1.35429E+13
2019-9907-8/07/2020,2 Metropolitan,FORESTVILLE,5035,CITY OF UNLEY,2,1,0,1,0,2019,October,Friday,1:35 PM,40,Cross Road,Straight road,Level,Not Applicable,Sealed,Dry,Not Raining,Daylight,Rear End,1,Driver Rider,3: SI,No Control,,,1326947.29,1668162.68,1.32695E+13
2019-9908-8/07/2020,3 Country,MOUNT JAGGED,5211,DC VICTOR HARBOR.             ,2,0,0,0,0,2019,October,Sunday,10:06 AM,100,Not Divided,"CURVED, VIEW OBSCURED",Slope,Driveway or Entrance,Sealed,Wet,Raining,Daylight,Rear End,2,Driver Rider,1: PDO,No Control,,,1330696.61,1611332.54,1.3307E+13
2019-9909-8/07/2020,2 Metropolitan,HAPPY VALLEY,5159,CITY OF ONKAPARINGA,2,0,0,0,0,2019,October,Sunday,12:39 PM,80,Cross Road,Straight road,Slope,Not Applicable,Sealed,Dry,Not Raining,Daylight,Right Turn,2,Driver Rider,1: PDO,Traffic Signals,,,1323417.65,1654231,1.32342E+13
2019-9910-8/07/2020,2 Metropolitan,SALISBURY DOWNS,5108,CITY OF SALISBURY,2,0,0,0,0,2019,October,Sunday,1:40 PM,60,Cross Road,Straight road,Level,Not Applicable,Sealed,Dry,Not Raining,Daylight,Side Swipe,2,Driver Rider,1: PDO,Roundabout,,,1330533.89,1687541.31,1.33053E+13
2019-9911-8/07/2020,2 Metropolitan,MANNINGHAM,5086,CITY OF PORT ADELAIDE ENFIELD,2,0,0,0,0,2019,October,Sunday,1:00 PM,50,Not Divided,Straight road,Level,Not Applicable,Sealed,Dry,Not Raining,Daylight,Hit Parked Vehicle,2,Driver Rider,1: PDO,No Control,,,1330926.78,1676091.38,1.33093E+13
2019-9912-8/07/2020,2 Metropolitan,LARGS BAY,5016,CITY OF PORT ADELAIDE ENFIELD,2,1,0,0,1,2019,October,Sunday,1:48 PM,60,Not Divided,Straight road,Level,Road hump or Slow point,Sealed,Dry,Not Raining,Daylight,Hit Fixed Object,1,Driver Rider,2: MI,No Control,,Y,1318851.96,1682148.03,1.31885E+13
2019-9913-8/07/2020,2 Metropolitan,SOMERTON PARK,5044,CITY OF HOLDFAST BAY,2,0,0,0,0,2019,October,Sunday,2:30 PM,60,T-Junction,Straight road,Level,Not Applicable,Sealed,Dry,Not Raining,Daylight,Right Angle,1,Driver Rider,1: PDO,No Control,,,1321754.2,1663277.91,1.32175E+13
2019-9914-8/07/2020,2 Metropolitan,IRONBANK,5153,THE ADELAIDE HILLS COUNCIL,2,2,0,0,2,2019,October,Sunday,2:15 PM,80,Not Divided,"CURVED, VIEW OBSCURED",Slope,Not Applicable,Sealed,Wet,Raining,Daylight,Hit Fixed Object,1,Driver Rider,2: MI,No Control,,,1336276.03,1658115.27,1.33628E+13
2019-9915-8/07/2020,3 Country,LYNDOCH,5351,THE BAROSSA COUNCIL.,3,0,0,0,0,2019,October,Saturday,3:30 PM,90,Not Divided,Straight road,Level,Not Applicable,Sealed,Dry,Not Raining,Daylight,Hit Object on Road,1,Driver Rider,1: PDO,No Control,,,1355156.53,1706746.24,1.35516E+13
2019-9916-8/07/2020,3 Country,WANDILO,5291,DISTRICT COUNCIL OF GRANT,3,1,0,0,1,2019,October,Sunday,11:30 AM,100,Not Divided,Straight road,Crest of Hill,Not Applicable,Sealed,Dry,Not Raining,Daylight,Hit Fixed Object,1,Driver Rider,2: MI,No Control,,,1509917.75,1349264.17,1.50992E+13