REPORT_ID,Stats Area,Suburb,Postcode,LGA Name,Total Units,Total Cas,Total Fats,Total SI,Total MI,Year,Month,Day,Time,Area Speed,Position Type,Horizontal Align,Vertical Align,Other Feat,Road Surface,Moisture Cond,Weather Cond,DayNight,Crash Type,Unit Resp,Entity Code,CSEF Severity,Traffic Ctrls,DUI Involved,Drugs Involved,ACCLOC_X,ACCLOC_Y,UNIQUE_LOC
2019-9917-8/07/2020,2 Metropolitan,RICHMOND,5033,CITY OF WEST TORRENS,3,0,0,0,0,2019,October,Sunday,1:00 PM,60,Divided Road,Straight road,Level,Not Applicable,Sealed,Dry,Not Raining,Daylight,Rear End,1,Driver Rider,1: PDO,No Control,,,1325783.94,1669365.62,1.32578E+13
2019-9918-8/07/2020,2 Metropolitan,REYNELLA,5161,CITY OF ONKAPARINGA,2,1,0,0,1,2019,October,Sunday,3:19 PM,50,Cross Road,Straight road,Level,Not Applicable,Sealed,Dry,Not Raining,Daylight,Rear End,2,Driver Rider,2: MI,Roundabout,,,1321875.98,1652208.16,1.32188E+13
2019-9919-8/07/2020,2 Metropolitan,FLINDERS PARK,5025,CITY OF CHARLES STURT,2,1,0,0,1,2019,October,Saturday,7:20 PM,60,Not Divided,Straight road,Level,Not Applicable,Sealed,Dry,Not Raining,Night,Hit Pedestrian,1,Pedestrian,2: MI,No Control,,,1322465.39,1672772.38,1.32247E+13
2019-9920-8/07/2020,2 Metropolitan,NORWOOD,5067,"CC OF NORWOOD,PAYNEHAM & ST PETERS",4,0,0,0,0,2019,October,Sunday,5:47 PM,50,Divided Road,Straight road,Level,Not Applicable,Sealed,Wet,Not Raining,Daylight,Hit Parked Vehicle,1,Driver Rider,1: PDO,No Control,,,1331877.28,1671078.43,1.33188E+13
2019-9921-8/07/2020,2 Metropolitan,CALLINGTON,5254,DC MT.BARKER.                 ,2,0,0,0,0,2019,October,Sunday,4:15 PM,80,Not Divided,"CURVED, VIEW OBSCURED",Level,Not Applicable,Sealed,Dry,Not Raining,Daylight,Right Turn,1,Driver Rider,1: PDO,No Control,,,1367632.3,1648989.16,1.36763E+13
2019-9922-8/07/2020,2 Metropolitan,NETHERBY,5062,CC MITCHAM.                   ,2,3,0,0,3,2019,October,Sunday,6:25 PM,60,Not Divided,Straight road,Slope,Not Applicable,Sealed,Wet,Not Raining,Daylight,Hit Fixed Object,1,Driver Rider,2: MI,No Control,,,1330121.31,1666274.52,1.33012E+13
2019-9923-8/07/2020,2 Metropolitan,PROSPECT,5082,CITY OF PROSPECT,3,0,0,0,0,2019,October,Sunday,11:49 AM,60,Divided Road,Straight road,Level,Not Applicable,Sealed,Dry,Not Raining,Daylight,Rear End,1,Driver Rider,1: PDO,No Control,,,1328125.36,1676415.16,1.32813E+13
2019-9924-8/07/2020,3 Country,STRATHALBYN,5255,ALEXANDRINA COUNCIL,1,0,0,0,0,2019,October,Saturday,9:00 PM,100,Not Divided,"CURVED, VIEW OPEN",Slope,Not Applicable,Sealed,Dry,Not Raining,Night,Roll Over,1,Driver Rider,1: PDO,No Control,,Y,1349460.38,1631540.84,1.34946E+13
2019-9925-8/07/2020,2 Metropolitan,WALKERVILLE,5081,WALKERVILLE TOWN COUNCIL,3,1,0,0,1,2019,October,Friday,6:10 PM,60,Divided Road,Straight road,Level,Not Applicable,Sealed,Dry,Not Raining,Daylight,Rear End,2,Driver Rider,2: MI,No Control,,,1329594.06,1674176.72,1.32959E+13
2019-9926-8/07/2020,2 Metropolitan,WYNN VALE,5127,CITY OF TEA TREE GULLY,1,0,0,0,0,2019,October,Sunday,9:15 PM,50,T-Junction,Straight road,Slope,Not Applicable,Sealed,Dry,Not Raining,Night,Left Road - Out of Control,1,Driver Rider,1: PDO,Roundabout,Y,,1335945.54,1684613.67,1.33595E+13
2019-9927-8/07/2020,2 Metropolitan,GREENHILL,5140,THE ADELAIDE HILLS COUNCIL,2,1,0,0,1,2019,October,Sunday,11:20 PM,80,Not Divided,"CURVED, VIEW OPEN",Slope,Not Applicable,Sealed,Wet,Raining,Night,Hit Fixed Object,1,Driver Rider,2: MI,No Control,,,1338605.04,1666691.47,1.33861E+13
2019-9928-8/07/2020,2 Metropolitan,PARALOWIE,5108,CITY OF SALISBURY,2,0,0,0,0,2019,October,Monday,3:55 AM,50,Not Divided,"CURVED, VIEW OPEN",Level,Not Applicable,Sealed,Wet,Raining,Night,Hit Fixed Object,1,Driver Rider,1: PDO,No Control,,,1328336.77,1690217.93,1.32834E+13
2019-9929-8/07/2020,2 Metropolitan,ALBERT PARK,5014,CITY OF CHARLES STURT,4,1,0,0,1,2019,October,Monday,8:03 AM,50,Not Divided,Straight road,Level,Not Applicable,Sealed,Dry,Not Raining,Daylight,Hit Parked Vehicle,1,Driver Rider,2: MI,No Control,,,1321270.22,1676895.93,1.32127E+13
2019-9930-8/07/2020,2 Metropolitan,GOLDEN GROVE,5125,CITY OF TEA TREE GULLY,2,0,0,0,0,2019,October,Sunday,8:45 PM,60,Cross Road,Straight road,Level,Not Applicable,Sealed,Dry,Not Raining,Night,Right Turn,1,Driver Rider,1: PDO,Traffic Signals,,,1337898.48,1685351.51,1.3379E+13
2019-9931-8/07/2020,2 Metropolitan,ROSEWORTHY,5371,LIGHT REGIONAL COUNCIL,3,1,0,0,1,2019,October,Sunday,3:30 PM,100,Not Divided,Straight road,Level,Not Applicable,Sealed,Wet,Raining,Daylight,Hit Fixed Object,1,Driver Rider,2: MI,No Control,,,1344211.38,1713353.29,1.34421E+13
2019-9932-8/07/2020,2 Metropolitan,TORRENSVILLE,5031,CITY OF WEST TORRENS,2,0,0,0,0,2019,October,Monday,12:45 PM,60,Divided Road,Straight road,Level,Not Applicable,Sealed,Dry,Not Raining,Daylight,Rear End,2,Driver Rider,1: PDO,No Control,,,1324507.48,1670950.29,1.32451E+13
2019-9933-8/07/2020,2 Metropolitan,BIRKENHEAD,5015,CITY OF PORT ADELAIDE ENFIELD,2,1,0,1,0,2019,October,Monday,12:10 PM,40,Not Divided,Straight road,Level,Not Applicable,Sealed,Dry,Not Raining,Daylight,Hit Pedestrian,2,Pedestrian,3: SI,No Control,,,1319423.26,1680755.83,1.31942E+13
2019-9934-8/07/2020,2 Metropolitan,PENFIELD,5121,CITY OF PLAYFORD.,2,0,0,0,0,2019,October,Monday,1:30 PM,110,Divided Road,Straight road,Level,Not Applicable,Sealed,Dry,Not Raining,Daylight,Hit Fixed Object,1,Driver Rider,1: PDO,No Control,,,1330853.31,1697925.96,1.33085E+13
2019-9935-8/07/2020,2 Metropolitan,MORPHETT VALE,5162,CITY OF ONKAPARINGA,2,0,0,0,0,2019,October,Saturday,10:00 AM,50,Not Divided,Straight road,Level,Not Applicable,Sealed,Dry,Not Raining,Daylight,Hit Parked Vehicle,2,Driver Rider,1: PDO,No Control,,,1322660.79,1648020.21,1.32266E+13
2019-9936-8/07/2020,3 Country,ROCKY GULLY,5254,RC MURRAY BRIDGE.             ,2,1,0,0,1,2019,October,Monday,3:15 PM,60,Not Divided,"CURVED, VIEW OBSCURED",Slope,Not Applicable,Unsealed,Dry,Not Raining,Daylight,Hit Fixed Object,9,Other,2: MI,No Control,,,1386618.43,1648847.8,1.38662E+13
2019-9937-8/07/2020,3 Country,CULBURRA,5261,COORONG DISTRICT COUNCIL,3,0,0,0,0,2019,October,Monday,1:10 PM,110,Not Divided,Straight road,Level,Not Applicable,Sealed,Dry,Not Raining,Daylight,Hit Fixed Object,1,Driver Rider,1: PDO,No Control,,,1444422.84,1572054.36,1.44442E+13
2019-9938-8/07/2020,2 Metropolitan,LEAWOOD GARDENS,5150,CITY OF BURNSIDE,2,0,0,0,0,2019,October,Monday,5:56 PM,90,Freeway,"CURVED, VIEW OBSCURED",Slope,Not Applicable,Sealed,Dry,Not Raining,Daylight,Side Swipe,2,Driver Rider,1: PDO,No Control,,,1335352.44,1665052.9,1.33535E+13
2019-9939-8/07/2020,2 Metropolitan,BRAHMA LODGE,5109,CITY OF SALISBURY,2,0,0,0,0,2019,October,Monday,6:55 PM,60,T-Junction,Straight road,Level,Not Applicable,Sealed,Dry,Not Raining,Daylight,Right Angle,1,Driver Rider,1: PDO,No Control,,,1334611.99,1687284.65,1.33461E+13
2019-9940-8/07/2020,3 Country,PORT PIRIE SOUTH,5540,PT.PIRIE CITY & DIST. COUNCIL ,2,0,0,0,0,2019,October,Monday,6:40 PM,50,Not Divided,Straight road,Level,Not Applicable,Sealed,Dry,Not Raining,Daylight,Rear End,1,Driver Rider,1: PDO,No Control,,,1280244.11,1864397.67,1.28024E+13
2019-9941-8/07/2020,2 Metropolitan,WOODCROFT,5162,CITY OF ONKAPARINGA,2,1,0,0,1,2019,October,Monday,6:35 PM,50,T-Junction,Straight road,Slope,Not Applicable,Sealed,Dry,Not Raining,Daylight,Hit Fixed Object,1,Driver Rider,2: MI,No Control,,,1323789.44,1652264.27,1.32379E+13
2019-9942-8/07/2020,2 Metropolitan,ENFIELD,5085,CITY OF PORT ADELAIDE ENFIELD,2,0,0,0,0,2019,October,Friday,12:55 PM,50,Cross Road,Straight road,Slope,Not Applicable,Sealed,Dry,Not Raining,Daylight,Right Turn,1,Driver Rider,1: PDO,Give Way Sign,,,1328933.16,1678607.84,1.32893E+13
2019-9943-8/07/2020,2 Metropolitan,SALISBURY DOWNS,5108,CITY OF SALISBURY,6,1,0,1,0,2019,October,Monday,8:15 PM,60,Cross Road,Straight road,Level,Not Applicable,Sealed,Wet,Raining,Night,Hit Fixed Object,1,Driver Rider,3: SI,Traffic Signals,,,1331438.94,1686827.09,1.33144E+13
2019-9944-8/07/2020,2 Metropolitan,POORAKA,5095,CITY OF SALISBURY,2,0,0,0,0,2019,October,Monday,3:15 PM,80,T-Junction,Straight road,Level,Not Applicable,Sealed,Dry,Not Raining,Daylight,Right Angle,2,Driver Rider,1: PDO,Stop Sign,,,1331536.65,1683142.51,1.33154E+13
2019-9945-8/07/2020,2 Metropolitan,PLYMPTON,5038,CITY OF WEST TORRENS,2,0,0,0,0,2019,October,Monday,9:03 PM,60,Divided Road,Straight road,Level,Median Opening (not at I/S),Sealed,Dry,Not Raining,Night,Right Turn,1,Driver Rider,1: PDO,No Control,,,1324451.26,1666723.25,1.32445E+13
2019-9946-8/07/2020,2 Metropolitan,PENFIELD,5121,CITY OF PLAYFORD.,2,0,0,0,0,2019,October,Monday,9:40 PM,110,Not Divided,"CURVED, VIEW OPEN",Slope,Not Applicable,Sealed,Wet,Raining,Night,Hit Object on Road,1,Driver Rider,1: PDO,No Control,,,1331674.13,1697784.74,1.33167E+13
2019-9947-8/07/2020,3 Country,BON BON,5719,,2,1,0,1,0,2019,October,Monday,8:19 PM,100,Not Divided,Straight road,Unknown,Not Applicable,Unsealed,Dry,Not Raining,Night,Hit Pedestrian,1,Driver Rider,3: SI,No Control,,,1036051.26,2142402.98,1.03605E+13
2019-9948-8/07/2020,2 Metropolitan,EXETER,5019,CITY OF PORT ADELAIDE ENFIELD,2,0,0,0,0,2019,October,Tuesday,5:36 AM,60,Divided Road,Straight road,Slope,Not Applicable,Sealed,Dry,Not Raining,Night,Hit Fixed Object,1,Driver Rider,1: PDO,No Control,,,1319025.36,1680290.3,1.31903E+13
2019-9949-8/07/2020,2 Metropolitan,ALDGATE,5154,THE ADELAIDE HILLS COUNCIL,4,1,0,0,1,2019,October,Tuesday,7:10 AM,110,Freeway,Straight road,Level,Not Applicable,Sealed,Wet,Raining,Daylight,Rear End,2,Driver Rider,2: MI,No Control,,,1341439.99,1662228.67,1.34144E+13
2019-9950-8/07/2020,2 Metropolitan,BEDFORD PARK,5042,CC MITCHAM.                   ,2,2,0,0,2,2019,October,Tuesday,8:13 AM,10,Not Divided,Straight road,Level,Not Applicable,Sealed,Dry,Not Raining,Daylight,Hit Fixed Object,1,Driver Rider,2: MI,No Control,,,1325346.78,1659999.86,1.32535E+13
2019-9951-8/07/2020,2 Metropolitan,CROMER,5235,THE ADELAIDE HILLS COUNCIL,2,0,0,0,0,2019,October,Tuesday,7:25 AM,100,Cross Road,Straight road,Level,Not Applicable,Sealed,Dry,Not Raining,Daylight,Right Angle,2,Driver Rider,1: PDO,Give Way Sign,,,1361394.91,1684498.8,1.3614E+13
2019-9952-8/07/2020,2 Metropolitan,BLACKWOOD,5051,CC MITCHAM.                   ,1,0,0,0,0,2019,October,Tuesday,9:00 AM,50,Not Divided,"CURVED, VIEW OBSCURED",Slope,Driveway or Entrance,Unsealed,Dry,Not Raining,Daylight,Other,1,Driver Rider,1: PDO,No Control,,,1328966.96,1661089.82,1.32897E+13
2019-9953-8/07/2020,2 Metropolitan,SALISBURY SOUTH,5106,CITY OF SALISBURY,2,0,0,0,0,2019,October,Tuesday,6:10 AM,70,Cross Road,Straight road,Level,Not Applicable,Sealed,Dry,Not Raining,Night,Rear End,2,Driver Rider,1: PDO,Traffic Signals,,,1332370.05,1686105.3,1.33237E+13
2019-9954-8/07/2020,2 Metropolitan,MCLAREN VALE,5171,CITY OF ONKAPARINGA,3,0,0,0,0,2019,October,Tuesday,9:40 AM,80,Not Divided,Straight road,Level,Not Applicable,Sealed,Dry,Not Raining,Daylight,Hit Fixed Object,1,Driver Rider,1: PDO,No Control,,,1323248.93,1638335.76,1.32325E+13
2019-9955-8/07/2020,3 Country,WALLAROO MINES,5554,COPPER COAST DISTRICT COUNCIL,1,0,0,0,0,2019,October,Friday,11:00 PM,50,Not Divided,"CURVED, VIEW OPEN",Level,Not Applicable,Sealed,Dry,Not Raining,Night,Roll Over,1,Driver Rider,1: PDO,No Control,,,1248495.2,1779589.45,1.2485E+13
2019-9956-8/07/2020,3 Country,KAROONDA,5307,DC KAROONDA EAST MURRAY.      ,2,0,0,0,0,2019,October,Tuesday,8:00 AM,50,Not Divided,Straight road,Level,Not Applicable,Sealed,Dry,Not Raining,Daylight,Hit Parked Vehicle,9,Other,1: PDO,No Control,,,1446027.23,1647385.44,1.44603E+13
2019-9957-8/07/2020,2 Metropolitan,RICHMOND,5033,CITY OF WEST TORRENS,2,0,0,0,0,2019,October,Tuesday,11:00 AM,60,Multiple,Straight road,Level,Not Applicable,Sealed,Dry,Not Raining,Daylight,Right Angle,2,Driver Rider,1: PDO,Traffic Signals,,,1325793.27,1669439.92,1.32579E+13
2019-9958-8/07/2020,2 Metropolitan,NORTHFIELD,5085,CITY OF PORT ADELAIDE ENFIELD,2,0,0,0,0,2019,October,Tuesday,11:20 AM,60,Divided Road,Straight road,Level,Not Applicable,Sealed,Dry,Not Raining,Daylight,Side Swipe,1,Driver Rider,1: PDO,No Control,,,1331120.1,1679289.98,1.33112E+13
2019-9959-8/07/2020,2 Metropolitan,MODBURY NORTH,5092,CITY OF TEA TREE GULLY,2,0,0,0,0,2019,October,Tuesday,11:42 AM,60,Cross Road,Straight road,Slope,Not Applicable,Sealed,Dry,Not Raining,Daylight,Right Turn,1,Driver Rider,1: PDO,Traffic Signals,,,1336150.87,1681195.09,1.33615E+13
2019-9960-8/07/2020,2 Metropolitan,DRY CREEK,5094,CITY OF SALISBURY,2,0,0,0,0,2019,October,Monday,5:30 PM,60,T-Junction,Straight road,Level,Roadworks,Sealed,Dry,Not Raining,Daylight,Rear End,1,Driver Rider,1: PDO,No Control,,,1328409.56,1682983.96,1.32841E+13
2019-9961-8/07/2020,1 City,ADELAIDE,5000,CITY OF ADELAIDE,2,1,0,0,1,2019,October,Tuesday,11:30 AM,60,Divided Road,Straight road,Level,Not Applicable,Sealed,Dry,Not Raining,Daylight,Side Swipe,1,Driver Rider,2: MI,No Control,,,1327891.94,1671355.27,1.32789E+13
2019-9962-8/07/2020,2 Metropolitan,TRANMERE,5073,CC CAMPBELLTOWN.              ,2,0,0,0,0,2019,October,Tuesday,11:30 AM,50,Not Divided,Straight road,Level,Not Applicable,Sealed,Dry,Not Raining,Daylight,Hit Parked Vehicle,1,Driver Rider,1: PDO,No Control,,,1334557.24,1672904.21,1.33456E+13
2019-9963-8/07/2020,2 Metropolitan,KILKENNY,5009,CITY OF CHARLES STURT,2,0,0,0,0,2019,October,Tuesday,1:00 PM,60,T-Junction,Straight road,Level,Not Applicable,Sealed,Dry,Not Raining,Daylight,Right Turn,1,Driver Rider,1: PDO,Stop Sign,,,1324336.95,1676334.48,1.32434E+13
2019-9964-8/07/2020,2 Metropolitan,VALLEY VIEW,5093,CITY OF PORT ADELAIDE ENFIELD,2,0,0,0,0,2019,October,Tuesday,8:00 AM,50,Not Divided,Straight road,Level,Driveway or Entrance,Sealed,Dry,Not Raining,Daylight,Hit Parked Vehicle,2,Driver Rider,1: PDO,No Control,,,1333820.51,1679783.86,1.33382E+13
2019-9965-8/07/2020,3 Country,LOCK,5633,DC ELLISTON.                  ,1,6,0,0,6,2019,October,Tuesday,11:15 AM,110,Not Divided,Straight road,Level,Not Applicable,Sealed,Dry,Not Raining,Daylight,Roll Over,1,Driver Rider,2: MI,No Control,,,1065972.39,1816251.34,1.06597E+13
2019-9966-8/07/2020,2 Metropolitan,HINDMARSH,5007,CITY OF CHARLES STURT,2,0,0,0,0,2019,September,Friday,9:20 AM,60,T-Junction,Straight road,Level,Not Applicable,Sealed,Dry,Not Raining,Daylight,Rear End,2,Driver Rider,1: PDO,Traffic Signals,,,1326056.45,1673028.42,1.32606E+13
2019-9967-8/07/2020,2 Metropolitan,GEPPS CROSS,5094,CITY OF PORT ADELAIDE ENFIELD,2,0,0,0,0,2019,October,Tuesday,6:10 AM,70,Divided Road,Straight road,Level,Not Applicable,Sealed,Dry,Not Raining,Night,Side Swipe,1,Driver Rider,1: PDO,No Control,,,1327737.86,1679768.5,1.32774E+13
2019-9968-8/07/2020,3 Country,MOUNT GAMBIER,5290,CC MT.GAMBIER.                ,2,1,0,0,1,2019,October,Tuesday,2:03 PM,50,T-Junction,Straight road,Level,Not Applicable,Sealed,Dry,Not Raining,Daylight,Hit Pedestrian,1,Driver Rider,2: MI,Stop Sign,,,1510121.57,1340261.57,1.51012E+13
2019-9969-8/07/2020,2 Metropolitan,OAKLANDS PARK,5046,CC MARION.                    ,2,1,0,0,1,2019,October,Thursday,4:30 PM,60,T-Junction,Straight road,Level,Not Applicable,Sealed,Dry,Not Raining,Daylight,Rear End,2,Driver Rider,2: MI,No Control,,,1322732.48,1662087.1,1.32273E+13
2019-9970-8/07/2020,2 Metropolitan,SOUTH PLYMPTON,5038,CC MARION.                    ,2,1,0,0,1,2019,October,Tuesday,4:30 PM,60,T-Junction,Straight road,Level,Not Applicable,Sealed,Dry,Not Raining,Daylight,Rear End,2,Driver Rider,2: MI,No Control,,,1324450.53,1666112.3,1.32445E+13
2019-9971-8/07/2020,3 Country,TRURO,5356,MID MURRAY DISTRICT COUNCIL,2,1,0,1,0,2019,October,Tuesday,1:44 PM,110,Not Divided,Straight road,Slope,Not Applicable,Sealed,Dry,Not Raining,Daylight,Head On,1,Driver Rider,3: SI,No Control,,,1384383.35,1726850.72,1.38438E+13
2019-9972-8/07/2020,2 Metropolitan,ADELAIDE AIRPORT,5950,CITY OF WEST TORRENS,2,0,0,0,0,2019,October,Tuesday,6:00 PM,20,One Way,Straight road,Level,Not Applicable,Sealed,Dry,Not Raining,Daylight,Hit Pedestrian,2,Driver Rider,1: PDO,No Control,,,1322710.51,1669564.39,1.32271E+13
2019-9973-8/07/2020,2 Metropolitan,WOODVILLE NORTH,5012,CITY OF CHARLES STURT,2,2,0,0,2,2019,October,Tuesday,4:40 PM,60,Divided Road,Straight road,Level,Not Applicable,Sealed,Dry,Not Raining,Daylight,Rear End,1,Driver Rider,2: MI,No Control,,,1323711.73,1676638.24,1.32371E+13
2019-9974-8/07/2020,1 City,ADELAIDE,5000,CITY OF ADELAIDE,2,0,0,0,0,2019,October,Tuesday,5:20 PM,50,T-Junction,Straight road,Level,Not Applicable,Sealed,Dry,Not Raining,Daylight,Side Swipe,2,Driver Rider,1: PDO,Traffic Signals,,,1329012.45,1671149.03,1.32901E+13
2019-9975-8/07/2020,3 Country,WALLAROO MINES,5554,COPPER COAST DISTRICT COUNCIL,3,1,0,1,0,2019,October,Monday,8:36 PM,50,Not Divided,"CURVED, VIEW OBSCURED",Level,Not Applicable,Sealed,Dry,Not Raining,Night,Hit Fixed Object,1,Driver Rider,3: SI,No Control,,,1248477.33,1779749,1.24848E+13
2019-9976-8/07/2020,2 Metropolitan,ST CLAIR,5011,CITY OF CHARLES STURT,2,0,0,0,0,2019,October,Tuesday,6:20 PM,40,T-Junction,Straight road,Level,Not Applicable,Sealed,Dry,Not Raining,Daylight,Right Angle,2,Driver Rider,1: PDO,No Control,,,1322363.47,1677070.31,1.32236E+13
2019-9977-8/07/2020,2 Metropolitan,PLYMPTON,5038,CITY OF WEST TORRENS,2,0,0,0,0,2019,October,Tuesday,7:45 PM,60,Cross Road,Straight road,Level,Not Applicable,Sealed,Dry,Not Raining,Night,Right Turn,2,Driver Rider,1: PDO,Traffic Signals,,,1324232.77,1666562.77,1.32423E+13
2019-9978-8/07/2020,3 Country,GOOLWA,5214,ALEXANDRINA COUNCIL,2,0,0,0,0,2019,October,Monday,10:30 PM,50,Cross Road,Straight road,Level,Not Applicable,Sealed,Wet,Raining,Night,Right Angle,1,Driver Rider,1: PDO,Give Way Sign,,,1342573.86,1606891.94,1.34257E+13
2019-9979-8/07/2020,2 Metropolitan,PENFIELD,5121,CITY OF PLAYFORD.,2,0,0,0,0,2019,October,Tuesday,8:45 PM,80,Multiple,"CURVED, VIEW OPEN",Slope,Not Applicable,Sealed,Dry,Not Raining,Night,Roll Over,1,Driver Rider,1: PDO,Roundabout,,,1331401.54,1697660.52,1.3314E+13
2019-9980-8/07/2020,2 Metropolitan,WINGFIELD,5013,CITY OF PORT ADELAIDE ENFIELD,3,0,0,0,0,2019,October,Tuesday,9:15 PM,70,T-Junction,Straight road,Level,Not Applicable,Sealed,Dry,Not Raining,Night,Rear End,1,Driver Rider,1: PDO,No Control,,,1326183.88,1681076.39,1.32618E+13
2019-9981-8/07/2020,2 Metropolitan,MARDEN,5070,"CC OF NORWOOD,PAYNEHAM & ST PETERS",3,2,0,0,2,2019,October,Tuesday,9:42 PM,60,T-Junction,Straight road,Slope,Not Applicable,Sealed,Dry,Not Raining,Night,Right Turn,1,Driver Rider,2: MI,Traffic Signals,,,1332496.75,1673949.58,1.3325E+13
2019-9982-8/07/2020,2 Metropolitan,WOODCROFT,5162,CITY OF ONKAPARINGA,2,1,0,1,0,2019,October,Wednesday,12:50 AM,60,Not Divided,"CURVED, VIEW OPEN",Slope,Not Applicable,Sealed,Dry,Not Raining,Night,Hit Fixed Object,1,Driver Rider,3: SI,No Control,,Y,1325211.15,1651128.44,1.32521E+13
2019-9983-8/07/2020,2 Metropolitan,SEACLIFF PARK,5049,CC MARION.                    ,2,0,0,0,0,2019,October,Wednesday,1:19 AM,80,Divided Road,Straight road,Slope,Not Applicable,Sealed,Dry,Not Raining,Night,Hit Fixed Object,1,Driver Rider,1: PDO,No Control,Y,,1321936.41,1657245.48,1.32194E+13
2019-9984-8/07/2020,3 Country,HAYBOROUGH,5211,DC VICTOR HARBOR.             ,2,0,0,0,0,2019,October,Tuesday,2:00 PM,80,T-Junction,Straight road,Level,Not Applicable,Sealed,Dry,Not Raining,Daylight,Right Angle,1,Driver Rider,1: PDO,Give Way Sign,,,1330764.86,1604198.89,1.33077E+13
2019-9985-8/07/2020,2 Metropolitan,DRY CREEK,5094,CITY OF SALISBURY,2,1,0,0,1,2019,October,Wednesday,8:27 AM,90,Ramp On,"CURVED, VIEW OPEN",Level,Not Applicable,Sealed,Dry,Not Raining,Daylight,Rear End,1,Driver Rider,2: MI,No Control,,,1328654.81,1683216.85,1.32866E+13
2019-9986-8/07/2020,2 Metropolitan,DULWICH,5065,CITY OF BURNSIDE,2,0,0,0,0,2019,October,Wednesday,9:01 AM,60,T-Junction,Straight road,Level,Not Applicable,Sealed,Dry,Not Raining,Daylight,Right Turn,2,Driver Rider,1: PDO,No Control,,,1330956.83,1669016.89,1.33096E+13
2019-9987-8/07/2020,2 Metropolitan,MOUNT BARKER,5251,DC MT.BARKER.                 ,2,1,0,0,1,2019,October,Wednesday,6:50 AM,80,T-Junction,"CURVED, VIEW OPEN",Level,Not Applicable,Sealed,Dry,Not Raining,Daylight,Right Angle,1,Driver Rider,2: MI,Give Way Sign,,,1349673.94,1651511.9,1.34967E+13
2019-9988-8/07/2020,2 Metropolitan,MODBURY NORTH,5092,CITY OF TEA TREE GULLY,2,0,0,0,0,2019,October,Tuesday,4:30 PM,80,Cross Road,Straight road,Level,Not Applicable,Sealed,Dry,Not Raining,Daylight,Rear End,1,Driver Rider,1: PDO,Traffic Signals,,,1335966.45,1682345.59,1.33597E+13
2019-9989-8/07/2020,2 Metropolitan,DRY CREEK,5094,CITY OF PORT ADELAIDE ENFIELD,2,0,0,0,0,2019,October,Wednesday,10:05 AM,40,Ramp Off,"CURVED, VIEW OPEN",Level,Roadworks,Sealed,Dry,Not Raining,Daylight,Rear End,2,Driver Rider,1: PDO,No Control,,,1325384.82,1681394.33,1.32539E+13
2019-9990-8/07/2020,2 Metropolitan,SOMERTON PARK,5044,CITY OF HOLDFAST BAY,3,0,0,0,0,2019,October,Wednesday,9:20 AM,60,T-Junction,Straight road,Level,Not Applicable,Sealed,Dry,Not Raining,Daylight,Rear End,2,Driver Rider,1: PDO,No Control,,,1321064.6,1663512.12,1.32107E+13
2019-9991-8/07/2020,2 Metropolitan,WOODVILLE PARK,5011,CITY OF CHARLES STURT,2,0,0,0,0,2019,October,Wednesday,11:45 AM,60,Cross Road,Straight road,Level,Not Applicable,Sealed,Dry,Not Raining,Daylight,Right Angle,1,Driver Rider,1: PDO,Give Way Sign,,,1323610.09,1675074.42,1.32361E+13
2019-9992-8/07/2020,2 Metropolitan,NORWOOD,5067,"CC OF NORWOOD,PAYNEHAM & ST PETERS",2,1,0,0,1,2019,October,Wednesday,12:00 PM,50,Cross Road,Straight road,Level,Not Applicable,Sealed,Dry,Not Raining,Daylight,Right Angle,1,Driver Rider,2: MI,Roundabout,,,1331844.74,1671411.97,1.33185E+13
2019-9993-8/07/2020,2 Metropolitan,PLYMPTON,5038,CITY OF WEST TORRENS,2,2,0,0,2,2019,October,Wednesday,12:01 PM,60,T-Junction,Straight road,Level,Not Applicable,Sealed,Dry,Not Raining,Daylight,Hit Fixed Object,1,Driver Rider,2: MI,No Control,,,1323849.43,1666497.73,1.32385E+13
2019-9994-8/07/2020,2 Metropolitan,SALISBURY PLAIN,5109,CITY OF SALISBURY,2,0,0,0,0,2019,October,Wednesday,6:15 AM,80,Divided Road,Straight road,Level,Not Applicable,Sealed,Dry,Not Raining,Night,Rear End,1,Driver Rider,1: PDO,No Control,,,1335332.85,1687973.09,1.33533E+13
2019-9995-8/07/2020,2 Metropolitan,RICHMOND,5033,CITY OF WEST TORRENS,2,1,0,0,1,2019,October,Monday,7:45 PM,60,Multiple,Straight road,Level,Not Applicable,Sealed,Dry,Not Raining,Night,Rear End,2,Driver Rider,2: MI,Traffic Signals,,,1325793.27,1669439.92,1.32579E+13
2019-9996-8/07/2020,3 Country,PORT LINCOLN,5606,CC PT.LINCOLN.                ,2,1,0,0,1,2019,September,Sunday,8:55 AM,50,Cross Road,Straight road,Slope,Not Applicable,Sealed,Wet,Not Raining,Daylight,Right Angle,1,Driver Rider,2: MI,Roundabout,,,1078425.94,1698452.72,1.07843E+13
2019-9997-8/07/2020,2 Metropolitan,OAKLANDS PARK,5046,CC MARION.                    ,2,0,0,0,0,2019,October,Wednesday,12:00 PM,50,Not Divided,Straight road,Level,Not Applicable,Sealed,Dry,Not Raining,Daylight,Hit Pedestrian,2,Pedestrian,1: PDO,No Control,,,1322823.16,1661112.11,1.32282E+13