REPORT_ID,Stats Area,Suburb,Postcode,LGA Name,Total Units,Total Cas,Total Fats,Total SI,Total MI,Year,Month,Day,Time,Area Speed,Position Type,Horizontal Align,Vertical Align,Other Feat,Road Surface,Moisture Cond,Weather Cond,DayNight,Crash Type,Unit Resp,Entity Code,CSEF Severity,Traffic Ctrls,DUI Involved,Drugs Involved,ACCLOC_X,ACCLOC_Y,UNIQUE_LOC
2019-9998-8/07/2020,2 Metropolitan,MORPHETT VALE,5162,CITY OF ONKAPARINGA,2,1,0,0,1,2019,October,Wednesday,1:00 PM,60,Not Divided,Straight road,Level,Driveway or Entrance,Sealed,Dry,Not Raining,Daylight,Rear End,1,Driver Rider,2: MI,No Control,,,1321948.08,1649385.68,1.32195E+13
2019-9999-8/07/2020,2 Metropolitan,COWANDILLA,5033,CITY OF WEST TORRENS,2,0,0,0,0,2019,October,Tuesday,5:30 PM,60,Divided Road,Straight road,Level,Not Applicable,Sealed,Dry,Not Raining,Daylight,Hit Parked Vehicle,1,Driver Rider,1: PDO,No Control,,,1324733.99,1670063.16,1.32473E+13
2019-10000-8/07/2020,2 Metropolitan,NOARLUNGA CENTRE,5168,CITY OF ONKAPARINGA,2,2,0,0,2,2019,October,Wednesday,2:50 PM,60,Not Divided,Straight road,Level,Driveway or Entrance,Sealed,Dry,Not Raining,Daylight,Rear End,2,Driver Rider,2: MI,No Control,,,1317449.39,1647428.61,1.31745E+13
2019-10001-8/07/2020,2 Metropolitan,NORTHFIELD,5085,CITY OF PORT ADELAIDE ENFIELD,2,0,0,0,0,2019,October,Wednesday,1:30 PM,50,T-Junction,Straight road,Level,Not Applicable,Sealed,Dry,Not Raining,Daylight,Right Angle,2,Driver Rider,1: PDO,No Control,,,1330747.02,1678815.68,1.33075E+13
2019-10002-8/07/2020,2 Metropolitan,CROYDON PARK,5008,CITY OF PORT ADELAIDE ENFIELD,2,0,0,0,0,2019,October,Wednesday,2:40 PM,60,Multiple,Straight road,Level,Not Applicable,Sealed,Dry,Not Raining,Daylight,Right Turn,2,Driver Rider,1: PDO,Traffic Signals,,,1325634.17,1675124.25,1.32563E+13
2019-10003-8/07/2020,2 Metropolitan,TORRENSVILLE,5031,CITY OF WEST TORRENS,2,0,0,0,0,2019,October,Tuesday,8:20 AM,50,Divided Road,Straight road,Level,Not Applicable,Sealed,Dry,Not Raining,Daylight,Rear End,2,Driver Rider,1: PDO,Roundabout,,,1325154.72,1672039.58,1.32516E+13
2019-10004-8/07/2020,2 Metropolitan,MAGILL,5072,CC CAMPBELLTOWN.              ,2,0,0,0,0,2019,October,Wednesday,2:52 PM,60,T-Junction,Straight road,Level,Not Applicable,Sealed,Dry,Not Raining,Daylight,Rear End,2,Driver Rider,1: PDO,No Control,,,1335469.05,1672389.34,1.33547E+13
2019-10005-8/07/2020,2 Metropolitan,PARADISE,5075,CC CAMPBELLTOWN.              ,2,0,0,0,0,2019,October,Wednesday,7:50 AM,60,T-Junction,Straight road,Bottom of Hill,Not Applicable,Sealed,Dry,Not Raining,Daylight,Rear End,2,Driver Rider,1: PDO,Traffic Signals,,,1334461.82,1676974.32,1.33446E+13
2019-10006-8/07/2020,2 Metropolitan,WOODVILLE NORTH,5012,CITY OF CHARLES STURT,2,0,0,0,0,2019,October,Wednesday,5:00 PM,60,T-Junction,Straight road,Level,Not Applicable,Sealed,Dry,Not Raining,Daylight,Right Angle,2,Driver Rider,1: PDO,No Control,,,1323071.68,1677132.34,1.32307E+13
2019-10007-8/07/2020,2 Metropolitan,PLYMPTON PARK,5038,CC MARION.                    ,2,0,0,0,0,2019,October,Wednesday,5:20 PM,60,T-Junction,Straight road,Level,Not Applicable,Sealed,Dry,Not Raining,Daylight,Right Turn,2,Driver Rider,1: PDO,No Control,,,1324245.27,1665892.26,1.32425E+13
2019-10008-8/07/2020,2 Metropolitan,PARAFIELD GARDENS,5107,CITY OF SALISBURY,3,0,0,0,0,2019,October,Wednesday,6:35 PM,60,Divided Road,Straight road,Level,Not Applicable,Sealed,Dry,Not Raining,Daylight,Rear End,1,Driver Rider,1: PDO,No Control,,,1329970.81,1684960.37,1.32997E+13
2019-10009-8/07/2020,2 Metropolitan,ST MARYS,5042,CC MITCHAM.                   ,2,0,0,0,0,2019,October,Wednesday,5:30 PM,60,Cross Road,Straight road,Level,Not Applicable,Sealed,Dry,Not Raining,Daylight,Right Turn,2,Driver Rider,1: PDO,Traffic Signals,,,1325965.45,1663318.74,1.32597E+13
2019-10010-8/07/2020,3 Country,PENOLA,5277,WATTLE RANGE COUNCIL,2,1,0,0,1,2019,October,Wednesday,4:50 PM,100,Not Divided,"CURVED, VIEW OPEN",Level,Not Applicable,Sealed,Wet,Raining,Daylight,Roll Over,1,Driver Rider,2: MI,No Control,,,1523751.25,1391698.72,1.52375E+13
2019-10011-8/07/2020,2 Metropolitan,SEATON,5023,CITY OF CHARLES STURT,4,1,0,0,1,2019,October,Wednesday,6:25 PM,60,Divided Road,Straight road,Level,Not Applicable,Sealed,Dry,Not Raining,Daylight,Rear End,1,Driver Rider,2: MI,No Control,,,1320763.41,1674281.67,1.32076E+13
2019-10012-8/07/2020,2 Metropolitan,CLELAND,5152,THE ADELAIDE HILLS COUNCIL,2,1,0,0,1,2019,October,Wednesday,3:40 PM,100,Not Divided,"CURVED, VIEW OPEN",Slope,Not Applicable,Unsealed,Dry,Not Raining,Daylight,Hit Fixed Object,1,Driver Rider,2: MI,No Control,,,1339027.4,1665434.13,1.33903E+13
2019-10013-8/07/2020,2 Metropolitan,BALHANNAH,5242,THE ADELAIDE HILLS COUNCIL,2,1,0,0,1,2019,October,Wednesday,5:25 PM,80,Not Divided,Straight road,Level,Not Applicable,Sealed,Dry,Not Raining,Daylight,Hit Fixed Object,1,Driver Rider,2: MI,No Control,,,1347356.72,1661550.93,1.34736E+13
2019-10014-8/07/2020,2 Metropolitan,ALDINGA BEACH,5173,CITY OF ONKAPARINGA,2,0,0,0,0,2019,October,Wednesday,5:05 PM,50,T-Junction,"CURVED, VIEW OPEN",Level,Not Applicable,Sealed,Dry,Not Raining,Daylight,Hit Fixed Object,1,Driver Rider,1: PDO,No Control,Y,,1314965.43,1631973.71,1.31497E+13
2019-10015-8/07/2020,3 Country,OB FLAT,5291,DISTRICT COUNCIL OF GRANT,2,0,0,0,0,2019,October,Wednesday,9:00 PM,110,Not Divided,Straight road,Level,Not Applicable,Sealed,Dry,Not Raining,Night,Hit Animal,2,Animal,1: PDO,No Control,,,1510994.03,1336288.21,1.51099E+13
2019-10016-8/07/2020,3 Country,GOOLWA BEACH,5214,ALEXANDRINA COUNCIL,2,2,0,0,2,2019,October,Wednesday,1:00 PM,50,Not Divided,Straight road,Level,Not Applicable,Sealed,Dry,Not Raining,Daylight,Hit Parked Vehicle,1,Driver Rider,2: MI,No Control,,,1342353.06,1605875.11,1.34235E+13
2019-10017-8/07/2020,2 Metropolitan,POORAKA,5095,CITY OF SALISBURY,2,1,0,0,1,2019,October,Thursday,7:05 AM,70,T-Junction,Straight road,Level,Not Applicable,Sealed,Dry,Not Raining,Daylight,Right Angle,2,Driver Rider,2: MI,Traffic Signals,,,1329917.43,1680996.65,1.32992E+13
2019-10018-8/07/2020,2 Metropolitan,OAKDEN,5086,CITY OF PORT ADELAIDE ENFIELD,4,0,0,0,0,2019,October,Thursday,7:50 AM,70,Divided Road,Straight road,Level,Not Applicable,Sealed,Dry,Not Raining,Daylight,Rear End,1,Driver Rider,1: PDO,No Control,,,1332205.09,1679302.76,1.33221E+13
2019-10019-8/07/2020,2 Metropolitan,GAWLER EAST,5118,CT GAWLER.                    ,2,0,0,0,0,2019,October,Thursday,8:30 AM,50,Cross Road,Straight road,Slope,Not Applicable,Sealed,Dry,Not Raining,Daylight,Right Angle,2,Driver Rider,1: PDO,Stop Sign,,,1343430.21,1705742.02,1.34343E+13
2019-10020-8/07/2020,2 Metropolitan,MAWSON LAKES,5095,CITY OF SALISBURY,2,0,0,0,0,2019,October,Wednesday,1:00 PM,50,T-Junction,Straight road,Level,Not Applicable,Sealed,Dry,Not Raining,Daylight,Right Angle,2,Driver Rider,1: PDO,No Control,,,1330210.07,1683922.24,1.33021E+13
2019-10021-8/07/2020,2 Metropolitan,TORRENSVILLE,5031,CITY OF WEST TORRENS,4,1,0,0,1,2019,October,Thursday,8:34 AM,50,Not Divided,Straight road,Level,Not Applicable,Sealed,Dry,Not Raining,Daylight,Hit Parked Vehicle,1,Driver Rider,2: MI,No Control,,,1324728.19,1670577.18,1.32473E+13
2019-10022-8/07/2020,2 Metropolitan,TRINITY GARDENS,5068,CITY OF BURNSIDE,2,0,0,0,0,2019,October,Thursday,8:55 AM,60,Not Divided,Straight road,Level,Driveway or Entrance,Sealed,Dry,Not Raining,Daylight,Side Swipe,2,Driver Rider,1: PDO,No Control,,,1332437.36,1671767.26,1.33244E+13
2019-10023-8/07/2020,3 Country,ANGASTON,5353,THE BAROSSA COUNCIL.,2,0,0,0,0,2019,October,Thursday,8:30 AM,100,Not Divided,"CURVED, VIEW OPEN",Level,Not Applicable,Sealed,Dry,Not Raining,Daylight,Hit Fixed Object,1,Driver Rider,1: PDO,No Control,,,1373418.45,1714262.79,1.37342E+13
2019-10024-8/07/2020,2 Metropolitan,ST PETERS,5069,"CC OF NORWOOD,PAYNEHAM & ST PETERS",2,0,0,0,0,2019,October,Wednesday,3:30 PM,60,Cross Road,Straight road,Level,Not Applicable,Sealed,Dry,Not Raining,Daylight,Right Angle,1,Driver Rider,1: PDO,Stop Sign,,,1330501.49,1673165.61,1.3305E+13
2019-10025-8/07/2020,2 Metropolitan,STIRLING,5152,THE ADELAIDE HILLS COUNCIL,1,1,1,0,0,2019,October,Thursday,9:06 AM,10,Other,Straight road,Level,Not Applicable,Sealed,Dry,Not Raining,Daylight,Other,1,Driver Rider,4: Fatal,No Control,,,1338953.61,1661300.54,1.33895E+13
2019-10026-8/07/2020,3 Country,PINNAROO,5304,SOUTHERN MALLEE DISTRICT COUNCIL,2,2,0,1,1,2019,October,Thursday,7:00 AM,100,Not Divided,"CURVED, VIEW OPEN",Level,Not Applicable,Unsealed,Dry,Not Raining,Daylight,Hit Fixed Object,1,Driver Rider,3: SI,No Control,,,1542335.75,1638038.81,1.54234E+13
2019-10027-8/07/2020,3 Country,MORGAN,5320,MID MURRAY DISTRICT COUNCIL,2,0,0,0,0,2019,October,Sunday,1:30 PM,110,Not Divided,Straight road,Level,Not Applicable,Sealed,Dry,Not Raining,Daylight,Hit Fixed Object,1,Driver Rider,1: PDO,No Control,,,1426383.99,1763462.14,1.42638E+13
2019-10028-8/07/2020,3 Country,MOONTA,5558,COPPER COAST DISTRICT COUNCIL,2,0,0,0,0,2019,October,Wednesday,1:22 PM,50,Cross Road,Straight road,Level,Not Applicable,Sealed,Dry,Not Raining,Daylight,Right Angle,1,Driver Rider,1: PDO,Stop Sign,,,1238857.39,1768157.52,1.23886E+13
2019-10029-8/07/2020,2 Metropolitan,BLAIR ATHOL,5084,CITY OF PORT ADELAIDE ENFIELD,2,0,0,0,0,2019,October,Thursday,11:45 AM,60,T-Junction,Straight road,Level,Not Applicable,Sealed,Dry,Not Raining,Daylight,Side Swipe,1,Driver Rider,1: PDO,No Control,,,1328852.8,1676903.19,1.32885E+13
2019-10030-8/07/2020,2 Metropolitan,MORPHETT VALE,5162,CITY OF ONKAPARINGA,2,0,0,0,0,2019,October,Thursday,10:30 AM,60,T-Junction,Straight road,Level,Not Applicable,Sealed,Dry,Not Raining,Daylight,Side Swipe,1,Driver Rider,1: PDO,No Control,,,1320606.53,1649851.76,1.32061E+13
2019-10031-8/07/2020,2 Metropolitan,UNLEY,5061,CITY OF UNLEY,2,1,0,1,0,2019,October,Thursday,1:45 PM,60,T-Junction,Straight road,Level,Not Applicable,Sealed,Dry,Not Raining,Daylight,Side Swipe,1,Driver Rider,3: SI,No Control,,,1328785.57,1668956.37,1.32879E+13
2019-10032-8/07/2020,2 Metropolitan,TAPEROO,5017,CITY OF PORT ADELAIDE ENFIELD,3,1,0,0,1,2019,October,Thursday,1:55 PM,60,Divided Road,Straight road,Level,Not Applicable,Sealed,Dry,Not Raining,Daylight,Hit Fixed Object,1,Driver Rider,2: MI,No Control,,,1319900.83,1683731.9,1.3199E+13
2019-10033-8/07/2020,2 Metropolitan,PORT ADELAIDE,5015,CITY OF PORT ADELAIDE ENFIELD,3,1,0,0,1,2019,October,Thursday,2:50 PM,50,T-Junction,Straight road,Level,Not Applicable,Sealed,Dry,Not Raining,Daylight,Rear End,1,Driver Rider,2: MI,No Control,,,1320392.26,1679483.26,1.32039E+13
2019-10034-8/07/2020,2 Metropolitan,ST PETERS,5069,"CC OF NORWOOD,PAYNEHAM & ST PETERS",2,1,0,0,1,2019,October,Thursday,2:25 PM,60,T-Junction,Straight road,Level,Not Applicable,Sealed,Dry,Not Raining,Daylight,Right Angle,2,Driver Rider,2: MI,No Control,,,1331000.86,1672251.3,1.331E+13
2019-10035-8/07/2020,2 Metropolitan,PARKSIDE,5063,CITY OF UNLEY,2,0,0,0,0,2019,October,Wednesday,7:10 AM,60,Divided Road,Straight road,Level,Not Applicable,Sealed,Dry,Not Raining,Daylight,Side Swipe,2,Driver Rider,1: PDO,No Control,,,1329556.91,1668995.31,1.32956E+13
2019-10036-8/07/2020,2 Metropolitan,ELIZABETH,5112,CITY OF PLAYFORD.,2,0,0,0,0,2019,October,Thursday,3:45 PM,50,Cross Road,Straight road,Level,Not Applicable,Sealed,Dry,Not Raining,Daylight,Right Angle,1,Driver Rider,1: PDO,Give Way Sign,,,1335599.14,1693752.48,1.3356E+13
2019-10037-8/07/2020,2 Metropolitan,BELAIR,5052,CC MITCHAM.                   ,2,3,0,0,3,2019,October,Thursday,3:45 PM,60,Not Divided,"CURVED, VIEW OBSCURED",Slope,Not Applicable,Sealed,Dry,Not Raining,Daylight,Head On,1,Driver Rider,2: MI,No Control,,,1329913.56,1662551.73,1.32991E+13
2019-10038-8/07/2020,2 Metropolitan,MARRYATVILLE,5068,"CC OF NORWOOD,PAYNEHAM & ST PETERS",2,0,0,0,0,2019,October,Thursday,3:06 PM,60,Cross Road,Straight road,Level,Not Applicable,Sealed,Dry,Not Raining,Daylight,Rear End,1,Driver Rider,1: PDO,Traffic Signals,,,1332269.85,1670409.71,1.33227E+13
2019-10039-8/07/2020,2 Metropolitan,INGLE FARM,5098,CITY OF SALISBURY,3,0,0,0,0,2019,October,Thursday,4:50 PM,60,Divided Road,Straight road,Level,Not Applicable,Sealed,Dry,Not Raining,Daylight,Rear End,1,Driver Rider,1: PDO,No Control,,,1332152.79,1681811.35,1.33215E+13
2019-10040-8/07/2020,2 Metropolitan,ST MARYS,5042,CC MITCHAM.                   ,2,0,0,0,0,2019,October,Thursday,6:00 PM,60,T-Junction,Straight road,Level,Not Applicable,Sealed,Dry,Not Raining,Daylight,Right Angle,2,Driver Rider,1: PDO,Stop Sign,,,1326615.52,1663325.11,1.32662E+13
2019-10041-8/07/2020,2 Metropolitan,OLD REYNELLA,5161,CITY OF ONKAPARINGA,2,0,0,0,0,2019,October,Thursday,5:00 PM,50,Not Divided,Straight road,Level,Driveway or Entrance,Sealed,Dry,Not Raining,Daylight,Right Angle,2,Driver Rider,1: PDO,No Control,,,1322377.38,1652279.86,1.32238E+13
2019-10042-8/07/2020,2 Metropolitan,ELIZABETH VALE,5112,CITY OF PLAYFORD.,4,1,0,0,1,2019,October,Thursday,5:30 PM,80,Divided Road,Straight road,Level,Not Applicable,Sealed,Dry,Not Raining,Daylight,Rear End,1,Driver Rider,2: MI,No Control,,,1336127.7,1690818.35,1.33613E+13
2019-10043-8/07/2020,2 Metropolitan,MODBURY HEIGHTS,5092,CITY OF TEA TREE GULLY,2,0,0,0,0,2019,October,Thursday,6:24 PM,60,Not Divided,Straight road,Level,Not Applicable,Sealed,Dry,Not Raining,Daylight,Hit Animal,2,Animal,1: PDO,No Control,,,1337443.42,1682462.02,1.33744E+13
2019-10044-8/07/2020,3 Country,PARIS CREEK,5201,ALEXANDRINA COUNCIL,2,1,0,0,1,2019,October,Thursday,3:03 PM,80,Not Divided,"CURVED, VIEW OPEN",Level,Not Applicable,Sealed,Dry,Not Raining,Daylight,Hit Fixed Object,1,Driver Rider,2: MI,No Control,,,1348613.04,1637702.61,1.34861E+13
2019-10045-8/07/2020,2 Metropolitan,ELIZABETH VALE,5112,CITY OF PLAYFORD.,4,0,0,0,0,2019,October,Thursday,5:40 PM,80,Divided Road,Straight road,Level,Not Applicable,Sealed,Dry,Not Raining,Daylight,Rear End,1,Driver Rider,1: PDO,No Control,,,1336128.05,1690795.3,1.33613E+13
2019-10046-8/07/2020,2 Metropolitan,GLENSIDE,5065,CITY OF BURNSIDE,2,0,0,0,0,2019,October,Thursday,5:30 PM,60,T-Junction,Straight road,Level,Not Applicable,Sealed,Dry,Not Raining,Daylight,Rear End,2,Driver Rider,1: PDO,Traffic Signals,,,1332335.35,1668699.02,1.33234E+13
2019-10047-8/07/2020,2 Metropolitan,STEPNEY,5069,"CC OF NORWOOD,PAYNEHAM & ST PETERS",2,0,0,0,0,2019,October,Thursday,6:35 PM,60,Multiple,Straight road,Slope,Not Applicable,Sealed,Dry,Not Raining,Daylight,Side Swipe,2,Driver Rider,1: PDO,Traffic Signals,,,1330600.73,1671714.93,1.3306E+13
2019-10048-8/07/2020,2 Metropolitan,EDWARDSTOWN,5039,CC MARION.                    ,3,0,0,0,0,2019,October,Thursday,7:50 PM,60,T-Junction,Straight road,Level,Not Applicable,Sealed,Dry,Not Raining,Night,Side Swipe,1,Passenger,1: PDO,Traffic Signals,,,1325932.87,1664392.69,1.32593E+13
2019-10049-8/07/2020,2 Metropolitan,TORRENSVILLE,5031,CITY OF WEST TORRENS,2,0,0,0,0,2019,October,Thursday,8:29 PM,50,Cross Road,Straight road,Level,Not Applicable,Sealed,Dry,Not Raining,Night,Right Angle,2,Driver Rider,1: PDO,Give Way Sign,,,1324846.88,1671606.49,1.32485E+13
2019-10050-8/07/2020,2 Metropolitan,WOODVILLE PARK,5011,CITY OF CHARLES STURT,2,0,0,0,0,2019,October,Thursday,7:15 PM,60,T-Junction,Straight road,Level,Not Applicable,Sealed,Dry,Not Raining,Daylight,Rear End,1,Driver Rider,1: PDO,Traffic Signals,,,1323911.52,1674880.86,1.32391E+13
2019-10051-8/07/2020,2 Metropolitan,DAW PARK,5041,CC MITCHAM.                   ,2,0,0,0,0,2019,October,Friday,12:00 AM,50,Not Divided,Straight road,Level,Not Applicable,Sealed,Dry,Not Raining,Night,Hit Parked Vehicle,2,Driver Rider,1: PDO,No Control,,,1326742.55,1664144.76,1.32674E+13
2019-10052-8/07/2020,3 Country,PORT WAKEFIELD,5550,WAKEFIELD REGIONAL COUNCIL,2,2,0,0,2,2019,October,Friday,12:15 AM,110,Divided Road,"CURVED, VIEW OPEN",Level,Not Applicable,Sealed,Dry,Not Raining,Night,Hit Fixed Object,1,Driver Rider,2: MI,No Control,,,1294238.36,1749780.47,1.29424E+13
2019-10053-8/07/2020,2 Metropolitan,HINDMARSH,5007,CITY OF CHARLES STURT,3,1,0,0,1,2019,October,Friday,2:55 AM,60,T-Junction,Straight road,Level,Not Applicable,Sealed,Dry,Not Raining,Night,Hit Fixed Object,1,Driver Rider,2: MI,No Control,,,1325675.02,1672957.74,1.32568E+13
2019-10054-8/07/2020,3 Country,MOUNT GAMBIER,5290,CC MT.GAMBIER.                ,2,1,1,0,0,2019,October,Friday,12:10 AM,50,Not Divided,Straight road,Level,Not Applicable,Sealed,Dry,Not Raining,Night,Hit Pedestrian,2,Pedestrian,4: Fatal,No Control,Y,,1511476.16,1338276.83,1.51148E+13
2019-10055-8/07/2020,2 Metropolitan,GEPPS CROSS,5094,CITY OF PORT ADELAIDE ENFIELD,2,0,0,0,0,2019,October,Friday,8:58 AM,60,Divided Road,Straight road,Level,Not Applicable,Sealed,Dry,Not Raining,Daylight,Rear End,1,Driver Rider,1: PDO,No Control,,,1330511.4,1679527.43,1.33051E+13
2019-10056-8/07/2020,2 Metropolitan,HAWTHORN,5062,CC MITCHAM.                   ,2,1,0,0,1,2019,October,Thursday,11:00 AM,50,Not Divided,Straight road,Level,Driveway or Entrance,Sealed,Dry,Not Raining,Daylight,Right Angle,1,Driver Rider,2: MI,No Control,,,1329111.23,1665344.74,1.32911E+13
2019-10057-8/07/2020,1 City,ADELAIDE,5000,CITY OF ADELAIDE,2,0,0,0,0,2019,October,Friday,8:30 AM,50,T-Junction,Straight road,Level,Not Applicable,Sealed,Dry,Not Raining,Daylight,Right Turn,1,Driver Rider,1: PDO,No Control,,,1328408.98,1670185.81,1.32841E+13
2019-10058-8/07/2020,2 Metropolitan,PARA VISTA,5093,CITY OF SALISBURY,4,2,0,0,2,2019,October,Friday,8:22 AM,60,T-Junction,Straight road,Level,Not Applicable,Sealed,Dry,Not Raining,Daylight,Rear End,1,Driver Rider,2: MI,No Control,,,1334488.65,1681570.15,1.33449E+13
2019-10059-8/07/2020,3 Country,NANGKITA,5210,ALEXANDRINA COUNCIL,1,0,0,0,0,2019,October,Friday,6:20 AM,80,Not Divided,"CURVED, VIEW OPEN",Level,Not Applicable,Sealed,Dry,Not Raining,Night,Roll Over,1,Driver Rider,1: PDO,No Control,,,1334466.33,1623794.85,1.33447E+13
2019-10060-8/07/2020,3 Country,MYPONGA,5202,DC YANKALILLA.                ,2,1,0,0,1,2019,October,Friday,8:20 AM,100,Not Divided,"CURVED, VIEW OPEN",Slope,Not Applicable,Unsealed,Dry,Not Raining,Daylight,Hit Fixed Object,1,Driver Rider,2: MI,No Control,,,1310159.75,1617429.01,1.31016E+13
2019-10061-8/07/2020,2 Metropolitan,ROSTREVOR,5073,CC CAMPBELLTOWN.              ,2,0,0,0,0,2019,October,Friday,10:30 AM,60,T-Junction,Straight road,Slope,Not Applicable,Sealed,Dry,Not Raining,Daylight,Hit Fixed Object,1,Driver Rider,1: PDO,Give Way Sign,,,1336888.95,1673904.67,1.33689E+13
2019-10062-8/07/2020,2 Metropolitan,PAYNEHAM,5070,"CC OF NORWOOD,PAYNEHAM & ST PETERS",2,0,0,0,0,2019,October,Friday,7:20 AM,60,T-Junction,Straight road,Level,Not Applicable,Sealed,Dry,Not Raining,Daylight,Right Angle,2,Driver Rider,1: PDO,No Control,,,1332175.6,1673708.55,1.33218E+13
2019-10063-8/07/2020,2 Metropolitan,GLENELG EAST,5045,CITY OF HOLDFAST BAY,3,0,0,0,0,2019,October,Friday,12:27 PM,60,Divided Road,Straight road,Level,Not Applicable,Sealed,Dry,Not Raining,Daylight,Rear End,1,Driver Rider,1: PDO,No Control,,,1321035.45,1664494.48,1.32104E+13
2019-10064-8/07/2020,3 Country,MOUNT GAMBIER,5290,CC MT.GAMBIER.                ,2,0,0,0,0,2019,October,Friday,12:00 PM,50,T-Junction,Straight road,Level,Not Applicable,Sealed,Dry,Not Raining,Daylight,Right Turn,2,Driver Rider,1: PDO,No Control,,,1509981.79,1340124.93,1.50998E+13
2019-10065-8/07/2020,2 Metropolitan,MORPHETT VALE,5162,CITY OF ONKAPARINGA,2,0,0,0,0,2019,October,Friday,10:35 AM,60,Divided Road,Straight road,Level,Not Applicable,Sealed,Dry,Not Raining,Daylight,Hit Parked Vehicle,1,Driver Rider,1: PDO,No Control,,,1320785.51,1649023.09,1.32079E+13
2019-10066-8/07/2020,2 Metropolitan,NORTH PLYMPTON,5037,CITY OF WEST TORRENS,2,0,0,0,0,2019,October,Thursday,5:00 PM,60,Divided Road,Straight road,Level,Not Applicable,Sealed,Dry,Not Raining,Daylight,Side Swipe,1,Driver Rider,1: PDO,No Control,,,1324213.1,1667162.01,1.32421E+13
2019-10067-8/07/2020,1 City,ADELAIDE,5000,CITY OF ADELAIDE,2,0,0,0,0,2019,October,Thursday,12:40 PM,50,Not Divided,"CURVED, VIEW OBSCURED",Level,Not Applicable,Sealed,Dry,Not Raining,Daylight,Rear End,1,Driver Rider,1: PDO,No Control,,,1327923.1,1670588.21,1.32792E+13
2019-10068-8/07/2020,2 Metropolitan,SALISBURY EAST,5109,CITY OF SALISBURY,3,1,0,0,1,2019,October,Thursday,4:45 PM,80,Cross Road,Straight road,Level,Not Applicable,Sealed,Dry,Not Raining,Daylight,Side Swipe,1,Driver Rider,2: MI,Traffic Signals,,,1333980.46,1686298.22,1.33398E+13
2019-10069-8/07/2020,2 Metropolitan,STIRLING,5152,THE ADELAIDE HILLS COUNCIL,2,1,0,0,1,2019,September,Tuesday,5:00 PM,50,Not Divided,Straight road,Level,Driveway or Entrance,Sealed,Dry,Not Raining,Daylight,Right Angle,2,Driver Rider,2: MI,No Control,,,1339160.27,1661258.14,1.33916E+13
2019-10070-8/07/2020,2 Metropolitan,DAVOREN PARK,5113,CITY OF PLAYFORD.,2,1,0,0,1,2019,October,Friday,1:35 PM,60,Cross Road,Straight road,Level,Not Applicable,Sealed,Dry,Not Raining,Daylight,Right Angle,1,Driver Rider,2: MI,Roundabout,,,1335599.18,1696373.36,1.3356E+13
2019-10071-8/07/2020,3 Country,STOCKPORT,5410,CLARE AND GILBERT VALLEYS DISTRICT COUNCIL,2,1,0,1,0,2019,October,Friday,11:25 AM,100,Not Divided,Straight road,Level,Not Applicable,Sealed,Dry,Not Raining,Daylight,Hit Fixed Object,1,Driver Rider,3: SI,No Control,,,1346690.49,1733864.44,1.34669E+13
2019-10072-8/07/2020,2 Metropolitan,PAYNEHAM SOUTH,5070,"CC OF NORWOOD,PAYNEHAM & ST PETERS",2,0,0,0,0,2019,October,Friday,7:30 AM,60,Divided Road,Straight road,Level,Not Applicable,Sealed,Dry,Not Raining,Daylight,Side Swipe,2,Driver Rider,1: PDO,No Control,,,1332197.55,1672958.38,1.3322E+13
2019-10073-8/07/2020,2 Metropolitan,SALISBURY SOUTH,5106,CITY OF SALISBURY,2,0,0,0,0,2019,October,Friday,2:44 PM,70,Cross Road,Straight road,Level,Not Applicable,Sealed,Dry,Not Raining,Daylight,Right Turn,1,Driver Rider,1: PDO,Traffic Signals,,,1332370.05,1686105.3,1.33237E+13
2019-10074-8/07/2020,2 Metropolitan,ELIZABETH PARK,5113,CITY OF PLAYFORD.,2,2,0,0,2,2019,October,Friday,1:55 PM,80,Cross Road,Straight road,Level,Not Applicable,Sealed,Dry,Not Raining,Daylight,Right Angle,2,Driver Rider,2: MI,Traffic Signals,,,1335939.12,1693257.92,1.33594E+13
2019-10075-8/07/2020,3 Country,ALAWOONA,5311,LOXTON WAIKERIE DISTRICT COUNCIL,2,0,0,0,0,2019,October,Thursday,6:00 PM,110,Not Divided,Straight road,Level,Not Applicable,Sealed,Dry,Not Raining,Daylight,Hit Fixed Object,1,Driver Rider,1: PDO,No Control,,,1493703.2,1683146.53,1.4937E+13
2019-10076-8/07/2020,2 Metropolitan,MAWSON LAKES,5095,CITY OF SALISBURY,2,0,0,0,0,2019,September,Tuesday,2:15 PM,80,Divided Road,Straight road,Level,Not Applicable,Sealed,Dry,Not Raining,Daylight,Side Swipe,2,Driver Rider,1: PDO,No Control,,,1328682.92,1682947.62,1.32868E+13
2019-10077-8/07/2020,2 Metropolitan,ST MARYS,5042,CC MITCHAM.                   ,2,0,0,0,0,2019,October,Friday,3:41 PM,50,Cross Road,Straight road,Level,Not Applicable,Sealed,Dry,Not Raining,Daylight,Hit Fixed Object,1,Driver Rider,1: PDO,Give Way Sign,,,1326092.72,1662436.52,1.32609E+13