REPORT_ID,Stats Area,Suburb,Postcode,LGA Name,Total Units,Total Cas,Total Fats,Total SI,Total MI,Year,Month,Day,Time,Area Speed,Position Type,Horizontal Align,Vertical Align,Other Feat,Road Surface,Moisture Cond,Weather Cond,DayNight,Crash Type,Unit Resp,Entity Code,CSEF Severity,Traffic Ctrls,DUI Involved,Drugs Involved,ACCLOC_X,ACCLOC_Y,UNIQUE_LOC
2019-10159-8/07/2020,2 Metropolitan,PROSPECT,5082,CITY OF PROSPECT,2,0,0,0,0,2019,October,Monday,7:54 AM,60,Cross Road,"CURVED, VIEW OPEN",Level,Not Applicable,Sealed,Dry,Not Raining,Daylight,Side Swipe,2,Driver Rider,1: PDO,Traffic Signals,,,1327235.97,1676403.16,1.32724E+13
2019-10160-8/07/2020,3 Country,MURRAY BRIDGE,5253,RC MURRAY BRIDGE.             ,2,0,0,0,0,2019,October,Monday,7:00 AM,50,Cross Road,Straight road,Level,Not Applicable,Sealed,Dry,Not Raining,Daylight,Right Angle,1,Driver Rider,1: PDO,Give Way Sign,,,1389126.37,1645461.85,1.38913E+13
2019-10161-8/07/2020,2 Metropolitan,GEPPS CROSS,5094,CITY OF PORT ADELAIDE ENFIELD,2,0,0,0,0,2019,October,Monday,8:30 AM,60,Divided Road,Straight road,Slope,Not Applicable,Sealed,Dry,Not Raining,Daylight,Rear End,2,Driver Rider,1: PDO,No Control,,,1327954.79,1679255.25,1.32796E+13
2019-10162-8/07/2020,2 Metropolitan,OTTOWAY,5013,CITY OF PORT ADELAIDE ENFIELD,2,0,0,0,0,2019,October,Monday,9:30 AM,60,T-Junction,"CURVED, VIEW OPEN",Level,Not Applicable,Sealed,Dry,Not Raining,Daylight,Right Angle,1,Driver Rider,1: PDO,Traffic Signals,,,1323011.02,1679141.01,1.32301E+13
2019-10163-8/07/2020,3 Country,PORT ELLIOT,5212,ALEXANDRINA COUNCIL,2,0,0,0,0,2019,October,Saturday,3:30 PM,50,Not Divided,Straight road,Level,Not Applicable,Unsealed,Dry,Not Raining,Daylight,Hit Pedestrian,1,Driver Rider,1: PDO,No Control,,,1333258.67,1604180.55,1.33326E+13
2019-10164-8/07/2020,3 Country,PORT ELLIOT,5212,ALEXANDRINA COUNCIL,2,1,0,1,0,2019,October,Monday,8:00 AM,60,Not Divided,Straight road,Level,Not Applicable,Sealed,Dry,Not Raining,Daylight,Hit Parked Vehicle,1,Driver Rider,3: SI,No Control,,,1333320.96,1604581.41,1.33332E+13
2019-10165-8/07/2020,2 Metropolitan,GLENSIDE,5065,CITY OF BURNSIDE,4,1,0,0,1,2019,October,Monday,7:55 AM,60,Cross Road,Straight road,Level,Not Applicable,Sealed,Dry,Not Raining,Daylight,Rear End,2,Driver Rider,2: MI,Traffic Signals,,,1330687.25,1668997.74,1.33069E+13
2019-10166-8/07/2020,2 Metropolitan,MAYLANDS,5069,"CC OF NORWOOD,PAYNEHAM & ST PETERS",2,0,0,0,0,2019,October,Monday,11:50 AM,60,Divided Road,Straight road,Level,Not Applicable,Sealed,Dry,Not Raining,Daylight,Hit Parked Vehicle,1,Driver Rider,1: PDO,No Control,,,1332216.73,1672232.36,1.33222E+13
2019-10167-8/07/2020,2 Metropolitan,WINDSOR GARDENS,5087,CITY OF PORT ADELAIDE ENFIELD,3,0,0,0,0,2019,October,Monday,9:00 AM,50,T-Junction,Straight road,Slope,Not Applicable,Sealed,Dry,Not Raining,Daylight,Right Angle,2,Driver Rider,1: PDO,No Control,,,1333761.18,1677308.77,1.33376E+13
2019-10168-8/07/2020,2 Metropolitan,TORRENSVILLE,5031,CITY OF WEST TORRENS,2,0,0,0,0,2019,October,Monday,12:15 PM,50,Divided Road,Straight road,Level,Not Applicable,Sealed,Dry,Not Raining,Daylight,Side Swipe,1,Driver Rider,1: PDO,No Control,,,1325121.29,1670974,1.32512E+13
2019-10169-8/07/2020,2 Metropolitan,ALBERT PARK,5014,CITY OF CHARLES STURT,2,1,0,0,1,2019,October,Monday,2:20 PM,60,T-Junction,"CURVED, VIEW OPEN",Level,Not Applicable,Sealed,Dry,Not Raining,Daylight,Right Turn,1,Driver Rider,2: MI,No Control,,,1322074.53,1676250,1.32208E+13
2019-10170-8/07/2020,2 Metropolitan,URRBRAE,5064,CC MITCHAM.                   ,2,1,0,0,1,2019,October,Friday,12:38 PM,60,T-Junction,Straight road,Level,Not Applicable,Sealed,Dry,Not Raining,Daylight,Right Turn,2,Driver Rider,2: MI,No Control,,,1331920.32,1666325.67,1.33192E+13
2019-10171-8/07/2020,2 Metropolitan,WALKERVILLE,5081,WALKERVILLE TOWN COUNCIL,3,1,0,0,1,2019,October,Monday,2:45 PM,60,Cross Road,Straight road,Level,Not Applicable,Sealed,Dry,Not Raining,Daylight,Rear End,1,Driver Rider,2: MI,Traffic Signals,,,1329737.51,1674554.59,1.32974E+13
2019-10172-8/07/2020,2 Metropolitan,GLEN OSMOND,5064,CITY OF UNLEY,3,0,0,0,0,2019,October,Monday,3:47 PM,60,Not Divided,Straight road,Slope,Not Applicable,Sealed,Dry,Not Raining,Daylight,Side Swipe,2,Driver Rider,1: PDO,No Control,,,1332093.13,1666814.46,1.33209E+13
2019-10173-8/07/2020,2 Metropolitan,NORTH PLYMPTON,5037,CITY OF WEST TORRENS,4,0,0,0,0,2019,October,Monday,2:40 PM,50,Not Divided,Straight road,Level,Not Applicable,Sealed,Dry,Not Raining,Daylight,Hit Parked Vehicle,1,Driver Rider,1: PDO,No Control,,Y,1324278.77,1668009.36,1.32428E+13
2019-10174-8/07/2020,2 Metropolitan,PARALOWIE,5108,CITY OF SALISBURY,2,1,0,0,1,2019,October,Monday,4:05 PM,90,Divided Road,Straight road,Level,Not Applicable,Sealed,Dry,Not Raining,Daylight,Rear End,2,Driver Rider,2: MI,No Control,,,1328448.44,1688731.4,1.32845E+13
2019-10175-8/07/2020,1 City,NORTH ADELAIDE,5006,CITY OF ADELAIDE,2,1,0,1,0,2019,October,Monday,4:25 PM,60,Cross Road,Straight road,Level,Not Applicable,Sealed,Dry,Not Raining,Daylight,Rear End,2,Driver Rider,3: SI,Traffic Signals,,,1327668.37,1673224.8,1.32767E+13
2019-10176-8/07/2020,2 Metropolitan,FLINDERS PARK,5025,CITY OF CHARLES STURT,2,0,0,0,0,2019,October,Monday,2:10 PM,60,Divided Road,Straight road,Level,Not Applicable,Sealed,Dry,Not Raining,Daylight,Side Swipe,1,Driver Rider,1: PDO,No Control,,,1322714.37,1673125.72,1.32271E+13
2019-10177-8/07/2020,2 Metropolitan,NORWOOD,5067,"CC OF NORWOOD,PAYNEHAM & ST PETERS",2,0,0,0,0,2019,October,Monday,5:40 PM,60,Cross Road,"CURVED, VIEW OPEN",Level,Not Applicable,Sealed,Dry,Not Raining,Daylight,Right Angle,2,Driver Rider,1: PDO,Roundabout,,,1330623.32,1670361.88,1.33062E+13
2019-10178-8/07/2020,2 Metropolitan,GLENELG NORTH,5045,CITY OF HOLDFAST BAY,2,1,0,0,1,2019,October,Monday,5:10 PM,50,Cross Road,"CURVED, VIEW OPEN",Level,Not Applicable,Sealed,Dry,Not Raining,Daylight,Right Angle,2,Driver Rider,2: MI,Roundabout,,,1320786.94,1665298.76,1.32079E+13
2019-10179-8/07/2020,1 City,ADELAIDE,5000,CITY OF ADELAIDE,2,0,0,0,0,2019,October,Monday,6:15 PM,50,Not Divided,Straight road,Level,Not Applicable,Sealed,Dry,Not Raining,Daylight,Rear End,2,Driver Rider,1: PDO,No Control,,,1329566.55,1670063.58,1.32957E+13
2019-10180-8/07/2020,1 City,ADELAIDE,5000,CITY OF ADELAIDE,2,0,0,0,0,2019,October,Monday,5:00 PM,50,Divided Road,Straight road,Slope,Not Applicable,Sealed,Dry,Not Raining,Daylight,Side Swipe,2,Driver Rider,1: PDO,No Control,,,1328376.35,1671145.87,1.32838E+13
2019-10181-8/07/2020,2 Metropolitan,ELIZABETH PARK,5113,CITY OF PLAYFORD.,2,0,0,0,0,2019,October,Monday,2:45 PM,80,Cross Road,Straight road,Level,Not Applicable,Sealed,Dry,Not Raining,Daylight,Rear End,2,Driver Rider,1: PDO,Traffic Signals,,,1335937.05,1693272.57,1.33594E+13
2019-10182-8/07/2020,2 Metropolitan,HAPPY VALLEY,5159,CITY OF ONKAPARINGA,3,0,0,0,0,2019,October,Monday,4:57 PM,60,Not Divided,"CURVED, VIEW OPEN",Slope,Not Applicable,Sealed,Dry,Not Raining,Daylight,Head On,2,Driver Rider,1: PDO,No Control,,,1327672.87,1652795.3,1.32767E+13
2019-10183-8/07/2020,2 Metropolitan,SALISBURY NORTH,5108,CITY OF SALISBURY,2,0,0,0,0,2019,October,Monday,7:55 PM,60,Not Divided,Straight road,Level,Not Applicable,Sealed,Dry,Not Raining,Night,Hit Fixed Object,1,Driver Rider,1: PDO,No Control,,,1330359.37,1690659.8,1.33036E+13
2019-10184-8/07/2020,2 Metropolitan,HAWTHORNDENE,5051,CC MITCHAM.                   ,2,1,0,0,1,2019,October,Monday,8:50 AM,60,Cross Road,Straight road,Level,Not Applicable,Sealed,Dry,Not Raining,Daylight,Rear End,2,Driver Rider,2: MI,Give Way Sign,,,1330152.95,1659737.73,1.33015E+13
2019-10185-8/07/2020,2 Metropolitan,PORT NOARLUNGA,5167,CITY OF ONKAPARINGA,3,1,0,1,0,2019,October,Monday,8:20 PM,50,Not Divided,Straight road,Slope,Not Applicable,Sealed,Dry,Not Raining,Night,Hit Fixed Object,1,Driver Rider,3: SI,No Control,,,1317303.5,1646264.1,1.3173E+13
2019-10186-8/07/2020,2 Metropolitan,SMITHFIELD,5114,CITY OF PLAYFORD.,2,0,0,0,0,2019,October,Monday,8:54 PM,80,Cross Road,Straight road,Level,Not Applicable,Sealed,Dry,Not Raining,Night,Right Angle,2,Driver Rider,1: PDO,Traffic Signals,,,1337612.7,1696654.75,1.33761E+13
2019-10187-8/07/2020,2 Metropolitan,LOCKLEYS,5032,CITY OF WEST TORRENS,2,0,0,0,0,2019,October,Tuesday,3:45 AM,50,Not Divided,Straight road,Level,Not Applicable,Sealed,Dry,Not Raining,Night,Hit Fixed Object,1,Driver Rider,1: PDO,No Control,,,1321719.86,1671397.62,1.32172E+13
2019-10188-8/07/2020,2 Metropolitan,MORPHETT VALE,5162,CITY OF ONKAPARINGA,2,0,0,0,0,2019,October,Tuesday,6:49 AM,60,T-Junction,Straight road,Level,Not Applicable,Sealed,Dry,Not Raining,Daylight,Right Angle,1,Driver Rider,1: PDO,No Control,,Y,1322728.72,1649912.06,1.32273E+13
2019-10189-8/07/2020,2 Metropolitan,MORPHETT VALE,5162,CITY OF ONKAPARINGA,2,0,0,0,0,2019,October,Tuesday,8:17 AM,60,Cross Road,Straight road,Level,Not Applicable,Sealed,Dry,Not Raining,Daylight,Right Angle,2,Driver Rider,1: PDO,Give Way Sign,,,1321143.64,1648704.96,1.32114E+13
2019-10190-8/07/2020,2 Metropolitan,MAWSON LAKES,5095,CITY OF SALISBURY,4,0,0,0,0,2019,October,Tuesday,8:15 AM,70,Divided Road,Straight road,Level,Not Applicable,Sealed,Dry,Not Raining,Daylight,Rear End,1,Driver Rider,1: PDO,No Control,,,1329592.35,1684455.48,1.32959E+13
2019-10191-8/07/2020,2 Metropolitan,CLAPHAM,5062,CC MITCHAM.                   ,2,0,0,0,0,2019,October,Tuesday,8:05 AM,50,Cross Road,Straight road,Slope,Not Applicable,Sealed,Dry,Not Raining,Daylight,Right Angle,1,Driver Rider,1: PDO,Give Way Sign,,,1328747.53,1663384.8,1.32875E+13
2019-10192-8/07/2020,2 Metropolitan,TOORAK GARDENS,5065,CITY OF BURNSIDE,2,1,0,0,1,2019,October,Tuesday,7:25 AM,50,T-Junction,Straight road,Slope,Not Applicable,Sealed,Dry,Not Raining,Daylight,Right Turn,1,Driver Rider,2: MI,No Control,,,1331959.51,1669904.66,1.33196E+13
2019-10193-8/07/2020,2 Metropolitan,BRIGHTON,5048,CITY OF HOLDFAST BAY,3,0,0,0,0,2019,October,Tuesday,9:00 AM,60,T-Junction,Straight road,Level,Not Applicable,Sealed,Dry,Not Raining,Daylight,Other,1,Driver Rider,1: PDO,No Control,,,1321147.01,1660371.41,1.32115E+13
2019-10194-8/07/2020,2 Metropolitan,MAWSON LAKES,5095,CITY OF SALISBURY,2,0,0,0,0,2019,October,Tuesday,6:55 AM,50,Not Divided,Straight road,Level,Not Applicable,Sealed,Dry,Not Raining,Daylight,Hit Fixed Object,1,Driver Rider,1: PDO,No Control,,,1330187.05,1682612.93,1.33019E+13
2019-10195-8/07/2020,2 Metropolitan,CROYDON PARK,5008,CITY OF PORT ADELAIDE ENFIELD,2,1,0,0,1,2019,October,Monday,8:40 PM,50,Not Divided,Straight road,Level,Driveway or Entrance,Sealed,Dry,Not Raining,Night,Rear End,2,Driver Rider,2: MI,No Control,,,1325912.56,1675552.48,1.32591E+13
2019-10196-8/07/2020,3 Country,WORROLONG,5291,DISTRICT COUNCIL OF GRANT,3,1,0,0,1,2019,October,Tuesday,10:50 PM,50,Not Divided,Straight road,Level,Not Applicable,Sealed,Dry,Not Raining,Night,Hit Fixed Object,1,Driver Rider,2: MI,No Control,,,1515913.11,1342583.89,1.51591E+13
2019-10197-8/07/2020,2 Metropolitan,ALDGATE,5154,THE ADELAIDE HILLS COUNCIL,2,1,0,0,1,2019,October,Tuesday,8:44 AM,50,Not Divided,Straight road,Level,Not Applicable,Sealed,Dry,Not Raining,Daylight,Hit Pedestrian,1,Driver Rider,2: MI,No Control,,,1341732.78,1659924.14,1.34173E+13
2019-10198-8/07/2020,2 Metropolitan,CAMPBELLTOWN,5074,CC CAMPBELLTOWN.              ,2,2,0,0,2,2019,October,Tuesday,10:10 AM,60,T-Junction,Straight road,Level,Not Applicable,Sealed,Dry,Not Raining,Daylight,Right Angle,1,Driver Rider,2: MI,No Control,,,1334346.33,1675518.88,1.33435E+13
2019-10199-8/07/2020,2 Metropolitan,MYRTLE BANK,5064,CITY OF UNLEY,2,0,0,0,0,2019,October,Tuesday,8:30 AM,50,T-Junction,Straight road,Level,Not Applicable,Sealed,Dry,Not Raining,Daylight,Rear End,2,Driver Rider,1: PDO,No Control,,,1331152.65,1666746.82,1.33115E+13
2019-10200-8/07/2020,2 Metropolitan,BLACKWOOD,5051,CC MITCHAM.                   ,3,0,0,0,0,2019,October,Tuesday,8:30 AM,60,Not Divided,Straight road,Level,Not Applicable,Sealed,Dry,Not Raining,Daylight,Rear End,1,Driver Rider,1: PDO,No Control,,,1330285.2,1661166.81,1.33029E+13
2019-10201-8/07/2020,2 Metropolitan,LEABROOK,5068,CITY OF BURNSIDE,2,2,0,0,2,2019,October,Tuesday,9:50 AM,60,T-Junction,Straight road,Slope,Not Applicable,Sealed,Dry,Not Raining,Daylight,Right Angle,2,Driver Rider,2: MI,No Control,,,1333153.56,1670440.32,1.33315E+13
2019-10202-8/07/2020,2 Metropolitan,POORAKA,5095,CITY OF SALISBURY,1,0,0,0,0,2019,October,Tuesday,11:52 AM,60,T-Junction,Straight road,Slope,Not Applicable,Sealed,Dry,Not Raining,Daylight,Roll Over,1,Driver Rider,1: PDO,Traffic Signals,,,1332559.2,1682321.72,1.33256E+13
2019-10203-8/07/2020,2 Metropolitan,ROSE PARK,5067,CITY OF BURNSIDE,2,0,0,0,0,2019,October,Tuesday,9:40 AM,60,Divided Road,Straight road,Level,Not Applicable,Sealed,Dry,Not Raining,Daylight,Side Swipe,2,Driver Rider,1: PDO,No Control,,,1330648.06,1670325.79,1.33065E+13
2019-10204-8/07/2020,2 Metropolitan,KLEMZIG,5087,CITY OF PORT ADELAIDE ENFIELD,2,0,0,0,0,2019,October,Tuesday,12:40 PM,60,Cross Road,Straight road,Level,Not Applicable,Sealed,Dry,Not Raining,Daylight,Rear End,2,Driver Rider,1: PDO,Traffic Signals,,,1332072.8,1676595.28,1.33207E+13
2019-10205-8/07/2020,2 Metropolitan,MCLAREN VALE,5171,CITY OF ONKAPARINGA,2,1,0,0,1,2019,October,Tuesday,1:30 PM,50,T-Junction,Straight road,Level,Not Applicable,Sealed,Dry,Not Raining,Daylight,Right Angle,1,Driver Rider,2: MI,No Control,,,1321231.56,1639308.67,1.32123E+13
2019-10206-8/07/2020,2 Metropolitan,LOCKLEYS,5032,CITY OF WEST TORRENS,2,1,0,0,1,2019,October,Tuesday,7:30 AM,60,Cross Road,Straight road,Level,Not Applicable,Sealed,Dry,Not Raining,Daylight,Rear End,2,Driver Rider,2: MI,Traffic Signals,,,1320911.17,1669960.22,1.32091E+13
2019-10207-8/07/2020,2 Metropolitan,HOLDEN HILL,5088,CITY OF TEA TREE GULLY,3,0,0,0,0,2019,October,Tuesday,3:40 PM,60,Divided Road,Straight road,Level,Not Applicable,Sealed,Dry,Not Raining,Daylight,Rear End,1,Driver Rider,1: PDO,No Control,,,1335258.98,1679361.51,1.33526E+13
2019-10208-8/07/2020,2 Metropolitan,GLENELG SOUTH,5045,CITY OF HOLDFAST BAY,3,0,0,0,0,2019,September,Sunday,5:00 PM,50,Not Divided,Straight road,Level,Not Applicable,Sealed,Dry,Not Raining,Daylight,Hit Parked Vehicle,1,Driver Rider,1: PDO,No Control,,,1320660.28,1664009.22,1.32066E+13
2019-10209-8/07/2020,2 Metropolitan,SALISBURY,5108,CITY OF SALISBURY,2,0,0,0,0,2019,October,Tuesday,3:45 PM,60,T-Junction,Straight road,Level,Not Applicable,Sealed,Dry,Not Raining,Daylight,Rear End,2,Driver Rider,1: PDO,No Control,,,1332486.32,1688880.6,1.33249E+13
2019-10210-8/07/2020,2 Metropolitan,MODBURY,5092,CITY OF TEA TREE GULLY,2,0,0,0,0,2019,October,Tuesday,4:15 PM,60,T-Junction,Straight road,Slope,Not Applicable,Sealed,Dry,Not Raining,Daylight,Rear End,2,Driver Rider,1: PDO,No Control,,,1336100.9,1680594.93,1.3361E+13
2019-10211-8/07/2020,1 City,NORTH ADELAIDE,5006,CITY OF ADELAIDE,2,1,0,1,0,2019,October,Tuesday,5:45 PM,50,Cross Road,Straight road,Level,Not Applicable,Sealed,Dry,Not Raining,Daylight,Side Swipe,1,Driver Rider,3: SI,Traffic Signals,,,1328428.41,1671809.75,1.32843E+13
2019-10212-8/07/2020,2 Metropolitan,UNLEY,5061,CITY OF UNLEY,2,0,0,0,0,2019,October,Tuesday,5:35 PM,50,Not Divided,Straight road,Level,Not Applicable,Sealed,Dry,Not Raining,Daylight,Side Swipe,1,Driver Rider,1: PDO,No Control,,,1329718.22,1667627.78,1.32972E+13
2019-10213-8/07/2020,2 Metropolitan,KILBURN,5084,CITY OF PORT ADELAIDE ENFIELD,2,0,0,0,0,2019,October,Tuesday,6:18 PM,50,Not Divided,Straight road,Level,Not Applicable,Sealed,Dry,Not Raining,Daylight,Hit Fixed Object,1,Driver Rider,1: PDO,No Control,,,1327866.7,1678781.24,1.32787E+13
2019-10214-8/07/2020,2 Metropolitan,WINGFIELD,5013,CITY OF PORT ADELAIDE ENFIELD,2,0,0,0,0,2019,October,Tuesday,5:10 PM,60,Cross Road,Straight road,Level,Not Applicable,Sealed,Dry,Not Raining,Daylight,Rear End,2,Driver Rider,1: PDO,Traffic Signals,,,1323891.5,1680181.33,1.32389E+13
2019-10215-8/07/2020,2 Metropolitan,SALISBURY,5108,CITY OF SALISBURY,2,0,0,0,0,2019,October,Tuesday,7:45 PM,60,Cross Road,Straight road,Level,Not Applicable,Sealed,Dry,Not Raining,Night,Right Angle,2,Driver Rider,1: PDO,Traffic Signals,,,1332794.38,1688504.36,1.33279E+13
2019-10216-8/07/2020,3 Country,PARIS CREEK,5201,ALEXANDRINA COUNCIL,2,0,0,0,0,2019,October,Tuesday,6:30 PM,80,Not Divided,"CURVED, VIEW OBSCURED",Slope,Not Applicable,Sealed,Wet,Raining,Daylight,Head On,2,Driver Rider,1: PDO,No Control,,,1346666.39,1637662.2,1.34667E+13
2019-10217-8/07/2020,2 Metropolitan,SHEIDOW PARK,5158,CC MARION.                    ,4,0,0,0,0,2019,October,Wednesday,3:45 AM,80,Divided Road,Straight road,Level,Not Applicable,Sealed,Wet,Raining,Night,Hit Fixed Object,1,Driver Rider,1: PDO,No Control,,,1320591.76,1654133.32,1.32059E+13
2019-10218-8/07/2020,2 Metropolitan,HUNTFIELD HEIGHTS,5163,CITY OF ONKAPARINGA,2,1,0,1,0,2019,October,Wednesday,5:35 AM,80,Divided Road,Straight road,Level,Not Applicable,Sealed,Wet,Not Raining,Night,Hit Pedestrian,2,Pedestrian,3: SI,No Control,,,1320308.65,1645103.98,1.32031E+13
2019-10219-8/07/2020,2 Metropolitan,HILTON,5033,CITY OF WEST TORRENS,3,1,0,0,1,2019,October,Wednesday,7:18 AM,60,Divided Road,Straight road,Level,Not Applicable,Sealed,Wet,Raining,Daylight,Rear End,2,Driver Rider,2: MI,No Control,,,1325768.56,1670272.56,1.32577E+13
2019-10220-8/07/2020,2 Metropolitan,MANNINGHAM,5086,WALKERVILLE TOWN COUNCIL,3,2,0,0,2,2019,October,Wednesday,7:20 AM,60,Divided Road,Straight road,Level,Not Applicable,Sealed,Wet,Raining,Daylight,Rear End,1,Driver Rider,2: MI,No Control,,,1330667.89,1675367.11,1.33067E+13
2019-10221-8/07/2020,2 Metropolitan,PARA HILLS,5096,CITY OF SALISBURY,3,0,0,0,0,2019,October,Wednesday,8:15 AM,60,Divided Road,Straight road,Bottom of Hill,Not Applicable,Sealed,Wet,Not Raining,Daylight,Rear End,1,Driver Rider,1: PDO,No Control,,,1334381.25,1684400.75,1.33438E+13
2019-10222-8/07/2020,3 Country,MURRAY BRIDGE,5253,RC MURRAY BRIDGE.             ,2,0,0,0,0,2019,October,Wednesday,8:30 AM,50,Cross Road,Straight road,Bottom of Hill,Not Applicable,Sealed,Wet,Raining,Daylight,Right Angle,2,Driver Rider,1: PDO,Give Way Sign,,,1389372.14,1646826.6,1.38937E+13
2019-10223-8/07/2020,2 Metropolitan,PARA HILLS,5096,CITY OF SALISBURY,2,1,0,0,1,2019,October,Wednesday,8:34 AM,60,Divided Road,Straight road,Bottom of Hill,Not Applicable,Sealed,Wet,Not Raining,Daylight,Rear End,1,Driver Rider,2: MI,No Control,,,1334314.83,1684502.75,1.33432E+13
2019-10224-8/07/2020,2 Metropolitan,PARAFIELD GARDENS,5107,CITY OF SALISBURY,2,0,0,0,0,2019,October,Tuesday,5:10 PM,50,Not Divided,Straight road,Level,Not Applicable,Sealed,Dry,Not Raining,Daylight,Side Swipe,2,Driver Rider,1: PDO,No Control,,,1331466.15,1686422,1.33147E+13
2019-10225-8/07/2020,2 Metropolitan,BUCKLAND PARK,5120,CITY OF PLAYFORD.,2,1,0,1,0,2019,October,Wednesday,8:00 AM,50,Not Divided,Straight road,Level,Not Applicable,Sealed,Wet,Not Raining,Daylight,Hit Fixed Object,1,Driver Rider,3: SI,No Control,,,1323409.16,1698344.12,1.32341E+13
2019-10226-8/07/2020,2 Metropolitan,LINDEN PARK,5065,CITY OF BURNSIDE,3,0,0,0,0,2019,October,Wednesday,7:30 AM,60,Divided Road,Straight road,Level,Not Applicable,Sealed,Wet,Raining,Daylight,Rear End,1,Driver Rider,1: PDO,No Control,,,1332313.71,1668997.83,1.33231E+13
2019-10227-8/07/2020,2 Metropolitan,NORTH ADELAIDE,5006,CITY OF CHARLES STURT,3,0,0,0,0,2019,October,Wednesday,9:30 AM,60,Divided Road,Straight road,Slope,"Bridge, Culvert, Causeway",Sealed,Wet,Raining,Daylight,Rear End,1,Driver Rider,1: PDO,No Control,,,1327153.26,1673290.92,1.32715E+13
2019-10228-8/07/2020,2 Metropolitan,ALDINGA,5173,CITY OF ONKAPARINGA,2,0,0,0,0,2019,October,Tuesday,3:40 PM,90,Not Divided,Straight road,Level,Not Applicable,Sealed,Dry,Not Raining,Daylight,Rear End,2,Driver Rider,1: PDO,No Control,,,1317745.46,1634869.74,1.31775E+13
2019-10229-8/07/2020,2 Metropolitan,DAW PARK,5041,CC MITCHAM.                   ,2,1,0,0,1,2019,October,Wednesday,9:35 AM,60,Divided Road,Straight road,Level,Not Applicable,Sealed,Wet,Raining,Daylight,Rear End,2,Driver Rider,2: MI,No Control,,,1327550.7,1664593.15,1.32755E+13
2019-10230-8/07/2020,2 Metropolitan,BROADVIEW,5083,CITY OF PROSPECT,2,1,0,0,1,2019,October,Wednesday,7:45 AM,60,Multiple,Straight road,Level,Not Applicable,Sealed,Dry,Not Raining,Daylight,Right Angle,1,Driver Rider,2: MI,Stop Sign,,,1330457.88,1676005.78,1.33046E+13
2019-10231-8/07/2020,2 Metropolitan,GREENACRES,5086,CITY OF PORT ADELAIDE ENFIELD,2,0,0,0,0,2019,October,Wednesday,8:10 AM,50,Cross Road,Straight road,Level,Not Applicable,Sealed,Wet,Not Raining,Daylight,Right Angle,2,Driver Rider,1: PDO,Give Way Sign,,,1331370.67,1676703.09,1.33137E+13
2019-10232-8/07/2020,3 Country,MUSTON,5221,KANGAROO ISLAND COUNCIL,2,0,0,0,0,2019,October,Wednesday,9:40 AM,100,Not Divided,"CURVED, VIEW OBSCURED",Level,Driveway or Entrance,Sealed,Dry,Not Raining,Daylight,Rear End,1,Driver Rider,1: PDO,No Control,,,1246635.62,1571884.76,1.24664E+13
2019-10233-8/07/2020,2 Metropolitan,DRY CREEK,5094,CITY OF SALISBURY,4,0,0,0,0,2019,October,Wednesday,8:30 AM,90,Freeway,Straight road,Level,Not Applicable,Sealed,Dry,Not Raining,Daylight,Hit Object on Road,1,Driver Rider,1: PDO,No Control,,,1328108.62,1682630.99,1.32811E+13
2019-10234-8/07/2020,3 Country,MILLICENT,5280,WATTLE RANGE COUNCIL,2,1,0,0,1,2019,October,Wednesday,8:58 AM,110,Not Divided,Straight road,Level,Not Applicable,Sealed,Wet,Raining,Daylight,Other,2,No Unit or User Responsible,2: MI,No Control,,,1476536.96,1364112.91,1.47654E+13
2019-10235-8/07/2020,2 Metropolitan,PARADISE,5075,CC CAMPBELLTOWN.              ,2,0,0,0,0,2019,October,Wednesday,8:30 AM,60,T-Junction,Straight road,Level,Not Applicable,Sealed,Wet,Raining,Daylight,Right Turn,2,Driver Rider,1: PDO,No Control,,,1335656.33,1676655.96,1.33566E+13
2019-10236-8/07/2020,2 Metropolitan,PARADISE,5075,CC CAMPBELLTOWN.              ,2,1,0,0,1,2019,October,Wednesday,8:10 AM,50,T-Junction,Straight road,Level,Not Applicable,Sealed,Dry,Not Raining,Daylight,Right Angle,1,Driver Rider,2: MI,No Control,,,1334246.3,1676828.61,1.33425E+13
2019-10237-8/07/2020,2 Metropolitan,REGENCY PARK,5010,CITY OF PORT ADELAIDE ENFIELD,3,0,0,0,0,2019,October,Wednesday,7:45 AM,60,Divided Road,Straight road,Level,Driveway or Entrance,Sealed,Wet,Not Raining,Daylight,Rear End,1,Driver Rider,1: PDO,No Control,,,1325725.28,1676366.73,1.32573E+13
2019-10238-8/07/2020,2 Metropolitan,REGENCY PARK,5010,CITY OF PORT ADELAIDE ENFIELD,2,0,0,0,0,2019,October,Tuesday,9:26 AM,60,Divided Road,Straight road,Level,Not Applicable,Sealed,Dry,Not Raining,Daylight,Rear End,2,Driver Rider,1: PDO,No Control,,,1326092.23,1676366.59,1.32609E+13
2019-10239-8/07/2020,2 Metropolitan,HAMPSTEAD GARDENS,5086,CITY OF PORT ADELAIDE ENFIELD,2,0,0,0,0,2019,October,Tuesday,1:20 PM,60,T-Junction,Straight road,Level,Not Applicable,Sealed,Dry,Not Raining,Daylight,Right Angle,2,Driver Rider,1: PDO,Stop Sign,,,1331523.2,1676587.57,1.33152E+13