REPORT_ID,Stats Area,Suburb,Postcode,LGA Name,Total Units,Total Cas,Total Fats,Total SI,Total MI,Year,Month,Day,Time,Area Speed,Position Type,Horizontal Align,Vertical Align,Other Feat,Road Surface,Moisture Cond,Weather Cond,DayNight,Crash Type,Unit Resp,Entity Code,CSEF Severity,Traffic Ctrls,DUI Involved,Drugs Involved,ACCLOC_X,ACCLOC_Y,UNIQUE_LOC
2019-10320-8/07/2020,2 Metropolitan,WINGFIELD,5013,CITY OF PORT ADELAIDE ENFIELD,2,0,0,0,0,2019,October,Friday,7:50 AM,50,Not Divided,Straight road,Level,Driveway or Entrance,Sealed,Dry,Not Raining,Daylight,Side Swipe,2,Driver Rider,1: PDO,No Control,,,1325195.54,1680210.3,1.3252E+13
2019-10321-8/07/2020,2 Metropolitan,CAVAN,5094,CITY OF SALISBURY,2,1,0,0,1,2019,October,Friday,6:10 AM,70,Cross Road,Straight road,Level,Not Applicable,Sealed,Dry,Not Raining,Night,Rear End,2,Driver Rider,2: MI,Traffic Signals,,,1328738.31,1681559.52,1.32874E+13
2019-10322-8/07/2020,3 Country,MOUNT GAMBIER,5290,CC MT.GAMBIER.                ,2,0,0,0,0,2019,October,Friday,2:20 PM,60,T-Junction,Straight road,Level,Not Applicable,Sealed,Wet,Unknown,Daylight,Right Angle,1,Driver Rider,1: PDO,No Control,,,1511112.09,1342393.7,1.51111E+13
2019-10323-8/07/2020,2 Metropolitan,SMITHFIELD PLAINS,5114,CITY OF PLAYFORD.,2,1,0,0,1,2019,October,Friday,2:36 PM,60,T-Junction,Straight road,Level,Not Applicable,Sealed,Dry,Not Raining,Daylight,Right Angle,2,Driver Rider,2: MI,No Control,,,1336899.06,1697749.75,1.3369E+13
2019-10324-8/07/2020,2 Metropolitan,WAYVILLE,5034,CITY OF UNLEY,2,0,0,0,0,2019,October,Thursday,4:15 PM,60,T-Junction,Straight road,Level,Not Applicable,Sealed,Dry,Not Raining,Daylight,Right Angle,2,Driver Rider,1: PDO,No Control,,,1327449.34,1668238.38,1.32745E+13
2019-10325-8/07/2020,2 Metropolitan,ANGLE VALE,5117,CITY OF PLAYFORD.,2,0,0,0,0,2019,October,Friday,3:10 PM,110,Freeway,Straight road,Level,Not Applicable,Sealed,Dry,Not Raining,Daylight,Hit Fixed Object,1,Driver Rider,1: PDO,No Control,,,1336884.16,1704636.81,1.33688E+13
2019-10326-8/07/2020,2 Metropolitan,EDWARDSTOWN,5039,CC MARION.                    ,4,1,0,0,1,2019,October,Friday,3:30 PM,60,T-Junction,Straight road,Level,Driveway or Entrance,Sealed,Dry,Not Raining,Daylight,Right Angle,2,Driver Rider,2: MI,Traffic Signals,,Y,1325932.87,1664392.69,1.32593E+13
2019-10327-8/07/2020,2 Metropolitan,NORTHFIELD,5085,CITY OF PORT ADELAIDE ENFIELD,2,1,0,0,1,2019,October,Friday,3:40 PM,50,Not Divided,Straight road,Level,Not Applicable,Sealed,Dry,Not Raining,Daylight,Hit Fixed Object,1,Driver Rider,2: MI,No Control,Y,Y,1330909.28,1678862.37,1.33091E+13
2019-10328-8/07/2020,2 Metropolitan,WATERLOO CORNER,5110,CITY OF PLAYFORD.,2,0,0,0,0,2019,October,Friday,2:15 PM,90,Divided Road,Straight road,Level,Not Applicable,Sealed,Dry,Not Raining,Daylight,Side Swipe,2,Driver Rider,1: PDO,No Control,,,1326986.57,1694723.91,1.32699E+13
2019-10329-8/07/2020,2 Metropolitan,ABERFOYLE PARK,5159,CITY OF ONKAPARINGA,2,1,0,0,1,2019,October,Friday,11:45 AM,50,T-Junction,Straight road,Level,Not Applicable,Sealed,Dry,Not Raining,Daylight,Right Angle,2,Driver Rider,2: MI,Stop Sign,,,1329099.9,1654828.31,1.3291E+13
2019-10330-8/07/2020,2 Metropolitan,VIRGINIA,5120,CITY OF PLAYFORD.,2,0,0,0,0,2019,October,Friday,2:30 PM,50,Cross Road,Straight road,Level,Not Applicable,Sealed,Dry,Not Raining,Daylight,Right Angle,2,Driver Rider,1: PDO,Give Way Sign,,,1325887.09,1699295.25,1.32589E+13
2019-10331-8/07/2020,2 Metropolitan,ADELAIDE AIRPORT,5950,CITY OF WEST TORRENS,2,0,0,0,0,2019,October,Friday,5:33 PM,80,Divided Road,Straight road,Level,Not Applicable,Sealed,Dry,Not Raining,Daylight,Rear End,2,Driver Rider,1: PDO,No Control,,,1320893.46,1669689.97,1.32089E+13
2019-10332-8/07/2020,2 Metropolitan,LOWER MITCHAM,5062,CC MITCHAM.                   ,2,1,0,0,1,2019,October,Friday,2:04 PM,60,T-Junction,Straight road,Level,Not Applicable,Sealed,Dry,Not Raining,Daylight,Right Turn,2,Driver Rider,2: MI,Traffic Signals,,,1329170.96,1665061.71,1.32917E+13
2019-10333-8/07/2020,2 Metropolitan,RICHMOND,5033,CITY OF WEST TORRENS,2,0,0,0,0,2019,October,Friday,6:31 PM,50,Not Divided,Straight road,Level,Not Applicable,Sealed,Dry,Not Raining,Daylight,Hit Parked Vehicle,1,Driver Rider,1: PDO,No Control,,,1325309.49,1669840.37,1.32531E+13
2019-10334-8/07/2020,2 Metropolitan,SEAVIEW DOWNS,5049,CC MARION.                    ,2,0,0,0,0,2019,October,Wednesday,11:00 AM,50,Not Divided,Unknown,Unknown,Not Applicable,Sealed,Dry,Not Raining,Daylight,Hit Parked Vehicle,2,Driver Rider,1: PDO,No Control,,,1322449.39,1657931.92,1.32245E+13
2019-10335-8/07/2020,2 Metropolitan,GILLES PLAINS,5086,CITY OF PORT ADELAIDE ENFIELD,2,1,0,0,1,2019,October,Friday,8:15 PM,60,T-Junction,Straight road,Level,Not Applicable,Sealed,Dry,Not Raining,Night,Right Turn,2,Driver Rider,2: MI,Traffic Signals,,,1333635.76,1678283.55,1.33364E+13
2019-10336-8/07/2020,2 Metropolitan,ENFIELD,5085,CITY OF PORT ADELAIDE ENFIELD,3,1,0,0,1,2019,October,Friday,9:15 PM,60,Divided Road,Straight road,Level,Not Applicable,Sealed,Dry,Not Raining,Night,Head On,1,Driver Rider,2: MI,No Control,,,1328847.84,1677142.79,1.32885E+13
2019-10337-8/07/2020,2 Metropolitan,MODBURY,5092,CITY OF TEA TREE GULLY,2,0,0,0,0,2019,October,Friday,4:07 PM,60,Divided Road,Straight road,Level,Not Applicable,Sealed,Dry,Not Raining,Daylight,Right Angle,2,Driver Rider,1: PDO,No Control,,,1336873.91,1680674.89,1.33687E+13
2019-10338-8/07/2020,2 Metropolitan,GLENELG NORTH,5045,CITY OF HOLDFAST BAY,2,1,0,0,1,2019,October,Saturday,12:00 AM,60,Divided Road,Straight road,Level,Not Applicable,Sealed,Wet,Raining,Night,Hit Parked Vehicle,1,Driver Rider,2: MI,No Control,Y,,1321880.03,1665330.79,1.32188E+13
2019-10339-8/07/2020,2 Metropolitan,BRAHMA LODGE,5109,CITY OF SALISBURY,4,0,0,0,0,2019,October,Friday,11:50 PM,50,T-Junction,Straight road,Level,Not Applicable,Sealed,Dry,Not Raining,Night,Hit Fixed Object,1,Driver Rider,1: PDO,No Control,,,1333679.08,1687338.66,1.33368E+13
2019-10340-8/07/2020,2 Metropolitan,CRAFERS WEST,5152,THE ADELAIDE HILLS COUNCIL,2,0,0,0,0,2019,October,Saturday,2:58 AM,100,Freeway,"CURVED, VIEW OPEN",Slope,Not Applicable,Sealed,Wet,Not Raining,Night,Rear End,2,Driver Rider,1: PDO,No Control,,,1336529.87,1663786.18,1.33653E+13
2019-10341-8/07/2020,3 Country,COWELL,5602,DC FRANKLIN HARBOR.           ,1,2,0,1,1,2019,October,Saturday,5:10 AM,110,Not Divided,Straight road,Level,Not Applicable,Sealed,Dry,Not Raining,Night,Roll Over,1,Driver Rider,3: SI,No Control,,Y,1172618.74,1812884.71,1.17262E+13
2019-10342-8/07/2020,2 Metropolitan,HILTON,5033,CITY OF WEST TORRENS,2,0,0,0,0,2019,October,Saturday,10:40 AM,60,Divided Road,Straight road,Level,Not Applicable,Sealed,Dry,Not Raining,Daylight,Rear End,2,Driver Rider,1: PDO,No Control,,,1325767.42,1670296.93,1.32577E+13
2019-10343-8/07/2020,2 Metropolitan,OAKDEN,5086,CITY OF PORT ADELAIDE ENFIELD,2,0,0,0,0,2019,October,Saturday,11:30 AM,50,Cross Road,Straight road,Level,Not Applicable,Sealed,Dry,Not Raining,Daylight,Right Angle,2,Driver Rider,1: PDO,Roundabout,,,1332046.12,1678084.56,1.33205E+13
2019-10344-8/07/2020,2 Metropolitan,MODBURY,5092,CITY OF TEA TREE GULLY,2,0,0,0,0,2019,October,Friday,11:30 AM,60,T-Junction,Straight road,Level,Driveway or Entrance,Sealed,Dry,Not Raining,Daylight,Side Swipe,1,Driver Rider,1: PDO,Traffic Signals,,,1337219.14,1681140.51,1.33722E+13
2019-10345-8/07/2020,1 City,NORTH ADELAIDE,5006,CITY OF ADELAIDE,2,0,0,0,0,2019,October,Friday,4:26 PM,50,Divided Road,Straight road,Level,Not Applicable,Sealed,Dry,Not Raining,Daylight,Rear End,1,Driver Rider,1: PDO,No Control,,,1328125.25,1673118.62,1.32813E+13
2019-10346-8/07/2020,2 Metropolitan,SEAVIEW DOWNS,5049,CC MARION.                    ,2,0,0,0,0,2019,October,Saturday,11:50 AM,60,Cross Road,Straight road,Level,Not Applicable,Sealed,Dry,Not Raining,Daylight,Right Angle,2,Driver Rider,1: PDO,Roundabout,,,1322813.34,1659390.01,1.32281E+13
2019-10347-8/07/2020,3 Country,WHYALLA PLAYFORD,5600,CC WHYALLA.                   ,2,0,0,0,0,2019,October,Saturday,9:00 AM,50,Not Divided,Straight road,Level,Driveway or Entrance,Sealed,Dry,Not Raining,Daylight,Rear End,1,Driver Rider,1: PDO,No Control,,,1239547.27,1883650.86,1.23955E+13
2019-10348-8/07/2020,2 Metropolitan,ATHOL PARK,5012,CITY OF CHARLES STURT,2,0,0,0,0,2019,October,Saturday,12:28 PM,60,T-Junction,Straight road,Level,Not Applicable,Sealed,Dry,Not Raining,Daylight,Right Angle,1,Driver Rider,1: PDO,No Control,,,1323922.85,1678393.46,1.32392E+13
2019-10349-8/07/2020,2 Metropolitan,UNLEY,5061,CITY OF UNLEY,3,0,0,0,0,2019,October,Saturday,12:30 PM,40,T-Junction,Straight road,Level,Not Applicable,Sealed,Dry,Not Raining,Daylight,Hit Parked Vehicle,1,Driver Rider,1: PDO,No Control,,,1328615.43,1667714.92,1.32862E+13
2019-10350-8/07/2020,2 Metropolitan,INGLE FARM,5098,CITY OF SALISBURY,2,0,0,0,0,2019,October,Saturday,12:40 PM,50,Not Divided,Straight road,Level,Driveway or Entrance,Sealed,Dry,Not Raining,Daylight,Hit Parked Vehicle,1,Driver Rider,1: PDO,No Control,,,1332153.13,1681007.39,1.33215E+13
2019-10351-8/07/2020,2 Metropolitan,ELIZABETH EAST,5112,CITY OF PLAYFORD.,2,0,0,0,0,2019,October,Saturday,12:00 PM,80,Divided Road,Straight road,Level,Not Applicable,Sealed,Dry,Not Raining,Daylight,Side Swipe,1,Driver Rider,1: PDO,No Control,,,1335971.17,1693198.15,1.33597E+13
2019-10352-8/07/2020,2 Metropolitan,MELROSE PARK,5039,CC MARION.                    ,2,0,0,0,0,2019,October,Friday,3:00 PM,60,Divided Road,Straight road,Level,Not Applicable,Sealed,Dry,Not Raining,Daylight,Rear End,2,Driver Rider,1: PDO,No Control,,,1325907.32,1664933.6,1.32591E+13
2019-10353-8/07/2020,2 Metropolitan,NORTHFIELD,5085,CITY OF PORT ADELAIDE ENFIELD,2,0,0,0,0,2019,October,Saturday,1:54 PM,60,Divided Road,Straight road,Level,Not Applicable,Sealed,Dry,Not Raining,Daylight,Rear End,1,Driver Rider,1: PDO,No Control,,,1330383.1,1678849.18,1.33038E+13
2019-10354-8/07/2020,2 Metropolitan,BOLIVAR,5110,CITY OF SALISBURY,4,0,0,0,0,2019,October,Saturday,12:10 PM,90,Divided Road,Straight road,Level,Not Applicable,Sealed,Dry,Not Raining,Daylight,Hit Fixed Object,1,Driver Rider,1: PDO,No Control,,,1328330.12,1689135.22,1.32833E+13
2019-10355-8/07/2020,2 Metropolitan,NAILSWORTH,5083,CITY OF PROSPECT,2,0,0,0,0,2019,October,Friday,2:34 PM,60,Divided Road,Straight road,Level,Not Applicable,Sealed,Dry,Not Raining,Daylight,Rear End,2,Driver Rider,1: PDO,No Control,,,1328888.46,1675540.87,1.32889E+13
2019-10356-8/07/2020,2 Metropolitan,PARKSIDE,5063,CITY OF UNLEY,2,0,0,0,0,2019,October,Saturday,10:20 AM,60,Not Divided,Straight road,Level,Not Applicable,Sealed,Dry,Not Raining,Daylight,Side Swipe,1,Driver Rider,1: PDO,No Control,,,1330032.14,1668856.73,1.33003E+13
2019-10357-8/07/2020,2 Metropolitan,HAHNDORF,5245,DC MT.BARKER.                 ,2,0,0,0,0,2019,October,Saturday,2:00 PM,40,T-Junction,Straight road,Level,Not Applicable,Sealed,Dry,Not Raining,Daylight,Hit Parked Vehicle,2,Driver Rider,1: PDO,No Control,,,1347414.94,1658218.43,1.34742E+13
2019-10358-8/07/2020,2 Metropolitan,MAWSON LAKES,5095,CITY OF SALISBURY,3,0,0,0,0,2019,October,Saturday,3:07 PM,50,Not Divided,Straight road,Level,Not Applicable,Sealed,Dry,Not Raining,Daylight,Hit Parked Vehicle,1,Driver Rider,1: PDO,No Control,,,1329726.24,1684265.41,1.32973E+13
2019-10359-8/07/2020,2 Metropolitan,SALISBURY DOWNS,5108,CITY OF SALISBURY,2,0,0,0,0,2019,October,Saturday,2:15 PM,60,Not Divided,Straight road,Level,Not Applicable,Sealed,Dry,Not Raining,Daylight,Hit Pedestrian,1,Driver Rider,1: PDO,No Control,,,1330846.7,1687938.89,1.33085E+13
2019-10360-8/07/2020,3 Country,RISDON PARK,5540,PT.PIRIE CITY & DIST. COUNCIL ,2,3,0,0,3,2019,October,Saturday,2:45 PM,50,Cross Road,Straight road,Level,Not Applicable,Sealed,Dry,Not Raining,Daylight,Right Angle,2,Driver Rider,2: MI,Give Way Sign,,,1278876.06,1864545.32,1.27888E+13
2019-10361-8/07/2020,1 City,NORTH ADELAIDE,5006,CITY OF ADELAIDE,2,0,0,0,0,2019,October,Saturday,4:20 PM,50,Cross Road,Straight road,Level,Not Applicable,Sealed,Dry,Not Raining,Daylight,Right Angle,1,Driver Rider,1: PDO,Traffic Signals,,,1329586.59,1672940.18,1.32959E+13
2019-10362-8/07/2020,2 Metropolitan,HILLCREST,5086,CITY OF PORT ADELAIDE ENFIELD,2,0,0,0,0,2019,October,Saturday,4:30 PM,50,Not Divided,Straight road,Level,Driveway or Entrance,Sealed,Dry,Not Raining,Daylight,Rear End,1,Driver Rider,1: PDO,No Control,,,1332077.2,1677105.95,1.33208E+13
2019-10363-8/07/2020,1 City,ADELAIDE,5000,CITY OF ADELAIDE,2,0,0,0,0,2019,October,Saturday,5:34 PM,50,Not Divided,Straight road,Level,Not Applicable,Sealed,Dry,Not Raining,Daylight,Rear End,2,Driver Rider,1: PDO,No Control,,,1328679.8,1671199.41,1.32868E+13
2019-10364-8/07/2020,2 Metropolitan,SEATON,5023,CITY OF CHARLES STURT,2,0,0,0,0,2019,October,Saturday,3:15 PM,60,Divided Road,Straight road,Level,Not Applicable,Sealed,Dry,Not Raining,Daylight,Rear End,1,Driver Rider,1: PDO,No Control,,,1320744.11,1674962.2,1.32074E+13
2019-10365-8/07/2020,2 Metropolitan,MODBURY,5092,CITY OF TEA TREE GULLY,2,1,0,0,1,2019,October,Saturday,4:35 PM,50,Not Divided,Straight road,Level,Driveway or Entrance,Sealed,Dry,Not Raining,Daylight,Hit Parked Vehicle,1,Driver Rider,2: MI,No Control,,,1335409.25,1680798.75,1.33541E+13
2019-10366-8/07/2020,2 Metropolitan,STEPNEY,5069,"CC OF NORWOOD,PAYNEHAM & ST PETERS",2,0,0,0,0,2019,October,Saturday,7:25 PM,60,Not Divided,Straight road,Level,Not Applicable,Sealed,Dry,Not Raining,Daylight,Hit Pedestrian,2,Pedestrian,1: PDO,No Control,,,1331266.92,1672602.85,1.33127E+13
2019-10367-8/07/2020,2 Metropolitan,GAWLER,5118,CT GAWLER.                    ,2,0,0,0,0,2019,October,Saturday,6:50 PM,50,Cross Road,"CURVED, VIEW OPEN",Level,Not Applicable,Sealed,Dry,Not Raining,Daylight,Hit Fixed Object,1,Driver Rider,1: PDO,Traffic Signals,,,1343262.87,1705915.87,1.34326E+13
2019-10368-8/07/2020,2 Metropolitan,ONKAPARINGA HILLS,5163,CITY OF ONKAPARINGA,2,0,0,0,0,2019,October,Saturday,8:45 PM,80,Not Divided,"CURVED, VIEW OBSCURED",Level,Not Applicable,Unsealed,Dry,Not Raining,Night,Hit Fixed Object,1,Driver Rider,1: PDO,No Control,,,1326543.82,1646983.28,1.32654E+13
2019-10369-8/07/2020,2 Metropolitan,FULHAM,5024,CITY OF WEST TORRENS,3,0,0,0,0,2019,October,Saturday,8:55 PM,50,Not Divided,Straight road,Level,Not Applicable,Sealed,Dry,Not Raining,Night,Hit Fixed Object,1,Driver Rider,1: PDO,No Control,,,1320558.28,1670405.16,1.32056E+13
2019-10370-8/07/2020,2 Metropolitan,BELAIR,5052,CC MITCHAM.                   ,2,0,0,0,0,2019,October,Saturday,9:10 PM,60,Not Divided,"CURVED, VIEW OBSCURED",Crest of Hill,Not Applicable,Sealed,Dry,Not Raining,Night,Hit Fixed Object,1,Driver Rider,1: PDO,No Control,,,1329421.95,1662301.12,1.32942E+13
2019-10371-8/07/2020,2 Metropolitan,HILLCREST,5086,CITY OF PORT ADELAIDE ENFIELD,2,0,0,0,0,2019,October,Saturday,7:20 PM,50,T-Junction,Straight road,Level,Roadworks,Unsealed,Dry,Not Raining,Daylight,Hit Fixed Object,1,Driver Rider,1: PDO,No Control,,,1332430.17,1677538.19,1.33243E+13
2019-10372-8/07/2020,2 Metropolitan,SALISBURY EAST,5109,CITY OF SALISBURY,5,1,0,1,0,2019,October,Saturday,9:59 PM,80,Cross Road,Straight road,Level,Not Applicable,Sealed,Dry,Not Raining,Night,Right Angle,1,Driver Rider,3: SI,Traffic Signals,,Y,1333980.46,1686298.22,1.33398E+13
2019-10373-8/07/2020,2 Metropolitan,MCLAREN VALE,5171,CITY OF ONKAPARINGA,3,3,1,1,1,2019,October,Saturday,11:11 PM,80,Not Divided,Straight road,Crest of Hill,Not Applicable,Sealed,Dry,Not Raining,Night,Hit Pedestrian,2,Pedestrian,4: Fatal,No Control,,,1319447.39,1640945.48,1.31945E+13
2019-10374-8/07/2020,1 City,NORTH ADELAIDE,5006,CITY OF ADELAIDE,2,0,0,0,0,2019,October,Sunday,1:30 AM,50,Cross Road,Straight road,Level,Not Applicable,Sealed,Dry,Not Raining,Night,Right Angle,1,Driver Rider,1: PDO,Traffic Signals,,,1329586.59,1672940.18,1.32959E+13
2019-10375-8/07/2020,2 Metropolitan,MUNNO PARA,5115,CITY OF PLAYFORD.,2,1,0,0,1,2019,October,Sunday,12:30 AM,50,Not Divided,Straight road,Level,Not Applicable,Sealed,Dry,Not Raining,Night,Hit Pedestrian,1,Driver Rider,2: MI,No Control,,,1338126.87,1698414.9,1.33813E+13
2019-10376-8/07/2020,3 Country,PALLAMANA,5254,RC MURRAY BRIDGE.             ,2,0,0,0,0,2019,October,Sunday,1:00 AM,100,Not Divided,Straight road,Level,Not Applicable,Sealed,Dry,Not Raining,Night,Hit Animal,2,Animal,1: PDO,No Control,,,1388208.84,1657695.45,1.38821E+13
2019-10377-8/07/2020,3 Country,PORT AUGUSTA,5700,CC PT.AUGUSTA.                ,2,0,0,0,0,2019,October,Sunday,7:15 AM,80,T-Junction,Straight road,Level,Not Applicable,Sealed,Dry,Not Raining,Daylight,Right Angle,1,Driver Rider,1: PDO,Give Way Sign,,,1262757.49,1940031.5,1.26276E+13
2019-10378-8/07/2020,1 City,ADELAIDE,5000,CITY OF ADELAIDE,2,0,0,0,0,2019,October,Saturday,11:23 AM,50,Not Divided,"CURVED, VIEW OPEN",Level,Not Applicable,Sealed,Dry,Not Raining,Daylight,Hit Parked Vehicle,1,Driver Rider,1: PDO,No Control,,,1328429.74,1670265.99,1.32843E+13
2019-10379-8/07/2020,3 Country,KEITH,5267,DC TATIARA.                   ,1,0,0,0,0,2019,October,Sunday,1:00 AM,110,Not Divided,Straight road,Level,Not Applicable,Sealed,Dry,Not Raining,Night,Roll Over,1,Driver Rider,1: PDO,No Control,,,1478930.05,1525997.41,1.47893E+13
2019-10380-8/07/2020,2 Metropolitan,ECHUNGA,5153,DC MT.BARKER.                 ,2,0,0,0,0,2019,October,Sunday,10:25 AM,60,Not Divided,Straight road,Level,Not Applicable,Sealed,Dry,Not Raining,Daylight,Hit Fixed Object,1,Driver Rider,1: PDO,No Control,,,1345422.52,1650659.45,1.34542E+13
2019-10381-8/07/2020,2 Metropolitan,GLENGOWRIE,5044,CC MARION.                    ,3,0,0,0,0,2019,October,Saturday,8:30 AM,50,Cross Road,Straight road,Level,Not Applicable,Sealed,Dry,Not Raining,Daylight,Hit Fixed Object,1,Driver Rider,1: PDO,Give Way Sign,,,1321971.06,1664291.06,1.32197E+13
2019-10382-8/07/2020,2 Metropolitan,FLAGSTAFF HILL,5159,CITY OF ONKAPARINGA,2,0,0,0,0,2019,October,Sunday,11:10 AM,60,T-Junction,Straight road,Level,Not Applicable,Sealed,Dry,Not Raining,Daylight,Hit Fixed Object,1,Driver Rider,1: PDO,No Control,,,1326903.88,1655081.78,1.3269E+13
2019-10383-8/07/2020,2 Metropolitan,HAPPY VALLEY,5159,CITY OF ONKAPARINGA,2,0,0,0,0,2019,October,Sunday,11:40 AM,80,Cross Road,Straight road,Level,Not Applicable,Sealed,Dry,Not Raining,Daylight,Rear End,2,Driver Rider,1: PDO,Traffic Signals,,,1323029.26,1653595.87,1.32303E+13
2019-10384-8/07/2020,3 Country,CORUNNA STATION,5611,,2,1,0,0,1,2019,October,Sunday,10:30 AM,110,Not Divided,"CURVED, VIEW OPEN",Level,Not Applicable,Sealed,Dry,Not Raining,Daylight,Hit Fixed Object,1,Driver Rider,2: MI,No Control,,,1205894.07,1921549.17,1.20589E+13
2019-10385-8/07/2020,2 Metropolitan,NORTH BRIGHTON,5048,CITY OF HOLDFAST BAY,2,0,0,0,0,2019,October,Saturday,11:20 AM,60,Divided Road,Straight road,Level,Not Applicable,Sealed,Dry,Not Raining,Daylight,Side Swipe,2,Driver Rider,1: PDO,No Control,,,1321098.78,1662030.54,1.3211E+13
2019-10386-8/07/2020,3 Country,NURIOOTPA,5355,LIGHT REGIONAL COUNCIL,2,0,0,0,0,2019,October,Sunday,11:55 AM,100,Cross Road,Straight road,Slope,Not Applicable,Sealed,Dry,Not Raining,Daylight,Right Angle,2,Driver Rider,1: PDO,Give Way Sign,,,1366006.95,1721558.24,1.36601E+13
2019-10387-8/07/2020,2 Metropolitan,HILLCREST,5086,CITY OF PORT ADELAIDE ENFIELD,2,0,0,0,0,2019,October,Sunday,1:20 PM,50,Not Divided,Straight road,Level,Driveway or Entrance,Sealed,Dry,Not Raining,Daylight,Side Swipe,2,Driver Rider,1: PDO,No Control,,,1333691.78,1678065.29,1.33369E+13
2019-10388-8/07/2020,3 Country,BOWER,5374,MID MURRAY DISTRICT COUNCIL,2,1,0,1,0,2019,October,Saturday,12:50 PM,100,Not Divided,Straight road,Level,Not Applicable,Unsealed,Dry,Not Raining,Daylight,Rear End,2,Driver Rider,3: SI,No Control,,,1401270.9,1761105.35,1.40127E+13
2019-10389-8/07/2020,2 Metropolitan,MCLAREN FLAT,5171,CITY OF ONKAPARINGA,2,0,0,0,0,2019,October,Saturday,7:45 PM,80,Not Divided,"CURVED, VIEW OBSCURED",Level,Not Applicable,Sealed,Dry,Not Raining,Night,Hit Object on Road,1,Driver Rider,1: PDO,No Control,,,1329458.89,1640139.86,1.32946E+13
2019-10390-8/07/2020,2 Metropolitan,ATHELSTONE,5076,CC CAMPBELLTOWN.              ,2,0,0,0,0,2019,October,Sunday,1:57 PM,60,T-Junction,Straight road,Level,Not Applicable,Sealed,Dry,Not Raining,Daylight,Right Angle,2,Driver Rider,1: PDO,No Control,,,1338091.82,1676551.75,1.33809E+13
2019-10391-8/07/2020,2 Metropolitan,URRBRAE,5064,CC MITCHAM.                   ,2,0,0,0,0,2019,October,Saturday,8:25 PM,60,Cross Road,Straight road,Level,Not Applicable,Sealed,Dry,Not Raining,Night,Right Turn,1,Driver Rider,1: PDO,Traffic Signals,,,1330765.11,1666293.95,1.33077E+13
2019-10392-8/07/2020,2 Metropolitan,PARADISE,5075,CC CAMPBELLTOWN.              ,2,1,0,0,1,2019,October,Sunday,2:10 PM,60,Cross Road,Straight road,Slope,Not Applicable,Sealed,Dry,Not Raining,Daylight,Rear End,2,Driver Rider,2: MI,Traffic Signals,,,1335197.86,1675910.65,1.3352E+13
2019-10393-8/07/2020,2 Metropolitan,CUDLEE CREEK,5232,THE ADELAIDE HILLS COUNCIL,2,0,0,0,0,2019,October,Sunday,2:00 PM,80,T-Junction,"CURVED, VIEW OBSCURED",Level,Not Applicable,Sealed,Dry,Not Raining,Daylight,Rear End,2,Driver Rider,1: PDO,Stop Sign,,,1350938.3,1677815.1,1.35094E+13
2019-10394-8/07/2020,2 Metropolitan,BROOKLYN PARK,5032,CITY OF WEST TORRENS,3,4,0,0,4,2019,October,Sunday,4:05 PM,60,T-Junction,Straight road,Level,Not Applicable,Sealed,Dry,Not Raining,Daylight,Right Turn,1,Driver Rider,2: MI,Traffic Signals,,,1324123.03,1670938.82,1.32412E+13
2019-10395-8/07/2020,3 Country,INMAN VALLEY,5211,DC YANKALILLA.                ,2,1,0,0,1,2019,October,Sunday,4:00 PM,100,Not Divided,"CURVED, VIEW OPEN",Slope,Not Applicable,Sealed,Dry,Not Raining,Daylight,Hit Fixed Object,1,Driver Rider,2: MI,No Control,Y,,1314680.99,1608387.34,1.31468E+13
2019-10396-8/07/2020,2 Metropolitan,CHRISTIES BEACH,5165,CITY OF ONKAPARINGA,2,1,0,0,1,2019,October,Sunday,7:02 PM,50,Not Divided,Straight road,Slope,Not Applicable,Sealed,Dry,Not Raining,Daylight,Hit Parked Vehicle,1,Driver Rider,2: MI,No Control,,,1316414.75,1647853.57,1.31642E+13
2019-10397-8/07/2020,2 Metropolitan,KLEMZIG,5087,CITY OF PORT ADELAIDE ENFIELD,2,0,0,0,0,2019,October,Sunday,7:36 PM,60,Not Divided,Straight road,Level,Not Applicable,Sealed,Dry,Not Raining,Night,Hit Parked Vehicle,1,Driver Rider,1: PDO,No Control,,,1332068.28,1675226.41,1.33207E+13
2019-10398-8/07/2020,2 Metropolitan,BUGLE RANGES,5251,DC MT.BARKER.                 ,2,0,0,0,0,2019,October,Sunday,10:15 PM,100,Not Divided,"CURVED, VIEW OPEN",Level,Not Applicable,Sealed,Dry,Not Raining,Night,Hit Fixed Object,1,Driver Rider,1: PDO,No Control,,,1353581,1645398.74,1.35358E+13
2019-10399-8/07/2020,2 Metropolitan,FLINDERS PARK,5025,CITY OF CHARLES STURT,2,1,0,0,1,2019,October,Sunday,11:04 PM,60,Divided Road,Straight road,Level,Not Applicable,Sealed,Dry,Not Raining,Night,Hit Fixed Object,1,Driver Rider,2: MI,No Control,,Y,1323253.95,1673150.21,1.32325E+13