REPORT_ID,Stats Area,Suburb,Postcode,LGA Name,Total Units,Total Cas,Total Fats,Total SI,Total MI,Year,Month,Day,Time,Area Speed,Position Type,Horizontal Align,Vertical Align,Other Feat,Road Surface,Moisture Cond,Weather Cond,DayNight,Crash Type,Unit Resp,Entity Code,CSEF Severity,Traffic Ctrls,DUI Involved,Drugs Involved,ACCLOC_X,ACCLOC_Y,UNIQUE_LOC
2019-10400-8/07/2020,2 Metropolitan,BEVERLEY,5008,CITY OF CHARLES STURT,2,0,0,0,0,2019,October,Monday,5:44 AM,60,T-Junction,Straight road,Level,Not Applicable,Sealed,Dry,Not Raining,Night,Side Swipe,2,Driver Rider,1: PDO,Traffic Signals,,,1324144.77,1674680.08,1.32415E+13
2019-10401-8/07/2020,2 Metropolitan,VIRGINIA,5120,CITY OF PLAYFORD.,2,2,0,0,2,2019,October,Monday,6:50 AM,110,T-Junction,Straight road,Level,Not Applicable,Sealed,Dry,Not Raining,Daylight,Right Angle,2,Driver Rider,2: MI,Stop Sign,,,1324127.47,1701207.09,1.32413E+13
2019-10402-8/07/2020,2 Metropolitan,WATERLOO CORNER,5110,CITY OF PLAYFORD.,3,0,0,0,0,2019,October,Monday,7:57 AM,90,Divided Road,Straight road,Level,Not Applicable,Sealed,Dry,Not Raining,Daylight,Rear End,1,Driver Rider,1: PDO,No Control,,,1327150.85,1694060.72,1.32715E+13
2019-10403-8/07/2020,2 Metropolitan,OTTOWAY,5013,CITY OF PORT ADELAIDE ENFIELD,2,0,0,0,0,2019,October,Monday,8:55 AM,60,Cross Road,Straight road,Level,Not Applicable,Sealed,Dry,Not Raining,Daylight,Right Angle,2,Driver Rider,1: PDO,Stop Sign,,,1322718.98,1679683.43,1.32272E+13
2019-10404-8/07/2020,1 City,ADELAIDE,5000,CITY OF ADELAIDE,4,6,0,0,6,2019,October,Monday,8:20 AM,60,Divided Road,Straight road,Level,Driveway or Entrance,Sealed,Dry,Not Raining,Daylight,Right Turn,1,Driver Rider,2: MI,No Control,,,1327088.72,1670880.07,1.32709E+13
2019-10405-8/07/2020,2 Metropolitan,WINGFIELD,5013,CITY OF PORT ADELAIDE ENFIELD,2,0,0,0,0,2019,October,Monday,8:29 AM,90,T-Junction,"CURVED, VIEW OPEN",Slope,Not Applicable,Sealed,Dry,Not Raining,Daylight,Rear End,2,Driver Rider,1: PDO,No Control,,,1326183.88,1681076.39,1.32618E+13
2019-10406-8/07/2020,2 Metropolitan,LOBETHAL,5241,THE ADELAIDE HILLS COUNCIL,2,0,0,0,0,2019,October,Monday,9:00 AM,50,Not Divided,Straight road,Slope,Not Applicable,Sealed,Dry,Not Raining,Daylight,Hit Fixed Object,1,Driver Rider,1: PDO,No Control,,,1353604.36,1672073.22,1.3536E+13
2019-10407-8/07/2020,2 Metropolitan,KIDMAN PARK,5025,CITY OF CHARLES STURT,2,0,0,0,0,2019,October,Monday,8:54 AM,60,Cross Road,Straight road,Level,Not Applicable,Sealed,Dry,Not Raining,Daylight,Right Turn,1,Driver Rider,1: PDO,Traffic Signals,,,1322419.65,1673120.02,1.32242E+13
2019-10408-8/07/2020,2 Metropolitan,ENFIELD,5085,CITY OF PORT ADELAIDE ENFIELD,2,0,0,0,0,2019,October,Monday,9:48 AM,60,Divided Road,Straight road,Slope,Not Applicable,Sealed,Dry,Not Raining,Daylight,Side Swipe,1,Driver Rider,1: PDO,No Control,,,1328860.89,1676989.31,1.32886E+13
2019-10409-8/07/2020,2 Metropolitan,SALISBURY PLAIN,5109,CITY OF SALISBURY,2,1,0,0,1,2019,October,Friday,4:30 PM,80,Cross Road,Straight road,Level,Not Applicable,Sealed,Dry,Not Raining,Daylight,Rear End,2,Driver Rider,2: MI,Traffic Signals,,,1335452.41,1688124.93,1.33545E+13
2019-10410-8/07/2020,2 Metropolitan,MODBURY HEIGHTS,5092,CITY OF TEA TREE GULLY,2,1,0,0,1,2019,October,Monday,9:30 AM,60,T-Junction,Straight road,Level,Not Applicable,Sealed,Dry,Not Raining,Daylight,Rear End,2,Driver Rider,2: MI,Traffic Signals,,,1338014.78,1683502.09,1.33802E+13
2019-10411-8/07/2020,2 Metropolitan,PARAFIELD GARDENS,5107,CITY OF SALISBURY,2,0,0,0,0,2019,October,Monday,10:15 AM,60,Not Divided,Straight road,Level,Driveway or Entrance,Sealed,Dry,Not Raining,Daylight,Right Angle,1,Driver Rider,1: PDO,No Control,,,1329838.52,1686661.44,1.32984E+13
2019-10412-8/07/2020,2 Metropolitan,PARAFIELD,5106,CITY OF SALISBURY,2,0,0,0,0,2019,October,Monday,10:25 AM,80,Divided Road,Straight road,Level,Not Applicable,Sealed,Dry,Not Raining,Daylight,Side Swipe,2,Driver Rider,1: PDO,No Control,,,1332025.71,1683793.57,1.33203E+13
2019-10413-8/07/2020,3 Country,ANNADALE,5356,MID MURRAY DISTRICT COUNCIL,2,2,0,0,2,2019,October,Monday,9:15 AM,110,Not Divided,Straight road,Level,Not Applicable,Sealed,Dry,Not Raining,Daylight,Hit Fixed Object,1,Driver Rider,2: MI,No Control,,,1404187.25,1727328,1.40419E+13
2019-10414-8/07/2020,2 Metropolitan,KURRALTA PARK,5037,CITY OF WEST TORRENS,2,0,0,0,0,2019,October,Sunday,4:15 PM,60,Cross Road,Straight road,Level,Not Applicable,Sealed,Dry,Not Raining,Daylight,Rear End,2,Driver Rider,1: PDO,Traffic Signals,,,1325808.51,1668480.07,1.32581E+13
2019-10415-8/07/2020,2 Metropolitan,DERNANCOURT,5075,CITY OF TEA TREE GULLY,2,0,0,0,0,2019,October,Monday,10:20 AM,60,T-Junction,Straight road,Level,Not Applicable,Sealed,Dry,Not Raining,Daylight,Right Angle,1,Driver Rider,1: PDO,No Control,,,1336008.43,1678069.21,1.33601E+13
2019-10416-8/07/2020,2 Metropolitan,PARK HOLME,5043,CC MARION.                    ,2,2,0,0,2,2019,October,Monday,8:30 AM,60,Cross Road,Straight road,Level,Not Applicable,Sealed,Dry,Not Raining,Daylight,Rear End,1,Driver Rider,2: MI,Traffic Signals,,,1324333.22,1663274.32,1.32433E+13
2019-10417-8/07/2020,2 Metropolitan,FINDON,5023,CITY OF CHARLES STURT,2,0,0,0,0,2019,October,Monday,8:10 AM,60,T-Junction,Straight road,Level,Not Applicable,Sealed,Dry,Not Raining,Daylight,Right Angle,2,Driver Rider,1: PDO,No Control,,,1323055.76,1673698.71,1.32306E+13
2019-10418-8/07/2020,2 Metropolitan,BIGGS FLAT,5153,DC MT.BARKER.                 ,2,0,0,0,0,2019,October,Monday,7:30 AM,80,Not Divided,Straight road,Level,Not Applicable,Sealed,Dry,Not Raining,Daylight,Hit Animal,2,Animal,1: PDO,No Control,,,1344322.95,1653168.36,1.34432E+13
2019-10419-8/07/2020,2 Metropolitan,ROYAL PARK,5014,CITY OF CHARLES STURT,2,0,0,0,0,2019,October,Monday,8:45 AM,60,Divided Road,Straight road,Level,Not Applicable,Sealed,Dry,Not Raining,Daylight,Side Swipe,2,Driver Rider,1: PDO,No Control,,,1320687.28,1676810.37,1.32069E+13
2019-10420-8/07/2020,2 Metropolitan,GAWLER SOUTH,5118,CT GAWLER.                    ,2,0,0,0,0,2019,October,Monday,1:00 PM,50,Not Divided,Straight road,Level,Driveway or Entrance,Sealed,Dry,Not Raining,Daylight,Right Angle,1,Driver Rider,1: PDO,No Control,,,1342898.49,1705546.28,1.3429E+13
2019-10421-8/07/2020,2 Metropolitan,GLENELG,5045,CITY OF HOLDFAST BAY,2,0,0,0,0,2019,October,Monday,1:30 PM,50,Not Divided,Straight road,Level,Not Applicable,Sealed,Dry,Not Raining,Daylight,Right Turn,2,Driver Rider,1: PDO,No Control,,,1320803.93,1664660.29,1.3208E+13
2019-10422-8/07/2020,2 Metropolitan,MODBURY,5092,CITY OF TEA TREE GULLY,3,1,0,0,1,2019,October,Monday,1:45 PM,60,Divided Road,Straight road,Level,Not Applicable,Sealed,Dry,Not Raining,Daylight,Hit Fixed Object,1,Driver Rider,2: MI,No Control,,,1336286.38,1680476.66,1.33629E+13
2019-10423-8/07/2020,2 Metropolitan,MANNINGHAM,5086,CITY OF PORT ADELAIDE ENFIELD,2,0,0,0,0,2019,October,Monday,12:30 PM,50,T-Junction,Straight road,Level,Not Applicable,Sealed,Dry,Not Raining,Daylight,Side Swipe,2,Driver Rider,1: PDO,No Control,,,1330925.32,1676153.36,1.33093E+13
2019-10424-8/07/2020,2 Metropolitan,GILLMAN,5013,CITY OF PORT ADELAIDE ENFIELD,3,0,0,0,0,2019,October,Monday,4:45 PM,50,T-Junction,Straight road,Level,Not Applicable,Sealed,Dry,Not Raining,Daylight,Hit Object on Road,1,Driver Rider,1: PDO,No Control,,,1321493.73,1679801.53,1.32149E+13
2019-10425-8/07/2020,3 Country,PORT PIRIE SOUTH,5540,PT.PIRIE CITY & DIST. COUNCIL ,2,1,0,1,0,2019,October,Monday,2:30 PM,60,Cross Road,Straight road,Level,Not Applicable,Sealed,Dry,Not Raining,Daylight,Right Angle,2,Driver Rider,3: SI,Give Way Sign,,,1280454.06,1863470.35,1.28045E+13
2019-10426-8/07/2020,2 Metropolitan,RIDGEHAVEN,5097,CITY OF TEA TREE GULLY,2,1,0,0,1,2019,October,Monday,11:05 AM,60,Cross Road,Straight road,Crest of Hill,Not Applicable,Sealed,Dry,Not Raining,Daylight,Rear End,2,Driver Rider,2: MI,Traffic Signals,,,1337423.89,1681217.95,1.33742E+13
2019-10427-8/07/2020,2 Metropolitan,SALISBURY NORTH,5108,CITY OF SALISBURY,3,1,0,0,1,2019,October,Monday,12:00 PM,60,Not Divided,Straight road,Level,Not Applicable,Sealed,Dry,Not Raining,Daylight,Hit Object on Road,1,Driver Rider,2: MI,No Control,,,1331251.47,1691441.57,1.33125E+13
2019-10428-8/07/2020,2 Metropolitan,WINGFIELD,5013,CITY OF PORT ADELAIDE ENFIELD,3,0,0,0,0,2019,October,Monday,12:30 PM,50,Cross Road,Straight road,Level,Not Applicable,Sealed,Dry,Not Raining,Daylight,Other,2,Driver Rider,1: PDO,Traffic Signals,,,1323891.5,1680181.33,1.32389E+13
2019-10429-8/07/2020,3 Country,TANUNDA,5352,THE BAROSSA COUNCIL.,2,1,0,0,1,2019,October,Monday,2:58 PM,50,Not Divided,Straight road,Level,Not Applicable,Sealed,Dry,Not Raining,Daylight,Hit Fixed Object,1,Driver Rider,2: MI,No Control,,,1363123.65,1715266.78,1.36312E+13
2019-10430-8/07/2020,2 Metropolitan,MOUNT BARKER,5251,DC MT.BARKER.                 ,2,0,0,0,0,2019,October,Monday,4:10 PM,50,Not Divided,Straight road,Slope,Not Applicable,Sealed,Dry,Not Raining,Daylight,Hit Parked Vehicle,2,Driver Rider,1: PDO,No Control,,,1351490.83,1654159.49,1.35149E+13
2019-10431-8/07/2020,2 Metropolitan,TOORAK GARDENS,5065,CITY OF BURNSIDE,2,1,0,0,1,2019,October,Thursday,5:50 PM,60,Divided Road,Straight road,Level,Driveway or Entrance,Sealed,Dry,Not Raining,Daylight,Right Angle,2,Driver Rider,2: MI,No Control,,,1331540.48,1669025.2,1.33154E+13
2019-10432-8/07/2020,2 Metropolitan,BEVERLEY,5009,CITY OF CHARLES STURT,2,0,0,0,0,2019,October,Monday,9:50 AM,60,Divided Road,Straight road,Level,Not Applicable,Sealed,Dry,Not Raining,Daylight,Rear End,1,Driver Rider,1: PDO,No Control,,,1323521.65,1675151.04,1.32352E+13
2019-10433-8/07/2020,1 City,NORTH ADELAIDE,5006,CITY OF ADELAIDE,2,0,0,0,0,2019,October,Monday,5:44 PM,50,T-Junction,Straight road,Level,Not Applicable,Sealed,Dry,Not Raining,Daylight,Rear End,1,Driver Rider,1: PDO,No Control,,,1328036.62,1672520.88,1.32804E+13
2019-10434-8/07/2020,2 Metropolitan,FAIRVIEW PARK,5126,CITY OF TEA TREE GULLY,2,0,0,0,0,2019,October,Monday,5:45 PM,60,T-Junction,Straight road,Level,Not Applicable,Sealed,Dry,Not Raining,Daylight,Right Angle,2,Driver Rider,1: PDO,No Control,,,1340942.85,1683639.76,1.34094E+13
2019-10435-8/07/2020,2 Metropolitan,ELIZABETH VALE,5112,CITY OF PLAYFORD.,2,0,0,0,0,2019,October,Monday,7:20 AM,50,Not Divided,Straight road,Level,Driveway or Entrance,Sealed,Dry,Not Raining,Daylight,Right Angle,2,Driver Rider,1: PDO,No Control,,,1335468.41,1690523.59,1.33547E+13
2019-10436-8/07/2020,2 Metropolitan,SMITHFIELD,5114,CITY OF PLAYFORD.,2,1,0,1,0,2019,October,Monday,2:00 PM,50,Not Divided,Straight road,Level,Not Applicable,Sealed,Dry,Not Raining,Daylight,Hit Pedestrian,2,Driver Rider,3: SI,No Control,,,1336883.37,1697376.36,1.33688E+13
2019-10437-8/07/2020,2 Metropolitan,GLENUNGA,5064,CITY OF BURNSIDE,2,0,0,0,0,2019,October,Monday,3:10 PM,60,T-Junction,Straight road,Level,Not Applicable,Sealed,Dry,Not Raining,Daylight,Right Turn,2,Driver Rider,1: PDO,Give Way Sign,,,1332339.92,1668038.79,1.33234E+13
2019-10438-8/07/2020,2 Metropolitan,ELIZABETH PARK,5113,CITY OF PLAYFORD.,2,0,0,0,0,2019,October,Monday,5:05 PM,60,Divided Road,Straight road,Level,Not Applicable,Sealed,Dry,Not Raining,Daylight,Rear End,1,Driver Rider,1: PDO,No Control,,,1337570.06,1694608.3,1.33757E+13
2019-10439-8/07/2020,2 Metropolitan,CUDLEE CREEK,5232,THE ADELAIDE HILLS COUNCIL,2,0,0,0,0,2019,October,Monday,7:40 PM,80,Not Divided,"CURVED, VIEW OBSCURED",Slope,Not Applicable,Sealed,Dry,Not Raining,Night,Roll Over,1,Driver Rider,1: PDO,No Control,,,1347550.41,1679481.68,1.34755E+13
2019-10440-8/07/2020,3 Country,WILLAMULKA,5554,COPPER COAST DISTRICT COUNCIL,1,0,0,0,0,2019,October,Monday,11:45 PM,100,T-Junction,Straight road,Level,Not Applicable,Unsealed,Dry,Not Raining,Night,Left Road - Out of Control,1,Driver Rider,1: PDO,No Control,,,1260309.36,1782341.92,1.26031E+13
2019-10441-8/07/2020,3 Country,TANUNDA,5352,LIGHT REGIONAL COUNCIL,2,0,0,0,0,2019,October,Tuesday,6:10 AM,90,Not Divided,Straight road,Level,Not Applicable,Sealed,Dry,Not Raining,Night,Hit Animal,2,Animal,1: PDO,No Control,,,1360340.39,1712615.8,1.36034E+13
2019-10442-8/07/2020,2 Metropolitan,EDEN HILLS,5050,CC MITCHAM.                   ,2,0,0,0,0,2019,October,Tuesday,6:49 AM,60,Divided Road,Straight road,Level,Not Applicable,Sealed,Dry,Not Raining,Daylight,Hit Parked Vehicle,1,Driver Rider,1: PDO,No Control,,,1326706.91,1660030.68,1.32671E+13
2019-10443-8/07/2020,3 Country,WAITPINGA,5211,DC VICTOR HARBOR.             ,2,0,0,0,0,2019,October,Monday,6:30 PM,100,Not Divided,Straight road,Level,Not Applicable,Sealed,Dry,Not Raining,Daylight,Hit Animal,2,Animal,1: PDO,No Control,,,1324761.49,1598926.28,1.32476E+13
2019-10444-8/07/2020,2 Metropolitan,LOCKLEYS,5032,CITY OF WEST TORRENS,2,0,0,0,0,2019,October,Tuesday,8:00 AM,60,T-Junction,Straight road,Level,Not Applicable,Sealed,Dry,Not Raining,Daylight,Right Turn,2,Driver Rider,1: PDO,No Control,,,1321617.87,1670854.13,1.32162E+13
2019-10445-8/07/2020,1 City,ADELAIDE,5000,CITY OF ADELAIDE,2,1,0,0,1,2019,October,Saturday,1:00 PM,60,Cross Road,Straight road,Slope,Not Applicable,Sealed,Dry,Not Raining,Daylight,Rear End,2,Driver Rider,2: MI,Traffic Signals,,,1327901.33,1670963.7,1.3279E+13
2019-10446-8/07/2020,2 Metropolitan,NORTH BRIGHTON,5048,CITY OF HOLDFAST BAY,2,0,0,0,0,2019,October,Tuesday,10:01 AM,60,Not Divided,Straight road,Level,Not Applicable,Sealed,Dry,Not Raining,Daylight,Hit Parked Vehicle,1,Driver Rider,1: PDO,No Control,,,1321199.17,1661886.1,1.3212E+13
2019-10447-8/07/2020,2 Metropolitan,HALLETT COVE,5158,CC MARION.                    ,2,1,0,0,1,2019,October,Tuesday,10:37 AM,80,T-Junction,Straight road,Level,Not Applicable,Sealed,Dry,Not Raining,Daylight,Right Turn,2,Driver Rider,2: MI,Give Way Sign,,,1319752.15,1653443.13,1.31975E+13
2019-10448-8/07/2020,2 Metropolitan,NOARLUNGA CENTRE,5168,CITY OF ONKAPARINGA,2,0,0,0,0,2019,October,Tuesday,8:55 AM,60,T-Junction,Straight road,Level,Not Applicable,Sealed,Dry,Not Raining,Daylight,Right Turn,1,Driver Rider,1: PDO,Traffic Signals,,,1318788.81,1647471.6,1.31879E+13
2019-10449-8/07/2020,2 Metropolitan,URRBRAE,5064,CC MITCHAM.                   ,2,0,0,0,0,2019,October,Tuesday,12:23 PM,60,Cross Road,Straight road,Level,Not Applicable,Sealed,Dry,Not Raining,Daylight,Right Turn,2,Driver Rider,1: PDO,Traffic Signals,,,1330786.89,1665600.37,1.33079E+13
2019-10450-8/07/2020,2 Metropolitan,ST MARYS,5042,CC MITCHAM.                   ,2,2,0,0,2,2019,October,Tuesday,12:34 PM,60,Cross Road,Straight road,Level,Not Applicable,Sealed,Dry,Not Raining,Daylight,Rear End,2,Driver Rider,2: MI,Traffic Signals,,,1325965.26,1663326.66,1.32597E+13
2019-10451-8/07/2020,2 Metropolitan,MAGILL,5072,CC CAMPBELLTOWN.              ,2,1,0,1,0,2019,October,Tuesday,7:28 AM,50,T-Junction,"CURVED, VIEW OPEN",Crest of Hill,Not Applicable,Sealed,Dry,Not Raining,Daylight,Right Angle,2,Driver Rider,3: SI,Stop Sign,,,1336296.35,1672154.98,1.3363E+13
2019-10452-8/07/2020,2 Metropolitan,NORWOOD,5067,"CC OF NORWOOD,PAYNEHAM & ST PETERS",2,0,0,0,0,2019,October,Tuesday,12:40 PM,60,Cross Road,Straight road,Level,Not Applicable,Sealed,Dry,Not Raining,Daylight,Right Angle,2,Driver Rider,1: PDO,Roundabout,,,1330623.32,1670361.88,1.33062E+13
2019-10453-8/07/2020,2 Metropolitan,OTTOWAY,5013,CITY OF PORT ADELAIDE ENFIELD,2,1,0,0,1,2019,October,Tuesday,4:30 PM,60,T-Junction,Straight road,Level,Not Applicable,Sealed,Dry,Not Raining,Daylight,Rear End,2,Driver Rider,2: MI,Traffic Signals,,,1323011.02,1679141.01,1.32301E+13
2019-10454-8/07/2020,2 Metropolitan,PROSPECT,5082,CITY OF PROSPECT,2,0,0,0,0,2019,October,Monday,5:20 PM,60,Cross Road,Straight road,Level,Not Applicable,Sealed,Dry,Not Raining,Daylight,Rear End,1,Driver Rider,1: PDO,Traffic Signals,,,1327236.23,1676392.98,1.32724E+13
2019-10455-8/07/2020,2 Metropolitan,BROMPTON,5007,CITY OF CHARLES STURT,2,0,0,0,0,2019,October,Tuesday,12:58 PM,40,Cross Road,Straight road,Level,Not Applicable,Sealed,Dry,Not Raining,Daylight,Hit Fixed Object,1,Driver Rider,1: PDO,No Control,,,1325936.92,1673440.94,1.32594E+13
2019-10456-8/07/2020,2 Metropolitan,HAMPSTEAD GARDENS,5086,CITY OF PORT ADELAIDE ENFIELD,2,1,0,1,0,2019,October,Monday,2:15 PM,50,Not Divided,Straight road,Level,Not Applicable,Sealed,Dry,Not Raining,Daylight,Hit Object on Road,1,Driver Rider,3: SI,No Control,,,1331290.41,1676057.2,1.33129E+13
2019-10457-8/07/2020,2 Metropolitan,SMITHFIELD,5114,CITY OF PLAYFORD.,3,0,0,0,0,2019,October,Tuesday,1:40 PM,80,Divided Road,Straight road,Level,Not Applicable,Sealed,Dry,Not Raining,Daylight,Hit Fixed Object,1,Driver Rider,1: PDO,No Control,,,1338011.68,1697360.56,1.33801E+13
2019-10458-8/07/2020,2 Metropolitan,ELIZABETH SOUTH,5112,CITY OF PLAYFORD.,2,0,0,0,0,2019,October,Tuesday,7:37 AM,60,Divided Road,Straight road,Level,Not Applicable,Sealed,Dry,Not Raining,Daylight,Side Swipe,1,Driver Rider,1: PDO,No Control,,,1333466.29,1690404.14,1.33347E+13
2019-10459-8/07/2020,2 Metropolitan,INGLE FARM,5098,CITY OF SALISBURY,1,1,0,1,0,2019,October,Tuesday,2:15 PM,60,Divided Road,Straight road,Slope,Not Applicable,Sealed,Dry,Not Raining,Daylight,Roll Over,1,Driver Rider,3: SI,No Control,,,1334443.06,1681139.64,1.33444E+13
2019-10460-8/07/2020,2 Metropolitan,MEDINDIE,5081,WALKERVILLE TOWN COUNCIL,2,0,0,0,0,2019,October,Tuesday,2:34 PM,60,Divided Road,Straight road,Level,Not Applicable,Sealed,Dry,Not Raining,Daylight,Side Swipe,1,Driver Rider,1: PDO,No Control,,,1328486.99,1673814.17,1.32849E+13
2019-10461-8/07/2020,1 City,NORTH ADELAIDE,5006,CITY OF ADELAIDE,2,1,0,0,1,2019,October,Tuesday,2:40 PM,50,Not Divided,Straight road,Level,Not Applicable,Sealed,Dry,Not Raining,Daylight,Rear End,1,Driver Rider,2: MI,No Control,,,1328801.78,1671708.15,1.3288E+13
2019-10462-8/07/2020,2 Metropolitan,SEATON,5023,CITY OF CHARLES STURT,2,0,0,0,0,2019,October,Tuesday,10:50 AM,60,T-Junction,Straight road,Level,Not Applicable,Sealed,Dry,Not Raining,Daylight,Side Swipe,1,Driver Rider,1: PDO,Traffic Signals,,,1320746.99,1674887.01,1.32075E+13
2019-10463-8/07/2020,2 Metropolitan,HILLIER,5116,CT GAWLER.                    ,2,0,0,0,0,2019,October,Tuesday,2:50 PM,110,T-Junction,Straight road,Level,Not Applicable,Sealed,Dry,Not Raining,Daylight,Right Angle,2,Driver Rider,1: PDO,No Control,,,1341008.83,1704695.08,1.34101E+13
2019-10464-8/07/2020,2 Metropolitan,GLENELG EAST,5045,CITY OF HOLDFAST BAY,2,1,0,0,1,2019,October,Tuesday,2:40 PM,50,Not Divided,Straight road,Level,Not Applicable,Sealed,Dry,Not Raining,Daylight,Hit Parked Vehicle,1,Driver Rider,2: MI,No Control,,,1321622.83,1664167.73,1.32162E+13
2019-10465-8/07/2020,2 Metropolitan,FORESTVILLE,5035,CITY OF UNLEY,2,0,0,0,0,2019,October,Monday,4:50 PM,40,T-Junction,Straight road,Level,Not Applicable,Sealed,Dry,Not Raining,Daylight,Rear End,2,Driver Rider,1: PDO,Stop Sign,,,1326682.88,1668153.74,1.32668E+13
2019-10466-8/07/2020,2 Metropolitan,LEAWOOD GARDENS,5150,CC MITCHAM.                   ,2,1,0,0,1,2019,October,Tuesday,7:50 AM,90,Freeway,"CURVED, VIEW OPEN",Slope,Not Applicable,Sealed,Dry,Not Raining,Daylight,Rear End,2,Driver Rider,2: MI,No Control,,,1334624.78,1665865.59,1.33463E+13
2019-10467-8/07/2020,2 Metropolitan,GOLDEN GROVE,5125,CITY OF TEA TREE GULLY,2,2,0,0,2,2019,October,Tuesday,4:25 PM,50,Not Divided,Straight road,Slope,Not Applicable,Sealed,Dry,Not Raining,Daylight,Hit Fixed Object,1,Driver Rider,2: MI,No Control,,,1339007.23,1685551.68,1.33901E+13
2019-10468-8/07/2020,2 Metropolitan,NORWOOD,5067,"CC OF NORWOOD,PAYNEHAM & ST PETERS",3,0,0,0,0,2019,October,Tuesday,4:55 PM,50,Divided Road,Straight road,Level,Not Applicable,Sealed,Dry,Not Raining,Daylight,Rear End,1,Driver Rider,1: PDO,No Control,,,1331436.41,1670965.09,1.33144E+13
2019-10469-8/07/2020,2 Metropolitan,STEPNEY,5069,"CC OF NORWOOD,PAYNEHAM & ST PETERS",2,0,0,0,0,2019,October,Tuesday,8:10 AM,60,Multiple,Straight road,Level,Not Applicable,Sealed,Dry,Not Raining,Daylight,Side Swipe,1,Driver Rider,1: PDO,Traffic Signals,,,1330600.73,1671714.93,1.3306E+13
2019-10470-8/07/2020,2 Metropolitan,MITCHELL PARK,5043,CC MARION.                    ,2,0,0,0,0,2019,October,Tuesday,4:00 PM,50,Not Divided,Straight road,Level,Not Applicable,Sealed,Dry,Not Raining,Daylight,Hit Parked Vehicle,1,Driver Rider,1: PDO,No Control,,,1324860.73,1660908.27,1.32486E+13
2019-10471-8/07/2020,2 Metropolitan,GREENACRES,5086,CITY OF PORT ADELAIDE ENFIELD,2,0,0,0,0,2019,October,Tuesday,3:06 PM,60,Divided Road,Straight road,Level,Not Applicable,Sealed,Dry,Not Raining,Daylight,Hit Parked Vehicle,2,Driver Rider,1: PDO,No Control,Y,,1331759.48,1676602.1,1.33176E+13
2019-10472-8/07/2020,2 Metropolitan,WINDSOR GARDENS,5087,CITY OF PORT ADELAIDE ENFIELD,2,2,0,0,2,2019,October,Tuesday,4:50 PM,60,T-Junction,Straight road,Level,Not Applicable,Sealed,Dry,Not Raining,Daylight,Right Turn,2,Driver Rider,2: MI,Traffic Signals,,,1333433.85,1677755.39,1.33343E+13
2019-10473-8/07/2020,2 Metropolitan,CHELTENHAM,5014,CITY OF CHARLES STURT,2,0,0,0,0,2019,October,Tuesday,4:45 PM,60,Divided Road,Straight road,Level,Driveway or Entrance,Sealed,Dry,Not Raining,Daylight,Side Swipe,2,Driver Rider,1: PDO,No Control,,,1322040.61,1676487.59,1.32204E+13
2019-10474-8/07/2020,2 Metropolitan,PROSPECT,5082,CITY OF PROSPECT,2,1,0,0,1,2019,October,Tuesday,6:00 PM,60,T-Junction,Straight road,Level,Not Applicable,Sealed,Dry,Not Raining,Daylight,Right Turn,2,Driver Rider,2: MI,No Control,,,1328705.93,1674031.9,1.32871E+13
2019-10475-8/07/2020,2 Metropolitan,DRY CREEK,5094,CITY OF PORT ADELAIDE ENFIELD,2,0,0,0,0,2019,October,Tuesday,5:35 PM,60,Freeway,Straight road,Level,Roadworks,Sealed,Dry,Not Raining,Daylight,Hit Object on Road,1,Driver Rider,1: PDO,No Control,,Y,1324903.44,1681064.29,1.3249E+13
2019-10476-8/07/2020,2 Metropolitan,GLOBE DERBY PARK,5110,CITY OF SALISBURY,4,0,0,0,0,2019,October,Tuesday,5:25 PM,80,Divided Road,Straight road,Level,Not Applicable,Sealed,Dry,Not Raining,Daylight,Rear End,1,Driver Rider,1: PDO,No Control,,,1328665.95,1685213.55,1.32867E+13
2019-10477-8/07/2020,3 Country,RISDON PARK,5540,PT.PIRIE CITY & DIST. COUNCIL ,2,1,0,0,1,2019,October,Tuesday,6:00 PM,50,Cross Road,Straight road,Level,Not Applicable,Sealed,Dry,Not Raining,Daylight,Right Angle,1,Driver Rider,2: MI,Give Way Sign,,,1278876.06,1864545.32,1.27888E+13
2019-10478-8/07/2020,1 City,NORTH ADELAIDE,5006,CITY OF ADELAIDE,2,0,0,0,0,2019,October,Tuesday,4:15 PM,50,Cross Road,Straight road,Level,Not Applicable,Sealed,Dry,Not Raining,Daylight,Rear End,1,Driver Rider,1: PDO,Traffic Signals,,,1329104.9,1672640.89,1.32911E+13
2019-10479-8/07/2020,2 Metropolitan,POORAKA,5095,CITY OF SALISBURY,2,1,0,0,1,2019,May,Friday,8:50 AM,50,T-Junction,Straight road,Level,Not Applicable,Sealed,Dry,Not Raining,Daylight,Rear End,2,Driver Rider,2: MI,Traffic Signals,,,1329917.43,1680996.65,1.32992E+13
2019-10480-8/07/2020,2 Metropolitan,UNLEY,5061,CITY OF UNLEY,2,0,0,0,0,2019,October,Tuesday,5:50 PM,60,Divided Road,Straight road,Level,Not Applicable,Sealed,Dry,Not Raining,Daylight,Rear End,2,Driver Rider,1: PDO,No Control,,,1328539.27,1668966.52,1.32854E+13