REPORT_ID,Stats Area,Suburb,Postcode,LGA Name,Total Units,Total Cas,Total Fats,Total SI,Total MI,Year,Month,Day,Time,Area Speed,Position Type,Horizontal Align,Vertical Align,Other Feat,Road Surface,Moisture Cond,Weather Cond,DayNight,Crash Type,Unit Resp,Entity Code,CSEF Severity,Traffic Ctrls,DUI Involved,Drugs Involved,ACCLOC_X,ACCLOC_Y,UNIQUE_LOC
2019-10561-8/07/2020,2 Metropolitan,SALISBURY EAST,5109,CITY OF SALISBURY,2,0,0,0,0,2019,October,Thursday,3:21 PM,80,T-Junction,Straight road,Level,Not Applicable,Sealed,Dry,Not Raining,Daylight,Right Angle,2,Driver Rider,1: PDO,Stop Sign,,,1335835.12,1686714.21,1.33584E+13
2019-10562-8/07/2020,2 Metropolitan,SALISBURY SOUTH,5106,CITY OF SALISBURY,3,1,0,0,1,2019,October,Thursday,3:15 PM,60,Divided Road,Straight road,Level,Not Applicable,Sealed,Dry,Not Raining,Daylight,Rear End,1,Driver Rider,2: MI,No Control,,,1333055.65,1685547.31,1.33306E+13
2019-10563-8/07/2020,2 Metropolitan,WINGFIELD,5013,CITY OF PORT ADELAIDE ENFIELD,2,0,0,0,0,2019,October,Thursday,10:00 AM,60,Divided Road,Straight road,Level,Not Applicable,Sealed,Dry,Not Raining,Daylight,Side Swipe,2,Driver Rider,1: PDO,No Control,,,1325091.47,1679182.35,1.32509E+13
2019-10564-8/07/2020,2 Metropolitan,RICHMOND,5033,CITY OF WEST TORRENS,1,1,0,0,1,2019,October,Thursday,3:20 PM,60,Divided Road,Straight road,Level,Driveway or Entrance,Sealed,Dry,Not Raining,Daylight,Roll Over,9,Other,2: MI,No Control,,,1325772.92,1669758.47,1.32577E+13
2019-10565-8/07/2020,2 Metropolitan,SALISBURY SOUTH,5106,CITY OF SALISBURY,3,0,0,0,0,2019,October,Thursday,3:30 PM,70,Cross Road,Straight road,Level,Not Applicable,Sealed,Dry,Not Raining,Daylight,Rear End,1,Driver Rider,1: PDO,Traffic Signals,,,1332363.35,1686096.24,1.33236E+13
2019-10566-8/07/2020,2 Metropolitan,LINDEN PARK,5065,CITY OF BURNSIDE,2,0,0,0,0,2019,October,Thursday,4:45 PM,60,Divided Road,Straight road,Level,Not Applicable,Sealed,Dry,Not Raining,Daylight,Rear End,2,Driver Rider,1: PDO,No Control,,,1332330.94,1668859.74,1.33233E+13
2019-10567-8/07/2020,2 Metropolitan,MANSFIELD PARK,5012,CITY OF PORT ADELAIDE ENFIELD,2,1,0,0,1,2019,October,Thursday,4:50 PM,60,Divided Road,Straight road,Level,Not Applicable,Sealed,Dry,Not Raining,Daylight,Hit Fixed Object,1,Driver Rider,2: MI,No Control,,,1323926.45,1678630.98,1.32393E+13
2019-10568-8/07/2020,2 Metropolitan,MODBURY,5092,CITY OF TEA TREE GULLY,2,0,0,0,0,2019,October,Thursday,5:20 PM,60,T-Junction,Straight road,Level,Not Applicable,Sealed,Dry,Not Raining,Daylight,Side Swipe,2,Driver Rider,1: PDO,Traffic Signals,,,1337226.45,1681128.28,1.33723E+13
2019-10569-8/07/2020,2 Metropolitan,ST MARYS,5042,CC MARION.                    ,3,0,0,0,0,2019,October,Wednesday,8:15 AM,60,Divided Road,Straight road,Level,Not Applicable,Sealed,Dry,Not Raining,Daylight,Side Swipe,1,Driver Rider,1: PDO,No Control,,,1325980.19,1662413.23,1.32598E+13
2019-10570-8/07/2020,2 Metropolitan,MITCHAM,5062,CC MITCHAM.                   ,3,0,0,0,0,2019,October,Thursday,6:00 PM,60,T-Junction,Straight road,Level,Not Applicable,Sealed,Dry,Not Raining,Daylight,Rear End,1,Driver Rider,1: PDO,No Control,,,1330678.38,1664848.85,1.33068E+13
2019-10571-8/07/2020,3 Country,GLOSSOP,5344,THE BERRI BARMERA COUNCIL,2,0,0,0,0,2019,October,Thursday,3:10 PM,100,Cross Road,"CURVED, VIEW OPEN",Slope,Not Applicable,Sealed,Dry,Unknown,Daylight,Right Angle,2,Driver Rider,1: PDO,Stop Sign,,,1511919.84,1736357.01,1.51192E+13
2019-10572-8/07/2020,2 Metropolitan,HOLDEN HILL,5088,CITY OF TEA TREE GULLY,2,0,0,0,0,2019,October,Wednesday,3:30 PM,60,Divided Road,Straight road,Level,Not Applicable,Sealed,Dry,Not Raining,Daylight,Rear End,1,Driver Rider,1: PDO,No Control,,,1334637.75,1678514.81,1.33464E+13
2019-10573-8/07/2020,3 Country,MCCRACKEN,5211,DC VICTOR HARBOR.             ,2,0,0,0,0,2019,October,Thursday,5:30 PM,50,Not Divided,Straight road,Level,Driveway or Entrance,Sealed,Dry,Not Raining,Daylight,Hit Fixed Object,1,Driver Rider,1: PDO,No Control,,,1328598.92,1602631.28,1.3286E+13
2019-10574-8/07/2020,2 Metropolitan,MORPHETT VALE,5162,CITY OF ONKAPARINGA,2,0,0,0,0,2019,October,Thursday,2:30 PM,60,Cross Road,Straight road,Level,Not Applicable,Sealed,Dry,Not Raining,Daylight,Right Angle,2,Driver Rider,1: PDO,Roundabout,,,1321901.02,1651049.42,1.3219E+13
2019-10575-8/07/2020,2 Metropolitan,ELIZABETH,5112,CITY OF PLAYFORD.,2,1,0,0,1,2019,October,Thursday,6:10 PM,60,Not Divided,Straight road,Level,Not Applicable,Sealed,Dry,Not Raining,Daylight,Rear End,2,Driver Rider,2: MI,No Control,,,1335259.34,1692489.81,1.33526E+13
2019-10576-8/07/2020,2 Metropolitan,PLYMPTON PARK,5038,CC MARION.                    ,3,0,0,0,0,2019,October,Thursday,8:50 AM,40,T-Junction,Straight road,Level,Not Applicable,Sealed,Dry,Not Raining,Daylight,Rear End,1,Driver Rider,1: PDO,No Control,,,1323632.88,1664735.2,1.32363E+13
2019-10577-8/07/2020,2 Metropolitan,PORT NOARLUNGA,5167,CITY OF ONKAPARINGA,2,1,0,0,1,2019,October,Thursday,7:25 PM,50,Not Divided,Straight road,Slope,Not Applicable,Sealed,Dry,Not Raining,Daylight,Side Swipe,1,Driver Rider,2: MI,No Control,,,1315823.97,1646866.71,1.31582E+13
2019-10578-8/07/2020,2 Metropolitan,SEMAPHORE,5019,CITY OF PORT ADELAIDE ENFIELD,2,1,0,0,1,2019,October,Thursday,7:00 PM,50,T-Junction,Straight road,Slope,Not Applicable,Sealed,Dry,Not Raining,Daylight,Side Swipe,1,Driver Rider,2: MI,No Control,,,1317821,1680516.86,1.31782E+13
2019-10579-8/07/2020,2 Metropolitan,WINGFIELD,5013,CITY OF PORT ADELAIDE ENFIELD,2,0,0,0,0,2019,October,Wednesday,5:15 PM,60,Cross Road,Straight road,Level,Not Applicable,Sealed,Dry,Not Raining,Daylight,Side Swipe,1,Driver Rider,1: PDO,Traffic Signals,,,1325526.71,1679203.7,1.32553E+13
2019-10580-8/07/2020,2 Metropolitan,PROSPECT,5082,CITY OF PROSPECT,3,0,0,0,0,2019,October,Thursday,9:25 PM,60,Divided Road,Straight road,Slope,Not Applicable,Sealed,Dry,Not Raining,Night,Hit Fixed Object,1,Driver Rider,1: PDO,No Control,,,1327891.92,1676408.84,1.32789E+13
2019-10581-8/07/2020,2 Metropolitan,KUITPO,5201,DC MT.BARKER.                 ,2,0,0,0,0,2019,October,Thursday,9:00 PM,60,Not Divided,Straight road,Level,Not Applicable,Unsealed,Dry,Not Raining,Night,Hit Fixed Object,1,Driver Rider,1: PDO,No Control,,,1336921.72,1637921.19,1.33692E+13
2019-10582-8/07/2020,2 Metropolitan,TORRENSVILLE,5031,CITY OF WEST TORRENS,2,0,0,0,0,2019,October,Thursday,11:00 PM,50,Not Divided,Straight road,Level,Not Applicable,Sealed,Dry,Not Raining,Night,Hit Parked Vehicle,1,Driver Rider,1: PDO,No Control,,,1324477.19,1671101.6,1.32448E+13
2019-10583-8/07/2020,2 Metropolitan,ROYAL PARK,5014,CITY OF CHARLES STURT,2,0,0,0,0,2019,October,Thursday,11:30 PM,50,Not Divided,Straight road,Level,Not Applicable,Sealed,Dry,Not Raining,Night,Hit Parked Vehicle,1,Driver Rider,1: PDO,No Control,,,1320085.65,1676340.06,1.32009E+13
2019-10584-8/07/2020,2 Metropolitan,ELIZABETH DOWNS,5113,CITY OF PLAYFORD.,2,0,0,0,0,2019,October,Friday,7:35 AM,80,Divided Road,Straight road,Level,Not Applicable,Sealed,Dry,Not Raining,Daylight,Side Swipe,2,Driver Rider,1: PDO,No Control,,,1336820.69,1695190.98,1.33682E+13
2019-10585-8/07/2020,2 Metropolitan,KIDMAN PARK,5025,CITY OF CHARLES STURT,2,0,0,0,0,2019,October,Friday,8:30 AM,60,T-Junction,Straight road,Level,Not Applicable,Sealed,Dry,Not Raining,Daylight,Right Angle,2,Driver Rider,1: PDO,No Control,,,1321925.33,1673102.36,1.32193E+13
2019-10586-8/07/2020,2 Metropolitan,SOUTH BRIGHTON,5048,CITY OF HOLDFAST BAY,2,0,0,0,0,2019,October,Thursday,10:00 AM,60,T-Junction,Straight road,Level,Not Applicable,Sealed,Dry,Not Raining,Daylight,Side Swipe,2,Driver Rider,1: PDO,No Control,,,1321152.76,1660173.94,1.32115E+13
2019-10587-8/07/2020,2 Metropolitan,INGLE FARM,5098,CITY OF SALISBURY,2,0,0,0,0,2019,October,Thursday,10:15 PM,50,Not Divided,Straight road,Level,Not Applicable,Sealed,Dry,Not Raining,Night,Hit Parked Vehicle,2,Driver Rider,1: PDO,No Control,,,1334205.06,1682033.79,1.33421E+13
2019-10588-8/07/2020,2 Metropolitan,WINGFIELD,5013,CITY OF PORT ADELAIDE ENFIELD,2,0,0,0,0,2019,October,Friday,7:45 AM,90,T-Junction,Straight road,Level,Not Applicable,Sealed,Dry,Not Raining,Daylight,Rear End,1,Driver Rider,1: PDO,No Control,,,1326183.88,1681076.39,1.32618E+13
2019-10589-8/07/2020,2 Metropolitan,ADELAIDE AIRPORT,5950,CITY OF WEST TORRENS,2,0,0,0,0,2019,October,Thursday,6:00 PM,50,Cross Road,"CURVED, VIEW OPEN",Level,Not Applicable,Sealed,Dry,Not Raining,Daylight,Side Swipe,2,Driver Rider,1: PDO,Roundabout,,,1322960.83,1669785.8,1.32296E+13
2019-10590-8/07/2020,2 Metropolitan,OAKDEN,5086,CITY OF PORT ADELAIDE ENFIELD,2,0,0,0,0,2019,October,Thursday,2:00 PM,70,Not Divided,Straight road,Level,Not Applicable,Sealed,Dry,Not Raining,Daylight,Side Swipe,1,Driver Rider,1: PDO,No Control,,,1333303.82,1679241.78,1.3333E+13
2019-10591-8/07/2020,2 Metropolitan,BLACKWOOD,5051,CC MITCHAM.                   ,2,0,0,0,0,2019,October,Thursday,8:30 PM,50,Multiple,Straight road,Level,Not Applicable,Sealed,Dry,Not Raining,Night,Right Angle,2,Driver Rider,1: PDO,Roundabout,,,1329678.48,1660052.36,1.32968E+13
2019-10592-8/07/2020,2 Metropolitan,WEST BEACH,5024,CITY OF CHARLES STURT,2,0,0,0,0,2019,October,Thursday,3:30 PM,50,Not Divided,Straight road,Level,Not Applicable,Sealed,Dry,Not Raining,Daylight,Hit Parked Vehicle,1,Driver Rider,1: PDO,No Control,,,1319534.14,1669154.04,1.31953E+13
2019-10593-8/07/2020,2 Metropolitan,PASADENA,5042,CC MITCHAM.                   ,4,1,0,0,1,2019,October,Friday,9:50 AM,60,Divided Road,Straight road,Slope,Not Applicable,Sealed,Dry,Not Raining,Daylight,Rear End,1,Driver Rider,2: MI,No Control,,,1327586.52,1663244.91,1.32759E+13
2019-10594-8/07/2020,3 Country,MONTEITH,5254,RC MURRAY BRIDGE.             ,2,0,0,0,0,2019,October,Friday,11:50 AM,110,Divided Road,Straight road,Level,Not Applicable,Sealed,Dry,Not Raining,Daylight,Side Swipe,2,Driver Rider,1: PDO,No Control,,,1395342.14,1641570.75,1.39534E+13
2019-10595-8/07/2020,2 Metropolitan,ALDGATE,5154,THE ADELAIDE HILLS COUNCIL,2,1,0,1,0,2019,October,Friday,9:00 AM,60,Not Divided,"CURVED, VIEW OBSCURED",Slope,Not Applicable,Sealed,Dry,Not Raining,Daylight,Head On,2,Driver Rider,3: SI,No Control,,,1341736.87,1658325.12,1.34174E+13
2019-10596-8/07/2020,2 Metropolitan,ALDINGA BEACH,5173,CITY OF ONKAPARINGA,3,1,0,0,1,2019,October,Friday,12:30 PM,50,Cross Road,Straight road,Level,Not Applicable,Sealed,Wet,Raining,Daylight,Right Angle,2,Driver Rider,2: MI,Give Way Sign,,,1313206.21,1631983.85,1.31321E+13
2019-10597-8/07/2020,2 Metropolitan,HILTON,5033,CITY OF WEST TORRENS,2,0,0,0,0,2019,October,Thursday,6:45 PM,60,Cross Road,Straight road,Level,Not Applicable,Sealed,Dry,Not Raining,Daylight,Rear End,2,Driver Rider,1: PDO,Traffic Signals,,,1325777.47,1670088.72,1.32578E+13
2019-10598-8/07/2020,2 Metropolitan,PARAFIELD,5106,CITY OF SALISBURY,2,0,0,0,0,2019,October,Wednesday,4:00 PM,80,Divided Road,Straight road,Level,Not Applicable,Sealed,Dry,Not Raining,Daylight,Side Swipe,1,Driver Rider,1: PDO,No Control,,,1332926.02,1684931.54,1.33293E+13
2019-10599-8/07/2020,1 City,ADELAIDE,5000,CITY OF ADELAIDE,2,0,0,0,0,2019,October,Thursday,2:00 PM,40,Not Divided,Straight road,Level,Driveway or Entrance,Sealed,Dry,Not Raining,Daylight,Hit Parked Vehicle,1,Driver Rider,1: PDO,No Control,,,1329430.62,1670587.52,1.32943E+13
2019-10600-8/07/2020,3 Country,WALLAROO,5556,COPPER COAST DISTRICT COUNCIL,2,0,0,0,0,2019,October,Friday,9:00 AM,80,T-Junction,Straight road,Level,Not Applicable,Sealed,Dry,Not Raining,Daylight,Right Angle,1,Driver Rider,1: PDO,Give Way Sign,,,1244061.26,1784316.82,1.24406E+13
2019-10601-8/07/2020,2 Metropolitan,CLARENDON,5157,CITY OF ONKAPARINGA,2,1,0,0,1,2019,October,Friday,2:10 PM,50,Not Divided,"CURVED, VIEW OPEN",Slope,Not Applicable,Sealed,Dry,Not Raining,Daylight,Hit Fixed Object,1,Driver Rider,2: MI,No Control,,Y,1330357.99,1650367.31,1.33036E+13
2019-10602-8/07/2020,1 City,NORTH ADELAIDE,5006,CITY OF ADELAIDE,2,0,0,0,0,2019,October,Friday,12:50 AM,50,Not Divided,Straight road,Level,Not Applicable,Sealed,Dry,Not Raining,Night,Hit Parked Vehicle,2,Driver Rider,1: PDO,No Control,,,1327726.73,1672716.04,1.32773E+13
2019-10603-8/07/2020,2 Metropolitan,KIDMAN PARK,5025,CITY OF CHARLES STURT,2,0,0,0,0,2019,October,Friday,10:48 AM,50,T-Junction,Straight road,Level,Not Applicable,Sealed,Dry,Not Raining,Daylight,Right Angle,2,Driver Rider,1: PDO,No Control,,,1321928.74,1673007.37,1.32193E+13
2019-10604-8/07/2020,3 Country,RENMARK WEST,5341,DC RENMARK PARINGA            ,2,1,0,0,1,2019,October,Friday,2:30 PM,80,Cross Road,Straight road,Level,Not Applicable,Sealed,Dry,Not Raining,Daylight,Right Angle,1,Driver Rider,2: MI,Give Way Sign,,,1525809.84,1745877.14,1.52581E+13
2019-10605-8/07/2020,2 Metropolitan,SALISBURY DOWNS,5108,CITY OF SALISBURY,2,2,0,0,2,2019,October,Friday,2:30 PM,70,Rail Crossing,Straight road,Level,Not Applicable,Sealed,Wet,Raining,Daylight,Rear End,2,Driver Rider,2: MI,Rail Xing - Boom,,,1331896.08,1686464.33,1.3319E+13
2019-10606-8/07/2020,2 Metropolitan,INGLE FARM,5098,CITY OF SALISBURY,4,0,0,0,0,2019,October,Friday,2:50 PM,50,T-Junction,Straight road,Level,Not Applicable,Sealed,Wet,Not Raining,Daylight,Side Swipe,2,Driver Rider,1: PDO,No Control,,,1333897.07,1682276.83,1.3339E+13
2019-10607-8/07/2020,2 Metropolitan,RICHMOND,5033,CITY OF WEST TORRENS,2,0,0,0,0,2019,October,Friday,2:10 PM,60,Divided Road,Straight road,Level,Not Applicable,Sealed,Dry,Not Raining,Daylight,Rear End,2,Driver Rider,1: PDO,No Control,,,1324670.76,1668915.39,1.32467E+13
2019-10608-8/07/2020,2 Metropolitan,ADELAIDE AIRPORT,5950,CITY OF WEST TORRENS,3,0,0,0,0,2019,December,Thursday,10:05 AM,80,Divided Road,Straight road,Level,Not Applicable,Sealed,Dry,Not Raining,Daylight,Rear End,1,Driver Rider,1: PDO,No Control,,,1320924.35,1668986.78,1.32092E+13
2019-10609-8/07/2020,2 Metropolitan,DRY CREEK,5094,CITY OF PORT ADELAIDE ENFIELD,2,0,0,0,0,2019,October,Friday,3:10 PM,70,T-Junction,Straight road,Level,Not Applicable,Sealed,Dry,Not Raining,Daylight,Right Angle,2,Driver Rider,1: PDO,No Control,,,1327751.83,1679804.64,1.32775E+13
2019-10610-8/07/2020,2 Metropolitan,HAWTHORN,5062,CC MITCHAM.                   ,2,0,0,0,0,2019,October,Wednesday,4:30 PM,60,Divided Road,Straight road,Level,Not Applicable,Sealed,Dry,Not Raining,Daylight,Side Swipe,2,Driver Rider,1: PDO,No Control,,,1328615.48,1666230.1,1.32862E+13
2019-10611-8/07/2020,2 Metropolitan,ELIZABETH PARK,5113,CITY OF PLAYFORD.,2,0,0,0,0,2019,October,Friday,2:10 AM,60,T-Junction,Straight road,Level,Not Applicable,Sealed,Dry,Not Raining,Night,Right Turn,2,Driver Rider,1: PDO,No Control,,,1336982.82,1694349.59,1.33698E+13
2019-10612-8/07/2020,2 Metropolitan,ONKAPARINGA HILLS,5163,CITY OF ONKAPARINGA,2,0,0,0,0,2019,October,Friday,3:24 PM,80,Not Divided,"CURVED, VIEW OBSCURED",Slope,Not Applicable,Sealed,Wet,Raining,Daylight,Hit Fixed Object,1,Driver Rider,1: PDO,No Control,,,1325214.01,1649838.86,1.32521E+13
2019-10613-8/07/2020,2 Metropolitan,TORRENS PARK,5062,CC MITCHAM.                   ,2,0,0,0,0,2019,October,Thursday,6:45 PM,60,T-Junction,Straight road,Level,Not Applicable,Sealed,Dry,Not Raining,Daylight,Side Swipe,2,Driver Rider,1: PDO,Traffic Signals,,,1329171.51,1665029.05,1.32917E+13
2019-10614-8/07/2020,2 Metropolitan,OAKLANDS PARK,5046,CC MARION.                    ,2,0,0,0,0,2019,October,Thursday,8:30 PM,50,Not Divided,Straight road,Level,Not Applicable,Sealed,Dry,Not Raining,Night,Hit Parked Vehicle,2,Driver Rider,1: PDO,No Control,,,1323566.37,1661228.49,1.32357E+13
2019-10615-8/07/2020,2 Metropolitan,LIGHTSVIEW,5085,CITY OF PORT ADELAIDE ENFIELD,2,0,0,0,0,2019,October,Friday,3:25 PM,60,Divided Road,Straight road,Level,Not Applicable,Sealed,Dry,Not Raining,Daylight,Side Swipe,2,Driver Rider,1: PDO,No Control,,,1330401.98,1677949.93,1.3304E+13
2019-10616-8/07/2020,2 Metropolitan,EASTWOOD,5063,CITY OF BURNSIDE,3,0,0,0,0,2019,October,Friday,4:30 PM,60,Divided Road,Straight road,Level,Driveway or Entrance,Sealed,Dry,Not Raining,Daylight,Right Angle,2,Driver Rider,1: PDO,No Control,,,1330009.86,1668988.86,1.33001E+13
2019-10617-8/07/2020,3 Country,VICTOR HARBOR,5211,DC VICTOR HARBOR.             ,4,2,0,0,2,2019,October,Friday,3:15 PM,50,Cross Road,Straight road,Level,Not Applicable,Sealed,Dry,Not Raining,Daylight,Hit Pedestrian,1,Pedestrian,2: MI,Stop Sign,,,1328059.71,1600946.96,1.32806E+13
2019-10618-8/07/2020,2 Metropolitan,BEDFORD PARK,5042,CC MITCHAM.                   ,2,0,0,0,0,2019,October,Friday,12:30 PM,70,Divided Road,Straight road,Level,Not Applicable,Sealed,Dry,Not Raining,Daylight,Side Swipe,1,Driver Rider,1: PDO,No Control,,,1325278.26,1660534.83,1.32528E+13
2019-10619-8/07/2020,2 Metropolitan,GLEN OSMOND,5064,CITY OF BURNSIDE,2,0,0,0,0,2019,October,Friday,4:20 PM,60,T-Junction,Straight road,Slope,Not Applicable,Sealed,Wet,Not Raining,Daylight,Right Angle,1,Driver Rider,1: PDO,Stop Sign,,,1332393.5,1666599.34,1.33239E+13
2019-10620-8/07/2020,2 Metropolitan,SALISBURY NORTH,5108,CITY OF SALISBURY,2,0,0,0,0,2019,October,Friday,4:45 PM,60,Not Divided,Straight road,Level,Driveway or Entrance,Sealed,Dry,Not Raining,Daylight,Rear End,2,Driver Rider,1: PDO,No Control,,,1330932.86,1690206.23,1.33093E+13
2019-10621-8/07/2020,2 Metropolitan,SALISBURY EAST,5109,CITY OF SALISBURY,4,1,0,0,1,2019,October,Friday,4:30 PM,80,Cross Road,Straight road,Level,Not Applicable,Sealed,Dry,Not Raining,Daylight,Rear End,1,Driver Rider,2: MI,Traffic Signals,,,1333980.46,1686298.22,1.33398E+13
2019-10622-8/07/2020,2 Metropolitan,BROOKLYN PARK,5032,CITY OF WEST TORRENS,2,0,0,0,0,2019,October,Friday,8:40 PM,60,T-Junction,Straight road,Level,Not Applicable,Sealed,Wet,Not Raining,Night,Right Turn,2,Driver Rider,1: PDO,Traffic Signals,,,1324123.03,1670938.82,1.32412E+13
2019-10623-8/07/2020,2 Metropolitan,TORRENSVILLE,5031,CITY OF WEST TORRENS,2,0,0,0,0,2019,October,Friday,4:40 PM,60,Cross Road,Straight road,Level,Not Applicable,Sealed,Dry,Not Raining,Daylight,Rear End,1,Driver Rider,1: PDO,Traffic Signals,,,1325416.27,1672003.04,1.32542E+13
2019-10624-8/07/2020,2 Metropolitan,ST MARYS,5042,CC MITCHAM.                   ,2,0,0,0,0,2019,October,Friday,4:30 PM,60,T-Junction,Straight road,Level,Not Applicable,Sealed,Wet,Not Raining,Daylight,Rear End,2,Driver Rider,1: PDO,No Control,,,1325985.89,1662157.23,1.32599E+13
2019-10625-8/07/2020,3 Country,KAPUNDA,5373,LIGHT REGIONAL COUNCIL,2,1,0,0,1,2019,October,Tuesday,2:45 PM,60,Cross Road,Straight road,Slope,Not Applicable,Sealed,Dry,Not Raining,Daylight,Right Angle,2,Driver Rider,2: MI,Give Way Sign,,,1359244.23,1733890.27,1.35924E+13
2019-10626-8/07/2020,2 Metropolitan,MYRTLE BANK,5064,CITY OF UNLEY,2,1,0,0,1,2019,October,Friday,4:40 PM,60,T-Junction,Straight road,Level,Not Applicable,Sealed,Dry,Not Raining,Daylight,Right Turn,2,Driver Rider,2: MI,No Control,,,1332090.89,1666331.03,1.33209E+13
2019-10627-8/07/2020,2 Metropolitan,GEPPS CROSS,5094,CITY OF PORT ADELAIDE ENFIELD,2,0,0,0,0,2019,October,Friday,5:56 PM,60,Divided Road,Straight road,Level,Not Applicable,Sealed,Dry,Not Raining,Daylight,Rear End,2,Driver Rider,1: PDO,No Control,,,1328804.13,1679402.26,1.3288E+13
2019-10628-8/07/2020,2 Metropolitan,SMITHFIELD,5114,CITY OF PLAYFORD.,2,1,0,0,1,2019,October,Friday,4:00 PM,80,Not Divided,Straight road,Level,Not Applicable,Sealed,Dry,Not Raining,Daylight,Rear End,2,Driver Rider,2: MI,No Control,,,1338000.63,1697301.73,1.338E+13
2019-10629-8/07/2020,2 Metropolitan,MAGILL,5072,CC CAMPBELLTOWN.              ,2,0,0,0,0,2019,October,Friday,9:00 AM,60,Not Divided,Straight road,Level,Not Applicable,Sealed,Dry,Not Raining,Daylight,Side Swipe,1,Driver Rider,1: PDO,No Control,,,1335456.68,1672847.13,1.33546E+13
2019-10630-8/07/2020,2 Metropolitan,PARAFIELD,5106,CITY OF SALISBURY,2,0,0,0,0,2019,October,Friday,5:57 PM,70,Cross Road,Straight road,Level,Not Applicable,Sealed,Dry,Not Raining,Daylight,Rear End,2,Driver Rider,1: PDO,Traffic Signals,,,1331791.2,1683497.51,1.33179E+13
2019-10631-8/07/2020,2 Metropolitan,STURT,5047,CC MARION.                    ,2,0,0,0,0,2019,October,Friday,6:44 PM,60,Cross Road,Straight road,Level,Not Applicable,Sealed,Dry,Not Raining,Daylight,Right Turn,1,Driver Rider,1: PDO,Traffic Signals,,,1324404.88,1660668.91,1.32441E+13
2019-10632-8/07/2020,2 Metropolitan,CHELTENHAM,5014,CITY OF CHARLES STURT,2,0,0,0,0,2019,October,Friday,1:00 PM,60,Divided Road,Straight road,Level,Not Applicable,Sealed,Dry,Not Raining,Daylight,Hit Parked Vehicle,1,Driver Rider,1: PDO,No Control,,,1321646.09,1676832.35,1.32165E+13
2019-10633-8/07/2020,2 Metropolitan,EDWARDSTOWN,5039,CC MARION.                    ,2,0,0,0,0,2019,October,Friday,7:00 PM,60,Divided Road,Straight road,Level,Driveway or Entrance,Sealed,Dry,Not Raining,Daylight,Right Angle,1,Driver Rider,1: PDO,No Control,,,1325642,1666145.73,1.32564E+13
2019-10634-8/07/2020,2 Metropolitan,CUMBERLAND PARK,5041,CC MITCHAM.                   ,2,1,0,1,0,2019,October,Friday,3:52 PM,60,Cross Road,Straight road,Level,Not Applicable,Sealed,Wet,Raining,Daylight,Right Turn,2,Driver Rider,3: SI,Traffic Signals,,,1326684.05,1666174.93,1.32668E+13
2019-10635-8/07/2020,2 Metropolitan,SEATON,5023,CITY OF CHARLES STURT,2,0,0,0,0,2019,October,Friday,7:42 PM,50,T-Junction,Straight road,Level,Not Applicable,Sealed,Dry,Not Raining,Night,Hit Fixed Object,1,Driver Rider,1: PDO,No Control,,,1320113.05,1673151.24,1.32011E+13
2019-10636-8/07/2020,2 Metropolitan,WOODVILLE NORTH,5012,CITY OF CHARLES STURT,2,0,0,0,0,2019,October,Friday,4:58 PM,60,Divided Road,Straight road,Level,Driveway or Entrance,Sealed,Dry,Not Raining,Daylight,Right Angle,1,Driver Rider,1: PDO,No Control,,,1323482.44,1676808,1.32348E+13
2019-10637-8/07/2020,2 Metropolitan,SALISBURY DOWNS,5108,CITY OF SALISBURY,2,0,0,0,0,2019,October,Friday,7:35 PM,50,Not Divided,"CURVED, VIEW OPEN",Level,Not Applicable,Sealed,Dry,Not Raining,Daylight,Hit Fixed Object,1,Driver Rider,1: PDO,No Control,,,1331437.42,1687395.16,1.33144E+13
2019-10638-8/07/2020,2 Metropolitan,MAWSON LAKES,5095,CITY OF SALISBURY,2,0,0,0,0,2019,October,Friday,8:20 PM,50,Not Divided,"CURVED, VIEW OPEN",Level,Not Applicable,Sealed,Dry,Not Raining,Night,Hit Fixed Object,1,Driver Rider,1: PDO,No Control,,,1330450.13,1684353.19,1.33045E+13
2019-10639-8/07/2020,1 City,ADELAIDE,5000,CITY OF ADELAIDE,2,0,0,0,0,2019,October,Wednesday,11:30 AM,50,Divided Road,Straight road,Level,Not Applicable,Sealed,Dry,Not Raining,Daylight,Hit Pedestrian,1,Driver Rider,1: PDO,No Control,,,1328755.29,1670829.19,1.32876E+13
2019-10640-8/07/2020,1 City,NORTH ADELAIDE,5006,CITY OF ADELAIDE,2,0,0,0,0,2019,October,Thursday,4:25 PM,50,Not Divided,Straight road,Level,Not Applicable,Sealed,Dry,Not Raining,Daylight,Side Swipe,2,Driver Rider,1: PDO,No Control,,,1328608.43,1672127.89,1.32861E+13
2019-10641-8/07/2020,2 Metropolitan,WAYVILLE,5034,CITY OF UNLEY,2,1,0,0,1,2019,October,Saturday,12:20 AM,60,Divided Road,Straight road,Level,Not Applicable,Sealed,Wet,Raining,Night,Hit Parked Vehicle,2,Driver Rider,2: MI,No Control,,,1327435.16,1668639.94,1.32744E+13