REPORT_ID,Stats Area,Suburb,Postcode,LGA Name,Total Units,Total Cas,Total Fats,Total SI,Total MI,Year,Month,Day,Time,Area Speed,Position Type,Horizontal Align,Vertical Align,Other Feat,Road Surface,Moisture Cond,Weather Cond,DayNight,Crash Type,Unit Resp,Entity Code,CSEF Severity,Traffic Ctrls,DUI Involved,Drugs Involved,ACCLOC_X,ACCLOC_Y,UNIQUE_LOC
2019-10803-8/07/2020,2 Metropolitan,PARAFIELD GARDENS,5107,CITY OF SALISBURY,2,1,0,0,1,2019,October,Wednesday,6:40 AM,60,T-Junction,Straight road,Level,Not Applicable,Sealed,Dry,Not Raining,Daylight,Rear End,2,Driver Rider,2: MI,No Control,,,1331077.74,1686360.78,1.33108E+13
2019-10804-8/07/2020,2 Metropolitan,SUMMERTOWN,5141,THE ADELAIDE HILLS COUNCIL,2,1,0,0,1,2019,October,Wednesday,7:45 AM,50,Not Divided,"CURVED, VIEW OPEN",Slope,Not Applicable,Sealed,Dry,Not Raining,Daylight,Side Swipe,1,Driver Rider,2: MI,No Control,,,1340576.24,1666508.77,1.34058E+13
2019-10805-8/07/2020,2 Metropolitan,BRIGHTON,5048,CITY OF HOLDFAST BAY,2,0,0,0,0,2019,October,Wednesday,7:45 AM,50,Not Divided,Straight road,Level,Not Applicable,Sealed,Dry,Not Raining,Daylight,Side Swipe,2,Driver Rider,1: PDO,No Control,,,1320365.82,1660846.9,1.32037E+13
2019-10806-8/07/2020,2 Metropolitan,KENT TOWN,5067,"CC OF NORWOOD,PAYNEHAM & ST PETERS",2,0,0,0,0,2019,October,Wednesday,8:02 AM,60,T-Junction,Straight road,Level,Not Applicable,Sealed,Dry,Not Raining,Daylight,Right Turn,2,Driver Rider,1: PDO,Give Way Sign,,,1330022.65,1670910,1.33002E+13
2019-10807-8/07/2020,2 Metropolitan,POORAKA,5095,CITY OF SALISBURY,2,0,0,0,0,2019,October,Tuesday,11:20 AM,70,Cross Road,Straight road,Level,Not Applicable,Sealed,Dry,Not Raining,Daylight,Rear End,1,Driver Rider,1: PDO,Traffic Signals,,,1330499.62,1681832.25,1.3305E+13
2019-10808-8/07/2020,2 Metropolitan,GREENWITH,5125,CITY OF TEA TREE GULLY,2,0,0,0,0,2019,October,Wednesday,8:30 AM,60,Not Divided,"CURVED, VIEW OPEN",Crest of Hill,Not Applicable,Sealed,Dry,Not Raining,Daylight,Hit Fixed Object,1,Driver Rider,1: PDO,No Control,,,1338947.39,1687542.1,1.33895E+13
2019-10809-8/07/2020,2 Metropolitan,KURRALTA PARK,5037,CITY OF WEST TORRENS,2,1,0,1,0,2019,October,Wednesday,7:35 AM,60,Divided Road,Straight road,Level,Median Opening (not at I/S),Sealed,Dry,Not Raining,Daylight,Right Turn,2,Driver Rider,3: SI,No Control,,,1325517.96,1667523.64,1.32552E+13
2019-10810-8/07/2020,2 Metropolitan,WOODVILLE SOUTH,5011,CITY OF CHARLES STURT,3,3,0,0,3,2019,October,Wednesday,8:45 AM,50,Divided Road,Straight road,Level,Median Opening (not at I/S),Sealed,Dry,Not Raining,Daylight,Hit Fixed Object,1,Driver Rider,2: MI,No Control,,,1322476.02,1675488.85,1.32248E+13
2019-10811-8/07/2020,2 Metropolitan,MODBURY,5092,CITY OF TEA TREE GULLY,2,1,0,0,1,2019,October,Tuesday,10:45 AM,60,Cross Road,Straight road,Level,Not Applicable,Sealed,Dry,Not Raining,Daylight,Right Angle,2,Driver Rider,2: MI,Roundabout,,,1336893.85,1680635.92,1.33689E+13
2019-10812-8/07/2020,3 Country,WHYALLA,5600,CC WHYALLA.                   ,1,1,0,0,1,2019,October,Wednesday,9:55 AM,50,Not Divided,Straight road,Slope,Not Applicable,Sealed,Dry,Not Raining,Daylight,Roll Over,1,Driver Rider,2: MI,No Control,,,1240753.01,1882244.57,1.24075E+13
2019-10813-8/07/2020,2 Metropolitan,SOMERTON PARK,5044,CITY OF HOLDFAST BAY,2,0,0,0,0,2019,October,Tuesday,12:45 PM,60,Divided Road,Straight road,Level,Not Applicable,Sealed,Dry,Not Raining,Daylight,Hit Parked Vehicle,2,Driver Rider,1: PDO,No Control,,,1321815.15,1663017.88,1.32182E+13
2019-10814-8/07/2020,2 Metropolitan,BOLIVAR,5110,CITY OF SALISBURY,2,1,0,0,1,2019,October,Wednesday,10:24 AM,90,Divided Road,Straight road,Level,Not Applicable,Sealed,Dry,Not Raining,Daylight,Rear End,2,Driver Rider,2: MI,No Control,,,1328542.38,1688325.3,1.32854E+13
2019-10815-8/07/2020,3 Country,MOUNT BURR,5279,WATTLE RANGE COUNCIL,2,0,0,0,0,2019,September,Saturday,12:00 PM,100,Not Divided,Straight road,Level,Not Applicable,Unsealed,Unknown,Unknown,Daylight,Roll Over,2,Animal,1: PDO,No Control,,Y,1485465.66,1367229.51,1.48547E+13
2019-10816-8/07/2020,2 Metropolitan,EVANSTON SOUTH,5116,CT GAWLER.                    ,2,1,0,0,1,2019,October,Sunday,9:25 PM,90,Divided Road,Straight road,Level,Not Applicable,Sealed,Dry,Not Raining,Night,Hit Pedestrian,2,Pedestrian,2: MI,No Control,,,1340302.36,1701132.94,1.3403E+13
2019-10817-8/07/2020,2 Metropolitan,GOODWOOD,5034,CITY OF UNLEY,2,1,0,0,1,2019,May,Thursday,10:50 AM,50,Not Divided,Straight road,Level,Not Applicable,Sealed,Dry,Not Raining,Daylight,Side Swipe,2,Other,2: MI,No Control,,,1327458.01,1667890.67,1.32746E+13
2019-10818-8/07/2020,2 Metropolitan,FLINDERS PARK,5025,CITY OF CHARLES STURT,2,0,0,0,0,2019,October,Wednesday,1:30 PM,60,Cross Road,Straight road,Level,Not Applicable,Sealed,Dry,Not Raining,Daylight,Right Angle,2,Driver Rider,1: PDO,Traffic Signals,,,1323866.81,1672390.84,1.32387E+13
2019-10819-8/07/2020,2 Metropolitan,SMITHFIELD,5114,CITY OF PLAYFORD.,2,0,0,0,0,2019,October,Wednesday,1:10 PM,80,Cross Road,Straight road,Level,Not Applicable,Sealed,Dry,Not Raining,Daylight,Right Angle,2,Driver Rider,1: PDO,Traffic Signals,,,1337612.7,1696654.75,1.33761E+13
2019-10820-8/07/2020,2 Metropolitan,REYNELLA EAST,5161,CITY OF ONKAPARINGA,2,0,0,0,0,2019,October,Wednesday,2:10 PM,40,Divided Road,Straight road,Slope,Roadworks,Sealed,Dry,Not Raining,Daylight,Side Swipe,2,Driver Rider,1: PDO,No Control,,,1323025.64,1652339.84,1.32303E+13
2019-10821-8/07/2020,3 Country,STRATHALBYN,5255,ALEXANDRINA COUNCIL,2,1,0,0,1,2019,October,Monday,12:00 PM,50,Not Divided,Straight road,Slope,Not Applicable,Sealed,Dry,Not Raining,Daylight,Hit Pedestrian,2,Pedestrian,2: MI,No Control,,,1354058.14,1632896.07,1.35406E+13
2019-10822-8/07/2020,2 Metropolitan,WEST HINDMARSH,5007,CITY OF CHARLES STURT,2,0,0,0,0,2019,October,Wednesday,1:48 PM,60,Divided Road,"CURVED, VIEW OPEN",Bottom of Hill,Not Applicable,Sealed,Dry,Not Raining,Daylight,Rear End,2,Driver Rider,1: PDO,No Control,,,1325302.58,1672356.12,1.3253E+13
2019-10823-8/07/2020,2 Metropolitan,ELIZABETH,5112,CITY OF PLAYFORD.,2,0,0,0,0,2019,October,Wednesday,3:09 PM,60,Cross Road,Straight road,Level,Not Applicable,Sealed,Dry,Not Raining,Daylight,Right Angle,1,Driver Rider,1: PDO,Roundabout,,,1335655.83,1693821.56,1.33566E+13
2019-10824-8/07/2020,2 Metropolitan,ROSSLYN PARK,5072,CITY OF BURNSIDE,2,0,0,0,0,2019,October,Wednesday,2:30 PM,60,Cross Road,Straight road,Level,Not Applicable,Sealed,Dry,Not Raining,Daylight,Right Angle,1,Driver Rider,1: PDO,Stop Sign,,,1334756.2,1671144.07,1.33476E+13
2019-10825-8/07/2020,3 Country,SNOWTOWN,5520,WAKEFIELD REGIONAL COUNCIL,2,0,0,0,0,2019,October,Tuesday,10:30 PM,110,Divided Road,"CURVED, VIEW OPEN",Level,Not Applicable,Sealed,Dry,Not Raining,Night,Hit Object on Road,1,Driver Rider,1: PDO,No Control,,,1296932.58,1799481.72,1.29693E+13
2019-10826-8/07/2020,2 Metropolitan,CLOVELLY PARK,5042,CC MARION.                    ,2,0,0,0,0,2019,October,Wednesday,4:13 PM,60,T-Junction,Straight road,Level,Not Applicable,Sealed,Dry,Not Raining,Daylight,Right Angle,2,Driver Rider,1: PDO,No Control,,,1325246.65,1663297.21,1.32525E+13
2019-10827-8/07/2020,2 Metropolitan,BROOKLYN PARK,5032,CITY OF WEST TORRENS,2,1,0,1,0,2019,October,Wednesday,4:10 PM,60,Divided Road,Straight road,Level,Not Applicable,Sealed,Dry,Not Raining,Daylight,Side Swipe,2,Driver Rider,3: SI,No Control,,,1324100.03,1670044.48,1.3241E+13
2019-10828-8/07/2020,2 Metropolitan,ROSEWATER,5013,CITY OF PORT ADELAIDE ENFIELD,2,1,0,0,1,2019,October,Wednesday,4:30 PM,50,T-Junction,Straight road,Level,Not Applicable,Sealed,Dry,Not Raining,Daylight,Right Angle,1,Driver Rider,2: MI,No Control,,,1321678.01,1679504.5,1.32168E+13
2019-10829-8/07/2020,2 Metropolitan,GREENACRES,5086,CITY OF PORT ADELAIDE ENFIELD,2,3,0,0,3,2019,October,Wednesday,4:05 PM,60,T-Junction,Straight road,Level,Not Applicable,Sealed,Dry,Not Raining,Daylight,Right Turn,1,Driver Rider,2: MI,No Control,,,1331211.78,1676588.99,1.33121E+13
2019-10830-8/07/2020,2 Metropolitan,BEDFORD PARK,5042,CC MARION.                    ,2,0,0,0,0,2019,October,Wednesday,3:10 PM,40,Cross Road,Straight road,Level,Not Applicable,Sealed,Dry,Not Raining,Daylight,Rear End,2,Driver Rider,1: PDO,Traffic Signals,,,1324843.67,1660104.21,1.32484E+13
2019-10831-8/07/2020,2 Metropolitan,MAGILL,5072,CC CAMPBELLTOWN.              ,3,1,0,0,1,2019,October,Wednesday,5:10 PM,50,Cross Road,Straight road,Level,Not Applicable,Sealed,Dry,Not Raining,Daylight,Right Angle,2,Driver Rider,2: MI,Give Way Sign,,,1335032.33,1673548.77,1.33503E+13
2019-10832-8/07/2020,2 Metropolitan,STURT,5047,CC MARION.                    ,2,0,0,0,0,2019,October,Wednesday,6:00 PM,60,Cross Road,Straight road,Level,Not Applicable,Sealed,Dry,Not Raining,Daylight,Right Turn,2,Driver Rider,1: PDO,Traffic Signals,,,1323555.33,1660645.06,1.32356E+13
2019-10833-8/07/2020,2 Metropolitan,COLLINSWOOD,5081,CITY OF PROSPECT,2,1,0,0,1,2019,October,Wednesday,5:20 PM,60,T-Junction,Straight road,Level,Not Applicable,Sealed,Dry,Not Raining,Daylight,Right Turn,2,Driver Rider,2: MI,No Control,,,1330284.03,1675048.18,1.33028E+13
2019-10834-8/07/2020,2 Metropolitan,PARAFIELD GARDENS,5107,CITY OF SALISBURY,2,1,0,0,1,2019,October,Wednesday,6:10 PM,60,T-Junction,Straight road,Level,Not Applicable,Sealed,Dry,Not Raining,Daylight,Right Angle,2,Driver Rider,2: MI,Give Way Sign,,,1331651.62,1686657.21,1.33165E+13
2019-10835-8/07/2020,2 Metropolitan,ROYAL PARK,5014,CITY OF CHARLES STURT,2,0,0,0,0,2019,October,Wednesday,6:05 PM,60,Cross Road,Straight road,Level,Not Applicable,Sealed,Dry,Not Raining,Daylight,Right Turn,2,Driver Rider,1: PDO,Traffic Signals,,,1320696.01,1677657.59,1.3207E+13
2019-10836-8/07/2020,2 Metropolitan,LINDEN PARK,5065,CITY OF BURNSIDE,2,0,0,0,0,2019,October,Tuesday,3:20 PM,60,Divided Road,Straight road,Level,Not Applicable,Sealed,Dry,Not Raining,Daylight,Rear End,2,Driver Rider,1: PDO,No Control,,,1332339.07,1668074.61,1.33234E+13
2019-10837-8/07/2020,2 Metropolitan,MUNNO PARA,5115,CITY OF PLAYFORD.,2,1,0,0,1,2019,October,Wednesday,4:00 PM,60,Cross Road,Straight road,Level,Not Applicable,Sealed,Dry,Not Raining,Daylight,Rear End,2,Driver Rider,2: MI,Roundabout,,,1337173.84,1698251.31,1.33717E+13
2019-10838-8/07/2020,2 Metropolitan,HOLDEN HILL,5088,CITY OF TEA TREE GULLY,2,0,0,0,0,2019,October,Wednesday,6:00 PM,60,T-Junction,Straight road,Level,Not Applicable,Sealed,Dry,Not Raining,Daylight,Rear End,2,Driver Rider,1: PDO,Traffic Signals,,,1334713.27,1678543.84,1.33471E+13
2019-10839-8/07/2020,1 City,ADELAIDE,5000,CITY OF ADELAIDE,2,1,0,0,1,2019,October,Wednesday,5:50 PM,60,Not Divided,Straight road,Level,Not Applicable,Sealed,Dry,Not Raining,Daylight,Hit Parked Vehicle,1,Driver Rider,2: MI,No Control,,,1329824.71,1671269.27,1.32983E+13
2019-10840-8/07/2020,2 Metropolitan,PARALOWIE,5108,CITY OF SALISBURY,3,0,0,0,0,2019,October,Wednesday,9:00 PM,60,Pedestrian Crossing,Straight road,Level,Not Applicable,Sealed,Dry,Not Raining,Night,Rear End,1,Driver Rider,1: PDO,Traffic Signals,,,1328967.17,1689313.98,1.32897E+13
2019-10841-8/07/2020,1 City,NORTH ADELAIDE,5006,CITY OF ADELAIDE,2,0,0,0,0,2019,October,Wednesday,10:00 PM,50,Divided Road,Straight road,Level,Not Applicable,Sealed,Dry,Not Raining,Night,Hit Pedestrian,1,Pedestrian,1: PDO,No Control,,,1328260.1,1672598.76,1.32826E+13
2019-10842-8/07/2020,1 City,ADELAIDE,5000,CITY OF ADELAIDE,2,0,0,0,0,2019,October,Wednesday,10:30 PM,50,Cross Road,Straight road,Level,Not Applicable,Sealed,Dry,Not Raining,Night,Right Turn,2,Driver Rider,1: PDO,Traffic Signals,,,1329024.85,1670686.76,1.32903E+13
2019-10843-8/07/2020,3 Country,COOTRA,5650,DC KIMBA.                     ,1,0,0,0,0,2019,October,Wednesday,11:45 PM,110,Not Divided,Straight road,Level,Not Applicable,Sealed,Dry,Not Raining,Night,Roll Over,1,Driver Rider,1: PDO,No Control,,,1088058.67,1867680.64,1.08806E+13
2019-10844-8/07/2020,2 Metropolitan,SOUTH PLYMPTON,5038,CC MARION.                    ,2,0,0,0,0,2019,October,Thursday,4:05 AM,60,Cross Road,Straight road,Level,Not Applicable,Sealed,Dry,Not Raining,Night,Right Angle,2,Driver Rider,1: PDO,Traffic Signals,,,1324247.23,1666113.9,1.32425E+13
2019-10845-8/07/2020,2 Metropolitan,WATERLOO CORNER,5110,CITY OF SALISBURY,4,0,0,0,0,2019,October,Thursday,6:40 AM,90,Divided Road,Straight road,Level,Not Applicable,Sealed,Dry,Not Raining,Daylight,Rear End,2,Driver Rider,1: PDO,No Control,,,1327515.37,1692616.77,1.32752E+13
2019-10846-8/07/2020,3 Country,WAIKERIE,5330,LOXTON WAIKERIE DISTRICT COUNCIL,2,1,0,1,0,2019,October,Thursday,12:01 AM,80,Not Divided,Straight road,Level,Not Applicable,Sealed,Dry,Not Raining,Night,Hit Fixed Object,1,Driver Rider,3: SI,No Control,Y,,1455970.41,1746436.79,1.45597E+13
2019-10847-8/07/2020,2 Metropolitan,WATERLOO CORNER,5110,CITY OF PLAYFORD.,2,1,0,0,1,2019,October,Thursday,7:10 AM,60,Cross Road,Straight road,Level,Not Applicable,Sealed,Dry,Not Raining,Daylight,Right Angle,1,Driver Rider,2: MI,Stop Sign,,,1329037.55,1693187.23,1.32904E+13
2019-10848-8/07/2020,3 Country,PORT GAWLER,5501,DC MALLALA.                   ,2,0,0,0,0,2019,October,Thursday,7:15 AM,80,Not Divided,Straight road,Level,Not Applicable,Unsealed,Dry,Not Raining,Daylight,Hit Fixed Object,1,Driver Rider,1: PDO,No Control,,,1319266.78,1704066.33,1.31927E+13
2019-10849-8/07/2020,2 Metropolitan,SOUTH PLYMPTON,5038,CC MARION.                    ,2,0,0,0,0,2019,October,Thursday,7:40 AM,60,Cross Road,Straight road,Level,Not Applicable,Sealed,Dry,Not Raining,Daylight,Side Swipe,1,Driver Rider,1: PDO,Give Way Sign,,,1324262.69,1665284.59,1.32426E+13
2019-10850-8/07/2020,2 Metropolitan,SEACOMBE GARDENS,5047,CC MARION.                    ,2,0,0,0,0,2019,October,Wednesday,6:10 PM,60,Divided Road,Straight road,Level,Not Applicable,Sealed,Dry,Not Raining,Daylight,Rear End,1,Driver Rider,1: PDO,No Control,,,1323080.71,1660633.79,1.32308E+13
2019-10851-8/07/2020,2 Metropolitan,GULFVIEW HEIGHTS,5096,CITY OF SALISBURY,4,1,0,0,1,2019,October,Thursday,8:15 AM,60,Divided Road,Straight road,Slope,Not Applicable,Sealed,Dry,Not Raining,Daylight,Rear End,1,Driver Rider,2: MI,No Control,,,1334457.74,1684302.03,1.33446E+13
2019-10852-8/07/2020,2 Metropolitan,WATERLOO CORNER,5110,CITY OF PLAYFORD.,2,0,0,0,0,2019,October,Wednesday,8:00 PM,60,T-Junction,Straight road,Level,Not Applicable,Sealed,Dry,Not Raining,Night,Right Angle,2,Driver Rider,1: PDO,No Control,,,1324424.11,1695449.17,1.32442E+13
2019-10853-8/07/2020,2 Metropolitan,SEMAPHORE PARK,5019,CITY OF CHARLES STURT,3,1,0,0,1,2019,October,Thursday,8:00 AM,60,Not Divided,Straight road,Level,Not Applicable,Sealed,Dry,Not Raining,Daylight,Rear End,2,Driver Rider,2: MI,No Control,,,1317960.64,1679347.65,1.31796E+13
2019-10854-8/07/2020,1 City,ADELAIDE,5000,CITY OF ADELAIDE,2,0,0,0,0,2019,October,Thursday,9:35 AM,50,Divided Road,Straight road,Level,Not Applicable,Sealed,Dry,Not Raining,Daylight,Rear End,2,Driver Rider,1: PDO,No Control,,,1329264.15,1671156.75,1.32926E+13
2019-10855-8/07/2020,2 Metropolitan,SOUTH BRIGHTON,5048,CITY OF HOLDFAST BAY,3,0,0,0,0,2019,October,Wednesday,5:30 PM,60,T-Junction,Straight road,Level,Not Applicable,Sealed,Dry,Not Raining,Daylight,Rear End,2,Driver Rider,1: PDO,No Control,,,1321152.76,1660173.94,1.32115E+13
2019-10856-8/07/2020,2 Metropolitan,MODBURY,5092,CITY OF TEA TREE GULLY,2,0,0,0,0,2019,October,Wednesday,2:47 PM,60,Cross Road,Straight road,Level,Not Applicable,Sealed,Dry,Not Raining,Daylight,Side Swipe,2,Driver Rider,1: PDO,Traffic Signals,,,1336395.9,1680602.76,1.3364E+13
2019-10857-8/07/2020,3 Country,MOSELEY,5641,DC KIMBA.                     ,3,0,0,0,0,2019,October,Thursday,7:05 AM,110,Not Divided,"CURVED, VIEW OBSCURED",Level,Not Applicable,Sealed,Dry,Not Raining,Daylight,Roll Over,1,Driver Rider,1: PDO,No Control,,,1136672.77,1874668.1,1.13667E+13
2019-10858-8/07/2020,2 Metropolitan,MOUNT BARKER,5251,DC MT.BARKER.                 ,2,1,0,1,0,2019,October,Thursday,10:00 AM,50,Cross Road,Straight road,Slope,Not Applicable,Sealed,Dry,Not Raining,Daylight,Hit Fixed Object,1,Driver Rider,3: SI,Roundabout,,,1351409.02,1653530.17,1.35141E+13
2019-10859-8/07/2020,2 Metropolitan,FLINDERS PARK,5025,CITY OF CHARLES STURT,2,0,0,0,0,2019,October,Thursday,11:00 AM,60,Divided Road,Straight road,Level,Not Applicable,Sealed,Dry,Not Raining,Daylight,Side Swipe,2,Driver Rider,1: PDO,No Control,,,1322498.58,1673119.11,1.3225E+13
2019-10860-8/07/2020,3 Country,RISDON PARK,5540,PT.PIRIE CITY & DIST. COUNCIL ,2,4,0,0,4,2019,October,Thursday,10:15 AM,50,Cross Road,Straight road,Level,Not Applicable,Sealed,Dry,Not Raining,Daylight,Right Angle,2,Driver Rider,2: MI,Give Way Sign,,,1278849.47,1863513.39,1.27885E+13
2019-10861-8/07/2020,2 Metropolitan,GREENACRES,5086,CITY OF PORT ADELAIDE ENFIELD,2,1,0,0,1,2019,October,Thursday,12:20 PM,60,T-Junction,Straight road,Level,Not Applicable,Sealed,Dry,Not Raining,Daylight,Right Angle,2,Driver Rider,2: MI,No Control,,,1330949.57,1676582.67,1.33095E+13
2019-10862-8/07/2020,2 Metropolitan,WOODVILLE SOUTH,5011,CITY OF CHARLES STURT,2,0,0,0,0,2019,October,Thursday,12:30 PM,60,T-Junction,Straight road,Level,Not Applicable,Sealed,Dry,Not Raining,Daylight,Right Angle,1,Driver Rider,1: PDO,No Control,,,1323057.97,1675616.73,1.32306E+13
2019-10863-8/07/2020,2 Metropolitan,CLEARVIEW,5085,CITY OF PORT ADELAIDE ENFIELD,2,0,0,0,0,2019,October,Thursday,12:14 PM,60,T-Junction,Straight road,Level,Not Applicable,Sealed,Dry,Not Raining,Daylight,Right Angle,2,Driver Rider,1: PDO,No Control,,,1330426.52,1677332.86,1.33043E+13
2019-10864-8/07/2020,2 Metropolitan,SALISBURY,5108,CITY OF SALISBURY,2,1,0,0,1,2019,October,Thursday,12:45 PM,40,Pedestrian Crossing,Straight road,Level,Not Applicable,Sealed,Dry,Not Raining,Daylight,Hit Pedestrian,1,Driver Rider,2: MI,No Control,,,1333048.12,1688597.97,1.33305E+13
2019-10865-8/07/2020,2 Metropolitan,MOUNT BARKER,5251,DC MT.BARKER.                 ,2,2,0,1,1,2019,October,Thursday,12:10 PM,60,Not Divided,Straight road,Level,Not Applicable,Sealed,Dry,Not Raining,Daylight,Head On,2,Driver Rider,3: SI,No Control,,Y,1352092.76,1652875.7,1.35209E+13
2019-10866-8/07/2020,2 Metropolitan,SEATON,5023,CITY OF CHARLES STURT,2,0,0,0,0,2019,October,Thursday,2:15 PM,60,Rail Xing,Straight road,Level,Not Applicable,Sealed,Dry,Not Raining,Daylight,Side Swipe,1,Driver Rider,1: PDO,Traffic Signals,,,1320741.8,1674689.58,1.32074E+13
2019-10867-8/07/2020,2 Metropolitan,SALISBURY EAST,5109,CITY OF SALISBURY,3,1,0,0,1,2019,October,Thursday,12:09 PM,60,Divided Road,Straight road,Level,Not Applicable,Sealed,Dry,Not Raining,Daylight,Hit Fixed Object,1,Driver Rider,2: MI,No Control,,,1335533.42,1686344.2,1.33553E+13
2019-10868-8/07/2020,2 Metropolitan,MILE END SOUTH,5031,CITY OF WEST TORRENS,2,0,0,0,0,2019,October,Thursday,2:30 PM,60,T-Junction,Straight road,Level,Not Applicable,Sealed,Dry,Not Raining,Daylight,Right Angle,2,Driver Rider,1: PDO,No Control,,,1325799.23,1669146.61,1.3258E+13
2019-10869-8/07/2020,2 Metropolitan,LINDEN PARK,5065,CITY OF BURNSIDE,2,0,0,0,0,2019,October,Thursday,2:40 PM,25,Divided Road,Straight road,Level,Roadworks,Sealed,Dry,Not Raining,Daylight,Side Swipe,2,Driver Rider,1: PDO,No Control,,,1332316.45,1668909.63,1.33232E+13
2019-10870-8/07/2020,2 Metropolitan,ST PETERS,5069,"CC OF NORWOOD,PAYNEHAM & ST PETERS",2,1,0,0,1,2019,October,Thursday,12:50 PM,60,T-Junction,Straight road,Level,Not Applicable,Sealed,Dry,Not Raining,Daylight,Right Angle,2,Driver Rider,2: MI,No Control,,,1331000.86,1672251.3,1.331E+13
2019-10871-8/07/2020,2 Metropolitan,CAVAN,5094,CITY OF SALISBURY,2,0,0,0,0,2019,October,Thursday,9:20 AM,50,Other,Straight road,Level,Driveway or Entrance,Sealed,Dry,Not Raining,Daylight,Hit Parked Vehicle,1,Driver Rider,1: PDO,No Control,,,1329291.43,1682490.13,1.32929E+13
2019-10872-8/07/2020,2 Metropolitan,SALISBURY EAST,5109,CITY OF SALISBURY,2,0,0,0,0,2019,October,Thursday,4:25 PM,80,Cross Road,Straight road,Level,Not Applicable,Sealed,Dry,Not Raining,Daylight,Rear End,1,Driver Rider,1: PDO,Traffic Signals,,,1333277.7,1685371.45,1.33328E+13
2019-10873-8/07/2020,2 Metropolitan,PLYMPTON PARK,5038,CC MARION.                    ,2,1,0,0,1,2019,October,Thursday,1:20 PM,60,Divided Road,Straight road,Level,Not Applicable,Sealed,Dry,Not Raining,Daylight,Rear End,2,Driver Rider,2: MI,No Control,,,1324290.94,1664763.91,1.32429E+13
2019-10874-8/07/2020,2 Metropolitan,RIDGEHAVEN,5097,CITY OF TEA TREE GULLY,2,0,0,0,0,2019,October,Thursday,4:15 PM,60,Not Divided,Straight road,Slope,Not Applicable,Sealed,Dry,Not Raining,Daylight,Rear End,2,Driver Rider,1: PDO,No Control,,,1339719.46,1682063.3,1.33972E+13
2019-10875-8/07/2020,2 Metropolitan,FULHAM,5024,CITY OF WEST TORRENS,3,1,0,0,1,2019,October,Thursday,7:06 PM,60,Divided Road,Straight road,Level,Not Applicable,Sealed,Dry,Not Raining,Daylight,Rear End,2,Driver Rider,2: MI,No Control,,,1320972.27,1670663.42,1.32097E+13
2019-10876-8/07/2020,2 Metropolitan,CLELAND,5152,THE ADELAIDE HILLS COUNCIL,2,0,0,0,0,2019,October,Wednesday,4:50 PM,80,Not Divided,Straight road,Slope,Not Applicable,Sealed,Dry,Not Raining,Daylight,Hit Fixed Object,1,Driver Rider,1: PDO,No Control,,,1336259.81,1667518.35,1.33626E+13
2019-10877-8/07/2020,2 Metropolitan,CHARLESTON,5244,THE ADELAIDE HILLS COUNCIL,2,1,0,0,1,2019,October,Thursday,4:40 PM,100,Not Divided,Straight road,Crest of Hill,Not Applicable,Unsealed,Dry,Not Raining,Daylight,Head On,2,Driver Rider,2: MI,No Control,,,1359287.09,1671296.84,1.35929E+13
2019-10878-8/07/2020,2 Metropolitan,OTTOWAY,5013,CITY OF PORT ADELAIDE ENFIELD,2,1,0,0,1,2019,October,Thursday,8:15 PM,60,Cross Road,Straight road,Level,Not Applicable,Sealed,Dry,Not Raining,Night,Right Angle,2,Driver Rider,2: MI,Give Way Sign,,,1322902.28,1679362.03,1.3229E+13
2019-10879-8/07/2020,2 Metropolitan,ST MARYS,5042,CC MITCHAM.                   ,3,0,0,0,0,2019,October,Thursday,5:15 PM,70,Cross Road,Straight road,Bottom of Hill,Not Applicable,Sealed,Dry,Not Raining,Daylight,Rear End,1,Driver Rider,1: PDO,Traffic Signals,,,1326003.5,1661279.45,1.326E+13
2019-10880-8/07/2020,2 Metropolitan,WEST LAKES,5021,CITY OF CHARLES STURT,2,1,0,0,1,2019,October,Thursday,5:36 PM,60,Divided Road,Straight road,Level,Not Applicable,Sealed,Dry,Not Raining,Daylight,Hit Pedestrian,2,Pedestrian,2: MI,No Control,,,1319551.2,1679104.11,1.31955E+13
2019-10881-8/07/2020,2 Metropolitan,CHRISTIE DOWNS,5164,CITY OF ONKAPARINGA,2,2,0,0,2,2019,October,Thursday,3:30 PM,60,T-Junction,Straight road,Level,Not Applicable,Sealed,Dry,Not Raining,Daylight,Rear End,2,Driver Rider,2: MI,Traffic Signals,,,1318513.27,1647464.88,1.31851E+13
2019-10882-8/07/2020,1 City,ADELAIDE,5000,CITY OF ADELAIDE,2,0,0,0,0,2019,November,Friday,12:00 AM,50,Cross Road,Straight road,Level,Not Applicable,Sealed,Dry,Not Raining,Night,Right Angle,1,Driver Rider,1: PDO,Traffic Signals,,,1327546.38,1670804.3,1.32755E+13