REPORT_ID,Stats Area,Suburb,Postcode,LGA Name,Total Units,Total Cas,Total Fats,Total SI,Total MI,Year,Month,Day,Time,Area Speed,Position Type,Horizontal Align,Vertical Align,Other Feat,Road Surface,Moisture Cond,Weather Cond,DayNight,Crash Type,Unit Resp,Entity Code,CSEF Severity,Traffic Ctrls,DUI Involved,Drugs Involved,ACCLOC_X,ACCLOC_Y,UNIQUE_LOC
2019-10883-8/07/2020,2 Metropolitan,MAYLANDS,5069,"CC OF NORWOOD,PAYNEHAM & ST PETERS",2,1,0,0,1,2019,November,Friday,5:39 AM,60,Cross Road,Straight road,Level,Not Applicable,Sealed,Dry,Not Raining,Night,Right Turn,1,Driver Rider,2: MI,Traffic Signals,,,1332238.21,1671761.6,1.33224E+13
2019-10884-8/07/2020,2 Metropolitan,KURRALTA PARK,5037,CITY OF WEST TORRENS,3,0,0,0,0,2019,November,Friday,7:35 AM,60,Divided Road,Straight road,Level,Not Applicable,Sealed,Dry,Not Raining,Daylight,Rear End,1,Driver Rider,1: PDO,No Control,,,1325809.51,1668452.74,1.32581E+13
2019-10885-8/07/2020,2 Metropolitan,SALISBURY HEIGHTS,5109,CITY OF SALISBURY,3,1,0,0,1,2019,November,Friday,8:04 AM,80,T-Junction,Straight road,Level,Not Applicable,Sealed,Dry,Not Raining,Daylight,Rear End,1,Driver Rider,2: MI,No Control,,,1335937.64,1688754.16,1.33594E+13
2019-10886-8/07/2020,3 Country,ROCKY GULLY,5254,RC MURRAY BRIDGE.             ,2,0,0,0,0,2019,November,Friday,12:01 AM,100,Not Divided,Straight road,Slope,Not Applicable,Unsealed,Dry,Not Raining,Night,Hit Fixed Object,1,Driver Rider,1: PDO,No Control,,,1382635,1648169.68,1.38264E+13
2019-10887-8/07/2020,2 Metropolitan,ALBERTON,5014,CITY OF PORT ADELAIDE ENFIELD,2,0,0,0,0,2019,September,Monday,11:26 AM,50,Not Divided,"CURVED, VIEW OPEN",Level,Not Applicable,Sealed,Dry,Not Raining,Daylight,Hit Parked Vehicle,2,Driver Rider,1: PDO,No Control,,,1320615.81,1678937.58,1.32062E+13
2019-10888-8/07/2020,2 Metropolitan,ST MARYS,5042,CC MITCHAM.                   ,2,0,0,0,0,2019,November,Friday,9:40 AM,40,Cross Road,"CURVED, VIEW OPEN",Level,Roadworks,Sealed,Dry,Not Raining,Daylight,Side Swipe,2,Driver Rider,1: PDO,Traffic Signals,,,1326003.5,1661279.45,1.326E+13
2019-10889-8/07/2020,2 Metropolitan,PORT WILLUNGA,5173,CITY OF ONKAPARINGA,2,0,0,0,0,2019,November,Friday,10:15 AM,50,Cross Road,Straight road,Level,Not Applicable,Sealed,Dry,Not Raining,Daylight,Right Angle,1,Driver Rider,1: PDO,Roundabout,,,1314279.52,1633113.57,1.31428E+13
2019-10890-8/07/2020,2 Metropolitan,ATHELSTONE,5076,CC CAMPBELLTOWN.              ,2,0,0,0,0,2019,November,Friday,6:45 AM,60,Cross Road,Straight road,Level,Not Applicable,Sealed,Dry,Not Raining,Daylight,Right Angle,1,Driver Rider,1: PDO,Roundabout,,,1337033.54,1674736.87,1.33703E+13
2019-10891-8/07/2020,2 Metropolitan,HAPPY VALLEY,5159,CITY OF ONKAPARINGA,2,0,0,0,0,2019,November,Friday,10:50 AM,80,Cross Road,Straight road,Slope,Not Applicable,Sealed,Dry,Not Raining,Daylight,Side Swipe,1,Driver Rider,1: PDO,Traffic Signals,,,1323033.85,1653421.92,1.32303E+13
2019-10892-8/07/2020,2 Metropolitan,CHRISTIES BEACH,5165,CITY OF ONKAPARINGA,2,0,0,0,0,2019,November,Friday,11:45 AM,60,Divided Road,Straight road,Level,Driveway or Entrance,Sealed,Dry,Not Raining,Daylight,Right Angle,1,Driver Rider,1: PDO,No Control,,,1317175.15,1647417.82,1.31718E+13
2019-10893-8/07/2020,2 Metropolitan,PARKSIDE,5063,CITY OF UNLEY,2,1,0,0,1,2019,November,Friday,8:30 AM,40,Not Divided,Straight road,Level,Not Applicable,Sealed,Dry,Not Raining,Daylight,Hit Parked Vehicle,2,Driver Rider,2: MI,No Control,,,1329332.61,1668925.73,1.32933E+13
2019-10894-8/07/2020,2 Metropolitan,NORTHGATE,5085,CITY OF PORT ADELAIDE ENFIELD,2,1,0,0,1,2019,November,Friday,9:00 AM,70,Divided Road,Straight road,Slope,Not Applicable,Unsealed,Dry,Not Raining,Daylight,Rear End,2,Driver Rider,2: MI,No Control,,,1331581.24,1679289.19,1.33158E+13
2019-10895-8/07/2020,2 Metropolitan,STURT,5047,CC MARION.                    ,2,1,0,0,1,2019,November,Friday,11:30 AM,60,Divided Road,Straight road,Level,Not Applicable,Sealed,Dry,Not Raining,Daylight,Side Swipe,2,Driver Rider,2: MI,No Control,,,1324428.42,1659761.39,1.32443E+13
2019-10896-8/07/2020,2 Metropolitan,UNLEY PARK,5061,CITY OF UNLEY,2,1,0,0,1,2019,November,Friday,9:50 AM,60,Not Divided,Straight road,Level,Not Applicable,Sealed,Dry,Not Raining,Daylight,Hit Fixed Object,1,Driver Rider,2: MI,No Control,,,1329126.18,1666700.42,1.32913E+13
2019-10897-8/07/2020,2 Metropolitan,UPPER STURT,5156,THE ADELAIDE HILLS COUNCIL,2,0,0,0,0,2019,November,Friday,10:20 AM,60,Not Divided,Straight road,Slope,Not Applicable,Sealed,Dry,Not Raining,Daylight,Rear End,2,Driver Rider,1: PDO,No Control,,,1336052.56,1660173.15,1.33605E+13
2019-10898-8/07/2020,2 Metropolitan,GLYNDE,5070,"CC OF NORWOOD,PAYNEHAM & ST PETERS",2,0,0,0,0,2019,November,Friday,7:20 AM,60,T-Junction,Straight road,Level,Not Applicable,Sealed,Dry,Not Raining,Daylight,Right Angle,2,Driver Rider,1: PDO,No Control,,,1332992.05,1674173.54,1.33299E+13
2019-10899-8/07/2020,3 Country,COCKATOO VALLEY,5351,THE BAROSSA COUNCIL.,2,4,0,0,4,2019,November,Friday,11:45 AM,80,T-Junction,Straight road,Level,Not Applicable,Sealed,Dry,Not Raining,Daylight,Rear End,2,Driver Rider,2: MI,Give Way Sign,,,1352070.8,1703135.24,1.35207E+13
2019-10900-8/07/2020,2 Metropolitan,WEST LAKES SHORE,5020,CITY OF CHARLES STURT,2,1,0,0,1,2019,November,Friday,1:25 PM,60,T-Junction,Straight road,Level,Not Applicable,Sealed,Dry,Not Raining,Daylight,Right Turn,2,Driver Rider,2: MI,Traffic Signals,,,1317947.1,1677022.93,1.31795E+13
2019-10901-8/07/2020,2 Metropolitan,FULHAM GARDENS,5024,CITY OF CHARLES STURT,3,1,0,0,1,2019,November,Friday,1:35 AM,60,Cross Road,Straight road,Level,Not Applicable,Sealed,Dry,Not Raining,Night,Rear End,1,Driver Rider,2: MI,Traffic Signals,,,1320790.16,1673081.46,1.32079E+13
2019-10902-8/07/2020,3 Country,MURRAY BRIDGE,5253,RC MURRAY BRIDGE.             ,2,1,0,0,1,2019,November,Friday,3:15 PM,50,T-Junction,Straight road,Level,Not Applicable,Sealed,Dry,Not Raining,Daylight,Side Swipe,2,Driver Rider,2: MI,No Control,,,1388589.08,1646380.35,1.38859E+13
2019-10903-8/07/2020,2 Metropolitan,GRANGE,5022,CITY OF CHARLES STURT,2,0,0,0,0,2019,November,Friday,6:20 AM,50,Cross Road,Straight road,Level,Not Applicable,Sealed,Dry,Not Raining,Daylight,Right Angle,1,Driver Rider,1: PDO,Roundabout,,,1318670.04,1673285.31,1.31867E+13
2019-10904-8/07/2020,2 Metropolitan,SEACLIFF,5049,CITY OF HOLDFAST BAY,2,0,0,0,0,2019,November,Friday,9:00 AM,60,Divided Road,Straight road,Level,Not Applicable,Sealed,Dry,Not Raining,Daylight,Rear End,1,Driver Rider,1: PDO,No Control,,,1321177.46,1659690.31,1.32118E+13
2019-10905-8/07/2020,2 Metropolitan,DRY CREEK,5094,CITY OF PORT ADELAIDE ENFIELD,2,0,0,0,0,2019,November,Friday,3:50 PM,60,Ramp Off,Straight road,Slope,Not Applicable,Sealed,Dry,Not Raining,Daylight,Hit Fixed Object,1,Driver Rider,1: PDO,No Control,,,1323930.04,1681063,1.32393E+13
2019-10906-8/07/2020,3 Country,MURRAY BRIDGE,5253,RC MURRAY BRIDGE.             ,2,0,0,0,0,2019,November,Friday,4:10 PM,60,Cross Road,Straight road,Level,Not Applicable,Sealed,Dry,Not Raining,Daylight,Hit Fixed Object,1,Driver Rider,1: PDO,Traffic Signals,,,1387586.7,1646248.9,1.38759E+13
2019-10907-8/07/2020,2 Metropolitan,WOODVILLE WEST,5011,CITY OF CHARLES STURT,2,0,0,0,0,2019,November,Friday,4:11 PM,50,Not Divided,Straight road,Level,Not Applicable,Sealed,Dry,Not Raining,Daylight,Head On,1,Driver Rider,1: PDO,No Control,,,1322305.23,1674897.55,1.32231E+13
2019-10908-8/07/2020,2 Metropolitan,ELIZABETH EAST,5112,CITY OF PLAYFORD.,2,1,0,1,0,2019,November,Friday,4:50 PM,60,Cross Road,Straight road,Level,Not Applicable,Sealed,Dry,Not Raining,Daylight,Hit Fixed Object,1,Driver Rider,3: SI,Roundabout,,,1336896.21,1693032.29,1.3369E+13
2019-10909-8/07/2020,2 Metropolitan,POORAKA,5095,CITY OF SALISBURY,2,1,0,0,1,2019,October,Thursday,3:45 PM,70,Cross Road,Straight road,Slope,Not Applicable,Sealed,Dry,Not Raining,Daylight,Rear End,2,Driver Rider,2: MI,Traffic Signals,,,1330475.28,1681830.96,1.33048E+13
2019-10910-8/07/2020,2 Metropolitan,WESTBOURNE PARK,5041,CC MITCHAM.                   ,3,1,0,0,1,2019,October,Thursday,6:21 PM,60,Cross Road,Straight road,Level,Not Applicable,Sealed,Dry,Not Raining,Daylight,Rear End,1,Driver Rider,2: MI,Traffic Signals,,,1327508,1666198.52,1.32751E+13
2019-10911-8/07/2020,2 Metropolitan,SALISBURY EAST,5109,CITY OF SALISBURY,2,2,0,0,2,2019,November,Friday,5:20 PM,80,Divided Road,Straight road,Level,Not Applicable,Sealed,Dry,Not Raining,Daylight,Rear End,1,Driver Rider,2: MI,No Control,,,1334012.57,1686306.65,1.33401E+13
2019-10912-8/07/2020,3 Country,KADINA,5554,COPPER COAST DISTRICT COUNCIL,2,0,0,0,0,2019,November,Friday,3:17 PM,50,Cross Road,Straight road,Level,Not Applicable,Sealed,Dry,Not Raining,Daylight,Right Angle,1,Driver Rider,1: PDO,Give Way Sign,,,1250579.9,1779496.96,1.25058E+13
2019-10913-8/07/2020,2 Metropolitan,GLENELG EAST,5045,CITY OF HOLDFAST BAY,2,0,0,0,0,2019,November,Friday,5:45 PM,60,Divided Road,Straight road,Level,Not Applicable,Sealed,Dry,Not Raining,Daylight,Rear End,2,Driver Rider,1: PDO,No Control,,,1321004.77,1665278.34,1.32101E+13
2019-10914-8/07/2020,3 Country,YALLUNDA FLAT,5607,DC TUMBY BAY.                 ,1,0,0,0,0,2019,October,Monday,4:45 PM,80,Not Divided,"CURVED, VIEW OPEN",Level,Not Applicable,Unsealed,Dry,Not Raining,Daylight,Roll Over,1,Driver Rider,1: PDO,No Control,,,1071668.65,1741783.79,1.07167E+13
2019-10915-8/07/2020,2 Metropolitan,MEDINDIE,5081,WALKERVILLE TOWN COUNCIL,2,0,0,0,0,2019,November,Friday,6:45 PM,60,T-Junction,Straight road,Level,Not Applicable,Sealed,Dry,Not Raining,Daylight,Hit Fixed Object,1,Driver Rider,1: PDO,No Control,,,1328749.73,1673538.52,1.32875E+13
2019-10916-8/07/2020,2 Metropolitan,ROSE PARK,5067,CITY OF BURNSIDE,2,0,0,0,0,2019,October,Thursday,8:30 AM,50,T-Junction,Straight road,Level,Not Applicable,Sealed,Dry,Not Raining,Daylight,Right Turn,2,Driver Rider,1: PDO,Stop Sign,,,1330735.45,1669866.37,1.33074E+13
2019-10917-8/07/2020,2 Metropolitan,HALLETT COVE,5158,CC MARION.                    ,2,0,0,0,0,2019,November,Friday,9:15 PM,80,T-Junction,Straight road,Level,Not Applicable,Sealed,Wet,Raining,Night,Hit Fixed Object,1,Driver Rider,1: PDO,No Control,,,1322124.88,1656109.08,1.32213E+13
2019-10918-8/07/2020,3 Country,HILTABA,5717,,1,0,0,0,0,2019,October,Thursday,1:00 PM,100,Not Divided,"CURVED, VIEW OBSCURED",Level,Not Applicable,Unsealed,Dry,Not Raining,Daylight,Roll Over,1,Driver Rider,1: PDO,No Control,,,1007916.16,1981657.26,1.00792E+13
2019-10919-8/07/2020,2 Metropolitan,WOODVILLE,5011,CITY OF CHARLES STURT,3,0,0,0,0,2019,November,Saturday,4:18 AM,60,Rail Crossing,Straight road,Level,Not Applicable,Sealed,Wet,Not Raining,Night,Hit Fixed Object,1,Driver Rider,1: PDO,Rail Xing-Traffic Signals,,,1322238.91,1676325.77,1.32224E+13
2019-10920-8/07/2020,2 Metropolitan,WINGFIELD,5013,CITY OF PORT ADELAIDE ENFIELD,2,0,0,0,0,2019,November,Saturday,7:30 AM,60,Cross Road,Straight road,Level,Not Applicable,Sealed,Dry,Not Raining,Daylight,Rear End,1,Driver Rider,1: PDO,Traffic Signals,,,1325526.71,1679203.7,1.32553E+13
2019-10921-8/07/2020,2 Metropolitan,PARAFIELD GARDENS,5107,CITY OF SALISBURY,2,0,0,0,0,2019,November,Friday,5:20 PM,60,T-Junction,Straight road,Level,Not Applicable,Sealed,Dry,Not Raining,Daylight,Right Angle,2,Driver Rider,1: PDO,Give Way Sign,,,1329531.6,1687621.98,1.32953E+13
2019-10922-8/07/2020,2 Metropolitan,ROSE PARK,5067,CITY OF BURNSIDE,3,0,0,0,0,2019,November,Saturday,9:36 AM,60,T-Junction,Straight road,Level,Not Applicable,Sealed,Dry,Not Raining,Daylight,Rear End,1,Driver Rider,1: PDO,Traffic Signals,,,1330648.6,1669865.48,1.33065E+13
2019-10923-8/07/2020,2 Metropolitan,NORWOOD,5067,"CC OF NORWOOD,PAYNEHAM & ST PETERS",5,0,0,0,0,2019,November,Saturday,9:45 AM,60,Cross Road,Straight road,Level,Not Applicable,Sealed,Dry,Not Raining,Daylight,Right Turn,1,Driver Rider,1: PDO,Give Way Sign,,,1330847.9,1670368.13,1.33085E+13
2019-10924-8/07/2020,2 Metropolitan,MILLBROOK,5231,THE ADELAIDE HILLS COUNCIL,1,0,0,0,0,2019,November,Friday,12:10 PM,80,Not Divided,"CURVED, VIEW OPEN",Level,Not Applicable,Sealed,Dry,Not Raining,Daylight,Roll Over,9,Other,1: PDO,No Control,,,1349288.83,1680878.9,1.34929E+13
2019-10925-8/07/2020,2 Metropolitan,NAILSWORTH,5083,CITY OF PROSPECT,2,0,0,0,0,2019,November,Saturday,11:20 AM,60,T-Junction,Straight road,Level,Not Applicable,Sealed,Dry,Not Raining,Daylight,Rear End,1,Driver Rider,1: PDO,No Control,,,1328914.32,1674886.77,1.32891E+13
2019-10926-8/07/2020,2 Metropolitan,ENFIELD,5085,CITY OF PORT ADELAIDE ENFIELD,3,1,0,0,1,2019,November,Friday,8:45 AM,60,Divided Road,Straight road,Level,Not Applicable,Sealed,Dry,Not Raining,Daylight,Rear End,2,Driver Rider,2: MI,No Control,,,1328819.25,1678685.7,1.32882E+13
2019-10927-8/07/2020,2 Metropolitan,MAWSON LAKES,5095,CITY OF SALISBURY,1,0,0,0,0,2019,November,Friday,10:45 PM,50,T-Junction,Straight road,Level,Not Applicable,Sealed,Wet,Raining,Night,Left Road - Out of Control,1,Driver Rider,1: PDO,No Control,,,1330506.67,1684118.28,1.33051E+13
2019-10928-8/07/2020,2 Metropolitan,STEPNEY,5069,"CC OF NORWOOD,PAYNEHAM & ST PETERS",2,1,0,0,1,2019,November,Saturday,12:55 PM,60,Cross Road,Straight road,Level,Not Applicable,Sealed,Dry,Not Raining,Daylight,Right Turn,1,Driver Rider,2: MI,Traffic Signals,,,1331410.34,1671738.59,1.33141E+13
2019-10929-8/07/2020,3 Country,HINDMARSH VALLEY,5211,DC VICTOR HARBOR.             ,2,0,0,0,0,2019,November,Saturday,1:05 PM,100,Not Divided,"CURVED, VIEW OPEN",Slope,Not Applicable,Sealed,Dry,Not Raining,Daylight,Hit Fixed Object,1,Driver Rider,1: PDO,No Control,,,1330743.04,1610685.59,1.33074E+13
2019-10930-8/07/2020,2 Metropolitan,NORTH PLYMPTON,5037,CITY OF WEST TORRENS,2,0,0,0,0,2019,November,Saturday,1:50 PM,50,Cross Road,Straight road,Level,Not Applicable,Sealed,Dry,Not Raining,Daylight,Right Angle,2,Driver Rider,1: PDO,Roundabout,,,1324633.13,1667638.23,1.32463E+13
2019-10931-8/07/2020,3 Country,MOUNT GAMBIER,5290,CC MT.GAMBIER.                ,2,2,0,0,2,2019,November,Saturday,12:00 PM,60,Cross Road,Straight road,Slope,Not Applicable,Sealed,Dry,Not Raining,Daylight,Rear End,2,Driver Rider,2: MI,Roundabout,,,1510345.94,1340747.66,1.51035E+13
2019-10932-8/07/2020,2 Metropolitan,NOARLUNGA DOWNS,5168,CITY OF ONKAPARINGA,4,0,0,0,0,2019,November,Saturday,2:55 PM,50,Not Divided,Straight road,Slope,Not Applicable,Sealed,Dry,Not Raining,Daylight,Hit Parked Vehicle,1,Driver Rider,1: PDO,No Control,,,1318864.51,1645143.32,1.31887E+13
2019-10933-8/07/2020,2 Metropolitan,FLAGSTAFF HILL,5159,CITY OF ONKAPARINGA,2,0,0,0,0,2019,October,Tuesday,3:30 PM,60,Not Divided,Straight road,Level,Not Applicable,Sealed,Dry,Not Raining,Daylight,Rear End,2,Driver Rider,1: PDO,No Control,,,1329168.22,1655926.38,1.32917E+13
2019-10934-8/07/2020,2 Metropolitan,BROOKLYN PARK,5032,CITY OF WEST TORRENS,2,3,0,0,3,2019,November,Saturday,3:45 PM,60,Cross Road,Straight road,Level,Not Applicable,Sealed,Dry,Not Raining,Daylight,Right Angle,2,Driver Rider,2: MI,Give Way Sign,,,1323280.39,1670502.25,1.32328E+13
2019-10935-8/07/2020,2 Metropolitan,CUDLEE CREEK,5232,THE ADELAIDE HILLS COUNCIL,2,1,0,0,1,2019,November,Saturday,2:00 PM,80,Not Divided,"CURVED, VIEW OBSCURED",Slope,Not Applicable,Sealed,Dry,Not Raining,Daylight,Head On,2,Driver Rider,2: MI,No Control,,,1350647.22,1674970.66,1.35065E+13
2019-10936-8/07/2020,2 Metropolitan,SALISBURY DOWNS,5108,CITY OF SALISBURY,2,0,0,0,0,2019,November,Saturday,4:15 PM,60,Divided Road,Straight road,Level,Not Applicable,Sealed,Dry,Not Raining,Daylight,Rear End,2,Driver Rider,1: PDO,No Control,,,1331710.62,1687161.65,1.33171E+13
2019-10937-8/07/2020,2 Metropolitan,NEW PORT,5015,CITY OF PORT ADELAIDE ENFIELD,2,0,0,0,0,2019,November,Saturday,5:00 PM,60,Not Divided,Straight road,Level,Not Applicable,Sealed,Dry,Not Raining,Daylight,Side Swipe,2,Driver Rider,1: PDO,No Control,,,1319366.8,1680447.6,1.31937E+13
2019-10938-8/07/2020,3 Country,GREENOCK,5360,LIGHT REGIONAL COUNCIL,3,1,0,0,1,2019,November,Saturday,7:10 PM,110,Divided Road,Straight road,Slope,Not Applicable,Sealed,Dry,Not Raining,Daylight,Hit Fixed Object,1,Driver Rider,2: MI,No Control,,,1361291.87,1720334.55,1.36129E+13
2019-10939-8/07/2020,2 Metropolitan,PAYNEHAM,5070,"CC OF NORWOOD,PAYNEHAM & ST PETERS",2,0,0,0,0,2019,November,Saturday,5:10 PM,60,Cross Road,"CURVED, VIEW OPEN",Level,Not Applicable,Sealed,Dry,Not Raining,Daylight,Rear End,2,Driver Rider,1: PDO,Traffic Signals,,,1332162.99,1673774.81,1.33216E+13
2019-10940-8/07/2020,2 Metropolitan,COLLINSWOOD,5081,CITY OF PROSPECT,2,1,0,0,1,2019,November,Saturday,9:55 PM,50,Not Divided,Straight road,Level,Not Applicable,Sealed,Dry,Not Raining,Night,Hit Fixed Object,1,Driver Rider,2: MI,No Control,,,1329631.7,1674717.75,1.32963E+13
2019-10941-8/07/2020,2 Metropolitan,KENSINGTON PARK,5068,CITY OF BURNSIDE,2,0,0,0,0,2019,November,Saturday,10:10 PM,60,Cross Road,Straight road,Level,Not Applicable,Sealed,Dry,Not Raining,Night,Right Turn,1,Driver Rider,1: PDO,Traffic Signals,,,1333879.5,1671121.63,1.33388E+13
2019-10942-8/07/2020,2 Metropolitan,TATACHILLA,5171,CITY OF ONKAPARINGA,3,2,0,1,1,2019,November,Saturday,3:50 PM,90,Cross Road,Straight road,Bottom of Hill,Not Applicable,Sealed,Dry,Not Raining,Daylight,Right Angle,2,Driver Rider,3: SI,Stop Sign,,,1317646.97,1638169.75,1.31765E+13
2019-10943-8/07/2020,2 Metropolitan,CRAFERS WEST,5152,THE ADELAIDE HILLS COUNCIL,3,2,0,0,2,2019,November,Saturday,10:30 PM,50,Not Divided,"CURVED, VIEW OBSCURED",Slope,Not Applicable,Sealed,Dry,Not Raining,Night,Hit Fixed Object,1,Driver Rider,2: MI,No Control,,,1336865.01,1663074.4,1.33687E+13
2019-10944-8/07/2020,2 Metropolitan,MUNNO PARA,5115,CITY OF PLAYFORD.,2,1,1,0,0,2019,November,Saturday,8:45 PM,60,T-Junction,Straight road,Level,Not Applicable,Sealed,Dry,Not Raining,Night,Right Turn,2,Driver Rider,4: Fatal,Give Way Sign,,,1336452.23,1698683.45,1.33645E+13
2019-10945-8/07/2020,2 Metropolitan,MODBURY NORTH,5092,CITY OF TEA TREE GULLY,2,5,0,3,2,2019,November,Saturday,8:44 PM,80,Cross Road,Straight road,Level,Not Applicable,Sealed,Dry,Not Raining,Night,Right Angle,2,Driver Rider,3: SI,Traffic Signals,,,1336165.68,1681195.41,1.33617E+13
2019-10946-8/07/2020,2 Metropolitan,ELIZABETH DOWNS,5113,CITY OF PLAYFORD.,2,0,0,0,0,2019,November,Saturday,10:30 PM,60,Not Divided,Straight road,Level,Not Applicable,Sealed,Dry,Not Raining,Night,Hit Parked Vehicle,1,Driver Rider,1: PDO,No Control,Y,,1337601.22,1695831.08,1.3376E+13
2019-10947-8/07/2020,2 Metropolitan,EVERARD PARK,5035,CITY OF UNLEY,2,0,0,0,0,2019,November,Sunday,2:30 AM,60,Cross Road,Straight road,Level,Not Applicable,Sealed,Dry,Not Raining,Night,Hit Fixed Object,1,Driver Rider,1: PDO,Traffic Signals,,,1325837.34,1667760.95,1.32584E+13
2019-10948-8/07/2020,2 Metropolitan,MODBURY,5092,CITY OF TEA TREE GULLY,3,0,0,0,0,2019,November,Sunday,7:35 AM,60,Cross Road,Straight road,Slope,Not Applicable,Sealed,Dry,Not Raining,Daylight,Right Turn,1,Driver Rider,1: PDO,Traffic Signals,,,1336876.15,1680848.77,1.33688E+13
2019-10949-8/07/2020,2 Metropolitan,SEATON,5023,CITY OF CHARLES STURT,2,0,0,0,0,2019,November,Saturday,1:48 PM,60,T-Junction,Straight road,Level,Not Applicable,Sealed,Dry,Not Raining,Daylight,Hit Fixed Object,1,Driver Rider,1: PDO,Give Way Sign,,,1321556.74,1674705.24,1.32156E+13
2019-10950-8/07/2020,3 Country,CURRENCY CREEK,5214,ALEXANDRINA COUNCIL,2,1,0,0,1,2019,November,Sunday,7:15 AM,100,Not Divided,Straight road,Level,Not Applicable,Sealed,Dry,Not Raining,Daylight,Hit Fixed Object,1,Driver Rider,2: MI,No Control,Y,Y,1342937,1614761.14,1.34294E+13
2019-10951-8/07/2020,3 Country,SANDY CREEK,5350,THE BAROSSA COUNCIL.,2,1,0,0,1,2019,November,Sunday,10:45 AM,90,Not Divided,Straight road,Level,Not Applicable,Sealed,Dry,Not Raining,Daylight,Right Turn,1,Driver Rider,2: MI,No Control,,,1350864.42,1705870.84,1.35086E+13
2019-10952-8/07/2020,2 Metropolitan,SEFTON PARK,5083,CITY OF PORT ADELAIDE ENFIELD,2,1,0,0,1,2019,November,Sunday,11:00 AM,60,T-Junction,Straight road,Level,Not Applicable,Sealed,Dry,Not Raining,Daylight,Right Angle,1,Driver Rider,2: MI,No Control,,,1329030.84,1676437.2,1.32903E+13
2019-10953-8/07/2020,2 Metropolitan,ELIZABETH DOWNS,5113,CITY OF PLAYFORD.,3,0,0,0,0,2019,November,Sunday,12:02 PM,60,Not Divided,Straight road,Level,Driveway or Entrance,Sealed,Dry,Not Raining,Daylight,Rear End,1,Driver Rider,1: PDO,No Control,,,1337669.95,1694923.44,1.33767E+13
2019-10954-8/07/2020,2 Metropolitan,ROYAL PARK,5014,CITY OF CHARLES STURT,2,1,0,0,1,2019,November,Sunday,2:00 PM,60,Cross Road,Straight road,Level,Not Applicable,Unsealed,Dry,Not Raining,Daylight,Right Turn,2,Driver Rider,2: MI,Traffic Signals,,,1320696.01,1677657.59,1.3207E+13
2019-10955-8/07/2020,2 Metropolitan,CHELTENHAM,5014,CITY OF CHARLES STURT,2,0,0,0,0,2019,November,Saturday,8:00 PM,60,Cross Road,Straight road,Level,Not Applicable,Sealed,Dry,Not Raining,Night,Rear End,1,Driver Rider,1: PDO,Traffic Signals,,,1322118.29,1676363.89,1.32212E+13
2019-10956-8/07/2020,2 Metropolitan,CHRISTIE DOWNS,5164,CITY OF ONKAPARINGA,2,1,0,0,1,2019,November,Sunday,2:50 PM,50,Not Divided,Straight road,Level,Driveway or Entrance,Sealed,Dry,Not Raining,Daylight,Right Turn,1,Driver Rider,2: MI,No Control,,,1318958.46,1648974.85,1.31896E+13
2019-10957-8/07/2020,2 Metropolitan,HENLEY BEACH,5022,CITY OF CHARLES STURT,2,0,0,0,0,2019,November,Friday,3:44 PM,50,Not Divided,Straight road,Level,Not Applicable,Sealed,Dry,Not Raining,Daylight,Hit Parked Vehicle,2,Driver Rider,1: PDO,No Control,,,1318642.56,1672935.07,1.31864E+13
2019-10958-8/07/2020,2 Metropolitan,ASCOT PARK,5043,CC MARION.                    ,2,0,0,0,0,2019,November,Sunday,3:30 PM,50,Not Divided,Straight road,Level,Not Applicable,Sealed,Dry,Not Raining,Daylight,Hit Parked Vehicle,1,Driver Rider,1: PDO,No Control,,,1324603.93,1664031.85,1.3246E+13
2019-10959-8/07/2020,2 Metropolitan,BIBARINGA,5118,CITY OF PLAYFORD.,2,1,0,0,1,2019,November,Sunday,3:07 PM,100,Not Divided,"CURVED, VIEW OPEN",Slope,Not Applicable,Sealed,Dry,Not Raining,Daylight,Hit Fixed Object,1,Driver Rider,2: MI,No Control,,,1345190.76,1700131.63,1.34519E+13
2019-10960-8/07/2020,3 Country,COOKE PLAINS,5261,COORONG DISTRICT COUNCIL,3,0,0,0,0,2019,November,Sunday,12:40 PM,110,Not Divided,Straight road,Level,Not Applicable,Sealed,Dry,Not Raining,Daylight,Other,2,Driver Rider,1: PDO,No Control,,,1416767.3,1613985.38,1.41677E+13
2019-10961-8/07/2020,3 Country,MYPONGA,5202,DC YANKALILLA.                ,1,0,0,0,0,2019,November,Sunday,2:40 PM,100,Not Divided,"CURVED, VIEW OBSCURED",Bottom of Hill,Not Applicable,Unsealed,Dry,Not Raining,Daylight,Roll Over,1,Driver Rider,1: PDO,No Control,,,1310507.97,1617453.97,1.31051E+13
2019-10962-8/07/2020,2 Metropolitan,CROYDON PARK,5008,CITY OF PORT ADELAIDE ENFIELD,2,0,0,0,0,2019,November,Sunday,4:15 PM,50,Not Divided,Straight road,Level,Not Applicable,Sealed,Dry,Not Raining,Daylight,Hit Parked Vehicle,2,Driver Rider,1: PDO,No Control,,,1324982.68,1676056.53,1.32498E+13