REPORT_ID,Stats Area,Suburb,Postcode,LGA Name,Total Units,Total Cas,Total Fats,Total SI,Total MI,Year,Month,Day,Time,Area Speed,Position Type,Horizontal Align,Vertical Align,Other Feat,Road Surface,Moisture Cond,Weather Cond,DayNight,Crash Type,Unit Resp,Entity Code,CSEF Severity,Traffic Ctrls,DUI Involved,Drugs Involved,ACCLOC_X,ACCLOC_Y,UNIQUE_LOC
2019-11122-8/07/2020,2 Metropolitan,MODBURY NORTH,5092,CITY OF TEA TREE GULLY,2,1,0,0,1,2019,November,Thursday,3:25 PM,60,T-Junction,Straight road,Slope,Not Applicable,Sealed,Dry,Not Raining,Daylight,Right Angle,2,Driver Rider,2: MI,No Control,,,1336772.78,1681797.58,1.33677E+13
2019-11123-8/07/2020,2 Metropolitan,KANGAROO FLAT,5118,LIGHT REGIONAL COUNCIL,2,0,0,0,0,2019,November,Thursday,4:22 PM,100,Not Divided,"CURVED, VIEW OBSCURED",Level,Not Applicable,Sealed,Dry,Not Raining,Daylight,Hit Fixed Object,1,Driver Rider,1: PDO,No Control,,,1338405.79,1711771.81,1.33841E+13
2019-11124-8/07/2020,2 Metropolitan,ROYAL PARK,5014,CITY OF CHARLES STURT,2,1,0,0,1,2019,November,Thursday,4:15 PM,50,Not Divided,Straight road,Level,Driveway or Entrance,Sealed,Dry,Not Raining,Daylight,Right Angle,1,Driver Rider,2: MI,No Control,,,1320246.7,1676630.93,1.32025E+13
2019-11125-8/07/2020,2 Metropolitan,WYNN VALE,5127,CITY OF TEA TREE GULLY,2,1,0,1,0,2019,November,Thursday,2:30 PM,70,Divided Road,Straight road,Level,Not Applicable,Sealed,Dry,Not Raining,Daylight,Hit Fixed Object,1,Driver Rider,3: SI,No Control,,,1336620.76,1683805.2,1.33662E+13
2019-11126-8/07/2020,2 Metropolitan,WALKERVILLE,5081,WALKERVILLE TOWN COUNCIL,2,0,0,0,0,2019,November,Thursday,4:48 PM,60,Not Divided,Straight road,Level,Not Applicable,Sealed,Dry,Not Raining,Daylight,Rear End,2,Driver Rider,1: PDO,No Control,,,1329889.39,1673833.96,1.32989E+13
2019-11127-8/07/2020,2 Metropolitan,BLAIR ATHOL,5084,CITY OF PORT ADELAIDE ENFIELD,2,0,0,0,0,2019,November,Thursday,4:50 PM,60,T-Junction,Straight road,Level,Not Applicable,Sealed,Dry,Not Raining,Daylight,Right Angle,2,Driver Rider,1: PDO,Stop Sign,,,1328801.22,1679044.33,1.3288E+13
2019-11128-8/07/2020,2 Metropolitan,REYNELLA,5161,CITY OF ONKAPARINGA,2,1,0,0,1,2019,November,Thursday,5:35 PM,60,T-Junction,Straight road,Level,Not Applicable,Sealed,Dry,Not Raining,Daylight,Rear End,1,Driver Rider,2: MI,No Control,,,1321549.3,1651438.46,1.32155E+13
2019-11129-8/07/2020,2 Metropolitan,SALISBURY NORTH,5108,CITY OF SALISBURY,3,1,0,0,1,2019,November,Thursday,6:51 PM,60,Cross Road,Straight road,Level,Not Applicable,Sealed,Dry,Not Raining,Daylight,Rear End,1,Driver Rider,2: MI,Traffic Signals,,,1331977.75,1689382.42,1.33198E+13
2019-11130-8/07/2020,2 Metropolitan,FINDON,5023,CITY OF CHARLES STURT,3,1,0,0,1,2019,November,Thursday,7:30 PM,60,T-Junction,Straight road,Level,Not Applicable,Sealed,Dry,Not Raining,Daylight,Right Angle,1,Driver Rider,2: MI,No Control,,,1322636.32,1673132.3,1.32264E+13
2019-11131-8/07/2020,1 City,NORTH ADELAIDE,5006,CITY OF ADELAIDE,2,1,0,0,1,2019,November,Thursday,8:25 PM,50,Cross Road,"CURVED, VIEW OBSCURED",Slope,Not Applicable,Sealed,Wet,Raining,Night,Rear End,2,Driver Rider,2: MI,Traffic Signals,,,1328660.53,1672322.4,1.32866E+13
2019-11132-8/07/2020,1 City,NORTH ADELAIDE,5006,CITY OF ADELAIDE,2,0,0,0,0,2019,November,Thursday,8:50 PM,50,Not Divided,Straight road,Level,Not Applicable,Sealed,Dry,Not Raining,Night,Side Swipe,1,Driver Rider,1: PDO,No Control,,,1328600.74,1672104.25,1.3286E+13
2019-11133-8/07/2020,2 Metropolitan,COROMANDEL VALLEY,5051,CITY OF ONKAPARINGA,2,0,0,0,0,2019,November,Thursday,9:45 PM,60,Not Divided,"CURVED, VIEW OBSCURED",Level,Not Applicable,Sealed,Wet,Raining,Night,Hit Fixed Object,1,Driver Rider,1: PDO,No Control,,,1329915.62,1656994.63,1.32992E+13
2019-11134-8/07/2020,2 Metropolitan,GOODWOOD,5034,CITY OF UNLEY,2,1,0,0,1,2019,November,Friday,7:55 AM,50,T-Junction,Straight road,Level,Not Applicable,Sealed,Dry,Not Raining,Daylight,Right Angle,1,Driver Rider,2: MI,Stop Sign,,,1327465.92,1667626.2,1.32747E+13
2019-11135-8/07/2020,2 Metropolitan,ST AGNES,5097,CITY OF TEA TREE GULLY,2,0,0,0,0,2019,November,Friday,8:40 AM,60,T-Junction,Straight road,Level,Not Applicable,Sealed,Wet,Raining,Daylight,Rear End,1,Driver Rider,1: PDO,Stop Sign,,,1338584.03,1681287.55,1.33858E+13
2019-11136-8/07/2020,2 Metropolitan,HINDMARSH,5007,CITY OF CHARLES STURT,4,2,0,0,2,2019,November,Friday,9:10 AM,60,T-Junction,Straight road,Level,Not Applicable,Sealed,Wet,Not Raining,Daylight,Hit Fixed Object,1,Driver Rider,2: MI,Stop Sign,,,1325332.18,1672426.06,1.32533E+13
2019-11137-8/07/2020,1 City,ADELAIDE,5000,CITY OF ADELAIDE,2,1,0,0,1,2019,November,Friday,9:33 AM,50,Not Divided,Straight road,Level,Not Applicable,Sealed,Wet,Raining,Daylight,Side Swipe,2,Driver Rider,2: MI,No Control,,,1328679.21,1671245.39,1.32868E+13
2019-11138-8/07/2020,2 Metropolitan,TORRENSVILLE,5031,CITY OF WEST TORRENS,3,1,0,0,1,2019,November,Friday,8:45 AM,60,Divided Road,Straight road,Level,Not Applicable,Sealed,Dry,Not Raining,Daylight,Rear End,2,Driver Rider,2: MI,No Control,,,1325646.21,1670989.71,1.32565E+13
2019-11139-8/07/2020,2 Metropolitan,MAYLANDS,5069,"CC OF NORWOOD,PAYNEHAM & ST PETERS",2,1,0,0,1,2019,November,Friday,9:10 AM,60,Cross Road,Straight road,Level,Not Applicable,Sealed,Wet,Raining,Daylight,Right Angle,2,Driver Rider,2: MI,Stop Sign,,,1332221.19,1672045.89,1.33222E+13
2019-11140-8/07/2020,2 Metropolitan,GLENELG EAST,5045,CITY OF HOLDFAST BAY,2,0,0,0,0,2019,November,Friday,10:25 AM,60,Cross Road,"CURVED, VIEW OPEN",Level,Not Applicable,Sealed,Dry,Not Raining,Daylight,Rear End,2,Driver Rider,1: PDO,Traffic Signals,,,1322637.42,1665387.9,1.32264E+13
2019-11141-8/07/2020,3 Country,STRATHALBYN,5255,ALEXANDRINA COUNCIL,1,1,0,1,0,2019,November,Friday,11:25 AM,50,T-Junction,Straight road,Level,Not Applicable,Sealed,Dry,Not Raining,Daylight,Roll Over,1,Driver Rider,3: SI,No Control,,,1354070.03,1632593.07,1.35407E+13
2019-11142-8/07/2020,2 Metropolitan,UNLEY PARK,5061,CITY OF UNLEY,2,1,0,0,1,2019,November,Thursday,5:45 PM,40,Not Divided,Straight road,Level,Not Applicable,Sealed,Dry,Not Raining,Daylight,Hit Fixed Object,1,Driver Rider,2: MI,No Control,,,1328242.96,1666475.33,1.32824E+13
2019-11143-8/07/2020,2 Metropolitan,MOUNT GEORGE,5155,THE ADELAIDE HILLS COUNCIL,2,0,0,0,0,2019,November,Friday,2:22 PM,80,Not Divided,"CURVED, VIEW OPEN",Bottom of Hill,Not Applicable,Sealed,Dry,Not Raining,Daylight,Hit Fixed Object,1,Driver Rider,1: PDO,No Control,,,1342150.84,1663118.02,1.34215E+13
2019-11144-8/07/2020,2 Metropolitan,NEWTON,5074,CC CAMPBELLTOWN.              ,3,1,0,0,1,2019,November,Wednesday,3:50 PM,60,T-Junction,Straight road,Level,Not Applicable,Sealed,Dry,Not Raining,Daylight,Rear End,2,Driver Rider,2: MI,No Control,,,1335406.17,1674661.73,1.33541E+13
2019-11145-8/07/2020,2 Metropolitan,UNLEY,5061,CITY OF UNLEY,2,0,0,0,0,2019,November,Friday,2:50 PM,60,Divided Road,Straight road,Level,Not Applicable,Sealed,Dry,Not Raining,Daylight,Rear End,1,Driver Rider,1: PDO,No Control,,,1328846.67,1668958.04,1.32885E+13
2019-11146-8/07/2020,2 Metropolitan,PLYMPTON,5038,CITY OF WEST TORRENS,2,0,0,0,0,2019,November,Friday,12:00 PM,60,Cross Road,Straight road,Level,Not Applicable,Sealed,Dry,Not Raining,Daylight,Side Swipe,1,Driver Rider,1: PDO,Traffic Signals,,,1324227.97,1666559.26,1.32423E+13
2019-11147-8/07/2020,2 Metropolitan,NORWOOD,5067,"CC OF NORWOOD,PAYNEHAM & ST PETERS",2,0,0,0,0,2019,November,Wednesday,11:40 AM,60,Cross Road,Straight road,Level,Not Applicable,Sealed,Dry,Not Raining,Daylight,Side Swipe,1,Driver Rider,1: PDO,Traffic Signals,,,1331460.58,1670389.39,1.33146E+13
2019-11148-8/07/2020,2 Metropolitan,KILKENNY,5009,CITY OF CHARLES STURT,2,0,0,0,0,2019,November,Friday,3:00 PM,60,T-Junction,Straight road,Level,Not Applicable,Sealed,Dry,Not Raining,Daylight,Right Angle,2,Driver Rider,1: PDO,No Control,,,1324780.16,1676344.12,1.32478E+13
2019-11149-8/07/2020,2 Metropolitan,SEMAPHORE,5019,CITY OF PORT ADELAIDE ENFIELD,1,0,0,0,0,2019,November,Thursday,3:30 PM,50,Not Divided,Straight road,Level,Not Applicable,Sealed,Dry,Not Raining,Daylight,Other,1,Driver Rider,1: PDO,No Control,,,1318219.15,1680456.96,1.31822E+13
2019-11150-8/07/2020,2 Metropolitan,MUNNO PARA,5115,CITY OF PLAYFORD.,2,0,0,0,0,2019,November,Friday,3:27 PM,80,Divided Road,Straight road,Level,Not Applicable,Sealed,Dry,Not Raining,Daylight,Rear End,2,Driver Rider,1: PDO,No Control,,,1338244.11,1697771.46,1.33824E+13
2019-11151-8/07/2020,3 Country,MOUNT GAMBIER,5290,CC MT.GAMBIER.                ,2,0,0,0,0,2019,November,Friday,4:12 PM,50,T-Junction,Straight road,Level,Driveway or Entrance,Sealed,Dry,Not Raining,Daylight,Rear End,2,Driver Rider,1: PDO,No Control,,,1510481.39,1341954.5,1.51048E+13
2019-11152-8/07/2020,2 Metropolitan,WINGFIELD,5013,CITY OF PORT ADELAIDE ENFIELD,2,0,0,0,0,2019,November,Friday,7:45 AM,50,Not Divided,Straight road,Slope,Not Applicable,Sealed,Dry,Not Raining,Daylight,Side Swipe,2,Driver Rider,1: PDO,No Control,,,1323894.93,1679903.16,1.3239E+13
2019-11153-8/07/2020,2 Metropolitan,WATERLOO CORNER,5110,CITY OF PLAYFORD.,2,1,0,0,1,2019,November,Friday,4:40 PM,100,Cross Road,Straight road,Level,Not Applicable,Sealed,Dry,Not Raining,Daylight,Hit Fixed Object,1,Driver Rider,2: MI,Stop Sign,,,1329037.55,1693187.23,1.32904E+13
2019-11154-8/07/2020,2 Metropolitan,WATERLOO CORNER,5110,CITY OF PLAYFORD.,2,0,0,0,0,2019,November,Friday,3:30 PM,100,Cross Road,Straight road,Level,Not Applicable,Sealed,Dry,Not Raining,Daylight,Rear End,1,Driver Rider,1: PDO,Stop Sign,,,1329037.55,1693187.23,1.32904E+13
2019-11155-8/07/2020,2 Metropolitan,PORT ADELAIDE,5015,CITY OF PORT ADELAIDE ENFIELD,3,0,0,0,0,2019,November,Friday,10:00 AM,50,Divided Road,Straight road,Level,Not Applicable,Sealed,Dry,Not Raining,Daylight,Hit Parked Vehicle,2,Driver Rider,1: PDO,No Control,,,1319780.31,1679901.28,1.31978E+13
2019-11156-8/07/2020,2 Metropolitan,PARAFIELD GARDENS,5107,CITY OF SALISBURY,2,1,0,0,1,2019,November,Friday,4:40 PM,60,Not Divided,"CURVED, VIEW OPEN",Level,Not Applicable,Sealed,Dry,Not Raining,Daylight,Hit Pedestrian,2,Pedestrian,2: MI,No Control,,,1329650.83,1686425.36,1.32965E+13
2019-11157-8/07/2020,2 Metropolitan,GLYNDE,5070,"CC OF NORWOOD,PAYNEHAM & ST PETERS",3,0,0,0,0,2019,November,Friday,4:40 PM,60,Divided Road,Straight road,Slope,Not Applicable,Sealed,Dry,Not Raining,Daylight,Rear End,2,Driver Rider,1: PDO,No Control,,,1333731.88,1674503.7,1.33373E+13
2019-11158-8/07/2020,2 Metropolitan,ALLENBY GARDENS,5009,CITY OF CHARLES STURT,2,0,0,0,0,2019,November,Thursday,3:10 PM,60,T-Junction,Straight road,Level,Not Applicable,Sealed,Dry,Not Raining,Daylight,Side Swipe,1,Driver Rider,1: PDO,No Control,,,1324579.34,1673180.25,1.32458E+13
2019-11159-8/07/2020,2 Metropolitan,GREENHILL,5140,THE ADELAIDE HILLS COUNCIL,2,1,0,0,1,2019,November,Friday,5:10 PM,80,Not Divided,"CURVED, VIEW OBSCURED",Slope,Not Applicable,Sealed,Dry,Not Raining,Daylight,Hit Fixed Object,1,Driver Rider,2: MI,No Control,,,1338787.97,1666793.85,1.33879E+13
2019-11160-8/07/2020,2 Metropolitan,GLYNDE,5070,"CC OF NORWOOD,PAYNEHAM & ST PETERS",2,1,0,0,1,2019,November,Friday,5:10 PM,60,Cross Road,"CURVED, VIEW OPEN",Level,Not Applicable,Sealed,Dry,Not Raining,Daylight,Right Turn,1,Driver Rider,2: MI,Traffic Signals,,Y,1333785.54,1674516.59,1.33379E+13
2019-11161-8/07/2020,2 Metropolitan,ELIZABETH NORTH,5113,CITY OF PLAYFORD.,2,1,0,0,1,2019,November,Friday,6:06 PM,50,T-Junction,Straight road,Level,Not Applicable,Sealed,Dry,Not Raining,Daylight,Hit Fixed Object,1,Driver Rider,2: MI,No Control,,,1336769.41,1696035.41,1.33677E+13
2019-11162-8/07/2020,1 City,ADELAIDE,5000,CITY OF ADELAIDE,2,1,0,1,0,2019,November,Friday,5:40 PM,50,T-Junction,Straight road,Level,Not Applicable,Sealed,Dry,Not Raining,Daylight,Right Turn,1,Driver Rider,3: SI,No Control,,,1328904.68,1669735.77,1.32891E+13
2019-11163-8/07/2020,2 Metropolitan,HAHNDORF,5245,DC MT.BARKER.                 ,4,1,0,0,1,2019,November,Friday,3:00 PM,80,Not Divided,"CURVED, VIEW OPEN",Slope,Driveway or Entrance,Sealed,Dry,Not Raining,Daylight,Rear End,1,Driver Rider,2: MI,No Control,,,1349343.71,1656757.94,1.34934E+13
2019-11164-8/07/2020,2 Metropolitan,RICHMOND,5033,CITY OF WEST TORRENS,2,0,0,0,0,2019,November,Friday,11:20 AM,60,T-Junction,Straight road,Level,Not Applicable,Sealed,Dry,Not Raining,Daylight,Side Swipe,1,Driver Rider,1: PDO,Stop Sign,,,1325770.23,1669854.14,1.32577E+13
2019-11165-8/07/2020,2 Metropolitan,BURTON,5110,CITY OF SALISBURY,1,1,0,0,1,2019,November,Friday,6:20 PM,50,Not Divided,Straight road,Level,Not Applicable,Sealed,Dry,Not Raining,Daylight,Roll Over,1,Driver Rider,2: MI,No Control,,,1329066.26,1691816.63,1.32907E+13
2019-11166-8/07/2020,2 Metropolitan,SALISBURY PLAIN,5109,CITY OF SALISBURY,2,0,0,0,0,2019,November,Friday,9:15 PM,80,Divided Road,Straight road,Level,"Bridge, Culvert, Causeway",Sealed,Dry,Not Raining,Night,Hit Fixed Object,1,Driver Rider,1: PDO,No Control,,,1334876.62,1687430.38,1.33488E+13
2019-11167-8/07/2020,3 Country,DUBLIN,5501,DC MALLALA.                   ,3,0,0,0,0,2019,November,Friday,10:40 PM,110,Divided Road,Straight road,Level,Not Applicable,Sealed,Dry,Not Raining,Night,Hit Animal,2,Animal,1: PDO,No Control,,,1309285.82,1721951.16,1.30929E+13
2019-11168-8/07/2020,3 Country,GREENOCK,5360,LIGHT REGIONAL COUNCIL,3,0,0,0,0,2019,November,Friday,10:30 PM,100,Not Divided,"CURVED, VIEW OPEN",Level,Not Applicable,Sealed,Dry,Not Raining,Night,Hit Fixed Object,1,Driver Rider,1: PDO,No Control,Y,,1360714.15,1724210.26,1.36071E+13
2019-11169-8/07/2020,2 Metropolitan,ROSTREVOR,5073,CC CAMPBELLTOWN.              ,2,0,0,0,0,2019,November,Saturday,5:38 AM,50,Not Divided,Straight road,Slope,Not Applicable,Sealed,Dry,Not Raining,Night,Hit Parked Vehicle,2,Driver Rider,1: PDO,No Control,,,1335848,1673002.7,1.33585E+13
2019-11170-8/07/2020,2 Metropolitan,THEBARTON,5031,CITY OF WEST TORRENS,2,1,0,0,1,2019,November,Saturday,8:23 AM,60,T-Junction,Straight road,Level,Not Applicable,Sealed,Dry,Not Raining,Daylight,Rear End,2,Driver Rider,2: MI,Traffic Signals,,,1326555.4,1671678.49,1.32656E+13
2019-11171-8/07/2020,2 Metropolitan,FULHAM GARDENS,5024,CITY OF CHARLES STURT,3,1,0,0,1,2019,November,Thursday,5:15 PM,60,Divided Road,Straight road,Level,Not Applicable,Sealed,Dry,Not Raining,Daylight,Rear End,1,Driver Rider,2: MI,No Control,,,1320785.33,1673040.55,1.32079E+13
2019-11172-8/07/2020,2 Metropolitan,DUDLEY PARK,5008,CITY OF PORT ADELAIDE ENFIELD,2,0,0,0,0,2019,November,Friday,4:10 PM,50,Cross Road,Straight road,Level,Not Applicable,Sealed,Dry,Not Raining,Daylight,Right Angle,1,Driver Rider,1: PDO,Stop Sign,,,1327093.84,1675576.47,1.32709E+13
2019-11173-8/07/2020,2 Metropolitan,UPPER STURT,5156,THE ADELAIDE HILLS COUNCIL,2,1,0,1,0,2019,November,Saturday,9:45 AM,60,Not Divided,"CURVED, VIEW OBSCURED",Bottom of Hill,Not Applicable,Sealed,Dry,Not Raining,Daylight,Hit Fixed Object,1,Driver Rider,3: SI,No Control,,,1336893.61,1659862.71,1.33689E+13
2019-11174-8/07/2020,2 Metropolitan,PARA HILLS WEST,5096,CITY OF SALISBURY,2,1,1,0,0,2019,November,Saturday,11:30 AM,70,Not Divided,Straight road,Level,Not Applicable,Sealed,Dry,Not Raining,Daylight,Hit Fixed Object,1,Driver Rider,4: Fatal,No Control,,Y,1332232.47,1683166.3,1.33223E+13
2019-11175-8/07/2020,2 Metropolitan,STURT,5047,CC MARION.                    ,2,0,0,0,0,2019,November,Saturday,12:40 PM,60,Divided Road,Straight road,Level,Not Applicable,Sealed,Dry,Not Raining,Daylight,Rear End,2,Driver Rider,1: PDO,No Control,,,1323856.41,1660654.01,1.32386E+13
2019-11176-8/07/2020,2 Metropolitan,SEMAPHORE,5019,CITY OF PORT ADELAIDE ENFIELD,2,1,0,1,0,2019,November,Saturday,1:47 PM,50,Cross Road,Straight road,Level,Not Applicable,Sealed,Dry,Not Raining,Daylight,Right Turn,2,Driver Rider,3: SI,Give Way Sign,,,1318601.66,1680302.39,1.3186E+13
2019-11177-8/07/2020,3 Country,WHYALLA NORRIE,5608,CC WHYALLA.                   ,2,1,0,0,1,2019,November,Saturday,12:50 PM,60,T-Junction,Straight road,Level,Not Applicable,Sealed,Dry,Not Raining,Daylight,Right Angle,1,Driver Rider,2: MI,Give Way Sign,,,1236126.44,1883663.3,1.23613E+13
2019-11178-8/07/2020,1 City,ADELAIDE,5000,CITY OF ADELAIDE,3,0,0,0,0,2019,November,Saturday,4:59 PM,50,T-Junction,Straight road,Level,Not Applicable,Sealed,Dry,Not Raining,Daylight,Rear End,1,Driver Rider,1: PDO,No Control,,,1327920.46,1671118.68,1.32792E+13
2019-11179-8/07/2020,1 City,ADELAIDE,5000,CITY OF ADELAIDE,2,1,0,0,1,2019,November,Saturday,5:20 PM,50,Cross Road,Straight road,Level,Not Applicable,Sealed,Dry,Not Raining,Daylight,Right Angle,2,Driver Rider,2: MI,Give Way Sign,,,1327696.57,1670325.22,1.3277E+13
2019-11180-8/07/2020,2 Metropolitan,CHAIN OF PONDS,5231,THE ADELAIDE HILLS COUNCIL,3,1,0,1,0,2019,November,Saturday,3:00 PM,80,Not Divided,"CURVED, VIEW OPEN",Slope,Not Applicable,Sealed,Dry,Not Raining,Daylight,Roll Over,1,Driver Rider,3: SI,No Control,,,1350128.59,1681339.26,1.35013E+13
2019-11181-8/07/2020,2 Metropolitan,NORTHFIELD,5085,CITY OF PORT ADELAIDE ENFIELD,2,0,0,0,0,2019,November,Saturday,6:00 PM,50,T-Junction,Straight road,Level,Not Applicable,Sealed,Dry,Not Raining,Daylight,Right Angle,2,Driver Rider,1: PDO,No Control,,,1330857.37,1678725.32,1.33086E+13
2019-11182-8/07/2020,2 Metropolitan,WARRADALE,5046,CC MARION.                    ,3,0,0,0,0,2019,November,Saturday,7:10 PM,60,Cross Road,Straight road,Level,Not Applicable,Sealed,Dry,Not Raining,Daylight,Right Turn,2,Driver Rider,1: PDO,Give Way Sign,,,1322740.76,1661807.4,1.32274E+13
2019-11183-8/07/2020,2 Metropolitan,MARRYATVILLE,5068,"CC OF NORWOOD,PAYNEHAM & ST PETERS",2,2,0,0,2,2019,November,Saturday,8:27 PM,60,Cross Road,Straight road,Level,Not Applicable,Sealed,Dry,Not Raining,Night,Right Turn,1,Driver Rider,2: MI,Traffic Signals,,,1332280.78,1670410.05,1.33228E+13
2019-11184-8/07/2020,1 City,ADELAIDE,5000,CITY OF ADELAIDE,2,0,0,0,0,2019,November,Saturday,9:25 PM,50,Cross Road,Straight road,Level,Not Applicable,Sealed,Dry,Not Raining,Night,Side Swipe,2,Driver Rider,1: PDO,Traffic Signals,,,1328480.78,1670670.87,1.32848E+13
2019-11185-8/07/2020,2 Metropolitan,MONTACUTE,5134,THE ADELAIDE HILLS COUNCIL,1,2,0,1,1,2019,November,Saturday,10:50 PM,70,Not Divided,"CURVED, VIEW OPEN",Crest of Hill,Not Applicable,Sealed,Dry,Not Raining,Night,Left Road - Out of Control,1,Driver Rider,3: SI,No Control,,,1341829.87,1677274.75,1.34183E+13
2019-11186-8/07/2020,3 Country,MYPONGA,5202,DC YANKALILLA.                ,1,0,0,0,0,2019,November,Saturday,10:45 PM,100,Not Divided,"CURVED, VIEW OBSCURED",Slope,Not Applicable,Unsealed,Dry,Not Raining,Night,Roll Over,1,Driver Rider,1: PDO,No Control,,,1314134.37,1613205.27,1.31413E+13
2019-11187-8/07/2020,2 Metropolitan,HENLEY BEACH,5022,CITY OF CHARLES STURT,2,0,0,0,0,2019,November,Sunday,2:35 AM,40,Not Divided,Straight road,Level,Not Applicable,Sealed,Dry,Not Raining,Night,Hit Parked Vehicle,2,Driver Rider,1: PDO,No Control,,,1319037.39,1671626.36,1.31904E+13
2019-11188-8/07/2020,2 Metropolitan,ELIZABETH DOWNS,5113,CITY OF PLAYFORD.,2,0,0,0,0,2019,November,Sunday,5:40 AM,50,T-Junction,Straight road,Level,Not Applicable,Sealed,Dry,Not Raining,Night,Hit Fixed Object,1,Driver Rider,1: PDO,No Control,,,1337619.93,1695047.31,1.33762E+13
2019-11189-8/07/2020,2 Metropolitan,KIDMAN PARK,5025,CITY OF CHARLES STURT,2,1,0,0,1,2019,November,Sunday,8:26 AM,60,T-Junction,Straight road,Level,Not Applicable,Sealed,Dry,Not Raining,Daylight,Right Turn,2,Driver Rider,2: MI,Traffic Signals,,,1322537.88,1672228.09,1.32254E+13
2019-11190-8/07/2020,2 Metropolitan,TOORAK GARDENS,5065,CITY OF BURNSIDE,2,1,0,0,1,2019,November,Sunday,9:00 AM,60,Divided Road,Straight road,Level,Not Applicable,Sealed,Dry,Not Raining,Daylight,Hit Fixed Object,1,Driver Rider,2: MI,No Control,,,1331931.06,1669044.94,1.33193E+13
2019-11191-8/07/2020,3 Country,COCKATOO VALLEY,5351,THE BAROSSA COUNCIL.,2,0,0,0,0,2019,November,Saturday,3:30 PM,80,T-Junction,Straight road,Level,Not Applicable,Sealed,Dry,Not Raining,Daylight,Right Angle,2,Driver Rider,1: PDO,Give Way Sign,,,1352070.8,1703135.24,1.35207E+13
2019-11192-8/07/2020,2 Metropolitan,FLINDERS PARK,5025,CITY OF CHARLES STURT,2,0,0,0,0,2019,November,Tuesday,11:55 AM,60,Cross Road,Straight road,Level,Not Applicable,Sealed,Dry,Not Raining,Daylight,Right Turn,1,Driver Rider,1: PDO,Give Way Sign,,,1324317.23,1673172.77,1.32432E+13
2019-11193-8/07/2020,2 Metropolitan,PORT ADELAIDE,5015,CITY OF PORT ADELAIDE ENFIELD,2,0,0,0,0,2019,November,Saturday,2:00 PM,60,Not Divided,Straight road,Level,Not Applicable,Sealed,Dry,Not Raining,Daylight,Side Swipe,2,Driver Rider,1: PDO,No Control,,,1321539.35,1680669.94,1.32154E+13
2019-11194-8/07/2020,2 Metropolitan,SALISBURY NORTH,5108,CITY OF SALISBURY,2,0,0,0,0,2019,November,Sunday,11:17 AM,50,Not Divided,Straight road,Level,Not Applicable,Sealed,Dry,Not Raining,Daylight,Hit Parked Vehicle,1,Driver Rider,1: PDO,No Control,,,1331282.98,1690205.17,1.33128E+13
2019-11195-8/07/2020,2 Metropolitan,NETHERBY,5062,CC MITCHAM.                   ,2,0,0,0,0,2019,November,Sunday,9:43 AM,50,Cross Road,Straight road,Slope,Not Applicable,Sealed,Dry,Not Raining,Daylight,Right Angle,1,Driver Rider,1: PDO,Give Way Sign,,,1331093.14,1665340.01,1.33109E+13
2019-11196-8/07/2020,2 Metropolitan,STIRLING,5152,THE ADELAIDE HILLS COUNCIL,2,0,0,0,0,2019,November,Sunday,10:50 AM,60,T-Junction,Straight road,Level,Not Applicable,Sealed,Dry,Not Raining,Daylight,Side Swipe,1,Driver Rider,1: PDO,No Control,,,1337620.27,1662005.81,1.33762E+13
2019-11197-8/07/2020,2 Metropolitan,GILBERTON,5081,WALKERVILLE TOWN COUNCIL,2,0,0,0,0,2019,November,Sunday,10:27 AM,60,Divided Road,"CURVED, VIEW OPEN",Level,Not Applicable,Sealed,Dry,Not Raining,Daylight,Side Swipe,2,Driver Rider,1: PDO,No Control,,,1329491.39,1673253.59,1.32949E+13
2019-11198-8/07/2020,2 Metropolitan,BRIGHTON,5048,CITY OF HOLDFAST BAY,2,1,0,0,1,2019,November,Sunday,10:15 AM,50,T-Junction,Straight road,Level,Not Applicable,Sealed,Dry,Not Raining,Daylight,Right Angle,1,Driver Rider,2: MI,No Control,,,1320918.63,1660801.95,1.32092E+13
2019-11199-8/07/2020,3 Country,MURRAY BRIDGE,5253,RC MURRAY BRIDGE.             ,3,0,0,0,0,2019,November,Sunday,12:05 PM,60,Cross Road,Straight road,Level,Not Applicable,Sealed,Dry,Not Raining,Daylight,Hit Fixed Object,1,Driver Rider,1: PDO,Give Way Sign,,,1386408.58,1645736.95,1.38641E+13
2019-11200-8/07/2020,2 Metropolitan,MILE END,5031,CITY OF WEST TORRENS,2,0,0,0,0,2019,November,Friday,6:20 AM,60,Not Divided,Straight road,Level,Not Applicable,Sealed,Dry,Not Raining,Daylight,Side Swipe,2,Driver Rider,1: PDO,No Control,,,1325748.06,1670602.18,1.32575E+13
2019-11201-8/07/2020,3 Country,NEPABUNNA,5732,,2,1,1,0,0,2019,November,Sunday,1:00 AM,100,Not Divided,"CURVED, VIEW OPEN",Slope,"Bridge, Culvert, Causeway",Unsealed,Dry,Not Raining,Night,Hit Fixed Object,1,Driver Rider,4: Fatal,No Control,Y,Y,1380322.53,2149350.72,1.38032E+13
2019-11202-8/07/2020,2 Metropolitan,FINDON,5023,CITY OF CHARLES STURT,3,0,0,0,0,2019,November,Sunday,2:10 PM,60,T-Junction,Straight road,Level,Not Applicable,Sealed,Dry,Not Raining,Daylight,Right Angle,2,Driver Rider,1: PDO,No Control,,,1322381.82,1674423.39,1.32238E+13