REPORT_ID,Stats Area,Suburb,Postcode,LGA Name,Total Units,Total Cas,Total Fats,Total SI,Total MI,Year,Month,Day,Time,Area Speed,Position Type,Horizontal Align,Vertical Align,Other Feat,Road Surface,Moisture Cond,Weather Cond,DayNight,Crash Type,Unit Resp,Entity Code,CSEF Severity,Traffic Ctrls,DUI Involved,Drugs Involved,ACCLOC_X,ACCLOC_Y,UNIQUE_LOC
2019-11203-8/07/2020,2 Metropolitan,SEATON,5023,CITY OF CHARLES STURT,1,0,0,0,0,2019,November,Saturday,2:00 PM,40,Divided Road,Straight road,Level,Not Applicable,Sealed,Dry,Not Raining,Daylight,Other,1,Driver Rider,1: PDO,No Control,,,1321220.21,1674495.02,1.32122E+13
2019-11204-8/07/2020,3 Country,PONDE,5238,MID MURRAY DISTRICT COUNCIL,2,0,0,0,0,2019,November,Saturday,8:10 AM,100,Not Divided,Straight road,Level,Not Applicable,Sealed,Dry,Not Raining,Daylight,Hit Animal,2,Animal,1: PDO,No Control,,,1395926.36,1666627.74,1.39593E+13
2019-11205-8/07/2020,1 City,ADELAIDE,5000,CITY OF ADELAIDE,1,0,0,0,0,2019,November,Sunday,12:30 PM,60,T-Junction,Straight road,Slope,Not Applicable,Sealed,Dry,Not Raining,Daylight,Left Road - Out of Control,1,Driver Rider,1: PDO,Traffic Signals,,,1327137.37,1671204.31,1.32714E+13
2019-11206-8/07/2020,3 Country,FINNISS,5255,ALEXANDRINA COUNCIL,2,0,0,0,0,2019,November,Friday,5:30 PM,50,Not Divided,Straight road,Level,Not Applicable,Sealed,Dry,Not Raining,Daylight,Hit Parked Vehicle,2,Driver Rider,1: PDO,No Control,,,1346909.85,1617239.02,1.34691E+13
2019-11207-8/07/2020,3 Country,FINNISS,5255,ALEXANDRINA COUNCIL,2,1,0,0,1,2019,November,Sunday,1:15 PM,50,Not Divided,Straight road,Level,Not Applicable,Sealed,Dry,Not Raining,Daylight,Hit Fixed Object,1,Driver Rider,2: MI,No Control,,Y,1346909.85,1617239.02,1.34691E+13
2019-11208-8/07/2020,2 Metropolitan,ELIZABETH GROVE,5112,CITY OF PLAYFORD.,2,0,0,0,0,2019,November,Sunday,4:30 PM,80,Cross Road,Straight road,Level,Not Applicable,Sealed,Dry,Not Raining,Daylight,Rear End,1,Driver Rider,1: PDO,Traffic Signals,,,1336102.24,1692239.97,1.3361E+13
2019-11209-8/07/2020,2 Metropolitan,PAYNEHAM,5070,"CC OF NORWOOD,PAYNEHAM & ST PETERS",2,0,0,0,0,2019,November,Sunday,4:45 PM,60,Cross Road,Straight road,Level,Not Applicable,Sealed,Dry,Not Raining,Daylight,Rear End,2,Driver Rider,1: PDO,Traffic Signals,,,1332176.1,1673782.43,1.33218E+13
2019-11210-8/07/2020,2 Metropolitan,CAMDEN PARK,5038,CITY OF WEST TORRENS,2,1,0,0,1,2019,November,Sunday,3:20 PM,60,Cross Road,Straight road,Level,Not Applicable,Sealed,Dry,Not Raining,Daylight,Rear End,1,Driver Rider,2: MI,Stop Sign,,,1323001.35,1667014.36,1.323E+13
2019-11211-8/07/2020,1 City,ADELAIDE,5000,CITY OF ADELAIDE,2,0,0,0,0,2019,November,Sunday,6:00 PM,50,Cross Road,Straight road,Level,Not Applicable,Sealed,Dry,Not Raining,Daylight,Right Turn,2,Driver Rider,1: PDO,Traffic Signals,,,1327930.25,1670331.8,1.32793E+13
2019-11212-8/07/2020,2 Metropolitan,FERRYDEN PARK,5010,CITY OF PORT ADELAIDE ENFIELD,3,2,0,0,2,2019,November,Sunday,6:00 PM,60,Divided Road,Straight road,Level,Driveway or Entrance,Sealed,Dry,Not Raining,Daylight,Rear End,2,Driver Rider,2: MI,No Control,,,1324963.23,1676348.7,1.32496E+13
2019-11213-8/07/2020,3 Country,KAPUNDA,5373,LIGHT REGIONAL COUNCIL,1,0,0,0,0,2019,November,Sunday,6:40 PM,100,Not Divided,"CURVED, VIEW OPEN",Level,Not Applicable,Sealed,Dry,Not Raining,Daylight,Roll Over,1,Driver Rider,1: PDO,No Control,Y,,1361897.03,1734422.33,1.3619E+13
2019-11214-8/07/2020,3 Country,TUNKALILLA,5203,DC YANKALILLA.                ,1,0,0,0,0,2019,November,Sunday,2:30 PM,80,Not Divided,"CURVED, VIEW OBSCURED",Slope,Not Applicable,Unsealed,Dry,Not Raining,Daylight,Roll Over,1,Driver Rider,1: PDO,No Control,,,1299953.21,1594927.54,1.29995E+13
2019-11215-8/07/2020,2 Metropolitan,NORWOOD,5067,"CC OF NORWOOD,PAYNEHAM & ST PETERS",2,0,0,0,0,2019,November,Sunday,3:20 PM,60,T-Junction,Straight road,Level,Not Applicable,Sealed,Dry,Not Raining,Daylight,Right Angle,2,Driver Rider,1: PDO,No Control,,,1331962.4,1670401.64,1.33196E+13
2019-11216-8/07/2020,3 Country,MOUNT PLEASANT,5235,THE BAROSSA COUNCIL.,2,0,0,0,0,2019,November,Sunday,6:10 PM,80,T-Junction,"CURVED, VIEW OPEN",Slope,Not Applicable,Unsealed,Dry,Not Raining,Daylight,Hit Fixed Object,1,Driver Rider,1: PDO,No Control,,,1367129.98,1684953.86,1.36713E+13
2019-11217-8/07/2020,2 Metropolitan,CHRISTIE DOWNS,5164,CITY OF ONKAPARINGA,2,0,0,0,0,2019,November,Sunday,8:00 PM,50,Cross Road,Straight road,Level,Not Applicable,Sealed,Dry,Not Raining,Night,Rear End,2,Driver Rider,1: PDO,Roundabout,,,1318509.73,1647871.37,1.31851E+13
2019-11218-8/07/2020,2 Metropolitan,MARION,5043,CC MARION.                    ,3,0,0,0,0,2019,November,Sunday,6:55 PM,50,Not Divided,Straight road,Level,Not Applicable,Sealed,Dry,Not Raining,Daylight,Hit Pedestrian,2,Pedestrian,1: PDO,No Control,,,1324294.52,1661801.48,1.3243E+13
2019-11219-8/07/2020,2 Metropolitan,ST IVES,5252,DC MT.BARKER.                 ,2,2,0,0,2,2019,November,Sunday,5:40 PM,110,Freeway,"CURVED, VIEW OPEN",Slope,Not Applicable,Sealed,Dry,Not Raining,Daylight,Hit Fixed Object,1,Driver Rider,2: MI,No Control,Y,Y,1362150.81,1649319.65,1.36215E+13
2019-11220-8/07/2020,3 Country,TRURO,5356,THE BAROSSA COUNCIL.,2,0,0,0,0,2019,November,Sunday,9:00 PM,110,Not Divided,Straight road,Level,Not Applicable,Sealed,Dry,Not Raining,Night,Side Swipe,1,Driver Rider,1: PDO,No Control,,,1373882.14,1725019.22,1.37388E+13
2019-11221-8/07/2020,2 Metropolitan,PORT ADELAIDE,5015,CITY OF PORT ADELAIDE ENFIELD,2,1,0,0,1,2019,November,Sunday,9:45 PM,60,Cross Road,Straight road,Level,Not Applicable,Sealed,Dry,Not Raining,Night,Right Turn,1,Driver Rider,2: MI,Traffic Signals,Y,,1320480.87,1679082.5,1.32048E+13
2019-11222-8/07/2020,1 City,ADELAIDE,5000,CITY OF ADELAIDE,2,1,0,0,1,2019,November,Sunday,10:05 PM,60,Not Divided,Straight road,Level,Not Applicable,Sealed,Dry,Not Raining,Night,Hit Pedestrian,1,Pedestrian,2: MI,No Control,,,1327421.3,1669101.84,1.32742E+13
2019-11223-8/07/2020,2 Metropolitan,SEACLIFF PARK,5049,CITY OF HOLDFAST BAY,3,1,0,0,1,2019,November,Sunday,11:25 PM,60,T-Junction,Straight road,Level,Not Applicable,Sealed,Dry,Not Raining,Night,Hit Fixed Object,1,Driver Rider,2: MI,Traffic Signals,,,1321177.45,1659325.41,1.32118E+13
2019-11224-8/07/2020,3 Country,WILLIAMSTOWN,5351,THE BAROSSA COUNCIL.,2,1,0,0,1,2019,November,Sunday,9:50 PM,60,Not Divided,"CURVED, VIEW OBSCURED",Level,Not Applicable,Sealed,Dry,Not Raining,Night,Hit Fixed Object,1,Driver Rider,2: MI,No Control,,,1355255.45,1697040.8,1.35526E+13
2019-11225-8/07/2020,3 Country,WHYALLA,5600,CC WHYALLA.                   ,2,4,0,0,4,2019,November,Sunday,11:58 PM,50,T-Junction,Straight road,Slope,Not Applicable,Sealed,Dry,Not Raining,Night,Hit Fixed Object,1,Driver Rider,2: MI,No Control,,,1241287.49,1882541.89,1.24129E+13
2019-11226-8/07/2020,2 Metropolitan,WAYVILLE,5034,CITY OF UNLEY,3,0,0,0,0,2019,November,Monday,5:48 AM,60,Cross Road,Straight road,Level,Not Applicable,Sealed,Dry,Not Raining,Night,Right Turn,1,Driver Rider,1: PDO,Traffic Signals,,,1326865.31,1668904.7,1.32687E+13
2019-11227-8/07/2020,2 Metropolitan,PARK HOLME,5043,CC MARION.                    ,3,1,0,0,1,2019,November,Monday,7:00 AM,60,Divided Road,Straight road,Level,Not Applicable,Sealed,Dry,Not Raining,Daylight,Rear End,1,Driver Rider,2: MI,No Control,,,1324313.72,1663617.52,1.32431E+13
2019-11228-8/07/2020,2 Metropolitan,PARA HILLS WEST,5096,CITY OF SALISBURY,3,0,0,0,0,2019,November,Monday,7:30 AM,80,Divided Road,Straight road,Level,Not Applicable,Sealed,Dry,Not Raining,Daylight,Rear End,1,Driver Rider,1: PDO,No Control,,,1332515.85,1684380.04,1.33252E+13
2019-11229-8/07/2020,2 Metropolitan,WINDSOR GARDENS,5087,CITY OF PORT ADELAIDE ENFIELD,2,0,0,0,0,2019,November,Monday,9:30 AM,50,T-Junction,Straight road,Level,Not Applicable,Sealed,Dry,Not Raining,Daylight,Hit Fixed Object,1,Driver Rider,1: PDO,No Control,,,1333802.52,1677395.48,1.3338E+13
2019-11230-8/07/2020,2 Metropolitan,KUDLA,5115,CT GAWLER.                    ,2,1,1,0,0,2019,November,Monday,7:00 AM,80,Not Divided,Straight road,Level,Not Applicable,Sealed,Dry,Not Raining,Daylight,Hit Fixed Object,1,Driver Rider,4: Fatal,No Control,,,1337922.83,1701554.76,1.33792E+13
2019-11231-8/07/2020,2 Metropolitan,NORWOOD,5067,"CC OF NORWOOD,PAYNEHAM & ST PETERS",2,2,0,0,2,2019,November,Monday,11:10 AM,60,Cross Road,Straight road,Level,Not Applicable,Sealed,Dry,Not Raining,Daylight,Right Angle,2,Driver Rider,2: MI,Stop Sign,,,1331874.28,1670398.69,1.33187E+13
2019-11232-8/07/2020,3 Country,WATTLE RANGE,5280,WATTLE RANGE COUNCIL,2,0,0,0,0,2019,November,Sunday,2:25 PM,100,Not Divided,Straight road,Level,"Bridge, Culvert, Causeway",Sealed,Dry,Not Raining,Daylight,Hit Fixed Object,1,Driver Rider,1: PDO,No Control,,,1488044.22,1384239.19,1.48804E+13
2019-11233-8/07/2020,2 Metropolitan,MARDEN,5070,"CC OF NORWOOD,PAYNEHAM & ST PETERS",2,0,0,0,0,2019,November,Monday,10:45 AM,60,T-Junction,Straight road,Level,Not Applicable,Sealed,Dry,Not Raining,Daylight,Rear End,2,Driver Rider,1: PDO,Traffic Signals,,,1332493.44,1673948.19,1.33249E+13
2019-11234-8/07/2020,1 City,ADELAIDE,5000,CITY OF ADELAIDE,2,1,0,1,0,2019,November,Monday,12:10 PM,50,Not Divided,Straight road,Level,Not Applicable,Sealed,Dry,Not Raining,Daylight,Hit Pedestrian,1,Driver Rider,3: SI,No Control,,,1329234.46,1670890.7,1.32923E+13
2019-11235-8/07/2020,2 Metropolitan,MONTACUTE,5134,THE ADELAIDE HILLS COUNCIL,2,0,0,0,0,2019,November,Monday,12:15 PM,80,Not Divided,"CURVED, VIEW OBSCURED",Slope,Not Applicable,Sealed,Dry,Not Raining,Daylight,Hit Fixed Object,1,Driver Rider,1: PDO,No Control,,,1342056.98,1674806.64,1.34206E+13
2019-11236-8/07/2020,2 Metropolitan,CLARENCE GARDENS,5039,CC MITCHAM.                   ,2,0,0,0,0,2019,November,Monday,12:00 PM,60,T-Junction,Straight road,Level,Not Applicable,Sealed,Dry,Not Raining,Daylight,Rear End,2,Driver Rider,1: PDO,No Control,,,1325910.01,1665215.09,1.32591E+13
2019-11237-8/07/2020,2 Metropolitan,INGLE FARM,5098,CITY OF SALISBURY,3,0,0,0,0,2019,November,Monday,12:05 PM,60,Cross Road,Straight road,Level,Not Applicable,Sealed,Dry,Not Raining,Daylight,Right Angle,2,Driver Rider,1: PDO,Stop Sign,,,1331807.38,1681390.84,1.33181E+13
2019-11238-8/07/2020,3 Country,BUMBUNGA,5520,WAKEFIELD REGIONAL COUNCIL,1,1,0,0,1,2019,November,Sunday,10:00 AM,100,Not Divided,"CURVED, VIEW OPEN",Level,Not Applicable,Sealed,Dry,Not Raining,Daylight,Roll Over,1,Driver Rider,2: MI,No Control,,,1300231.55,1784319.5,1.30023E+13
2019-11239-8/07/2020,2 Metropolitan,GLENELG,5045,CITY OF HOLDFAST BAY,2,0,0,0,0,2019,November,Saturday,10:30 PM,40,Not Divided,Straight road,Level,Not Applicable,Sealed,Dry,Not Raining,Night,Hit Parked Vehicle,2,Driver Rider,1: PDO,No Control,,,1320388.67,1664882.32,1.32039E+13
2019-11240-8/07/2020,2 Metropolitan,KINGS PARK,5034,CITY OF UNLEY,2,0,0,0,0,2019,November,Monday,1:25 PM,60,Not Divided,Straight road,Level,Not Applicable,Sealed,Dry,Not Raining,Daylight,Hit Fixed Object,1,Driver Rider,1: PDO,No Control,,,1327492.06,1666741.19,1.32749E+13
2019-11241-8/07/2020,2 Metropolitan,NEW PORT,5015,CITY OF PORT ADELAIDE ENFIELD,2,1,0,0,1,2019,November,Monday,1:15 PM,60,T-Junction,Straight road,Level,Not Applicable,Sealed,Dry,Not Raining,Daylight,Right Angle,2,Driver Rider,2: MI,Traffic Signals,,,1319183.09,1679153.2,1.31918E+13
2019-11242-8/07/2020,2 Metropolitan,ENFIELD,5085,CITY OF PORT ADELAIDE ENFIELD,2,0,0,0,0,2019,November,Monday,2:20 PM,60,T-Junction,Straight road,Level,Not Applicable,Sealed,Dry,Not Raining,Daylight,Right Turn,2,Driver Rider,1: PDO,Traffic Signals,,,1328821.62,1678606.27,1.32882E+13
2019-11243-8/07/2020,2 Metropolitan,DERNANCOURT,5075,CITY OF TEA TREE GULLY,2,0,0,0,0,2019,November,Monday,1:03 PM,50,T-Junction,Straight road,Level,Not Applicable,Sealed,Dry,Not Raining,Daylight,Hit Fixed Object,9,Other,1: PDO,No Control,,,1336492.89,1677544.18,1.33649E+13
2019-11244-8/07/2020,2 Metropolitan,MCLAREN VALE,5171,CITY OF ONKAPARINGA,2,0,0,0,0,2019,November,Monday,9:30 AM,50,Not Divided,Straight road,Level,Driveway or Entrance,Sealed,Dry,Not Raining,Daylight,Right Angle,2,Driver Rider,1: PDO,No Control,,,1321415.18,1639130.57,1.32142E+13
2019-11245-8/07/2020,2 Metropolitan,VIRGINIA,5120,CITY OF PLAYFORD.,2,0,0,0,0,2019,November,Monday,12:40 PM,40,Divided Road,Straight road,Level,Roadworks,Sealed,Dry,Not Raining,Daylight,Hit Parked Vehicle,2,Driver Rider,1: PDO,No Control,,,1324814.36,1698605.14,1.32481E+13
2019-11246-8/07/2020,2 Metropolitan,GLENELG SOUTH,5045,CITY OF HOLDFAST BAY,2,0,0,0,0,2019,November,Monday,4:30 PM,60,T-Junction,Straight road,Level,Not Applicable,Sealed,Dry,Not Raining,Daylight,Right Angle,2,Driver Rider,1: PDO,No Control,,,1321047.09,1663771.8,1.32105E+13
2019-11247-8/07/2020,2 Metropolitan,MAGILL,5072,CC CAMPBELLTOWN.              ,2,0,0,0,0,2019,November,Monday,4:24 PM,60,T-Junction,Straight road,Level,Not Applicable,Sealed,Dry,Not Raining,Daylight,Right Turn,1,Driver Rider,1: PDO,No Control,,,1335454.04,1672931.35,1.33545E+13
2019-11248-8/07/2020,2 Metropolitan,HOLDEN HILL,5088,CITY OF TEA TREE GULLY,2,1,0,0,1,2019,November,Monday,4:51 PM,60,T-Junction,"CURVED, VIEW OPEN",Slope,Not Applicable,Sealed,Dry,Not Raining,Daylight,Right Angle,1,Driver Rider,2: MI,No Control,,,1335152.81,1679026.35,1.33515E+13
2019-11249-8/07/2020,2 Metropolitan,MOUNT BARKER,5251,DC MT.BARKER.                 ,3,1,0,0,1,2019,November,Monday,3:20 PM,80,Not Divided,Straight road,Slope,Not Applicable,Sealed,Dry,Not Raining,Daylight,Rear End,1,Driver Rider,2: MI,No Control,,,1353220.97,1654001.24,1.35322E+13
2019-11250-8/07/2020,2 Metropolitan,MOUNT GEORGE,5155,THE ADELAIDE HILLS COUNCIL,2,1,0,0,1,2019,November,Monday,4:15 PM,100,Not Divided,"CURVED, VIEW OBSCURED",Slope,Not Applicable,Unsealed,Dry,Not Raining,Daylight,Hit Fixed Object,1,Driver Rider,2: MI,No Control,,,1342735.78,1663803.99,1.34274E+13
2019-11251-8/07/2020,2 Metropolitan,PAYNEHAM,5070,"CC OF NORWOOD,PAYNEHAM & ST PETERS",2,0,0,0,0,2019,November,Monday,1:04 PM,60,Cross Road,Straight road,Level,Not Applicable,Sealed,Dry,Not Raining,Daylight,Rear End,1,Driver Rider,1: PDO,Traffic Signals,,,1332162.99,1673774.81,1.33216E+13
2019-11252-8/07/2020,2 Metropolitan,CHANDLERS HILL,5159,CITY OF ONKAPARINGA,2,0,0,0,0,2019,November,Monday,4:30 PM,70,Cross Road,Straight road,Crest of Hill,Not Applicable,Sealed,Dry,Not Raining,Daylight,Right Angle,2,Driver Rider,1: PDO,No Control,,,1330404.38,1654176.38,1.3304E+13
2019-11253-8/07/2020,2 Metropolitan,ANDREWS FARM,5114,CITY OF PLAYFORD.,2,0,0,0,0,2019,November,Monday,6:20 PM,50,Not Divided,Straight road,Level,Not Applicable,Sealed,Dry,Not Raining,Daylight,Hit Parked Vehicle,1,Driver Rider,1: PDO,No Control,,,1335243.91,1698781.81,1.33524E+13
2019-11254-8/07/2020,2 Metropolitan,ST MARYS,5042,CC MITCHAM.                   ,2,1,0,0,1,2019,November,Monday,5:02 PM,40,Divided Road,Straight road,Level,Roadworks,Sealed,Dry,Not Raining,Daylight,Side Swipe,1,Driver Rider,2: MI,No Control,,,1326005.71,1661879.21,1.32601E+13
2019-11255-8/07/2020,2 Metropolitan,COLLINSWOOD,5081,CITY OF PROSPECT,2,0,0,0,0,2019,November,Monday,10:45 AM,50,T-Junction,Straight road,Slope,Driveway or Entrance,Sealed,Dry,Not Raining,Daylight,Hit Parked Vehicle,1,Driver Rider,1: PDO,No Control,,,1330000.56,1675155.6,1.33E+13
2019-11256-8/07/2020,2 Metropolitan,FULLARTON,5063,CITY OF UNLEY,2,1,0,0,1,2019,October,Thursday,4:25 PM,60,Cross Road,Straight road,Level,Not Applicable,Sealed,Dry,Not Raining,Daylight,Right Angle,2,Driver Rider,2: MI,Stop Sign,,,1331657.73,1667500.33,1.33166E+13
2019-11257-8/07/2020,3 Country,SHEA-OAK LOG,5371,LIGHT REGIONAL COUNCIL,2,0,0,0,0,2019,November,Monday,6:43 PM,110,T-Junction,Straight road,Crest of Hill,Not Applicable,Sealed,Dry,Not Raining,Daylight,Right Turn,1,Driver Rider,1: PDO,No Control,,,1347458.7,1713695.88,1.34746E+13
2019-11258-8/07/2020,2 Metropolitan,TORRENS PARK,5062,CC MITCHAM.                   ,2,1,0,0,1,2019,November,Monday,8:45 PM,60,Not Divided,Straight road,Level,Driveway or Entrance,Sealed,Dry,Not Raining,Night,Right Angle,2,Driver Rider,2: MI,No Control,,,1329167.94,1665169.68,1.32917E+13
2019-11259-8/07/2020,3 Country,PURNONG,5238,MID MURRAY DISTRICT COUNCIL,2,1,0,1,0,2019,November,Friday,8:10 AM,100,Not Divided,Straight road,Slope,Not Applicable,Unsealed,Dry,Not Raining,Daylight,Hit Animal,2,Animal,3: SI,No Control,,,1426924.86,1682704.95,1.42693E+13
2019-11260-8/07/2020,3 Country,ASHBOURNE,5157,ALEXANDRINA COUNCIL,1,1,0,1,0,2019,November,Monday,10:00 AM,80,Not Divided,"CURVED, VIEW OBSCURED",Slope,Not Applicable,Sealed,Dry,Not Raining,Daylight,Roll Over,1,Driver Rider,3: SI,No Control,,,1342580.37,1631297.51,1.34258E+13
2019-11261-8/07/2020,3 Country,HONITON,5576,YORKE PENINSULA COUNCIL,1,0,0,0,0,2019,November,Monday,4:00 PM,100,Not Divided,Straight road,Level,Not Applicable,Unsealed,Dry,Not Raining,Daylight,Roll Over,1,Driver Rider,1: PDO,No Control,,,1242694.31,1647519.03,1.24269E+13
2019-11262-8/07/2020,2 Metropolitan,ELIZABETH VALE,5112,CITY OF PLAYFORD.,2,2,0,0,2,2019,November,Tuesday,7:52 AM,60,T-Junction,Straight road,Level,Not Applicable,Sealed,Dry,Not Raining,Daylight,Right Turn,2,Driver Rider,2: MI,No Control,,,1335254.54,1690056.88,1.33526E+13
2019-11263-8/07/2020,2 Metropolitan,WAYVILLE,5034,CITY OF UNLEY,2,1,0,0,1,2019,November,Monday,7:15 AM,60,T-Junction,Straight road,Level,Not Applicable,Sealed,Dry,Not Raining,Daylight,Right Angle,1,Driver Rider,2: MI,Stop Sign,,,1328087.35,1668953.63,1.32809E+13
2019-11264-8/07/2020,2 Metropolitan,MCLAREN VALE,5171,CITY OF ONKAPARINGA,2,1,0,0,1,2019,November,Tuesday,8:20 AM,60,T-Junction,Straight road,Level,Not Applicable,Sealed,Dry,Not Raining,Daylight,Hit Fixed Object,1,Driver Rider,2: MI,No Control,,,1322449.69,1638469.82,1.32245E+13
2019-11265-8/07/2020,2 Metropolitan,KILBURN,5084,CITY OF PORT ADELAIDE ENFIELD,3,0,0,0,0,2019,November,Tuesday,8:40 AM,60,T-Junction,Straight road,Level,Not Applicable,Sealed,Dry,Not Raining,Daylight,Hit Fixed Object,1,Driver Rider,1: PDO,No Control,,,1327214.23,1677501.5,1.32721E+13
2019-11266-8/07/2020,2 Metropolitan,CRAIGMORE,5114,CITY OF PLAYFORD.,2,0,0,0,0,2019,November,Tuesday,9:12 AM,50,Not Divided,Straight road,Slope,Not Applicable,Sealed,Dry,Not Raining,Daylight,Head On,2,Driver Rider,1: PDO,No Control,,,1338657.15,1694788.42,1.33866E+13
2019-11267-8/07/2020,2 Metropolitan,PORT ADELAIDE,5015,CITY OF PORT ADELAIDE ENFIELD,2,0,0,0,0,2019,November,Tuesday,9:58 AM,50,Cross Road,Straight road,Level,Not Applicable,Sealed,Dry,Not Raining,Daylight,Right Angle,1,Driver Rider,1: PDO,Give Way Sign,,,1320284.98,1679992.97,1.32029E+13
2019-11268-8/07/2020,2 Metropolitan,HILTON,5033,CITY OF WEST TORRENS,2,2,0,1,1,2019,November,Tuesday,8:25 AM,60,Cross Road,Straight road,Level,Not Applicable,Sealed,Dry,Not Raining,Daylight,Right Turn,2,Driver Rider,3: SI,Give Way Sign,,,1325240.58,1670077.2,1.32524E+13
2019-11269-8/07/2020,3 Country,MOUNT GAMBIER,5290,CC MT.GAMBIER.                ,2,1,0,1,0,2019,November,Tuesday,10:07 AM,60,Not Divided,Straight road,Level,Not Applicable,Sealed,Dry,Not Raining,Daylight,Side Swipe,1,Driver Rider,3: SI,No Control,,,1511536.75,1339147.94,1.51154E+13
2019-11270-8/07/2020,2 Metropolitan,WATERLOO CORNER,5110,CITY OF SALISBURY,2,0,0,0,0,2019,November,Monday,1:20 PM,90,Divided Road,Straight road,Slope,Not Applicable,Sealed,Dry,Not Raining,Daylight,Side Swipe,2,Driver Rider,1: PDO,No Control,,,1327548.18,1692406.06,1.32755E+13
2019-11271-8/07/2020,3 Country,PORT LINCOLN,5606,CC PT.LINCOLN.                ,2,0,0,0,0,2019,November,Tuesday,9:13 AM,50,Cross Road,Straight road,Level,Not Applicable,Sealed,Dry,Not Raining,Daylight,Side Swipe,2,Driver Rider,1: PDO,Traffic Signals,,,1079178.56,1698302.14,1.07918E+13
2019-11272-8/07/2020,2 Metropolitan,HUNTFIELD HEIGHTS,5163,CITY OF ONKAPARINGA,2,0,0,0,0,2019,November,Tuesday,7:42 AM,50,T-Junction,"CURVED, VIEW OPEN",Slope,Not Applicable,Sealed,Dry,Not Raining,Daylight,Hit Fixed Object,1,Driver Rider,1: PDO,No Control,,,1319827.05,1645455.75,1.31983E+13
2019-11273-8/07/2020,3 Country,WESTERN FLAT,5268,DC TATIARA.                   ,2,1,0,0,1,2019,November,Friday,11:45 PM,100,Not Divided,Straight road,Level,Not Applicable,Unsealed,Dry,Not Raining,Night,Hit Fixed Object,1,Driver Rider,2: MI,No Control,Y,,1518412.1,1482705.59,1.51841E+13
2019-11274-8/07/2020,2 Metropolitan,WINDSOR GARDENS,5087,CITY OF PORT ADELAIDE ENFIELD,2,0,0,0,0,2019,November,Tuesday,8:45 AM,60,Divided Road,Straight road,Level,Not Applicable,Sealed,Dry,Not Raining,Daylight,Rear End,1,Driver Rider,1: PDO,No Control,,,1333234.1,1677583.01,1.33323E+13
2019-11275-8/07/2020,2 Metropolitan,RENOWN PARK,5008,CITY OF CHARLES STURT,2,2,0,0,2,2019,November,Tuesday,12:18 PM,60,Divided Road,Straight road,Level,Not Applicable,Sealed,Dry,Not Raining,Daylight,Hit Fixed Object,1,Driver Rider,2: MI,No Control,,,1325839.77,1674959.15,1.32584E+13
2019-11276-8/07/2020,2 Metropolitan,NORTHFIELD,5085,CITY OF PORT ADELAIDE ENFIELD,2,0,0,0,0,2019,November,Tuesday,11:30 AM,60,Divided Road,Straight road,Level,Not Applicable,Sealed,Dry,Not Raining,Daylight,Side Swipe,2,Driver Rider,1: PDO,No Control,,,1330362.8,1679125.39,1.33036E+13
2019-11277-8/07/2020,2 Metropolitan,WOODVILLE WEST,5011,CITY OF CHARLES STURT,2,0,0,0,0,2019,November,Monday,7:00 AM,60,Divided Road,Straight road,Level,Not Applicable,Sealed,Dry,Not Raining,Daylight,Hit Parked Vehicle,2,Driver Rider,1: PDO,No Control,,,1322381.15,1674833.73,1.32238E+13
2019-11278-8/07/2020,2 Metropolitan,MAWSON LAKES,5095,CITY OF SALISBURY,3,0,0,0,0,2019,November,Tuesday,10:30 AM,70,Divided Road,Straight road,Level,Not Applicable,Sealed,Dry,Not Raining,Daylight,Rear End,2,Driver Rider,1: PDO,No Control,,,1329589.47,1684452.09,1.32959E+13
2019-11279-8/07/2020,2 Metropolitan,OTTOWAY,5013,CITY OF PORT ADELAIDE ENFIELD,2,1,0,0,1,2019,November,Tuesday,12:50 PM,40,T-Junction,Straight road,Level,Roadworks,Sealed,Dry,Not Raining,Daylight,Side Swipe,2,Driver Rider,2: MI,No Control,,,1322778.95,1679529.64,1.32278E+13
2019-11280-8/07/2020,2 Metropolitan,SALISBURY DOWNS,5108,CITY OF SALISBURY,2,2,0,0,2,2019,November,Tuesday,3:25 PM,60,Cross Road,Straight road,Level,Not Applicable,Sealed,Dry,Not Raining,Daylight,Right Turn,2,Driver Rider,2: MI,Traffic Signals,,,1332167.06,1687734.92,1.33217E+13
2019-11281-8/07/2020,2 Metropolitan,PARA HILLS WEST,5096,CITY OF SALISBURY,2,0,0,0,0,2019,November,Tuesday,3:00 PM,50,Not Divided,Straight road,Level,Not Applicable,Sealed,Dry,Not Raining,Daylight,Hit Parked Vehicle,1,Driver Rider,1: PDO,No Control,,,1333101.3,1683965.61,1.3331E+13
2019-11282-8/07/2020,2 Metropolitan,ROSTREVOR,5073,CC CAMPBELLTOWN.              ,2,1,0,0,1,2019,November,Tuesday,3:35 PM,60,T-Junction,Straight road,Level,Not Applicable,Sealed,Dry,Not Raining,Daylight,Right Angle,1,Driver Rider,2: MI,No Control,,,1335452.92,1672990.69,1.33545E+13