REPORT_ID,Stats Area,Suburb,Postcode,LGA Name,Total Units,Total Cas,Total Fats,Total SI,Total MI,Year,Month,Day,Time,Area Speed,Position Type,Horizontal Align,Vertical Align,Other Feat,Road Surface,Moisture Cond,Weather Cond,DayNight,Crash Type,Unit Resp,Entity Code,CSEF Severity,Traffic Ctrls,DUI Involved,Drugs Involved,ACCLOC_X,ACCLOC_Y,UNIQUE_LOC
2019-11363-8/07/2020,2 Metropolitan,MORPHETT VALE,5162,CITY OF ONKAPARINGA,2,0,0,0,0,2019,September,Monday,9:30 AM,50,Not Divided,Straight road,Level,Driveway or Entrance,Sealed,Dry,Not Raining,Daylight,Hit Parked Vehicle,2,Driver Rider,1: PDO,No Control,,,1320381.74,1648293.72,1.32038E+13
2019-11364-8/07/2020,2 Metropolitan,SMITHFIELD,5114,CITY OF PLAYFORD.,2,0,0,0,0,2019,November,Wednesday,8:45 AM,80,Cross Road,Straight road,Level,Not Applicable,Sealed,Dry,Not Raining,Daylight,Rear End,1,Driver Rider,1: PDO,Traffic Signals,,,1337612.7,1696654.75,1.33761E+13
2019-11365-8/07/2020,2 Metropolitan,NORWOOD,5067,"CC OF NORWOOD,PAYNEHAM & ST PETERS",2,0,0,0,0,2019,November,Thursday,1:30 PM,60,Not Divided,Straight road,Level,Not Applicable,Sealed,Dry,Not Raining,Daylight,Hit Parked Vehicle,1,Driver Rider,1: PDO,No Control,,,1330622.42,1671244.44,1.33062E+13
2019-11366-8/07/2020,2 Metropolitan,NORWOOD,5067,"CC OF NORWOOD,PAYNEHAM & ST PETERS",3,1,0,0,1,2019,November,Thursday,1:30 PM,60,Not Divided,Straight road,Level,Not Applicable,Sealed,Dry,Not Raining,Daylight,Hit Pedestrian,1,Driver Rider,2: MI,No Control,,,1330913.71,1670369.92,1.33091E+13
2019-11367-8/07/2020,2 Metropolitan,FULHAM GARDENS,5024,CITY OF CHARLES STURT,4,0,0,0,0,2019,November,Thursday,4:10 PM,60,T-Junction,Straight road,Level,Not Applicable,Sealed,Dry,Not Raining,Daylight,Rear End,1,Driver Rider,1: PDO,No Control,,,1320062.68,1673061.97,1.32006E+13
2019-11368-8/07/2020,2 Metropolitan,NOVAR GARDENS,5040,CITY OF WEST TORRENS,2,0,0,0,0,2019,November,Thursday,3:50 PM,60,Not Divided,Straight road,Level,Driveway or Entrance,Sealed,Dry,Not Raining,Daylight,Right Angle,1,Driver Rider,1: PDO,No Control,,,1322590.24,1666948.16,1.32259E+13
2019-11369-8/07/2020,2 Metropolitan,MUNNO PARA,5115,CITY OF PLAYFORD.,2,0,0,0,0,2019,November,Thursday,4:55 PM,60,T-Junction,Straight road,Level,Not Applicable,Sealed,Dry,Not Raining,Daylight,Rear End,1,Driver Rider,1: PDO,No Control,,,1337499.45,1698102.15,1.3375E+13
2019-11370-8/07/2020,2 Metropolitan,WEST CROYDON,5008,CITY OF CHARLES STURT,2,0,0,0,0,2019,November,Thursday,11:30 AM,50,Cross Road,Straight road,Level,Not Applicable,Sealed,Dry,Not Raining,Daylight,Hit Fixed Object,1,Driver Rider,1: PDO,Roundabout,,,1325017.52,1675000.6,1.32502E+13
2019-11371-8/07/2020,2 Metropolitan,KURRALTA PARK,5037,CITY OF WEST TORRENS,2,0,0,0,0,2019,November,Thursday,3:15 PM,60,Cross Road,"CURVED, VIEW OPEN",Level,Not Applicable,Sealed,Dry,Not Raining,Daylight,Rear End,2,Driver Rider,1: PDO,Traffic Signals,,,1325814,1668480.21,1.32581E+13
2019-11372-8/07/2020,2 Metropolitan,LOCKLEYS,5032,CITY OF WEST TORRENS,3,0,0,0,0,2019,November,Thursday,5:15 PM,60,Cross Road,Straight road,Level,Not Applicable,Sealed,Dry,Not Raining,Daylight,Rear End,1,Driver Rider,1: PDO,Traffic Signals,,,1320928.35,1669976.7,1.32093E+13
2019-11373-8/07/2020,2 Metropolitan,PARA VISTA,5093,CITY OF SALISBURY,2,0,0,0,0,2019,November,Thursday,6:05 PM,60,T-Junction,Straight road,Crest of Hill,Not Applicable,Sealed,Dry,Not Raining,Daylight,Right Angle,1,Driver Rider,1: PDO,No Control,,,1334488.65,1681570.15,1.33449E+13
2019-11374-8/07/2020,2 Metropolitan,PASADENA,5042,CC MITCHAM.                   ,3,0,0,0,0,2019,November,Thursday,5:50 PM,60,T-Junction,Straight road,Slope,Not Applicable,Sealed,Dry,Not Raining,Daylight,Right Angle,1,Driver Rider,1: PDO,Traffic Signals,,,1327304.21,1662221.6,1.3273E+13
2019-11375-8/07/2020,3 Country,FREELING,5372,LIGHT REGIONAL COUNCIL,2,2,0,0,2,2019,November,Thursday,5:18 PM,100,T-Junction,Straight road,Level,Not Applicable,Sealed,Dry,Not Raining,Daylight,Right Turn,2,Driver Rider,2: MI,Stop Sign,,,1350740.5,1722138.29,1.35074E+13
2019-11376-8/07/2020,2 Metropolitan,ELIZABETH GROVE,5112,CITY OF PLAYFORD.,2,0,0,0,0,2019,November,Thursday,6:20 PM,50,Cross Road,Straight road,Level,Not Applicable,Sealed,Dry,Not Raining,Daylight,Hit Fixed Object,1,Driver Rider,1: PDO,Give Way Sign,,,1335510.82,1691014.58,1.33551E+13
2019-11377-8/07/2020,1 City,ADELAIDE,5000,CITY OF ADELAIDE,2,0,0,0,0,2019,November,Thursday,5:50 PM,60,Divided Road,Straight road,Level,Driveway or Entrance,Sealed,Dry,Not Raining,Daylight,Right Turn,2,Driver Rider,1: PDO,No Control,,,1327062.79,1669129.28,1.32706E+13
2019-11378-8/07/2020,2 Metropolitan,MOUNT BARKER,5251,DC MT.BARKER.                 ,2,0,0,0,0,2019,November,Wednesday,3:15 PM,50,Not Divided,Straight road,Level,Driveway or Entrance,Sealed,Dry,Not Raining,Daylight,Rear End,1,Driver Rider,1: PDO,No Control,,,1352477.01,1653269.78,1.35248E+13
2019-11379-8/07/2020,2 Metropolitan,RIDLEYTON,5008,CITY OF CHARLES STURT,2,0,0,0,0,2019,November,Thursday,4:45 PM,40,Not Divided,Straight road,Level,Not Applicable,Sealed,Dry,Not Raining,Daylight,Rear End,2,Driver Rider,1: PDO,No Control,,,1326107.07,1674206.25,1.32611E+13
2019-11380-8/07/2020,2 Metropolitan,ROYAL PARK,5014,CITY OF PORT ADELAIDE ENFIELD,3,0,0,0,0,2019,November,Thursday,7:25 PM,60,Cross Road,Straight road,Level,Not Applicable,Sealed,Dry,Not Raining,Daylight,Right Turn,2,Driver Rider,1: PDO,Traffic Signals,,,1320696.01,1677657.59,1.3207E+13
2019-11381-8/07/2020,1 City,ADELAIDE,5000,CITY OF ADELAIDE,2,1,0,0,1,2019,November,Thursday,4:10 PM,50,Cross Road,Straight road,Level,Not Applicable,Sealed,Dry,Not Raining,Daylight,Right Angle,2,Driver Rider,2: MI,No Control,,,1327754.69,1670335.78,1.32776E+13
2019-11382-8/07/2020,2 Metropolitan,HIGHGATE,5063,CITY OF UNLEY,3,1,0,0,1,2019,November,Friday,1:55 AM,60,Not Divided,Straight road,Slope,Not Applicable,Sealed,Dry,Not Raining,Night,Hit Parked Vehicle,1,Driver Rider,2: MI,No Control,,,1330720.49,1666292.19,1.33072E+13
2019-11383-8/07/2020,2 Metropolitan,MANNINGHAM,5086,WALKERVILLE TOWN COUNCIL,2,0,0,0,0,2019,November,Friday,7:15 AM,60,Cross Road,Straight road,Level,Not Applicable,Sealed,Dry,Not Raining,Daylight,Right Turn,2,Driver Rider,1: PDO,Traffic Signals,,,1330627.06,1675344.74,1.33063E+13
2019-11384-8/07/2020,2 Metropolitan,WOODVILLE SOUTH,5011,CITY OF CHARLES STURT,2,0,0,0,0,2019,November,Friday,8:20 AM,60,T-Junction,Straight road,Level,Not Applicable,Sealed,Dry,Not Raining,Daylight,Right Angle,1,Driver Rider,1: PDO,Give Way Sign,,,1323024.53,1675577.53,1.32303E+13
2019-11385-8/07/2020,2 Metropolitan,NETLEY,5037,CITY OF WEST TORRENS,2,0,0,0,0,2019,November,Thursday,5:45 PM,60,Cross Road,Straight road,Level,Not Applicable,Sealed,Dry,Not Raining,Daylight,Rear End,2,Driver Rider,1: PDO,Traffic Signals,,,1324166.39,1668906.15,1.32417E+13
2019-11386-8/07/2020,2 Metropolitan,PORT NOARLUNGA,5167,CITY OF ONKAPARINGA,1,1,0,1,0,2019,November,Wednesday,2:30 PM,60,T-Junction,"CURVED, VIEW OPEN",Bottom of Hill,Not Applicable,Sealed,Dry,Not Raining,Daylight,Roll Over,9,Other,3: SI,Give Way Sign,,,1316428.33,1646576.41,1.31643E+13
2019-11387-8/07/2020,3 Country,STEWART RANGE,5271,DC NARACOORTE & LUCINDALE.,2,0,0,0,0,2019,November,Friday,8:10 AM,110,Cross Road,Straight road,Level,Not Applicable,Sealed,Dry,Not Raining,Daylight,Right Angle,1,Driver Rider,1: PDO,Give Way Sign,,,1502249.81,1433913.32,1.50225E+13
2019-11388-8/07/2020,2 Metropolitan,BIRDWOOD,5234,THE ADELAIDE HILLS COUNCIL,1,2,0,0,2,2019,November,Friday,8:55 AM,80,Not Divided,"CURVED, VIEW OBSCURED",Level,Not Applicable,Sealed,Dry,Not Raining,Daylight,Roll Over,1,Driver Rider,2: MI,No Control,,,1358926.99,1680870.95,1.35893E+13
2019-11389-8/07/2020,2 Metropolitan,INGLE FARM,5098,CITY OF SALISBURY,2,0,0,0,0,2019,November,Thursday,11:30 PM,50,T-Junction,Straight road,Unknown,Not Applicable,Sealed,Dry,Not Raining,Night,Right Angle,2,Driver Rider,1: PDO,No Control,,,1333158.68,1681721.79,1.33316E+13
2019-11390-8/07/2020,2 Metropolitan,THEBARTON,5031,CITY OF WEST TORRENS,2,0,0,0,0,2019,November,Friday,10:30 AM,50,Not Divided,Straight road,Level,Driveway or Entrance,Sealed,Dry,Not Raining,Daylight,Hit Parked Vehicle,2,Driver Rider,1: PDO,No Control,,,1325849.48,1671285.35,1.32585E+13
2019-11391-8/07/2020,2 Metropolitan,GLENELG EAST,5045,CITY OF HOLDFAST BAY,2,0,0,0,0,2019,November,Thursday,8:00 AM,50,Not Divided,Straight road,Level,Not Applicable,Sealed,Dry,Not Raining,Daylight,Hit Parked Vehicle,2,Driver Rider,1: PDO,No Control,,,1321518.24,1664993.14,1.32152E+13
2019-11392-8/07/2020,2 Metropolitan,PARALOWIE,5108,CITY OF SALISBURY,3,0,0,0,0,2019,November,Friday,11:50 AM,50,Not Divided,Straight road,Level,Not Applicable,Sealed,Dry,Not Raining,Daylight,Hit Fixed Object,1,Driver Rider,1: PDO,No Control,,,1330525.06,1689841.65,1.33053E+13
2019-11393-8/07/2020,2 Metropolitan,BROOKLYN PARK,5032,CITY OF WEST TORRENS,2,0,0,0,0,2019,November,Friday,8:48 AM,60,T-Junction,Straight road,Level,Not Applicable,Sealed,Dry,Not Raining,Daylight,Right Turn,1,Driver Rider,1: PDO,Traffic Signals,,,1324123.03,1670938.82,1.32412E+13
2019-11394-8/07/2020,2 Metropolitan,MARION,5043,CC MARION.                    ,3,1,0,0,1,2019,November,Friday,12:53 PM,50,Not Divided,Straight road,Level,Not Applicable,Sealed,Dry,Not Raining,Daylight,Hit Parked Vehicle,1,Driver Rider,2: MI,No Control,,,1324110.97,1661836.42,1.32411E+13
2019-11395-8/07/2020,2 Metropolitan,PENFIELD GARDENS,5121,CITY OF PLAYFORD.,2,0,0,0,0,2019,November,Friday,12:30 PM,80,T-Junction,Straight road,Level,Not Applicable,Sealed,Dry,Not Raining,Daylight,Hit Fixed Object,1,Driver Rider,1: PDO,Give Way Sign,,,1330014.76,1699634.51,1.33002E+13
2019-11396-8/07/2020,2 Metropolitan,KENSINGTON,5068,"CC OF NORWOOD,PAYNEHAM & ST PETERS",2,0,0,0,0,2019,November,Wednesday,6:30 PM,50,Cross Road,Straight road,Level,Not Applicable,Sealed,Dry,Not Raining,Daylight,Right Angle,2,Driver Rider,1: PDO,Stop Sign,,,1332620.26,1670729.8,1.33262E+13
2019-11397-8/07/2020,2 Metropolitan,MAWSON LAKES,5095,CITY OF SALISBURY,2,2,0,0,2,2019,November,Friday,2:14 PM,50,Not Divided,Straight road,Level,Driveway or Entrance,Sealed,Dry,Not Raining,Daylight,Right Angle,1,Driver Rider,2: MI,No Control,,,1329683.18,1682139.24,1.32968E+13
2019-11398-8/07/2020,2 Metropolitan,CAVAN,5094,CITY OF SALISBURY,2,0,0,0,0,2019,November,Friday,12:00 PM,70,Divided Road,Straight road,Level,Not Applicable,Sealed,Dry,Not Raining,Daylight,Side Swipe,2,Driver Rider,1: PDO,No Control,,,1328747.46,1681228.59,1.32875E+13
2019-11399-8/07/2020,2 Metropolitan,LINDEN PARK,5065,CITY OF BURNSIDE,2,0,0,0,0,2019,November,Friday,12:45 PM,50,Not Divided,Straight road,Level,Not Applicable,Sealed,Dry,Not Raining,Daylight,Side Swipe,1,Driver Rider,1: PDO,No Control,,,1332612.01,1668153.9,1.33261E+13
2019-11400-8/07/2020,2 Metropolitan,TORRENSVILLE,5031,CITY OF WEST TORRENS,2,0,0,0,0,2019,November,Thursday,9:15 AM,60,Divided Road,Straight road,Level,Not Applicable,Sealed,Dry,Not Raining,Daylight,Side Swipe,2,Driver Rider,1: PDO,No Control,,,1325458.47,1671951.83,1.32546E+13
2019-11401-8/07/2020,2 Metropolitan,MARION,5043,CC MARION.                    ,3,0,0,0,0,2019,November,Friday,3:05 PM,60,Divided Road,Straight road,Level,Not Applicable,Sealed,Dry,Not Raining,Daylight,Rear End,1,Driver Rider,1: PDO,No Control,,,1324391.99,1661341.6,1.32439E+13
2019-11402-8/07/2020,2 Metropolitan,WATERLOO CORNER,5110,CITY OF PLAYFORD.,2,0,0,0,0,2019,November,Friday,3:37 PM,90,Divided Road,Straight road,Level,Not Applicable,Sealed,Dry,Not Raining,Daylight,Side Swipe,1,Passenger,1: PDO,No Control,,,1327072.15,1694304.26,1.32707E+13
2019-11403-8/07/2020,2 Metropolitan,NAIRNE,5252,DC MT.BARKER.                 ,2,0,0,0,0,2019,November,Friday,3:05 PM,80,Not Divided,Straight road,Crest of Hill,Driveway or Entrance,Sealed,Dry,Not Raining,Daylight,Rear End,1,Driver Rider,1: PDO,No Control,,,1354810.28,1656166.14,1.35481E+13
2019-11404-8/07/2020,2 Metropolitan,STURT,5047,CC MARION.                    ,2,0,0,0,0,2019,November,Friday,4:20 PM,60,T-Junction,Straight road,Level,Not Applicable,Sealed,Dry,Not Raining,Daylight,Right Angle,1,Driver Rider,1: PDO,No Control,,,1323836.78,1660653.43,1.32384E+13
2019-11405-8/07/2020,2 Metropolitan,RICHMOND,5033,CITY OF WEST TORRENS,2,0,0,0,0,2019,November,Friday,2:35 PM,60,Divided Road,Straight road,Level,Not Applicable,Sealed,Dry,Not Raining,Daylight,Rear End,2,Driver Rider,1: PDO,No Control,,,1325785.65,1669308.93,1.32579E+13
2019-11406-8/07/2020,2 Metropolitan,ELIZABETH SOUTH,5112,CITY OF PLAYFORD.,2,0,0,0,0,2019,November,Friday,5:25 PM,60,Not Divided,Straight road,Level,Not Applicable,Sealed,Dry,Not Raining,Daylight,Rear End,1,Driver Rider,1: PDO,No Control,,,1334705.1,1691510.34,1.33471E+13
2019-11407-8/07/2020,2 Metropolitan,ATHOL PARK,5012,CITY OF PORT ADELAIDE ENFIELD,2,0,0,0,0,2019,November,Friday,3:05 PM,60,T-Junction,Straight road,Level,Not Applicable,Sealed,Dry,Not Raining,Daylight,Right Angle,2,Driver Rider,1: PDO,No Control,,,1323910.28,1678952.31,1.32391E+13
2019-11408-8/07/2020,2 Metropolitan,ROYSTON PARK,5070,"CC OF NORWOOD,PAYNEHAM & ST PETERS",4,0,0,0,0,2019,November,Friday,4:53 PM,60,Cross Road,Straight road,Level,Not Applicable,Sealed,Dry,Not Raining,Daylight,Right Angle,2,Driver Rider,1: PDO,Stop Sign,,,1331903.53,1673452.04,1.3319E+13
2019-11409-8/07/2020,2 Metropolitan,PARKSIDE,5063,CITY OF UNLEY,2,0,0,0,0,2019,November,Tuesday,12:40 PM,60,Not Divided,Straight road,Slope,Not Applicable,Sealed,Dry,Not Raining,Daylight,Side Swipe,2,Driver Rider,1: PDO,No Control,,,1330516.76,1668471.43,1.33052E+13
2019-11410-8/07/2020,2 Metropolitan,GLENGOWRIE,5044,CC MARION.                    ,2,0,0,0,0,2019,November,Friday,8:16 AM,60,Cross Road,Straight road,Level,Not Applicable,Sealed,Dry,Not Raining,Daylight,Right Angle,2,Driver Rider,1: PDO,Give Way Sign,,,1322679.87,1663865.54,1.32268E+13
2019-11411-8/07/2020,2 Metropolitan,KERSBROOK,5231,THE ADELAIDE HILLS COUNCIL,2,0,0,0,0,2019,November,Friday,5:50 PM,100,Not Divided,"CURVED, VIEW OBSCURED",Slope,Not Applicable,Sealed,Dry,Not Raining,Daylight,Head On,1,Driver Rider,1: PDO,No Control,,,1349458.4,1687882.5,1.34946E+13
2019-11412-8/07/2020,2 Metropolitan,MANNINGHAM,5086,CITY OF PORT ADELAIDE ENFIELD,2,0,0,0,0,2019,November,Friday,6:21 PM,60,T-Junction,Straight road,Level,Not Applicable,Sealed,Dry,Not Raining,Daylight,Right Turn,1,Driver Rider,1: PDO,Traffic Signals,,,1330468.73,1675456.59,1.33047E+13
2019-11413-8/07/2020,2 Metropolitan,GLYNDE,5070,"CC OF NORWOOD,PAYNEHAM & ST PETERS",2,0,0,0,0,2019,November,Friday,6:45 PM,60,Cross Road,Straight road,Level,Not Applicable,Sealed,Dry,Not Raining,Daylight,Right Angle,2,Driver Rider,1: PDO,Traffic Signals,,,1333785.54,1674516.59,1.33379E+13
2019-11414-8/07/2020,2 Metropolitan,OLD REYNELLA,5161,CITY OF ONKAPARINGA,2,1,0,0,1,2019,November,Friday,5:10 PM,60,Not Divided,Straight road,Level,Driveway or Entrance,Sealed,Dry,Not Raining,Daylight,Rear End,2,Driver Rider,2: MI,No Control,,,1322740.31,1651096.24,1.32274E+13
2019-11415-8/07/2020,1 City,ADELAIDE,5000,CITY OF ADELAIDE,2,0,0,0,0,2019,November,Friday,4:46 PM,50,Divided Road,"CURVED, VIEW OPEN",Level,Not Applicable,Sealed,Dry,Not Raining,Daylight,Hit Pedestrian,1,Driver Rider,1: PDO,No Control,,,1328349.29,1670344.54,1.32835E+13
2019-11416-8/07/2020,2 Metropolitan,BOLIVAR,5110,CITY OF SALISBURY,2,1,0,0,1,2019,November,Friday,9:10 PM,40,Divided Road,Straight road,Level,Roadworks,Sealed,Dry,Not Raining,Night,Hit Object on Road,1,Driver Rider,2: MI,No Control,,,1328246.18,1689481.39,1.32825E+13
2019-11417-8/07/2020,3 Country,PORT PIRIE SOUTH,5540,PT.PIRIE CITY & DIST. COUNCIL ,2,0,0,0,0,2019,November,Friday,9:40 PM,50,Not Divided,Straight road,Level,Not Applicable,Sealed,Dry,Not Raining,Night,Hit Fixed Object,1,Driver Rider,1: PDO,No Control,Y,,1280507.08,1862882.07,1.28051E+13
2019-11418-8/07/2020,2 Metropolitan,GEPPS CROSS,5094,CITY OF PORT ADELAIDE ENFIELD,2,1,0,0,1,2019,November,Friday,10:00 PM,60,Divided Road,Straight road,Level,Median Opening (not at I/S),Sealed,Dry,Not Raining,Night,Right Turn,2,Driver Rider,2: MI,No Control,,,1328495.88,1679257.78,1.3285E+13
2019-11419-8/07/2020,2 Metropolitan,MUNNO PARA,5115,CITY OF PLAYFORD.,3,0,0,0,0,2019,November,Friday,9:56 PM,60,Divided Road,Straight road,Level,Not Applicable,Sealed,Dry,Not Raining,Night,Hit Fixed Object,1,Driver Rider,1: PDO,No Control,,,1336227.02,1698790.48,1.33623E+13
2019-11420-8/07/2020,1 City,ADELAIDE,5000,CITY OF ADELAIDE,3,0,0,0,0,2019,November,Friday,10:05 PM,50,Cross Road,Straight road,Level,Not Applicable,Sealed,Dry,Not Raining,Night,Hit Fixed Object,1,Driver Rider,1: PDO,Traffic Signals,Y,,1329047.65,1669895.43,1.32905E+13
2019-11421-8/07/2020,2 Metropolitan,BOLIVAR,5110,CITY OF SALISBURY,2,0,0,0,0,2019,November,Saturday,4:00 AM,90,Divided Road,Straight road,Level,Road hump or Slow point,Sealed,Dry,Not Raining,Night,Rear End,1,Driver Rider,1: PDO,No Control,,,1328545.62,1688060.78,1.32855E+13
2019-11422-8/07/2020,2 Metropolitan,BURTON,5110,CITY OF SALISBURY,2,0,0,0,0,2019,November,Saturday,5:57 AM,60,Cross Road,Straight road,Level,Not Applicable,Sealed,Dry,Not Raining,Night,Right Angle,2,Driver Rider,1: PDO,Roundabout,,,1330155.51,1690824.15,1.33016E+13
2019-11423-8/07/2020,2 Metropolitan,PAYNEHAM,5070,"CC OF NORWOOD,PAYNEHAM & ST PETERS",2,0,0,0,0,2019,November,Saturday,8:20 AM,60,Cross Road,Straight road,Level,Not Applicable,Sealed,Dry,Not Raining,Daylight,Rear End,1,Driver Rider,1: PDO,Traffic Signals,,,1332162.99,1673774.81,1.33216E+13
2019-11424-8/07/2020,2 Metropolitan,ASHTON,5137,THE ADELAIDE HILLS COUNCIL,3,1,0,0,1,2019,November,Saturday,8:00 AM,80,Not Divided,Straight road,Crest of Hill,Driveway or Entrance,Sealed,Dry,Not Raining,Daylight,Other,9,Other,2: MI,No Control,,,1340157.94,1667825.24,1.34016E+13
2019-11425-8/07/2020,2 Metropolitan,MUNNO PARA,5115,CITY OF PLAYFORD.,2,1,0,1,0,2019,November,Tuesday,3:50 PM,60,Cross Road,Straight road,Level,Not Applicable,Sealed,Dry,Not Raining,Daylight,Rear End,2,Driver Rider,3: SI,Traffic Signals,,,1338231.02,1697708.49,1.33823E+13
2019-11426-8/07/2020,2 Metropolitan,WEST BEACH,5024,CITY OF CHARLES STURT,1,1,0,0,1,2019,November,Saturday,9:40 AM,50,Not Divided,Straight road,Level,Not Applicable,Sealed,Dry,Not Raining,Daylight,Roll Over,1,Other,2: MI,No Control,,,1319602.13,1669211.46,1.3196E+13
2019-11427-8/07/2020,3 Country,MOUNT GAMBIER,5290,CC MT.GAMBIER.                ,2,0,0,0,0,2019,November,Saturday,10:00 AM,50,Not Divided,Straight road,Crest of Hill,Not Applicable,Sealed,Dry,Not Raining,Daylight,Hit Fixed Object,1,Driver Rider,1: PDO,No Control,,,1510290.36,1340622.87,1.51029E+13
2019-11428-8/07/2020,2 Metropolitan,FOREST RANGE,5139,THE ADELAIDE HILLS COUNCIL,2,1,0,1,0,2019,November,Saturday,8:50 AM,80,T-Junction,"CURVED, VIEW OBSCURED",Slope,Not Applicable,Sealed,Dry,Not Raining,Daylight,Right Angle,1,Driver Rider,3: SI,No Control,,,1348254.61,1670840.61,1.34826E+13
2019-11429-8/07/2020,2 Metropolitan,CRAIGMORE,5114,CITY OF PLAYFORD.,2,0,0,0,0,2019,November,Friday,6:20 PM,60,Not Divided,Straight road,Level,Not Applicable,Sealed,Dry,Not Raining,Daylight,Rear End,1,Driver Rider,1: PDO,No Control,,,1339113.09,1695752.63,1.33911E+13
2019-11430-8/07/2020,3 Country,PAGES FLAT,5172,ALEXANDRINA COUNCIL,1,1,0,0,1,2019,November,Saturday,10:00 AM,100,Not Divided,"CURVED, VIEW OPEN",Level,Not Applicable,Sealed,Dry,Not Raining,Daylight,Roll Over,1,Driver Rider,2: MI,No Control,,,1321161.02,1625519.27,1.32116E+13
2019-11431-8/07/2020,2 Metropolitan,COLONEL LIGHT GARDENS,5041,CC MITCHAM.                   ,2,0,0,0,0,2019,November,Friday,3:15 PM,50,Not Divided,Straight road,Level,Not Applicable,Sealed,Dry,Not Raining,Daylight,Head On,2,Driver Rider,1: PDO,No Control,,,1327760.5,1664528.95,1.32776E+13
2019-11432-8/07/2020,2 Metropolitan,GAWLER,5118,CT GAWLER.                    ,2,1,0,0,1,2019,November,Friday,8:55 AM,50,T-Junction,Straight road,Slope,Not Applicable,Sealed,Dry,Not Raining,Daylight,Rear End,2,Driver Rider,2: MI,Traffic Signals,,,1343360.57,1706588.67,1.34336E+13
2019-11433-8/07/2020,2 Metropolitan,FULHAM GARDENS,5024,CITY OF CHARLES STURT,2,0,0,0,0,2019,November,Saturday,10:30 AM,60,Divided Road,Straight road,Level,Not Applicable,Sealed,Dry,Not Raining,Daylight,Rear End,2,Driver Rider,1: PDO,No Control,,,1320637.09,1672306.06,1.32064E+13
2019-11434-8/07/2020,2 Metropolitan,MASLIN BEACH,5170,CITY OF ONKAPARINGA,2,0,0,0,0,2019,November,Saturday,11:00 AM,80,Cross Road,Straight road,Bottom of Hill,Not Applicable,Sealed,Dry,Not Raining,Daylight,Right Angle,2,Driver Rider,1: PDO,Stop Sign,,,1316480.48,1638128.35,1.31648E+13
2019-11435-8/07/2020,2 Metropolitan,EDWARDSTOWN,5039,CC MITCHAM.                   ,2,1,0,0,1,2019,November,Thursday,11:05 AM,60,Divided Road,Straight road,Level,Not Applicable,Sealed,Dry,Not Raining,Daylight,Rear End,2,Driver Rider,2: MI,No Control,,,1325916.46,1664970.55,1.32592E+13
2019-11436-8/07/2020,3 Country,MOUNT WILLOUGHBY,5723,,2,1,0,0,1,2019,November,Saturday,7:30 AM,110,Not Divided,Straight road,Level,"Bridge, Culvert, Causeway",Sealed,Dry,Not Raining,Daylight,Hit Fixed Object,1,Driver Rider,2: MI,No Control,,,921691.41,2392356.19,9.21691E+12
2019-11437-8/07/2020,2 Metropolitan,TROTT PARK,5158,CC MARION.                    ,2,0,0,0,0,2019,November,Saturday,9:30 AM,50,T-Junction,Straight road,Level,Not Applicable,Sealed,Dry,Not Raining,Daylight,Right Angle,2,Driver Rider,1: PDO,No Control,,,1322206.43,1655040.23,1.32221E+13
2019-11438-8/07/2020,2 Metropolitan,PROSPECT,5082,CITY OF PROSPECT,2,0,0,0,0,2019,November,Saturday,10:55 AM,60,Cross Road,Straight road,Level,Not Applicable,Sealed,Dry,Not Raining,Daylight,Rear End,2,Driver Rider,1: PDO,Traffic Signals,,,1328873.3,1676432.66,1.32887E+13
2019-11439-8/07/2020,2 Metropolitan,MARDEN,5070,"CC OF NORWOOD,PAYNEHAM & ST PETERS",2,1,0,0,1,2019,November,Saturday,12:00 PM,60,Divided Road,Straight road,Slope,Driveway or Entrance,Sealed,Dry,Not Raining,Daylight,Right Angle,2,Driver Rider,2: MI,No Control,,,1332037.35,1673942.02,1.33204E+13
2019-11440-8/07/2020,2 Metropolitan,PARA HILLS WEST,5096,CITY OF SALISBURY,4,0,0,0,0,2019,November,Friday,4:15 PM,60,Divided Road,Straight road,Level,Not Applicable,Sealed,Dry,Not Raining,Daylight,Rear End,1,Driver Rider,1: PDO,No Control,,,1333779.48,1684137.51,1.33378E+13
2019-11441-8/07/2020,2 Metropolitan,THORNGATE,5082,CITY OF PROSPECT,2,0,0,0,0,2019,November,Friday,3:06 PM,60,Divided Road,Straight road,Level,Not Applicable,Sealed,Dry,Not Raining,Daylight,Side Swipe,2,Driver Rider,1: PDO,No Control,,,1328451.07,1673794.04,1.32845E+13
2019-11442-8/07/2020,2 Metropolitan,UNLEY,5061,CITY OF UNLEY,2,1,0,1,0,2019,November,Friday,7:00 PM,50,Not Divided,Straight road,Level,Not Applicable,Sealed,Dry,Not Raining,Daylight,Hit Pedestrian,2,Driver Rider,3: SI,No Control,,,1329715.69,1667710.46,1.32972E+13