REPORT_ID,Stats Area,Suburb,Postcode,LGA Name,Total Units,Total Cas,Total Fats,Total SI,Total MI,Year,Month,Day,Time,Area Speed,Position Type,Horizontal Align,Vertical Align,Other Feat,Road Surface,Moisture Cond,Weather Cond,DayNight,Crash Type,Unit Resp,Entity Code,CSEF Severity,Traffic Ctrls,DUI Involved,Drugs Involved,ACCLOC_X,ACCLOC_Y,UNIQUE_LOC
2019-11523-8/07/2020,2 Metropolitan,BRIGHTON,5048,CITY OF HOLDFAST BAY,2,0,0,0,0,2019,November,Monday,4:45 PM,60,T-Junction,Straight road,Level,Not Applicable,Sealed,Dry,Not Raining,Daylight,Right Turn,1,Driver Rider,1: PDO,No Control,,,1321147.01,1660371.41,1.32115E+13
2019-11524-8/07/2020,2 Metropolitan,ENFIELD,5085,CITY OF PORT ADELAIDE ENFIELD,2,0,0,0,0,2019,November,Monday,4:50 PM,60,Divided Road,Straight road,Level,Not Applicable,Sealed,Dry,Not Raining,Daylight,Rear End,2,Driver Rider,1: PDO,No Control,,,1329440.03,1676456.65,1.32944E+13
2019-11525-8/07/2020,2 Metropolitan,KILBURN,5084,CITY OF PORT ADELAIDE ENFIELD,2,1,0,0,1,2019,November,Monday,4:57 PM,50,Cross Road,Straight road,Level,Not Applicable,Sealed,Dry,Not Raining,Daylight,Right Angle,2,Driver Rider,2: MI,Give Way Sign,,,1327913.14,1678633.87,1.32791E+13
2019-11526-8/07/2020,2 Metropolitan,COWANDILLA,5033,CITY OF WEST TORRENS,2,0,0,0,0,2019,November,Monday,12:30 PM,60,Divided Road,Straight road,Level,Not Applicable,Sealed,Dry,Not Raining,Daylight,Side Swipe,2,Driver Rider,1: PDO,No Control,,,1324420.23,1670056.75,1.32442E+13
2019-11527-8/07/2020,2 Metropolitan,MODBURY,5092,CITY OF TEA TREE GULLY,2,0,0,0,0,2019,November,Monday,5:35 PM,60,Divided Road,Straight road,Level,Not Applicable,Sealed,Dry,Not Raining,Daylight,Rear End,1,Driver Rider,1: PDO,No Control,,,1336717.58,1680620.83,1.33672E+13
2019-11528-8/07/2020,2 Metropolitan,PARADISE,5075,CC CAMPBELLTOWN.              ,4,0,0,0,0,2019,November,Monday,4:55 PM,60,T-Junction,"CURVED, VIEW OPEN",Level,Not Applicable,Sealed,Dry,Not Raining,Daylight,Rear End,1,Driver Rider,1: PDO,Traffic Signals,,,1335617.39,1676683.87,1.33562E+13
2019-11529-8/07/2020,2 Metropolitan,GLENELG EAST,5045,CITY OF WEST TORRENS,2,0,0,0,0,2019,November,Monday,5:35 PM,60,Cross Road,"CURVED, VIEW OPEN",Level,Not Applicable,Sealed,Dry,Not Raining,Daylight,Rear End,2,Driver Rider,1: PDO,Traffic Signals,,,1322636.62,1665410.15,1.32264E+13
2019-11530-8/07/2020,2 Metropolitan,HIGHGATE,5063,CC MITCHAM.                   ,2,0,0,0,0,2019,November,Monday,4:40 PM,60,Not Divided,Straight road,Level,Not Applicable,Sealed,Dry,Not Raining,Daylight,Side Swipe,1,Driver Rider,1: PDO,No Control,,,1330438.48,1666282.1,1.33044E+13
2019-11531-8/07/2020,2 Metropolitan,KLEMZIG,5087,CITY OF PORT ADELAIDE ENFIELD,2,0,0,0,0,2019,October,Monday,2:30 PM,60,Cross Road,Straight road,Level,Not Applicable,Sealed,Dry,Not Raining,Daylight,Side Swipe,2,Driver Rider,1: PDO,Traffic Signals,,,1332075.53,1676597.63,1.33208E+13
2019-11532-8/07/2020,2 Metropolitan,DARLINGTON,5047,CC MARION.                    ,2,0,0,0,0,2019,November,Thursday,7:00 AM,80,Freeway,"CURVED, VIEW OPEN",Slope,Not Applicable,Sealed,Dry,Not Raining,Daylight,Rear End,2,Driver Rider,1: PDO,No Control,,,1324000.47,1659102.35,1.324E+13
2019-11533-8/07/2020,2 Metropolitan,PARA HILLS WEST,5096,CITY OF SALISBURY,2,1,0,0,1,2019,November,Tuesday,1:01 AM,60,Divided Road,Straight road,Level,Not Applicable,Sealed,Dry,Not Raining,Night,Hit Fixed Object,1,Driver Rider,2: MI,No Control,,,1332850.39,1682946.52,1.33285E+13
2019-11534-8/07/2020,2 Metropolitan,ROSSLYN PARK,5072,CITY OF BURNSIDE,2,0,0,0,0,2019,November,Tuesday,1:20 AM,60,Cross Road,Straight road,Level,Not Applicable,Sealed,Dry,Not Raining,Night,Hit Fixed Object,1,Driver Rider,1: PDO,Roundabout,,,1335500.57,1671157.56,1.3355E+13
2019-11535-8/07/2020,2 Metropolitan,KESWICK,5035,CITY OF WEST TORRENS,2,1,0,0,1,2019,November,Tuesday,8:30 AM,60,Not Divided,Straight road,Level,Not Applicable,Sealed,Dry,Not Raining,Daylight,Rear End,2,Driver Rider,2: MI,No Control,,,1325963.04,1668952.61,1.32596E+13
2019-11536-8/07/2020,2 Metropolitan,FERRYDEN PARK,5010,CITY OF PORT ADELAIDE ENFIELD,3,0,0,0,0,2019,November,Tuesday,9:00 AM,60,Divided Road,Straight road,Level,Not Applicable,Sealed,Dry,Not Raining,Daylight,Rear End,1,Driver Rider,1: PDO,No Control,,,1325420.21,1676359.44,1.32542E+13
2019-11537-8/07/2020,3 Country,SWAN REACH,5354,MID MURRAY DISTRICT COUNCIL,1,1,0,1,0,2019,November,Monday,3:00 PM,100,Not Divided,"CURVED, VIEW OBSCURED",Level,Not Applicable,Unsealed,Dry,Not Raining,Daylight,Roll Over,1,Driver Rider,3: SI,No Control,,,1420662.94,1714940.04,1.42066E+13
2019-11538-8/07/2020,2 Metropolitan,DRY CREEK,5094,CITY OF PORT ADELAIDE ENFIELD,2,0,0,0,0,2019,November,Monday,2:15 PM,50,Not Divided,Straight road,Level,Not Applicable,Sealed,Dry,Not Raining,Daylight,Hit Parked Vehicle,2,Driver Rider,1: PDO,No Control,,,1327878.85,1680395.74,1.32788E+13
2019-11539-8/07/2020,2 Metropolitan,DOVER GARDENS,5048,CC MARION.                    ,3,1,0,0,1,2019,November,Tuesday,9:15 AM,60,Divided Road,Straight road,Level,Not Applicable,Sealed,Dry,Not Raining,Daylight,Hit Parked Vehicle,1,Driver Rider,2: MI,No Control,,Y,1322287.41,1660585.67,1.32229E+13
2019-11540-8/07/2020,2 Metropolitan,RICHMOND,5033,CITY OF WEST TORRENS,2,0,0,0,0,2019,November,Tuesday,9:20 AM,50,T-Junction,Straight road,Level,Not Applicable,Sealed,Dry,Not Raining,Daylight,Side Swipe,1,Driver Rider,1: PDO,No Control,,,1324987.41,1669248.37,1.32499E+13
2019-11541-8/07/2020,2 Metropolitan,REGENCY PARK,5010,CITY OF PORT ADELAIDE ENFIELD,2,0,0,0,0,2019,November,Tuesday,10:00 AM,60,Cross Road,Straight road,Level,Not Applicable,Sealed,Dry,Not Raining,Daylight,Rear End,2,Driver Rider,1: PDO,Traffic Signals,,,1326068.01,1676366.04,1.32607E+13
2019-11542-8/07/2020,3 Country,MCCRACKEN,5211,DC VICTOR HARBOR.             ,2,2,0,1,1,2019,November,Tuesday,10:15 AM,60,Not Divided,Straight road,Bottom of Hill,Not Applicable,Sealed,Dry,Not Raining,Daylight,Head On,1,Driver Rider,3: SI,No Control,,,1328836.93,1602083.37,1.32884E+13
2019-11543-8/07/2020,2 Metropolitan,PARKSIDE,5063,CITY OF UNLEY,2,1,0,0,1,2019,November,Monday,9:10 AM,60,Divided Road,Straight road,Level,Driveway or Entrance,Sealed,Dry,Not Raining,Daylight,Side Swipe,1,Driver Rider,2: MI,No Control,,,1329210.7,1668967.99,1.32921E+13
2019-11544-8/07/2020,2 Metropolitan,NORTH PLYMPTON,5037,CITY OF WEST TORRENS,2,0,0,0,0,2019,November,Tuesday,11:45 AM,60,Divided Road,Straight road,Level,Driveway or Entrance,Sealed,Dry,Not Raining,Daylight,Hit Pedestrian,1,Driver Rider,1: PDO,No Control,,,1324205.94,1667455.21,1.32421E+13
2019-11545-8/07/2020,2 Metropolitan,WEST BEACH,5024,CITY OF CHARLES STURT,3,2,0,0,2,2019,November,Tuesday,12:38 PM,50,Cross Road,Straight road,Level,Not Applicable,Sealed,Dry,Not Raining,Daylight,Rear End,2,Driver Rider,2: MI,No Control,,,1319567.22,1669361.38,1.31957E+13
2019-11546-8/07/2020,2 Metropolitan,COWANDILLA,5033,CITY OF WEST TORRENS,2,1,0,0,1,2019,November,Tuesday,11:20 AM,60,Divided Road,Straight road,Level,Driveway or Entrance,Sealed,Dry,Not Raining,Daylight,Rear End,2,Driver Rider,2: MI,No Control,,,1324714.64,1670071.79,1.32472E+13
2019-11547-8/07/2020,2 Metropolitan,MOUNT BARKER,5251,DC MT.BARKER.                 ,2,0,0,0,0,2019,November,Tuesday,12:52 PM,110,Freeway,Straight road,Slope,Not Applicable,Sealed,Dry,Not Raining,Daylight,Rear End,2,Driver Rider,1: PDO,No Control,,,1352295.3,1655593.6,1.3523E+13
2019-11548-8/07/2020,2 Metropolitan,ERINDALE,5066,CITY OF BURNSIDE,2,1,0,0,1,2019,November,Monday,9:20 AM,50,Not Divided,Straight road,Level,Driveway or Entrance,Sealed,Dry,Not Raining,Daylight,Hit Pedestrian,2,Driver Rider,2: MI,No Control,,,1334330.36,1670134.4,1.33433E+13
2019-11549-8/07/2020,2 Metropolitan,TORRENS PARK,5062,CC MITCHAM.                   ,2,1,0,0,1,2019,November,Monday,8:30 AM,60,T-Junction,Straight road,Slope,Driveway or Entrance,Sealed,Dry,Not Raining,Daylight,Right Angle,1,Driver Rider,2: MI,No Control,,,1329889.31,1664226.59,1.32989E+13
2019-11550-8/07/2020,2 Metropolitan,STEPNEY,5069,"CC OF NORWOOD,PAYNEHAM & ST PETERS",3,0,0,0,0,2019,November,Tuesday,11:59 AM,60,Divided Road,Straight road,Level,Not Applicable,Sealed,Dry,Not Raining,Daylight,Rear End,1,Driver Rider,1: PDO,No Control,,,1331040.16,1672303.33,1.33104E+13
2019-11551-8/07/2020,3 Country,MALLALA,5502,DC MALLALA.                   ,2,0,0,0,0,2019,November,Tuesday,7:06 AM,100,T-Junction,"CURVED, VIEW OPEN",Level,Not Applicable,Sealed,Dry,Not Raining,Daylight,Hit Fixed Object,9,Other,1: PDO,No Control,,,1320500.38,1725962.31,1.3205E+13
2019-11552-8/07/2020,3 Country,NARACOORTE,5271,DC NARACOORTE & LUCINDALE.,2,1,0,0,1,2019,November,Tuesday,3:19 PM,50,T-Junction,Straight road,Level,Not Applicable,Sealed,Dry,Not Raining,Daylight,Right Turn,1,Driver Rider,2: MI,No Control,,,1512239.23,1437475.14,1.51224E+13
2019-11553-8/07/2020,2 Metropolitan,ATHELSTONE,5076,CC CAMPBELLTOWN.              ,2,0,0,0,0,2019,November,Tuesday,3:10 PM,60,Not Divided,Straight road,Level,Not Applicable,Sealed,Dry,Not Raining,Daylight,Hit Parked Vehicle,2,Driver Rider,1: PDO,No Control,,,1337786.12,1674761.73,1.33779E+13
2019-11554-8/07/2020,2 Metropolitan,NETHERBY,5062,CC MITCHAM.                   ,2,1,0,0,1,2019,November,Friday,8:45 AM,50,T-Junction,Straight road,Level,Not Applicable,Sealed,Dry,Not Raining,Daylight,Right Angle,2,Driver Rider,2: MI,Roundabout,,,1330399,1665590.12,1.3304E+13
2019-11555-8/07/2020,2 Metropolitan,GLENGOWRIE,5044,CC MARION.                    ,3,0,0,0,0,2019,November,Tuesday,2:30 PM,60,Divided Road,Straight road,Level,Not Applicable,Sealed,Dry,Not Raining,Daylight,Rear End,1,Driver Rider,1: PDO,No Control,,,1322706.93,1663263.97,1.32271E+13
2019-11556-8/07/2020,2 Metropolitan,HOPE VALLEY,5090,CITY OF TEA TREE GULLY,2,1,0,0,1,2019,November,Tuesday,8:00 AM,60,Divided Road,Straight road,Level,Not Applicable,Sealed,Dry,Not Raining,Daylight,Rear End,2,Driver Rider,2: MI,No Control,,,1336858.82,1679460.48,1.33686E+13
2019-11557-8/07/2020,2 Metropolitan,POORAKA,5095,CITY OF SALISBURY,2,1,0,0,1,2019,November,Tuesday,7:30 AM,70,Not Divided,Straight road,Level,Not Applicable,Sealed,Dry,Not Raining,Daylight,Rear End,2,Driver Rider,2: MI,No Control,,,1332090.75,1683278.43,1.33209E+13
2019-11558-8/07/2020,2 Metropolitan,WOODVILLE PARK,5011,CITY OF CHARLES STURT,2,0,0,0,0,2019,November,Tuesday,4:42 PM,40,Not Divided,Straight road,Level,Not Applicable,Sealed,Dry,Not Raining,Daylight,Head On,2,Driver Rider,1: PDO,No Control,,,1323661.93,1675244.04,1.32366E+13
2019-11559-8/07/2020,2 Metropolitan,KENSINGTON,5068,"CC OF NORWOOD,PAYNEHAM & ST PETERS",2,3,0,1,2,2019,November,Tuesday,5:45 PM,60,Not Divided,Straight road,Level,Not Applicable,Sealed,Dry,Not Raining,Daylight,Head On,2,Driver Rider,3: SI,No Control,,Y,1332936.26,1671090.32,1.33294E+13
2019-11560-8/07/2020,2 Metropolitan,MORPHETT VALE,5162,CITY OF ONKAPARINGA,2,0,0,0,0,2019,November,Tuesday,5:15 PM,60,Divided Road,Straight road,Level,Not Applicable,Sealed,Dry,Not Raining,Daylight,Rear End,2,Driver Rider,1: PDO,No Control,Y,,1321064.57,1651032.43,1.32107E+13
2019-11561-8/07/2020,2 Metropolitan,OAKLANDS PARK,5046,CC MARION.                    ,2,2,0,2,0,2019,November,Tuesday,7:09 PM,60,Cross Road,Straight road,Level,Not Applicable,Sealed,Dry,Not Raining,Daylight,Right Angle,1,Driver Rider,3: SI,Traffic Signals,,,1323517.11,1663107.08,1.32352E+13
2019-11562-8/07/2020,2 Metropolitan,KANGARILLA,5157,CITY OF ONKAPARINGA,2,1,1,0,0,2019,November,Tuesday,3:10 PM,80,Not Divided,Straight road,Level,Not Applicable,Sealed,Dry,Not Raining,Daylight,Hit Fixed Object,1,Driver Rider,4: Fatal,No Control,,,1331472.67,1644002.82,1.33147E+13
2019-11563-8/07/2020,2 Metropolitan,HUNTFIELD HEIGHTS,5163,CITY OF ONKAPARINGA,2,1,0,0,1,2019,November,Tuesday,8:29 PM,60,Cross Road,Straight road,Bottom of Hill,Not Applicable,Sealed,Dry,Not Raining,Night,Right Turn,1,Driver Rider,2: MI,Traffic Signals,,,1320882.43,1646368.02,1.32088E+13
2019-11564-8/07/2020,2 Metropolitan,WARRADALE,5046,CC MARION.                    ,2,1,0,1,0,2019,November,Tuesday,5:35 PM,60,Not Divided,Straight road,Level,Not Applicable,Sealed,Dry,Not Raining,Daylight,Hit Pedestrian,1,Pedestrian,3: SI,No Control,,,1322725.57,1662306.92,1.32273E+13
2019-11565-8/07/2020,2 Metropolitan,MELROSE PARK,5039,CC MITCHAM.                   ,2,0,0,0,0,2019,November,Tuesday,10:30 PM,60,Not Divided,Straight road,Level,Not Applicable,Sealed,Dry,Not Raining,Night,Hit Parked Vehicle,1,Driver Rider,1: PDO,No Control,,,1326080.49,1664954.52,1.32608E+13
2019-11566-8/07/2020,2 Metropolitan,ROSEWATER,5013,CITY OF PORT ADELAIDE ENFIELD,2,0,0,0,0,2019,November,Wednesday,7:35 AM,60,Not Divided,Straight road,Level,Not Applicable,Sealed,Dry,Not Raining,Daylight,Hit Fixed Object,1,Driver Rider,1: PDO,No Control,,,1322284.91,1678897.9,1.32229E+13
2019-11567-8/07/2020,2 Metropolitan,MITCHELL PARK,5043,CC MARION.                    ,2,2,0,0,2,2019,November,Wednesday,8:00 AM,60,T-Junction,Straight road,Level,Not Applicable,Sealed,Dry,Not Raining,Daylight,Right Turn,1,Driver Rider,2: MI,No Control,,,1324907.98,1660692.23,1.32491E+13
2019-11568-8/07/2020,2 Metropolitan,TOORAK GARDENS,5065,CITY OF BURNSIDE,2,0,0,0,0,2019,November,Tuesday,4:50 PM,50,Cross Road,Straight road,Level,Not Applicable,Sealed,Dry,Not Raining,Daylight,Right Angle,2,Driver Rider,1: PDO,Give Way Sign,,,1332106.99,1669334.66,1.33211E+13
2019-11569-8/07/2020,2 Metropolitan,FORESTVILLE,5035,CITY OF UNLEY,3,0,0,0,0,2019,November,Wednesday,8:24 AM,60,T-Junction,Straight road,Level,Not Applicable,Sealed,Dry,Not Raining,Daylight,Rear End,1,Driver Rider,1: PDO,Traffic Signals,,,1326305.83,1668158.5,1.32631E+13
2019-11570-8/07/2020,2 Metropolitan,PENFIELD GARDENS,5121,CITY OF PLAYFORD.,2,1,0,0,1,2019,November,Wednesday,8:15 AM,80,Cross Road,Straight road,Level,Not Applicable,Sealed,Dry,Not Raining,Daylight,Right Turn,2,Driver Rider,2: MI,Stop Sign,,,1328822.38,1697635.36,1.32882E+13
2019-11571-8/07/2020,3 Country,MOUNT GAMBIER,5290,CC MT.GAMBIER.                ,2,0,0,0,0,2019,November,Wednesday,8:38 AM,60,T-Junction,Straight road,Level,Not Applicable,Sealed,Dry,Not Raining,Daylight,Right Angle,2,Driver Rider,1: PDO,No Control,,,1508139.33,1341775.03,1.50814E+13
2019-11572-8/07/2020,2 Metropolitan,WOODVILLE PARK,5011,CITY OF CHARLES STURT,2,1,0,0,1,2019,November,Tuesday,2:55 PM,60,Divided Road,Straight road,Level,Not Applicable,Sealed,Dry,Not Raining,Daylight,Rear End,2,Driver Rider,2: MI,No Control,,,1324002.58,1675332.1,1.324E+13
2019-11573-8/07/2020,2 Metropolitan,BLAIR ATHOL,5084,CITY OF PORT ADELAIDE ENFIELD,2,1,0,0,1,2019,November,Wednesday,8:35 AM,50,Cross Road,"CURVED, VIEW OPEN",Slope,Not Applicable,Sealed,Dry,Not Raining,Daylight,Right Angle,2,Driver Rider,2: MI,Roundabout,,,1328422.71,1677743.92,1.32842E+13
2019-11574-8/07/2020,2 Metropolitan,SOUTH PLYMPTON,5038,CC MARION.                    ,2,0,0,0,0,2019,November,Wednesday,9:48 AM,60,Cross Road,Straight road,Level,Not Applicable,Sealed,Dry,Not Raining,Daylight,Rear End,1,Driver Rider,1: PDO,Traffic Signals,,,1324237.94,1666104.08,1.32424E+13
2019-11575-8/07/2020,1 City,ADELAIDE,5000,CITY OF ADELAIDE,2,1,0,0,1,2019,November,Monday,8:15 AM,60,T-Junction,Straight road,Level,Driveway or Entrance,Sealed,Dry,Not Raining,Daylight,Right Angle,2,Driver Rider,2: MI,Traffic Signals,,,1327378.83,1669847.56,1.32738E+13
2019-11576-8/07/2020,2 Metropolitan,HENLEY BEACH,5022,CITY OF CHARLES STURT,3,0,0,0,0,2019,November,Tuesday,2:00 PM,60,Not Divided,Straight road,Level,Not Applicable,Sealed,Dry,Not Raining,Daylight,Hit Parked Vehicle,2,Driver Rider,1: PDO,No Control,,,1319366.19,1672650.41,1.31937E+13
2019-11577-8/07/2020,2 Metropolitan,LOCKLEYS,5032,CITY OF WEST TORRENS,2,0,0,0,0,2019,November,Monday,9:45 PM,60,Divided Road,Straight road,Level,Not Applicable,Sealed,Dry,Not Raining,Night,Hit Parked Vehicle,1,Driver Rider,1: PDO,No Control,,,1321581.93,1670845.12,1.32158E+13
2019-11578-8/07/2020,2 Metropolitan,ST PETERS,5069,"CC OF NORWOOD,PAYNEHAM & ST PETERS",3,1,0,0,1,2019,November,Wednesday,8:10 AM,60,Not Divided,Straight road,Level,Not Applicable,Sealed,Dry,Not Raining,Daylight,Rear End,1,Driver Rider,2: MI,No Control,,,1331127.81,1672419.76,1.33113E+13
2019-11579-8/07/2020,3 Country,PORT WAKEFIELD,5550,WAKEFIELD REGIONAL COUNCIL,2,0,0,0,0,2019,November,Wednesday,10:35 AM,50,Multiple,Straight road,Level,Not Applicable,Sealed,Dry,Not Raining,Daylight,Right Angle,2,Driver Rider,1: PDO,Give Way Sign,,,1290167.17,1754069.61,1.29017E+13
2019-11580-8/07/2020,2 Metropolitan,BRIGHTON,5048,CITY OF HOLDFAST BAY,2,0,0,0,0,2019,November,Wednesday,10:17 AM,50,Not Divided,Straight road,Level,Not Applicable,Sealed,Dry,Not Raining,Daylight,Rear End,2,Driver Rider,1: PDO,No Control,,,1320948.75,1660802.7,1.32095E+13
2019-11581-8/07/2020,2 Metropolitan,WOODVILLE WEST,5011,CITY OF CHARLES STURT,3,0,0,0,0,2019,November,Wednesday,11:00 AM,60,Divided Road,Straight road,Level,Not Applicable,Sealed,Dry,Not Raining,Daylight,Hit Parked Vehicle,1,Driver Rider,1: PDO,No Control,,,1322366.82,1675051.03,1.32237E+13
2019-11582-8/07/2020,1 City,NORTH ADELAIDE,5006,CITY OF ADELAIDE,2,0,0,0,0,2019,November,Tuesday,9:58 AM,50,Not Divided,Straight road,Level,Not Applicable,Sealed,Dry,Not Raining,Daylight,Hit Fixed Object,1,Driver Rider,1: PDO,No Control,,,1329166.2,1672679.18,1.32917E+13
2019-11583-8/07/2020,2 Metropolitan,ASCOT PARK,5043,CC MARION.                    ,2,1,0,0,1,2019,November,Wednesday,10:56 AM,50,Not Divided,Straight road,Level,Not Applicable,Sealed,Dry,Not Raining,Daylight,Hit Pedestrian,2,Pedestrian,2: MI,No Control,,,1324559.73,1664409.21,1.32456E+13
2019-11584-8/07/2020,2 Metropolitan,PROSPECT,5082,CITY OF PROSPECT,2,0,0,0,0,2019,November,Wednesday,10:45 AM,50,T-Junction,Straight road,Level,Not Applicable,Sealed,Dry,Not Raining,Daylight,Right Angle,1,Driver Rider,1: PDO,No Control,,,1328394.26,1674441.95,1.32839E+13
2019-11585-8/07/2020,1 City,NORTH ADELAIDE,5006,CITY OF ADELAIDE,2,0,0,0,0,2019,November,Tuesday,3:30 PM,50,Cross Road,Straight road,Level,Not Applicable,Sealed,Dry,Not Raining,Daylight,Right Turn,1,Driver Rider,1: PDO,Give Way Sign,,,1327742.09,1672924.74,1.32774E+13
2019-11586-8/07/2020,2 Metropolitan,GEPPS CROSS,5094,CITY OF PORT ADELAIDE ENFIELD,2,1,0,1,0,2019,November,Wednesday,8:20 AM,60,Divided Road,Straight road,Level,Not Applicable,Sealed,Dry,Not Raining,Daylight,Rear End,1,Driver Rider,3: SI,No Control,,,1328804.28,1679475.71,1.3288E+13
2019-11587-8/07/2020,2 Metropolitan,ALBERT PARK,5014,CITY OF CHARLES STURT,2,0,0,0,0,2019,November,Wednesday,9:30 AM,60,T-Junction,Straight road,Level,Not Applicable,Sealed,Dry,Not Raining,Daylight,Rear End,2,Driver Rider,1: PDO,No Control,,,1322074.53,1676250,1.32208E+13
2019-11588-8/07/2020,2 Metropolitan,PORT ADELAIDE,5015,CITY OF PORT ADELAIDE ENFIELD,3,0,0,0,0,2019,November,Wednesday,4:40 PM,40,Divided Road,Straight road,Level,Not Applicable,Sealed,Dry,Not Raining,Daylight,Rear End,1,Driver Rider,1: PDO,No Control,Y,,1320071.33,1679953.31,1.32007E+13
2019-11589-8/07/2020,3 Country,MOCULTA,5353,THE BAROSSA COUNCIL.,2,0,0,0,0,2019,November,Wednesday,2:50 PM,100,T-Junction,Straight road,Level,Not Applicable,Unsealed,Dry,Not Raining,Daylight,Hit Fixed Object,1,Driver Rider,1: PDO,No Control,,,1379567.95,1718520.8,1.37957E+13
2019-11590-8/07/2020,2 Metropolitan,SEACOMBE GARDENS,5047,CC MARION.                    ,2,1,0,0,1,2019,November,Wednesday,4:45 PM,50,Not Divided,Straight road,Level,Not Applicable,Sealed,Dry,Not Raining,Daylight,Hit Fixed Object,1,Driver Rider,2: MI,No Control,,,1322882.14,1660449.79,1.32288E+13
2019-11591-8/07/2020,2 Metropolitan,SALISBURY PLAIN,5109,CITY OF SALISBURY,3,1,1,0,0,2019,November,Wednesday,3:40 PM,80,Cross Road,Straight road,Level,Not Applicable,Sealed,Dry,Not Raining,Daylight,Rear End,1,Driver Rider,4: Fatal,Traffic Signals,,,1335455.1,1688128.4,1.33546E+13
2019-11592-8/07/2020,3 Country,BEACHPORT,5280,WATTLE RANGE COUNCIL,2,2,0,1,1,2019,November,Wednesday,3:00 PM,80,T-Junction,Straight road,Level,Not Applicable,Sealed,Dry,Not Raining,Daylight,Rear End,2,Driver Rider,3: SI,Give Way Sign,,,1446345.69,1382881.09,1.44635E+13
2019-11593-8/07/2020,2 Metropolitan,SALISBURY,5108,CITY OF SALISBURY,2,0,0,0,0,2019,November,Wednesday,3:18 PM,60,T-Junction,Straight road,Level,Not Applicable,Sealed,Dry,Not Raining,Daylight,Right Angle,2,Driver Rider,1: PDO,No Control,,,1333603.9,1688231.75,1.3336E+13
2019-11594-8/07/2020,2 Metropolitan,INGLE FARM,5098,CITY OF SALISBURY,2,2,0,0,2,2019,November,Wednesday,5:35 PM,50,Not Divided,Straight road,Level,Not Applicable,Sealed,Dry,Not Raining,Daylight,Hit Parked Vehicle,1,Driver Rider,2: MI,No Control,,,1333539.53,1681464.25,1.33354E+13
2019-11595-8/07/2020,2 Metropolitan,CHERRY GARDENS,5157,CITY OF ONKAPARINGA,2,1,0,0,1,2019,November,Wednesday,5:45 PM,70,Not Divided,"CURVED, VIEW OPEN",Slope,Not Applicable,Sealed,Dry,Not Raining,Daylight,Hit Fixed Object,1,Driver Rider,2: MI,No Control,,,1333031.25,1655268.29,1.33303E+13
2019-11596-8/07/2020,2 Metropolitan,BRIGHTON,5048,CITY OF HOLDFAST BAY,3,3,0,0,3,2019,November,Wednesday,7:30 PM,60,T-Junction,Straight road,Level,Not Applicable,Sealed,Dry,Not Raining,Daylight,Right Turn,1,Driver Rider,2: MI,Traffic Signals,,,1321133.01,1660807.27,1.32113E+13
2019-11597-8/07/2020,2 Metropolitan,LENSWOOD,5240,THE ADELAIDE HILLS COUNCIL,1,1,0,1,0,2019,November,Tuesday,4:35 PM,80,Not Divided,Straight road,Slope,Not Applicable,Sealed,Dry,Not Raining,Daylight,Roll Over,1,Driver Rider,3: SI,No Control,,,1349816.85,1668972.84,1.34982E+13
2019-11598-8/07/2020,2 Metropolitan,TORRENSVILLE,5031,CITY OF WEST TORRENS,3,1,0,0,1,2019,November,Wednesday,8:25 PM,60,Divided Road,"CURVED, VIEW OPEN",Level,Not Applicable,Sealed,Dry,Not Raining,Night,Hit Fixed Object,1,Driver Rider,2: MI,No Control,,,1325729.48,1671225,1.32573E+13
2019-11599-8/07/2020,2 Metropolitan,ENFIELD,5085,CITY OF PORT ADELAIDE ENFIELD,2,1,0,0,1,2019,November,Wednesday,8:30 PM,50,T-Junction,Straight road,Slope,Not Applicable,Sealed,Dry,Not Raining,Night,Hit Pedestrian,2,Pedestrian,2: MI,Roundabout,,,1329285.64,1678617.06,1.32929E+13
2019-11600-8/07/2020,3 Country,MACCLESFIELD,5153,ALEXANDRINA COUNCIL,3,1,0,1,0,2019,November,Tuesday,11:15 AM,80,Not Divided,"CURVED, VIEW OPEN",Slope,Not Applicable,Sealed,Dry,Not Raining,Daylight,Hit Object on Road,1,Driver Rider,3: SI,No Control,,Y,1350161.75,1639773.04,1.35016E+13
2019-11601-8/07/2020,2 Metropolitan,GLENELG NORTH,5045,CITY OF HOLDFAST BAY,2,0,0,0,0,2019,November,Wednesday,11:48 PM,60,Divided Road,Straight road,Level,Not Applicable,Sealed,Dry,Not Raining,Night,Side Swipe,2,Driver Rider,1: PDO,No Control,,,1321175.03,1665326.27,1.32118E+13
2019-11602-8/07/2020,3 Country,PORT ELLIOT,5212,ALEXANDRINA COUNCIL,2,1,0,0,1,2019,November,Thursday,5:27 AM,60,Not Divided,Straight road,Level,Not Applicable,Sealed,Dry,Not Raining,Night,Hit Fixed Object,1,Driver Rider,2: MI,No Control,,,1332279.84,1603256.09,1.33228E+13