REPORT_ID,Stats Area,Suburb,Postcode,LGA Name,Total Units,Total Cas,Total Fats,Total SI,Total MI,Year,Month,Day,Time,Area Speed,Position Type,Horizontal Align,Vertical Align,Other Feat,Road Surface,Moisture Cond,Weather Cond,DayNight,Crash Type,Unit Resp,Entity Code,CSEF Severity,Traffic Ctrls,DUI Involved,Drugs Involved,ACCLOC_X,ACCLOC_Y,UNIQUE_LOC
2019-11844-8/07/2020,2 Metropolitan,TORRENS PARK,5062,CC MITCHAM.                   ,2,1,0,0,1,2019,December,Thursday,12:25 PM,60,Not Divided,Straight road,Level,Not Applicable,Sealed,Dry,Not Raining,Daylight,Hit Parked Vehicle,1,Driver Rider,2: MI,No Control,Y,,1329305.89,1664451.28,1.32931E+13
2019-11845-8/07/2020,2 Metropolitan,SMITHFIELD PLAINS,5114,CITY OF PLAYFORD.,3,2,0,1,1,2019,November,Wednesday,5:15 PM,60,Not Divided,Straight road,Level,Not Applicable,Sealed,Dry,Not Raining,Daylight,Side Swipe,1,Driver Rider,3: SI,No Control,,,1336826.09,1697619.59,1.33683E+13
2019-11846-8/07/2020,2 Metropolitan,STEPNEY,5069,"CC OF NORWOOD,PAYNEHAM & ST PETERS",2,0,0,0,0,2019,November,Wednesday,5:40 PM,60,T-Junction,Straight road,Level,Not Applicable,Sealed,Dry,Not Raining,Daylight,Right Angle,2,Driver Rider,1: PDO,Stop Sign,,,1330850.4,1672049.36,1.33085E+13
2019-11847-8/07/2020,1 City,ADELAIDE,5000,CITY OF ADELAIDE,2,0,0,0,0,2019,November,Wednesday,6:00 PM,50,Divided Road,Straight road,Level,Not Applicable,Sealed,Dry,Not Raining,Daylight,Head On,2,Driver Rider,1: PDO,No Control,,,1327878.94,1669849.01,1.32788E+13
2019-11848-8/07/2020,2 Metropolitan,SALISBURY PLAIN,5109,CITY OF SALISBURY,2,0,0,0,0,2019,November,Wednesday,5:30 PM,60,Cross Road,Straight road,Level,Not Applicable,Sealed,Dry,Not Raining,Daylight,Rear End,1,Driver Rider,1: PDO,Traffic Signals,,,1335448.86,1688120.42,1.33545E+13
2019-11849-8/07/2020,2 Metropolitan,NAILSWORTH,5083,CITY OF PROSPECT,2,0,0,0,0,2019,November,Wednesday,3:30 PM,60,Divided Road,Straight road,Level,Not Applicable,Sealed,Dry,Not Raining,Daylight,Rear End,2,Driver Rider,1: PDO,No Control,,,1328893.53,1675692.8,1.32889E+13
2019-11850-8/07/2020,2 Metropolitan,ATHELSTONE,5076,CC CAMPBELLTOWN.              ,2,1,0,0,1,2019,November,Wednesday,6:50 PM,50,Not Divided,Straight road,Level,Not Applicable,Sealed,Dry,Not Raining,Daylight,Hit Pedestrian,2,Pedestrian,2: MI,No Control,,,1337619.96,1675977.52,1.33762E+13
2019-11851-8/07/2020,2 Metropolitan,FLINDERS PARK,5025,CITY OF CHARLES STURT,2,2,0,0,2,2019,November,Wednesday,7:40 PM,60,Cross Road,Straight road,Level,Not Applicable,Sealed,Dry,Not Raining,Daylight,Right Turn,2,Driver Rider,2: MI,Traffic Signals,,,1323667.72,1673152.85,1.32367E+13
2019-11852-8/07/2020,2 Metropolitan,MILE END,5031,CITY OF WEST TORRENS,2,1,0,0,1,2019,November,Wednesday,6:59 PM,50,Not Divided,Straight road,Level,Not Applicable,Sealed,Dry,Not Raining,Daylight,Right Angle,2,Driver Rider,2: MI,No Control,,,1325032.05,1670860.48,1.32503E+13
2019-11853-8/07/2020,2 Metropolitan,VERDUN,5245,THE ADELAIDE HILLS COUNCIL,2,0,0,0,0,2019,November,Thursday,2:13 AM,110,Freeway,"CURVED, VIEW OPEN",Slope,Not Applicable,Sealed,Dry,Not Raining,Night,Hit Fixed Object,1,Driver Rider,1: PDO,No Control,Y,,1344677.22,1660898.59,1.34468E+13
2019-11854-8/07/2020,2 Metropolitan,MASLIN BEACH,5170,CITY OF ONKAPARINGA,3,0,0,0,0,2019,November,Thursday,6:30 AM,70,T-Junction,Straight road,Slope,Not Applicable,Sealed,Dry,Not Raining,Daylight,Right Angle,1,Driver Rider,1: PDO,No Control,,,1316502.62,1637431.85,1.3165E+13
2019-11855-8/07/2020,2 Metropolitan,ST MARYS,5042,CC MITCHAM.                   ,2,0,0,0,0,2019,November,Thursday,7:30 AM,60,Cross Road,Straight road,Level,Not Applicable,Sealed,Dry,Not Raining,Daylight,Right Turn,2,Driver Rider,1: PDO,Traffic Signals,,,1325955.93,1663326.3,1.32596E+13
2019-11856-8/07/2020,2 Metropolitan,WATERLOO CORNER,5110,CITY OF PLAYFORD.,2,0,0,0,0,2019,November,Thursday,7:40 AM,90,T-Junction,Straight road,Level,Not Applicable,Sealed,Dry,Not Raining,Daylight,Side Swipe,1,Driver Rider,1: PDO,Stop Sign,,,1329681.68,1694448.46,1.32968E+13
2019-11857-8/07/2020,2 Metropolitan,BEDFORD PARK,5042,CC MITCHAM.                   ,3,0,0,0,0,2019,November,Thursday,8:30 AM,40,Not Divided,Straight road,Slope,Not Applicable,Sealed,Dry,Not Raining,Daylight,Head On,1,Driver Rider,1: PDO,No Control,,,1325487.07,1659875.27,1.32549E+13
2019-11858-8/07/2020,3 Country,PARNDANA,5220,KANGAROO ISLAND COUNCIL,2,0,0,0,0,2019,November,Tuesday,8:15 PM,110,T-Junction,"CURVED, VIEW OPEN",Level,Not Applicable,Sealed,Dry,Not Raining,Night,Hit Fixed Object,1,Driver Rider,1: PDO,No Control,,,1204752.17,1579354.3,1.20475E+13
2019-11859-8/07/2020,2 Metropolitan,CUDLEE CREEK,5232,THE ADELAIDE HILLS COUNCIL,2,0,0,0,0,2019,November,Wednesday,1:45 PM,80,Not Divided,Straight road,Level,Not Applicable,Sealed,Dry,Not Raining,Daylight,Side Swipe,1,Driver Rider,1: PDO,No Control,,,1346864.19,1678496.21,1.34686E+13
2019-11860-8/07/2020,2 Metropolitan,CLARENDON,5157,CITY OF ONKAPARINGA,2,0,0,0,0,2019,November,Thursday,8:30 AM,50,Not Divided,"CURVED, VIEW OBSCURED",Slope,Not Applicable,Sealed,Dry,Not Raining,Daylight,Hit Fixed Object,1,Driver Rider,1: PDO,No Control,,,1330362.34,1650365.02,1.33036E+13
2019-11861-8/07/2020,3 Country,ROCHESTER,5464,WAKEFIELD REGIONAL COUNCIL,2,0,0,0,0,2019,November,Wednesday,5:30 PM,100,Not Divided,Straight road,Level,"Bridge, Culvert, Causeway",Sealed,Dry,Not Raining,Daylight,Other,9,Other,1: PDO,No Control,,,1322857.85,1807022.72,1.32286E+13
2019-11862-8/07/2020,2 Metropolitan,LARGS BAY,5016,CITY OF PORT ADELAIDE ENFIELD,3,0,0,0,0,2019,November,Thursday,7:38 AM,60,Divided Road,Straight road,Level,Not Applicable,Sealed,Dry,Not Raining,Daylight,Hit Fixed Object,1,Driver Rider,1: PDO,No Control,,,1318988.39,1682437.04,1.31899E+13
2019-11863-8/07/2020,2 Metropolitan,GEPPS CROSS,5094,CITY OF PORT ADELAIDE ENFIELD,2,0,0,0,0,2019,November,Thursday,7:10 AM,60,Divided Road,Straight road,Level,Driveway or Entrance,Sealed,Dry,Not Raining,Daylight,Rear End,2,Driver Rider,1: PDO,No Control,,,1328260.39,1679261.28,1.32826E+13
2019-11864-8/07/2020,2 Metropolitan,GOLDEN GROVE,5125,CITY OF TEA TREE GULLY,2,1,0,0,1,2019,November,Thursday,10:00 AM,60,Not Divided,Straight road,Level,Driveway or Entrance,Sealed,Dry,Not Raining,Daylight,Right Turn,1,Driver Rider,2: MI,No Control,,,1340804.64,1685798.04,1.34081E+13
2019-11865-8/07/2020,2 Metropolitan,ELIZABETH,5112,CITY OF PLAYFORD.,2,1,0,0,1,2019,November,Wednesday,4:25 PM,60,Not Divided,Straight road,Level,"Bridge, Culvert, Causeway",Sealed,Dry,Not Raining,Daylight,Rear End,1,Driver Rider,2: MI,No Control,,,1335422.95,1693978.82,1.33542E+13
2019-11866-8/07/2020,2 Metropolitan,PARKSIDE,5063,CITY OF UNLEY,2,0,0,0,0,2019,November,Saturday,2:00 PM,60,T-Junction,Straight road,Level,Not Applicable,Sealed,Dry,Not Raining,Daylight,Hit Fixed Object,1,Driver Rider,1: PDO,No Control,,,1330718.93,1667870.7,1.33072E+13
2019-11867-8/07/2020,1 City,ADELAIDE,5000,CITY OF ADELAIDE,2,1,0,0,1,2019,November,Tuesday,5:30 PM,50,Not Divided,Straight road,Level,Not Applicable,Sealed,Dry,Not Raining,Daylight,Hit Parked Vehicle,1,Driver Rider,2: MI,No Control,,,1329222.6,1670054.18,1.32922E+13
2019-11868-8/07/2020,1 City,ADELAIDE,5000,CITY OF ADELAIDE,1,1,0,0,1,2019,November,Thursday,1:20 PM,50,Divided Road,Straight road,Level,Not Applicable,Sealed,Dry,Not Raining,Daylight,Roll Over,9,Other,2: MI,No Control,,,1329588.25,1670089.84,1.32959E+13
2019-11869-8/07/2020,2 Metropolitan,HENLEY BEACH,5022,CITY OF CHARLES STURT,2,1,0,0,1,2019,November,Thursday,2:15 PM,40,Cross Road,Straight road,Level,Not Applicable,Sealed,Dry,Not Raining,Daylight,Right Angle,1,Driver Rider,2: MI,Stop Sign,,,1318959.39,1671668.29,1.31896E+13
2019-11870-8/07/2020,1 City,ADELAIDE,5000,CITY OF ADELAIDE,2,0,0,0,0,2019,November,Thursday,1:40 PM,50,Cross Road,Straight road,Level,Not Applicable,Sealed,Dry,Not Raining,Daylight,Side Swipe,2,Driver Rider,1: PDO,Traffic Signals,,,1327934.63,1670172.34,1.32794E+13
2019-11871-8/07/2020,3 Country,NURIOOTPA,5355,THE BAROSSA COUNCIL.,2,0,0,0,0,2019,November,Thursday,6:50 AM,40,Divided Road,Straight road,Level,Roadworks,Sealed,Dry,Not Raining,Daylight,Hit Fixed Object,1,Driver Rider,1: PDO,No Control,,,1366400.03,1719543.78,1.3664E+13
2019-11872-8/07/2020,3 Country,MOUNT SCHANK,5291,DISTRICT COUNCIL OF GRANT,2,1,0,0,1,2019,November,Thursday,2:04 PM,100,Not Divided,"CURVED, VIEW OBSCURED",Slope,Not Applicable,Unsealed,Dry,Not Raining,Daylight,Head On,2,Driver Rider,2: MI,No Control,,,1495903.23,1329494.27,1.4959E+13
2019-11873-8/07/2020,2 Metropolitan,MARRYATVILLE,5068,"CC OF NORWOOD,PAYNEHAM & ST PETERS",3,0,0,0,0,2019,November,Thursday,11:30 AM,60,Divided Road,Straight road,Slope,Not Applicable,Sealed,Dry,Not Raining,Daylight,Rear End,1,Driver Rider,1: PDO,No Control,,,1332271.34,1670377.2,1.33227E+13
2019-11874-8/07/2020,2 Metropolitan,PAYNEHAM SOUTH,5070,"CC OF NORWOOD,PAYNEHAM & ST PETERS",2,0,0,0,0,2019,November,Thursday,11:29 AM,60,Divided Road,Straight road,Level,Not Applicable,Sealed,Dry,Not Raining,Daylight,Hit Parked Vehicle,2,Driver Rider,1: PDO,No Control,,,1332195.42,1673056.23,1.3322E+13
2019-11875-8/07/2020,2 Metropolitan,EDINBURGH NORTH,5113,CITY OF PLAYFORD.,3,1,0,0,1,2019,November,Thursday,2:41 PM,60,T-Junction,"CURVED, VIEW OPEN",Slope,Not Applicable,Sealed,Dry,Not Raining,Daylight,Head On,1,Driver Rider,2: MI,Give Way Sign,,,1335051.47,1694249.76,1.33505E+13
2019-11876-8/07/2020,2 Metropolitan,SALISBURY DOWNS,5108,CITY OF SALISBURY,4,1,0,0,1,2019,November,Thursday,3:30 PM,60,Divided Road,Straight road,Level,Not Applicable,Sealed,Dry,Not Raining,Daylight,Rear End,1,Driver Rider,2: MI,No Control,,Y,1330450.62,1687611.77,1.33045E+13
2019-11877-8/07/2020,2 Metropolitan,HILTON,5033,CITY OF WEST TORRENS,2,0,0,0,0,2019,November,Thursday,3:15 PM,60,T-Junction,Straight road,Level,Not Applicable,Sealed,Dry,Not Raining,Daylight,Right Angle,2,Driver Rider,1: PDO,No Control,,,1325487.05,1670074.48,1.32549E+13
2019-11878-8/07/2020,2 Metropolitan,GLOBE DERBY PARK,5110,CITY OF SALISBURY,4,0,0,0,0,2019,November,Thursday,3:36 PM,90,Divided Road,Straight road,Level,Not Applicable,Sealed,Dry,Not Raining,Daylight,Rear End,1,Driver Rider,1: PDO,No Control,,,1328561.85,1687761.77,1.32856E+13
2019-11879-8/07/2020,2 Metropolitan,PARA VISTA,5093,CITY OF SALISBURY,2,1,0,1,0,2019,November,Thursday,3:50 PM,60,T-Junction,Straight road,Level,Not Applicable,Sealed,Dry,Not Raining,Daylight,Right Angle,1,Driver Rider,3: SI,No Control,,,1334690.94,1680543.27,1.33469E+13
2019-11880-8/07/2020,2 Metropolitan,SALISBURY HEIGHTS,5109,CITY OF SALISBURY,2,0,0,0,0,2019,November,Thursday,5:22 PM,60,Divided Road,Straight road,Level,Not Applicable,Sealed,Dry,Not Raining,Daylight,Rear End,1,Driver Rider,1: PDO,No Control,,,1335471.89,1688105.97,1.33547E+13
2019-11881-8/07/2020,1 City,ADELAIDE,5000,CITY OF ADELAIDE,2,0,0,0,0,2019,November,Thursday,5:15 PM,50,Divided Road,Straight road,Level,Not Applicable,Sealed,Dry,Not Raining,Daylight,Right Angle,2,Driver Rider,1: PDO,No Control,,,1327939.48,1669782.94,1.32794E+13
2019-11882-8/07/2020,2 Metropolitan,BROOKLYN PARK,5032,CITY OF WEST TORRENS,3,0,0,0,0,2019,November,Thursday,5:35 PM,60,Divided Road,Straight road,Level,Not Applicable,Sealed,Dry,Not Raining,Daylight,Rear End,1,Driver Rider,1: PDO,No Control,,,1323715.99,1670101.57,1.32372E+13
2019-11883-8/07/2020,2 Metropolitan,PANORAMA,5041,CC MITCHAM.                   ,2,0,0,0,0,2019,November,Thursday,5:40 PM,60,T-Junction,Straight road,Level,Not Applicable,Sealed,Dry,Not Raining,Daylight,Rear End,2,Driver Rider,1: PDO,No Control,,,1327596.01,1663277.86,1.3276E+13
2019-11884-8/07/2020,2 Metropolitan,REGENCY PARK,5010,CITY OF PORT ADELAIDE ENFIELD,4,0,0,0,0,2019,November,Thursday,4:45 PM,60,T-Junction,Straight road,Level,Not Applicable,Sealed,Dry,Not Raining,Daylight,Right Turn,1,Driver Rider,1: PDO,Traffic Signals,,,1326449.2,1676384.02,1.32645E+13
2019-11885-8/07/2020,3 Country,LOXTON,5333,LOXTON WAIKERIE DISTRICT COUNCIL,2,1,0,1,0,2019,November,Thursday,3:05 PM,60,Not Divided,Straight road,Level,Driveway or Entrance,Sealed,Dry,Not Raining,Daylight,Rear End,1,Driver Rider,3: SI,No Control,Y,Y,1512305.87,1716481.08,1.51231E+13
2019-11886-8/07/2020,2 Metropolitan,ROSTREVOR,5073,CC CAMPBELLTOWN.              ,2,1,0,0,1,2019,November,Thursday,5:50 PM,60,Not Divided,Straight road,Level,Not Applicable,Sealed,Dry,Not Raining,Daylight,Hit Pedestrian,2,Pedestrian,2: MI,No Control,,,1337049.3,1674174.62,1.33705E+13
2019-11887-8/07/2020,2 Metropolitan,PENFIELD,5121,CITY OF PLAYFORD.,3,1,0,1,0,2019,November,Thursday,6:30 PM,80,Not Divided,Straight road,Level,Not Applicable,Sealed,Dry,Not Raining,Daylight,Head On,2,Driver Rider,3: SI,No Control,,Y,1333381.96,1696390.17,1.33338E+13
2019-11888-8/07/2020,2 Metropolitan,MORPHETT VALE,5162,CITY OF ONKAPARINGA,2,0,0,0,0,2019,November,Thursday,11:35 PM,50,T-Junction,"CURVED, VIEW OBSCURED",Level,Not Applicable,Sealed,Dry,Not Raining,Night,Hit Fixed Object,1,Driver Rider,1: PDO,No Control,Y,,1319338.07,1648617.14,1.31934E+13
2019-11889-8/07/2020,2 Metropolitan,EDWARDSTOWN,5039,CC MARION.                    ,2,1,0,0,1,2019,November,Friday,5:56 AM,60,T-Junction,Straight road,Level,Not Applicable,Sealed,Dry,Not Raining,Daylight,Right Turn,2,Driver Rider,2: MI,Traffic Signals,,,1325923.86,1664392.42,1.32592E+13
2019-11890-8/07/2020,2 Metropolitan,PARADISE,5075,CC CAMPBELLTOWN.              ,2,0,0,0,0,2019,November,Friday,6:58 AM,60,Divided Road,Straight road,Level,Driveway or Entrance,Sealed,Dry,Not Raining,Daylight,Right Turn,1,Driver Rider,1: PDO,No Control,,,1334547.11,1676868.96,1.33455E+13
2019-11891-8/07/2020,3 Country,MAITLAND,5573,YORKE PENINSULA COUNCIL,2,0,0,0,0,2019,November,Thursday,4:00 PM,100,Not Divided,Straight road,Level,Driveway or Entrance,Unsealed,Dry,Not Raining,Daylight,Rear End,2,Driver Rider,1: PDO,No Control,,,1251479.43,1744902.33,1.25148E+13
2019-11892-8/07/2020,2 Metropolitan,DIREK,5110,CITY OF SALISBURY,2,1,0,0,1,2019,November,Friday,6:25 AM,50,Not Divided,Straight road,Level,Not Applicable,Sealed,Dry,Not Raining,Daylight,Hit Parked Vehicle,1,Driver Rider,2: MI,No Control,,,1329532.38,1693443.63,1.32953E+13
2019-11893-8/07/2020,2 Metropolitan,TWO WELLS,5501,DC MALLALA.                   ,2,0,0,0,0,2019,November,Wednesday,6:40 PM,50,T-Junction,Straight road,Level,Not Applicable,Sealed,Dry,Not Raining,Daylight,Right Angle,2,Driver Rider,1: PDO,Give Way Sign,,,1321742.19,1707800.92,1.32174E+13
2019-11894-8/07/2020,2 Metropolitan,STURT,5047,CC MARION.                    ,2,0,0,0,0,2019,November,Friday,9:27 AM,60,Divided Road,Straight road,Level,Not Applicable,Sealed,Dry,Not Raining,Daylight,Rear End,2,Driver Rider,1: PDO,No Control,,,1324107.44,1660660.97,1.32411E+13
2019-11895-8/07/2020,2 Metropolitan,KILBURN,5084,CITY OF PORT ADELAIDE ENFIELD,2,0,0,0,0,2019,November,Thursday,6:15 PM,60,Divided Road,Straight road,Level,Not Applicable,Sealed,Dry,Not Raining,Daylight,Side Swipe,2,Driver Rider,1: PDO,No Control,,,1327107.37,1679211.34,1.32711E+13
2019-11896-8/07/2020,2 Metropolitan,KESWICK TERMINAL,5035,CITY OF WEST TORRENS,1,1,0,0,1,2019,November,Friday,9:04 AM,60,Not Divided,Straight road,Level,Driveway or Entrance,Sealed,Dry,Not Raining,Daylight,Roll Over,9,Other,2: MI,No Control,,,1326373.42,1669508.05,1.32637E+13
2019-11897-8/07/2020,2 Metropolitan,ENFIELD,5085,CITY OF PORT ADELAIDE ENFIELD,2,0,0,0,0,2019,November,Thursday,3:00 PM,60,Divided Road,Straight road,Level,Not Applicable,Sealed,Dry,Not Raining,Daylight,Rear End,1,Driver Rider,1: PDO,No Control,,,1329054.2,1676437.68,1.32905E+13
2019-11898-8/07/2020,3 Country,WUDINNA,5652,DC WUDINNA. (DC LE HUNTE.),2,2,0,0,2,2019,November,Friday,6:30 AM,110,Not Divided,"CURVED, VIEW OPEN",Bottom of Hill,Not Applicable,Sealed,Dry,Not Raining,Daylight,Hit Fixed Object,1,Driver Rider,2: MI,No Control,,,1045959.96,1880443.06,1.04596E+13
2019-11899-8/07/2020,2 Metropolitan,HAHNDORF,5245,DC MT.BARKER.                 ,3,1,0,0,1,2019,November,Friday,12:05 PM,80,T-Junction,"CURVED, VIEW OBSCURED",Slope,Not Applicable,Sealed,Dry,Not Raining,Daylight,Rear End,1,Driver Rider,2: MI,No Control,,,1349461.56,1656492.95,1.34946E+13
2019-11900-8/07/2020,1 City,NORTH ADELAIDE,5006,CITY OF ADELAIDE,2,1,0,0,1,2019,November,Thursday,5:00 PM,50,Cross Road,Straight road,Level,Not Applicable,Sealed,Dry,Not Raining,Daylight,Rear End,2,Driver Rider,2: MI,Traffic Signals,,,1328075.32,1673324.19,1.32808E+13
2019-11901-8/07/2020,2 Metropolitan,ELIZABETH VALE,5112,CITY OF PLAYFORD.,3,1,0,0,1,2019,November,Friday,2:20 PM,60,T-Junction,Straight road,Level,Not Applicable,Sealed,Dry,Not Raining,Daylight,Rear End,2,Driver Rider,2: MI,No Control,,,1335385.48,1690095.44,1.33539E+13
2019-11902-8/07/2020,2 Metropolitan,GAWLER,5118,CT GAWLER.                    ,2,0,0,0,0,2019,November,Friday,1:00 PM,50,T-Junction,Straight road,Level,Not Applicable,Sealed,Dry,Not Raining,Daylight,Hit Fixed Object,1,Driver Rider,1: PDO,No Control,,,1343360.5,1706625.65,1.34336E+13
2019-11903-8/07/2020,2 Metropolitan,MILE END SOUTH,5031,CITY OF WEST TORRENS,3,0,0,0,0,2019,November,Friday,1:30 PM,60,Divided Road,Straight road,Level,Not Applicable,Sealed,Dry,Not Raining,Daylight,Side Swipe,2,Driver Rider,1: PDO,No Control,,,1325828.25,1670079.14,1.32583E+13
2019-11904-8/07/2020,2 Metropolitan,GILLMAN,5013,CITY OF PORT ADELAIDE ENFIELD,2,0,0,0,0,2019,November,Friday,7:00 AM,60,Cross Road,Straight road,Level,Not Applicable,Sealed,Dry,Not Raining,Daylight,Side Swipe,2,Driver Rider,1: PDO,Traffic Signals,,,1322189.88,1680347.79,1.32219E+13
2019-11905-8/07/2020,2 Metropolitan,GREENACRES,5086,CITY OF PORT ADELAIDE ENFIELD,2,0,0,0,0,2019,November,Friday,3:20 PM,50,T-Junction,"CURVED, VIEW OBSCURED",Level,Not Applicable,Sealed,Dry,Not Raining,Daylight,Right Angle,2,Driver Rider,1: PDO,No Control,,,1332085.16,1676827,1.33209E+13
2019-11906-8/07/2020,2 Metropolitan,GAWLER EAST,5118,CT GAWLER.                    ,2,1,0,0,1,2019,November,Thursday,4:55 PM,50,Not Divided,Straight road,Slope,Driveway or Entrance,Sealed,Dry,Not Raining,Daylight,Rear End,2,Driver Rider,2: MI,No Control,,,1343505.59,1706659.32,1.34351E+13
2019-11907-8/07/2020,3 Country,BURRA,5417,REGIONAL COUNCIL OF GOYDER,2,0,0,0,0,2019,November,Thursday,9:30 PM,100,Not Divided,Straight road,Level,Not Applicable,Sealed,Dry,Not Raining,Night,Hit Fixed Object,1,Driver Rider,1: PDO,No Control,,,1361383.06,1806916.89,1.36138E+13
2019-11908-8/07/2020,3 Country,TANUNDA,5352,THE BAROSSA COUNCIL.,2,0,0,0,0,2019,November,Friday,3:15 PM,50,Not Divided,Straight road,Level,Not Applicable,Sealed,Dry,Not Raining,Daylight,Side Swipe,2,Driver Rider,1: PDO,No Control,,,1363565.47,1714511.65,1.36357E+13
2019-11909-8/07/2020,2 Metropolitan,HENLEY BEACH,5022,CITY OF CHARLES STURT,2,0,0,0,0,2019,November,Friday,4:10 PM,60,Cross Road,Straight road,Level,Not Applicable,Sealed,Wet,Raining,Daylight,Right Angle,2,Driver Rider,1: PDO,Give Way Sign,,,1319809.65,1673054.86,1.31981E+13
2019-11910-8/07/2020,2 Metropolitan,SUMMERTOWN,5141,THE ADELAIDE HILLS COUNCIL,2,1,0,0,1,2019,November,Friday,4:40 PM,80,Not Divided,"CURVED, VIEW OPEN",Slope,Not Applicable,Sealed,Wet,Raining,Daylight,Hit Fixed Object,1,Driver Rider,2: MI,No Control,,,1339198.14,1666948.47,1.3392E+13
2019-11911-8/07/2020,2 Metropolitan,BOLIVAR,5110,CITY OF SALISBURY,2,0,0,0,0,2019,November,Friday,4:30 PM,90,Divided Road,Straight road,Level,Not Applicable,Sealed,Dry,Not Raining,Daylight,Rear End,2,Driver Rider,1: PDO,No Control,,,1328130.88,1689955.44,1.32813E+13
2019-11912-8/07/2020,1 City,NORTH ADELAIDE,5006,CITY OF ADELAIDE,2,1,0,0,1,2019,November,Thursday,4:15 PM,50,Divided Road,Straight road,Level,Median Opening (not at I/S),Sealed,Dry,Not Raining,Daylight,Side Swipe,2,Driver Rider,2: MI,No Control,,,1329279.6,1672569.44,1.32928E+13
2019-11913-8/07/2020,2 Metropolitan,MODBURY,5092,CITY OF TEA TREE GULLY,4,3,0,0,3,2019,November,Friday,4:50 PM,60,Pedestrian Crossing,Straight road,Level,Not Applicable,Sealed,Wet,Raining,Daylight,Hit Pedestrian,1,Driver Rider,2: MI,Traffic Signals,,,1337072.35,1680620.66,1.33707E+13
2019-11914-8/07/2020,2 Metropolitan,MAGILL,5072,CC CAMPBELLTOWN.              ,2,0,0,0,0,2019,November,Friday,4:49 PM,50,T-Junction,Straight road,Slope,Not Applicable,Sealed,Wet,Unknown,Daylight,Hit Parked Vehicle,1,Driver Rider,1: PDO,No Control,,,1336196.93,1672137.64,1.3362E+13
2019-11915-8/07/2020,3 Country,KUITPO,5201,ALEXANDRINA COUNCIL,2,1,0,1,0,2019,November,Friday,3:30 PM,50,Not Divided,"CURVED, VIEW OBSCURED",Slope,Not Applicable,Unsealed,Wet,Raining,Daylight,Hit Fixed Object,1,Driver Rider,3: SI,No Control,Y,Y,1334159.8,1637037.46,1.33416E+13
2019-11916-8/07/2020,2 Metropolitan,SALISBURY DOWNS,5108,CITY OF SALISBURY,2,0,0,0,0,2019,November,Friday,5:30 PM,50,T-Junction,Straight road,Level,Not Applicable,Sealed,Wet,Raining,Daylight,Right Angle,2,Driver Rider,1: PDO,No Control,,,1331067.34,1688180.64,1.33107E+13
2019-11917-8/07/2020,3 Country,MOUNT GAMBIER,5290,CC MT.GAMBIER.                ,2,1,0,0,1,2019,November,Friday,3:44 PM,50,T-Junction,Straight road,Level,Not Applicable,Sealed,Dry,Not Raining,Daylight,Right Angle,1,Driver Rider,2: MI,Give Way Sign,,,1511703.64,1339414.03,1.5117E+13
2019-11918-8/07/2020,2 Metropolitan,HAMPSTEAD GARDENS,5086,CITY OF PORT ADELAIDE ENFIELD,2,0,0,0,0,2019,November,Friday,5:18 PM,60,Divided Road,Straight road,Level,Driveway or Entrance,Sealed,Wet,Raining,Daylight,Right Angle,2,Driver Rider,1: PDO,No Control,,,1331859.13,1676604.33,1.33186E+13
2019-11919-8/07/2020,2 Metropolitan,WOODVILLE,5011,CITY OF CHARLES STURT,2,0,0,0,0,2019,November,Friday,4:40 PM,50,Cross Road,Straight road,Level,Not Applicable,Sealed,Wet,Raining,Daylight,Right Angle,1,Driver Rider,1: PDO,Give Way Sign,,,1323463.29,1676683.22,1.32346E+13
2019-11920-8/07/2020,2 Metropolitan,FORRESTON,5233,THE ADELAIDE HILLS COUNCIL,2,1,0,1,0,2019,November,Friday,2:30 PM,100,Not Divided,Straight road,Level,Not Applicable,Sealed,Dry,Not Raining,Daylight,Hit Fixed Object,1,Driver Rider,3: SI,No Control,,,1359304.25,1686959.1,1.3593E+13
2019-11921-8/07/2020,2 Metropolitan,MAWSON LAKES,5095,CITY OF SALISBURY,2,1,0,0,1,2019,November,Friday,5:45 PM,50,Cross Road,Straight road,Level,Not Applicable,Sealed,Wet,Raining,Daylight,Right Angle,1,Driver Rider,2: MI,Give Way Sign,,,1330475.76,1683532.38,1.33048E+13
2019-11922-8/07/2020,2 Metropolitan,POORAKA,5095,CITY OF SALISBURY,4,0,0,0,0,2019,November,Friday,6:00 PM,70,Cross Road,Straight road,Level,Not Applicable,Sealed,Wet,Raining,Daylight,Rear End,2,Driver Rider,1: PDO,Traffic Signals,,,1330499.62,1681832.25,1.3305E+13
2019-11923-8/07/2020,2 Metropolitan,BURTON,5110,CITY OF SALISBURY,2,0,0,0,0,2019,November,Friday,6:20 PM,60,Not Divided,Straight road,Level,Not Applicable,Sealed,Wet,Not Raining,Daylight,Hit Fixed Object,1,Driver Rider,1: PDO,No Control,,,1329238.21,1690049.54,1.32924E+13