REPORT_ID,Stats Area,Suburb,Postcode,LGA Name,Total Units,Total Cas,Total Fats,Total SI,Total MI,Year,Month,Day,Time,Area Speed,Position Type,Horizontal Align,Vertical Align,Other Feat,Road Surface,Moisture Cond,Weather Cond,DayNight,Crash Type,Unit Resp,Entity Code,CSEF Severity,Traffic Ctrls,DUI Involved,Drugs Involved,ACCLOC_X,ACCLOC_Y,UNIQUE_LOC
2019-12084-8/07/2020,2 Metropolitan,KENSINGTON PARK,5068,CITY OF BURNSIDE,2,0,0,0,0,2019,December,Wednesday,4:50 PM,60,T-Junction,Straight road,Level,Not Applicable,Sealed,Dry,Not Raining,Daylight,Right Turn,1,Driver Rider,1: PDO,Stop Sign,,,1333342.16,1671791.06,1.33334E+13
2019-12085-8/07/2020,2 Metropolitan,CHAIN OF PONDS,5231,THE ADELAIDE HILLS COUNCIL,2,0,0,0,0,2019,December,Wednesday,5:12 PM,80,Not Divided,"CURVED, VIEW OPEN",Slope,Not Applicable,Sealed,Dry,Not Raining,Daylight,Hit Fixed Object,1,Driver Rider,1: PDO,No Control,,,1349686.02,1681353.43,1.34969E+13
2019-12086-8/07/2020,2 Metropolitan,PROSPECT,5082,CITY OF PROSPECT,2,0,0,0,0,2019,December,Wednesday,5:50 PM,60,Divided Road,Straight road,Slope,Not Applicable,Sealed,Dry,Not Raining,Daylight,Rear End,2,Driver Rider,1: PDO,No Control,,,1327196.35,1676402.59,1.3272E+13
2019-12087-8/07/2020,2 Metropolitan,NORTH ADELAIDE,5006,CITY OF PROSPECT,3,0,0,0,0,2019,December,Wednesday,6:19 PM,60,Divided Road,Straight road,Level,Not Applicable,Sealed,Dry,Not Raining,Daylight,Rear End,1,Driver Rider,1: PDO,No Control,,,1327851.56,1673652.34,1.32785E+13
2019-12088-8/07/2020,2 Metropolitan,MANNINGHAM,5086,CITY OF PORT ADELAIDE ENFIELD,2,0,0,0,0,2019,December,Wednesday,3:35 PM,60,T-Junction,Straight road,Level,Not Applicable,Sealed,Dry,Not Raining,Daylight,Right Turn,2,Driver Rider,1: PDO,No Control,,,1330469.13,1675517.37,1.33047E+13
2019-12089-8/07/2020,2 Metropolitan,SEACLIFF,5049,CITY OF HOLDFAST BAY,3,2,0,0,2,2019,December,Wednesday,6:15 PM,60,Divided Road,Straight road,Slope,Not Applicable,Sealed,Dry,Not Raining,Daylight,Hit Fixed Object,1,Driver Rider,2: MI,No Control,,,1321166,1659714.25,1.32117E+13
2019-12090-8/07/2020,2 Metropolitan,GLANDORE,5037,CC MARION.                    ,3,0,0,0,0,2019,December,Wednesday,5:30 PM,60,T-Junction,Straight road,Level,Not Applicable,Sealed,Dry,Not Raining,Daylight,Rear End,1,Driver Rider,1: PDO,No Control,,,1325862.92,1666523.3,1.32586E+13
2019-12091-8/07/2020,2 Metropolitan,MEDINDIE,5081,WALKERVILLE TOWN COUNCIL,2,1,0,0,1,2019,December,Wednesday,6:40 PM,60,Cross Road,Straight road,Level,Not Applicable,Sealed,Dry,Not Raining,Daylight,Right Turn,1,Driver Rider,2: MI,Traffic Signals,,,1328335.29,1673670.94,1.32834E+13
2019-12092-8/07/2020,2 Metropolitan,DRY CREEK,5094,CITY OF PORT ADELAIDE ENFIELD,2,2,0,0,2,2019,December,Wednesday,5:10 PM,60,Rail Crossing,Straight road,Level,Not Applicable,Sealed,Dry,Not Raining,Daylight,Rear End,2,Driver Rider,2: MI,Rail Xing - Boom,,,1327193.92,1680234.84,1.32719E+13
2019-12093-8/07/2020,2 Metropolitan,WEST CROYDON,5008,CITY OF CHARLES STURT,2,0,0,0,0,2019,December,Wednesday,6:24 PM,60,T-Junction,Straight road,Level,Not Applicable,Sealed,Dry,Not Raining,Daylight,Hit Parked Vehicle,1,Driver Rider,1: PDO,No Control,,,1324296.98,1674481.99,1.3243E+13
2019-12094-8/07/2020,2 Metropolitan,CROYDON PARK,5008,CITY OF PORT ADELAIDE ENFIELD,2,0,0,0,0,2019,December,Wednesday,7:21 PM,60,Other,"CURVED, VIEW OPEN",Level,Not Applicable,Sealed,Dry,Not Raining,Daylight,Rear End,1,Driver Rider,1: PDO,No Control,,,1326054.09,1676342.72,1.32605E+13
2019-12095-8/07/2020,2 Metropolitan,SALISBURY PLAIN,5109,CITY OF SALISBURY,2,0,0,0,0,2019,December,Wednesday,6:46 PM,80,Cross Road,Straight road,Level,Not Applicable,Sealed,Dry,Not Raining,Daylight,Rear End,2,Driver Rider,1: PDO,Traffic Signals,Y,,1335455.1,1688128.4,1.33546E+13
2019-12096-8/07/2020,2 Metropolitan,SALISBURY NORTH,5108,CITY OF SALISBURY,2,0,0,0,0,2019,December,Wednesday,7:45 PM,60,Not Divided,Straight road,Level,Driveway or Entrance,Sealed,Dry,Not Raining,Daylight,Right Turn,1,Driver Rider,1: PDO,No Control,,,1330235.22,1690759.88,1.33024E+13
2019-12097-8/07/2020,2 Metropolitan,HINDMARSH,5007,CITY OF CHARLES STURT,2,0,0,0,0,2019,December,Wednesday,7:45 AM,60,Divided Road,Straight road,Level,Driveway or Entrance,Sealed,Dry,Not Raining,Daylight,Right Angle,1,Driver Rider,1: PDO,No Control,,,1326004.99,1673072.72,1.32601E+13
2019-12098-8/07/2020,2 Metropolitan,UNDERDALE,5032,CITY OF WEST TORRENS,3,0,0,0,0,2019,December,Wednesday,7:30 PM,60,T-Junction,Straight road,Level,Not Applicable,Sealed,Dry,Not Raining,Daylight,Right Angle,2,Driver Rider,1: PDO,Traffic Signals,,,1323855.77,1670931.81,1.32386E+13
2019-12099-8/07/2020,2 Metropolitan,INGLE FARM,5098,CITY OF SALISBURY,2,0,0,0,0,2019,December,Wednesday,2:15 PM,60,Cross Road,Straight road,Slope,Not Applicable,Sealed,Dry,Not Raining,Daylight,Side Swipe,2,Driver Rider,1: PDO,Roundabout,,,1334499.5,1681135.42,1.3345E+13
2019-12100-8/07/2020,2 Metropolitan,CAVAN,5094,CITY OF SALISBURY,2,0,0,0,0,2019,December,Wednesday,3:46 PM,70,Divided Road,Straight road,Level,Driveway or Entrance,Sealed,Dry,Not Raining,Daylight,Right Angle,2,Driver Rider,1: PDO,No Control,,,1328750.63,1681189.98,1.32875E+13
2019-12101-8/07/2020,2 Metropolitan,PARADISE,5075,CC CAMPBELLTOWN.              ,2,0,0,0,0,2019,December,Wednesday,10:20 PM,60,Divided Road,Straight road,Level,Not Applicable,Sealed,Dry,Not Raining,Night,Hit Parked Vehicle,1,Driver Rider,1: PDO,No Control,,,1335150.99,1676367.89,1.33515E+13
2019-12102-8/07/2020,2 Metropolitan,STURT,5047,CC MARION.                    ,2,0,0,0,0,2019,December,Wednesday,6:30 PM,70,T-Junction,Straight road,Level,Not Applicable,Sealed,Dry,Not Raining,Daylight,Right Angle,1,Driver Rider,1: PDO,Traffic Signals,,,1324428.84,1659884.95,1.32443E+13
2019-12103-8/07/2020,2 Metropolitan,MAWSON LAKES,5095,CITY OF SALISBURY,2,1,0,0,1,2019,December,Wednesday,10:48 PM,70,T-Junction,Straight road,Level,Not Applicable,Sealed,Dry,Not Raining,Night,Right Turn,1,Driver Rider,2: MI,Give Way Sign,,,1329252.14,1684034.21,1.32925E+13
2019-12104-8/07/2020,2 Metropolitan,WATERLOO CORNER,5110,CITY OF PLAYFORD.,5,0,0,0,0,2019,December,Thursday,6:45 AM,90,Divided Road,Straight road,Level,Not Applicable,Sealed,Dry,Not Raining,Daylight,Rear End,1,Driver Rider,1: PDO,No Control,,,1327085.85,1694332.73,1.32709E+13
2019-12105-8/07/2020,2 Metropolitan,GEPPS CROSS,5094,CITY OF PORT ADELAIDE ENFIELD,2,0,0,0,0,2019,December,Thursday,7:35 AM,60,Divided Road,Straight road,Level,Not Applicable,Sealed,Dry,Not Raining,Daylight,Rear End,2,Driver Rider,1: PDO,No Control,,,1329102.14,1679272.58,1.3291E+13
2019-12106-8/07/2020,3 Country,BELTANA STATION,5730,,1,1,0,1,0,2019,December,Wednesday,5:00 PM,100,Not Divided,"CURVED, VIEW OPEN",Slope,Not Applicable,Unsealed,Dry,Not Raining,Daylight,Roll Over,1,Driver Rider,3: SI,No Control,,,1326143.03,2135575.02,1.32614E+13
2019-12107-8/07/2020,2 Metropolitan,SALISBURY NORTH,5108,CITY OF SALISBURY,2,1,0,0,1,2019,December,Thursday,7:50 AM,60,Not Divided,Straight road,Level,Not Applicable,Sealed,Dry,Not Raining,Daylight,Rear End,2,Driver Rider,2: MI,No Control,,,1330346.98,1690669.79,1.33035E+13
2019-12108-8/07/2020,2 Metropolitan,NORTHFIELD,5085,CITY OF PORT ADELAIDE ENFIELD,2,0,0,0,0,2019,December,Thursday,7:52 AM,60,T-Junction,Straight road,Slope,Not Applicable,Sealed,Dry,Not Raining,Daylight,Right Angle,1,Driver Rider,1: PDO,No Control,,,1330859.68,1680068.64,1.33086E+13
2019-12109-8/07/2020,2 Metropolitan,PROSPECT,5082,CITY OF PROSPECT,2,0,0,0,0,2019,December,Thursday,8:00 AM,40,T-Junction,Straight road,Level,Not Applicable,Sealed,Dry,Not Raining,Daylight,Hit Fixed Object,1,Driver Rider,1: PDO,No Control,,,1328094.44,1674947.97,1.32809E+13
2019-12110-8/07/2020,1 City,ADELAIDE,5000,CITY OF ADELAIDE,2,0,0,0,0,2019,December,Thursday,8:30 AM,50,Divided Road,Straight road,Level,Driveway or Entrance,Sealed,Dry,Not Raining,Daylight,Side Swipe,2,Driver Rider,1: PDO,No Control,,,1328488.78,1669849.72,1.32849E+13
2019-12111-8/07/2020,3 Country,DUCK PONDS,5607,DC LOWER EYRE PENINSULA       ,2,1,0,1,0,2019,December,Thursday,7:42 AM,110,Not Divided,"CURVED, VIEW OPEN",Level,Not Applicable,Sealed,Dry,Not Raining,Daylight,Hit Fixed Object,1,Driver Rider,3: SI,No Control,,,1074532.56,1697475.63,1.07453E+13
2019-12112-8/07/2020,2 Metropolitan,TORRENS PARK,5062,CC MITCHAM.                   ,2,0,0,0,0,2019,December,Thursday,6:50 AM,60,Cross Road,Straight road,Level,Not Applicable,Sealed,Dry,Not Raining,Daylight,Side Swipe,2,Driver Rider,1: PDO,Roundabout,,,1330012.26,1664229.65,1.33001E+13
2019-12113-8/07/2020,3 Country,WHYALLA PLAYFORD,5600,CC WHYALLA.                   ,2,0,0,0,0,2019,December,Wednesday,5:00 PM,60,Cross Road,Straight road,Level,Not Applicable,Sealed,Dry,Not Raining,Daylight,Right Turn,2,Driver Rider,1: PDO,Traffic Signals,,,1239733.66,1883705.97,1.23973E+13
2019-12114-8/07/2020,2 Metropolitan,WINGFIELD,5013,CITY OF PORT ADELAIDE ENFIELD,2,0,0,0,0,2019,December,Thursday,9:15 AM,50,T-Junction,Straight road,Level,Not Applicable,Sealed,Dry,Not Raining,Daylight,Right Angle,1,Driver Rider,1: PDO,No Control,,,1325104.85,1680210.74,1.32511E+13
2019-12115-8/07/2020,2 Metropolitan,WOODVILLE WEST,5011,CITY OF CHARLES STURT,2,1,0,0,1,2019,October,Thursday,7:50 PM,40,Cross Road,Straight road,Level,Not Applicable,Sealed,Dry,Not Raining,Night,Right Angle,2,Driver Rider,2: MI,Roundabout,,,1321529.83,1675383.9,1.32153E+13
2019-12116-8/07/2020,2 Metropolitan,THEBARTON,5031,CITY OF WEST TORRENS,2,0,0,0,0,2019,December,Monday,4:50 PM,60,Divided Road,Straight road,Level,Not Applicable,Sealed,Dry,Not Raining,Daylight,Side Swipe,2,Driver Rider,1: PDO,No Control,,,1326515.8,1672061.82,1.32652E+13
2019-12117-8/07/2020,1 City,ADELAIDE,5000,CITY OF ADELAIDE,2,1,0,0,1,2019,December,Thursday,9:10 AM,50,Not Divided,Straight road,Level,Not Applicable,Sealed,Dry,Not Raining,Daylight,Side Swipe,1,Driver Rider,2: MI,No Control,,,1327891.38,1670339.79,1.32789E+13
2019-12118-8/07/2020,2 Metropolitan,EDWARDSTOWN,5039,CC MARION.                    ,2,1,0,0,1,2019,December,Thursday,10:30 AM,60,T-Junction,Straight road,Level,Driveway or Entrance,Sealed,Dry,Not Raining,Daylight,Right Turn,2,Driver Rider,2: MI,Traffic Signals,,,1325932.87,1664392.69,1.32593E+13
2019-12119-8/07/2020,2 Metropolitan,KESWICK,5035,CITY OF WEST TORRENS,2,0,0,0,0,2019,December,Wednesday,2:57 PM,60,Divided Road,Straight road,Level,Driveway or Entrance,Sealed,Dry,Not Raining,Daylight,Side Swipe,1,Driver Rider,1: PDO,No Control,,,1326431.7,1668325.25,1.32643E+13
2019-12120-8/07/2020,1 City,ADELAIDE,5000,CITY OF ADELAIDE,2,0,0,0,0,2019,December,Monday,9:38 AM,50,Divided Road,Straight road,Level,Not Applicable,Sealed,Dry,Not Raining,Daylight,Side Swipe,2,Driver Rider,1: PDO,No Control,,,1327501.12,1670805.21,1.3275E+13
2019-12121-8/07/2020,2 Metropolitan,WOODCROFT,5162,CITY OF ONKAPARINGA,2,0,0,0,0,2019,December,Wednesday,6:00 PM,50,T-Junction,Straight road,Level,Not Applicable,Sealed,Dry,Not Raining,Daylight,Right Angle,1,Driver Rider,1: PDO,No Control,,,1323121.42,1648988.66,1.32312E+13
2019-12122-8/07/2020,2 Metropolitan,STURT,5047,CC MARION.                    ,2,0,0,0,0,2019,December,Thursday,10:45 AM,60,Divided Road,Straight road,Level,Not Applicable,Sealed,Dry,Not Raining,Daylight,Rear End,2,Driver Rider,1: PDO,No Control,,,1323935.31,1660656.37,1.32394E+13
2019-12123-8/07/2020,1 City,NORTH ADELAIDE,5006,CITY OF ADELAIDE,2,1,0,0,1,2019,December,Thursday,8:00 AM,50,Not Divided,Straight road,Level,Driveway or Entrance,Unsealed,Dry,Not Raining,Daylight,Right Angle,2,Driver Rider,2: MI,No Control,,,1328121.71,1673016.89,1.32812E+13
2019-12124-8/07/2020,2 Metropolitan,PARALOWIE,5108,CITY OF SALISBURY,4,0,0,0,0,2019,December,Thursday,2:10 PM,60,Not Divided,Straight road,Level,Not Applicable,Sealed,Dry,Not Raining,Daylight,Rear End,1,Driver Rider,1: PDO,No Control,,,1330913.22,1690221.85,1.33091E+13
2019-12125-8/07/2020,2 Metropolitan,POORAKA,5095,CITY OF SALISBURY,2,0,0,0,0,2019,December,Wednesday,9:20 AM,60,T-Junction,Straight road,Level,Not Applicable,Sealed,Dry,Not Raining,Daylight,Rear End,1,Driver Rider,1: PDO,Traffic Signals,,,1331015.05,1680310.68,1.33102E+13
2019-12126-8/07/2020,2 Metropolitan,TOTNESS,5250,DC MT.BARKER.                 ,2,1,0,0,1,2019,December,Thursday,9:45 AM,80,Not Divided,"CURVED, VIEW OPEN",Level,Not Applicable,Sealed,Dry,Not Raining,Daylight,Rear End,2,Driver Rider,2: MI,No Control,,,1350075.98,1656051.98,1.35008E+13
2019-12127-8/07/2020,2 Metropolitan,GLEN OSMOND,5064,CITY OF BURNSIDE,1,1,0,0,1,2019,December,Thursday,12:00 PM,50,Not Divided,Straight road,Level,Driveway or Entrance,Sealed,Dry,Not Raining,Daylight,Left Road - Out of Control,1,Driver Rider,2: MI,No Control,,,1332657.81,1666305.92,1.33266E+13
2019-12128-8/07/2020,3 Country,WHYALLA NORRIE,5608,CC WHYALLA.                   ,2,0,0,0,0,2019,December,Thursday,12:28 PM,60,Divided Road,Straight road,Level,Driveway or Entrance,Sealed,Dry,Not Raining,Daylight,Side Swipe,1,Driver Rider,1: PDO,No Control,,,1237758.4,1882856.11,1.23776E+13
2019-12129-8/07/2020,2 Metropolitan,FLINDERS PARK,5025,CITY OF CHARLES STURT,3,1,0,0,1,2019,December,Thursday,2:45 PM,60,Divided Road,Straight road,Level,Not Applicable,Sealed,Dry,Not Raining,Daylight,Rear End,1,Driver Rider,2: MI,No Control,,,1323745.07,1673165,1.32375E+13
2019-12130-8/07/2020,2 Metropolitan,HILTON,5033,CITY OF WEST TORRENS,2,0,0,0,0,2019,November,Saturday,4:30 PM,60,Cross Road,Straight road,Level,Not Applicable,Sealed,Dry,Not Raining,Daylight,Rear End,1,Driver Rider,1: PDO,Traffic Signals,,,1325766.21,1670076.38,1.32577E+13
2019-12131-8/07/2020,2 Metropolitan,NORTH PLYMPTON,5037,CITY OF WEST TORRENS,2,0,0,0,0,2019,December,Thursday,4:03 PM,60,Divided Road,Straight road,Level,Not Applicable,Sealed,Dry,Not Raining,Daylight,Rear End,1,Driver Rider,1: PDO,No Control,,,1324221.73,1667222.87,1.32422E+13
2019-12132-8/07/2020,2 Metropolitan,KENSINGTON PARK,5068,CITY OF BURNSIDE,3,0,0,0,0,2019,December,Thursday,3:50 PM,60,Cross Road,Straight road,Level,Not Applicable,Sealed,Dry,Not Raining,Daylight,Right Angle,1,Driver Rider,1: PDO,Traffic Signals,,,1333879.5,1671121.63,1.33388E+13
2019-12133-8/07/2020,2 Metropolitan,PARADISE,5075,CC CAMPBELLTOWN.              ,4,0,0,0,0,2019,December,Thursday,4:35 PM,60,Divided Road,Straight road,Level,Not Applicable,Sealed,Dry,Not Raining,Daylight,Rear End,1,Driver Rider,1: PDO,No Control,,,1335157.73,1675970.65,1.33516E+13
2019-12134-8/07/2020,2 Metropolitan,WAYVILLE,5034,CITY OF UNLEY,3,1,0,0,1,2019,December,Thursday,4:44 PM,60,Not Divided,Straight road,Level,Not Applicable,Sealed,Dry,Not Raining,Daylight,Rear End,1,Driver Rider,2: MI,No Control,,,1327446,1668325.72,1.32745E+13
2019-12135-8/07/2020,3 Country,NARACOORTE,5271,DC NARACOORTE & LUCINDALE.,2,0,0,0,0,2019,December,Wednesday,9:50 PM,50,T-Junction,"CURVED, VIEW OPEN",Slope,Not Applicable,Sealed,Dry,Not Raining,Night,Hit Fixed Object,1,Driver Rider,1: PDO,Give Way Sign,,,1512042.14,1437192.08,1.51204E+13
2019-12136-8/07/2020,2 Metropolitan,DRY CREEK,5094,CITY OF PORT ADELAIDE ENFIELD,2,0,0,0,0,2019,December,Thursday,2:10 PM,60,Not Divided,Straight road,Level,Not Applicable,Sealed,Dry,Not Raining,Daylight,Side Swipe,1,Driver Rider,1: PDO,No Control,,,1327173.26,1680254.11,1.32717E+13
2019-12137-8/07/2020,2 Metropolitan,ELIZABETH,5112,CITY OF PLAYFORD.,2,2,0,0,2,2019,December,Thursday,6:30 PM,60,Divided Road,Straight road,Level,Driveway or Entrance,Sealed,Dry,Not Raining,Daylight,Right Angle,2,Driver Rider,2: MI,No Control,,,1335730.99,1693246.9,1.33573E+13
2019-12138-8/07/2020,2 Metropolitan,PETERHEAD,5016,CITY OF PORT ADELAIDE ENFIELD,1,0,0,0,0,2019,December,Thursday,6:15 PM,60,Divided Road,Straight road,Level,Driveway or Entrance,Sealed,Dry,Not Raining,Daylight,Other,1,Driver Rider,1: PDO,No Control,,,1319847.76,1681307.41,1.31985E+13
2019-12139-8/07/2020,2 Metropolitan,HENLEY BEACH,5022,CITY OF CHARLES STURT,2,1,0,0,1,2019,December,Thursday,6:10 PM,50,Not Divided,Straight road,Level,Not Applicable,Sealed,Dry,Not Raining,Daylight,Side Swipe,1,Driver Rider,2: MI,No Control,,,1318803.59,1672067.24,1.3188E+13
2019-12140-8/07/2020,2 Metropolitan,CRAIGBURN FARM,5051,CC MITCHAM.                   ,2,0,0,0,0,2019,December,Thursday,7:15 PM,50,Not Divided,Straight road,Level,Not Applicable,Sealed,Dry,Not Raining,Daylight,Hit Fixed Object,1,Driver Rider,1: PDO,No Control,,,1329458.32,1657832.61,1.32946E+13
2019-12141-8/07/2020,2 Metropolitan,HILTON,5033,CITY OF WEST TORRENS,4,0,0,0,0,2019,December,Thursday,7:15 PM,50,Not Divided,Straight road,Level,Not Applicable,Sealed,Dry,Not Raining,Daylight,Side Swipe,2,Driver Rider,1: PDO,No Control,,,1324938.33,1670291.74,1.32494E+13
2019-12142-8/07/2020,2 Metropolitan,MAWSON LAKES,5095,CITY OF SALISBURY,2,0,0,0,0,2019,December,Thursday,2:40 PM,60,Divided Road,Straight road,Level,Not Applicable,Sealed,Dry,Not Raining,Daylight,Side Swipe,2,Driver Rider,1: PDO,No Control,,,1330605.51,1683887.84,1.33061E+13
2019-12143-8/07/2020,3 Country,PAISLEY,5357,LOXTON WAIKERIE DISTRICT COUNCIL,1,3,0,2,1,2019,December,Thursday,7:00 PM,110,T-Junction,"CURVED, VIEW OPEN",Level,Not Applicable,Sealed,Dry,Not Raining,Daylight,Roll Over,1,Driver Rider,3: SI,Stop Sign,Y,,1425827.03,1734142.72,1.42583E+13
2019-12144-8/07/2020,2 Metropolitan,ANDREWS FARM,5114,CITY OF PLAYFORD.,2,0,0,0,0,2019,December,Thursday,7:32 PM,50,Not Divided,"CURVED, VIEW OPEN",Level,Not Applicable,Sealed,Dry,Not Raining,Daylight,Right Turn,1,Driver Rider,1: PDO,No Control,,,1334984.29,1698361.79,1.33498E+13
2019-12145-8/07/2020,3 Country,KEPA,5259,RC MURRAY BRIDGE.             ,2,1,0,0,1,2019,December,Thursday,6:10 PM,100,Not Divided,"CURVED, VIEW OPEN",Level,Not Applicable,Unsealed,Dry,Not Raining,Daylight,Hit Fixed Object,1,Driver Rider,2: MI,No Control,,Y,1398991.43,1639517.74,1.39899E+13
2019-12146-8/07/2020,2 Metropolitan,NOARLUNGA CENTRE,5168,CITY OF ONKAPARINGA,2,0,0,0,0,2019,December,Thursday,9:35 PM,60,Cross Road,Straight road,Level,Not Applicable,Sealed,Dry,Not Raining,Night,Right Turn,1,Driver Rider,1: PDO,Traffic Signals,,,1317362.94,1647424.75,1.31736E+13
2019-12147-8/07/2020,2 Metropolitan,VIRGINIA,5120,CITY OF PLAYFORD.,3,1,0,1,0,2019,December,Thursday,5:20 PM,80,Not Divided,Straight road,Level,Not Applicable,Sealed,Dry,Not Raining,Daylight,Head On,1,Driver Rider,3: SI,No Control,,,1327846.74,1698182.21,1.32785E+13
2019-12148-8/07/2020,2 Metropolitan,SHEIDOW PARK,5158,CC MARION.                    ,2,0,0,0,0,2019,December,Thursday,8:20 PM,50,T-Junction,Straight road,Slope,Not Applicable,Sealed,Dry,Not Raining,Night,Hit Fixed Object,1,Driver Rider,1: PDO,No Control,,,1320758.92,1653202.43,1.32076E+13
2019-12149-8/07/2020,3 Country,TWO WELLS,5501,DC MALLALA.                   ,2,1,0,0,1,2019,December,Friday,12:45 AM,80,Cross Road,Straight road,Level,Not Applicable,Sealed,Dry,Not Raining,Night,Right Angle,1,Driver Rider,2: MI,Give Way Sign,,,1325633.59,1705430.23,1.32563E+13
2019-12150-8/07/2020,3 Country,DUBLIN,5501,DC MALLALA.                   ,2,0,0,0,0,2019,December,Friday,6:30 AM,110,T-Junction,Straight road,Level,Not Applicable,Sealed,Dry,Not Raining,Daylight,Side Swipe,1,Driver Rider,1: PDO,No Control,,,1307954.34,1723676.85,1.30795E+13
2019-12151-8/07/2020,2 Metropolitan,FLAGSTAFF HILL,5159,CITY OF ONKAPARINGA,2,0,0,0,0,2019,December,Friday,7:57 AM,70,T-Junction,Straight road,Level,Not Applicable,Sealed,Dry,Not Raining,Daylight,Right Angle,1,Driver Rider,1: PDO,No Control,,,1325435.58,1657376.43,1.32544E+13
2019-12152-8/07/2020,2 Metropolitan,WEST HINDMARSH,5007,CITY OF CHARLES STURT,2,0,0,0,0,2019,December,Friday,8:10 AM,60,Divided Road,Straight road,Level,Not Applicable,Sealed,Dry,Not Raining,Daylight,Side Swipe,2,Driver Rider,1: PDO,No Control,,,1325319.46,1672370.05,1.32532E+13
2019-12153-8/07/2020,2 Metropolitan,WESTBOURNE PARK,5041,CC MITCHAM.                   ,2,0,0,0,0,2019,December,Friday,8:59 AM,60,Not Divided,Straight road,Level,Driveway or Entrance,Unsealed,Dry,Not Raining,Daylight,Hit Fixed Object,1,Driver Rider,1: PDO,No Control,,,1327517.11,1665857.08,1.32752E+13
2019-12154-8/07/2020,2 Metropolitan,MAGILL,5072,CC CAMPBELLTOWN.              ,2,0,0,0,0,2019,December,Thursday,2:55 PM,60,Cross Road,Straight road,Level,Not Applicable,Sealed,Dry,Not Raining,Daylight,Right Turn,2,Driver Rider,1: PDO,Stop Sign,,,1335465.32,1672528.65,1.33547E+13
2019-12155-8/07/2020,2 Metropolitan,BURTON,5110,CITY OF SALISBURY,1,1,0,0,1,2019,December,Friday,10:14 AM,50,T-Junction,Straight road,Level,Not Applicable,Sealed,Dry,Not Raining,Daylight,Other,1,Passenger,2: MI,No Control,,,1329291.76,1690006.99,1.32929E+13
2019-12156-8/07/2020,2 Metropolitan,WESTBOURNE PARK,5041,CC MITCHAM.                   ,2,0,0,0,0,2019,December,Wednesday,9:57 AM,60,Divided Road,Straight road,Level,Driveway or Entrance,Sealed,Dry,Not Raining,Daylight,Right Angle,2,Driver Rider,1: PDO,No Control,,,1327509.28,1666151.61,1.32751E+13
2019-12157-8/07/2020,2 Metropolitan,PROSPECT,5082,CITY OF PROSPECT,3,0,0,0,0,2019,December,Wednesday,2:00 PM,40,Divided Road,Straight road,Level,Not Applicable,Sealed,Dry,Not Raining,Daylight,Hit Parked Vehicle,1,Driver Rider,1: PDO,No Control,,,1328093.5,1674987.78,1.32809E+13
2019-12158-8/07/2020,2 Metropolitan,ADELAIDE AIRPORT,5950,CITY OF WEST TORRENS,2,0,0,0,0,2019,December,Thursday,7:00 AM,20,Not Divided,Straight road,Level,Driveway or Entrance,Sealed,Dry,Not Raining,Daylight,Hit Pedestrian,2,Driver Rider,1: PDO,No Control,,,1322687.16,1669546.35,1.32269E+13
2019-12159-8/07/2020,2 Metropolitan,HAWTHORNDENE,5051,CC MITCHAM.                   ,3,0,0,0,0,2019,December,Friday,11:18 AM,60,T-Junction,"CURVED, VIEW OBSCURED",Slope,Not Applicable,Sealed,Dry,Not Raining,Daylight,Right Angle,1,Driver Rider,1: PDO,No Control,,,1330282.44,1659621.87,1.33028E+13
2019-12160-8/07/2020,2 Metropolitan,GLENELG EAST,5045,CITY OF HOLDFAST BAY,2,0,0,0,0,2019,December,Friday,11:30 AM,60,Divided Road,Straight road,Level,Driveway or Entrance,Sealed,Dry,Not Raining,Daylight,Side Swipe,2,Driver Rider,1: PDO,No Control,,,1321005.54,1665258.84,1.32101E+13
2019-12161-8/07/2020,2 Metropolitan,CLARENCE PARK,5034,CITY OF UNLEY,2,0,0,0,0,2019,December,Thursday,5:40 PM,60,T-Junction,Straight road,Level,Not Applicable,Sealed,Dry,Not Raining,Daylight,Right Angle,2,Driver Rider,1: PDO,No Control,,,1327489.31,1666831.16,1.32749E+13
2019-12162-8/07/2020,2 Metropolitan,MELROSE PARK,5039,CC MITCHAM.                   ,5,0,0,0,0,2019,December,Friday,12:18 PM,60,T-Junction,Straight road,Level,Not Applicable,Sealed,Dry,Not Raining,Daylight,Rear End,1,Driver Rider,1: PDO,No Control,,,1325954.25,1663678.13,1.32595E+13
2019-12163-8/07/2020,2 Metropolitan,PLYMPTON,5038,CITY OF WEST TORRENS,3,0,0,0,0,2019,December,Friday,12:45 PM,60,Divided Road,Straight road,Level,Not Applicable,Sealed,Dry,Not Raining,Daylight,Rear End,1,Driver Rider,1: PDO,No Control,,,1324424.79,1666703.95,1.32443E+13