REPORT_ID,Stats Area,Suburb,Postcode,LGA Name,Total Units,Total Cas,Total Fats,Total SI,Total MI,Year,Month,Day,Time,Area Speed,Position Type,Horizontal Align,Vertical Align,Other Feat,Road Surface,Moisture Cond,Weather Cond,DayNight,Crash Type,Unit Resp,Entity Code,CSEF Severity,Traffic Ctrls,DUI Involved,Drugs Involved,ACCLOC_X,ACCLOC_Y,UNIQUE_LOC
2019-12164-8/07/2020,2 Metropolitan,FULHAM GARDENS,5024,CITY OF CHARLES STURT,2,1,0,0,1,2019,December,Sunday,10:30 AM,60,Divided Road,Straight road,Level,Driveway or Entrance,Sealed,Dry,Not Raining,Daylight,Right Angle,2,Driver Rider,2: MI,No Control,,,1320716.86,1673078.1,1.32072E+13
2019-12165-8/07/2020,2 Metropolitan,GREENWITH,5125,CITY OF TEA TREE GULLY,2,0,0,0,0,2019,December,Monday,7:15 PM,50,Divided Road,Straight road,Level,Not Applicable,Sealed,Dry,Not Raining,Daylight,Right Angle,1,Driver Rider,1: PDO,No Control,,,1339117.7,1687599.27,1.33912E+13
2019-12166-8/07/2020,2 Metropolitan,LONSDALE,5160,CITY OF ONKAPARINGA,2,0,0,0,0,2019,December,Friday,1:50 PM,70,T-Junction,Straight road,Level,Not Applicable,Sealed,Dry,Not Raining,Daylight,Rear End,2,Driver Rider,1: PDO,No Control,,,1317992.69,1649774.29,1.31799E+13
2019-12167-8/07/2020,2 Metropolitan,PORT ADELAIDE,5015,CITY OF PORT ADELAIDE ENFIELD,2,0,0,0,0,2019,December,Friday,2:52 PM,50,Divided Road,Straight road,Level,Driveway or Entrance,Sealed,Dry,Not Raining,Daylight,Right Angle,2,Driver Rider,1: PDO,No Control,,,1320350.96,1679569.09,1.32035E+13
2019-12168-8/07/2020,3 Country,INNESTON,5577,YORKE PENINSULA COUNCIL,2,0,0,0,0,2019,December,Thursday,5:30 AM,60,Not Divided,"CURVED, VIEW OBSCURED",Crest of Hill,Not Applicable,Sealed,Dry,Not Raining,Night,Hit Fixed Object,1,Driver Rider,1: PDO,No Control,,,1172613.43,1634830.78,1.17261E+13
2019-12169-8/07/2020,2 Metropolitan,ELIZABETH,5112,CITY OF PLAYFORD.,2,1,0,0,1,2019,December,Friday,3:00 PM,50,Divided Road,"CURVED, VIEW OBSCURED",Level,Driveway or Entrance,Sealed,Dry,Not Raining,Daylight,Right Angle,2,Driver Rider,2: MI,No Control,,,1335510.84,1693105.71,1.33551E+13
2019-12170-8/07/2020,2 Metropolitan,HINDMARSH,5007,CITY OF CHARLES STURT,3,0,0,0,0,2019,December,Friday,4:40 PM,60,Divided Road,Straight road,Level,Not Applicable,Sealed,Dry,Not Raining,Daylight,Rear End,1,Driver Rider,1: PDO,No Control,,,1325924.68,1673141.68,1.32593E+13
2019-12171-8/07/2020,2 Metropolitan,INGLE FARM,5098,CITY OF SALISBURY,2,0,0,0,0,2019,December,Friday,4:49 PM,60,T-Junction,Straight road,Slope,Not Applicable,Sealed,Dry,Not Raining,Daylight,Hit Fixed Object,1,Driver Rider,1: PDO,No Control,,,1331651.67,1681192.56,1.33165E+13
2019-12172-8/07/2020,2 Metropolitan,SEAFORD,5169,CITY OF ONKAPARINGA,2,0,0,0,0,2019,December,Friday,4:05 PM,60,T-Junction,Straight road,Level,Not Applicable,Sealed,Dry,Not Raining,Daylight,Right Angle,2,Driver Rider,1: PDO,No Control,,,1317266.25,1641643.66,1.31727E+13
2019-12173-8/07/2020,2 Metropolitan,QUEENSTOWN,5014,CITY OF PORT ADELAIDE ENFIELD,2,0,0,0,0,2019,December,Friday,4:30 PM,60,Cross Road,Straight road,Level,Not Applicable,Sealed,Dry,Not Raining,Daylight,Right Turn,1,Driver Rider,1: PDO,Give Way Sign,,,1320769.66,1678230.42,1.32077E+13
2019-12174-8/07/2020,2 Metropolitan,HIGHBURY,5089,CITY OF TEA TREE GULLY,2,1,0,0,1,2019,December,Thursday,6:00 PM,50,Not Divided,Straight road,Level,Not Applicable,Sealed,Dry,Not Raining,Daylight,Head On,2,Driver Rider,2: MI,No Control,,,1336696.2,1677681.92,1.3367E+13
2019-12175-8/07/2020,2 Metropolitan,SEAFORD MEADOWS,5169,CITY OF ONKAPARINGA,2,1,0,0,1,2019,December,Friday,5:23 PM,70,T-Junction,Straight road,Level,Not Applicable,Sealed,Dry,Not Raining,Daylight,Side Swipe,2,Driver Rider,2: MI,No Control,,,1316304.77,1643935,1.31631E+13
2019-12176-8/07/2020,2 Metropolitan,SEACLIFF PARK,5049,CITY OF HOLDFAST BAY,2,0,0,0,0,2019,December,Friday,7:50 AM,60,T-Junction,Straight road,Level,Not Applicable,Sealed,Dry,Not Raining,Daylight,Right Angle,1,Driver Rider,1: PDO,Traffic Signals,,,1321187.59,1659325.76,1.32119E+13
2019-12177-8/07/2020,2 Metropolitan,SALISBURY,5108,CITY OF SALISBURY,2,0,0,0,0,2019,December,Friday,6:22 PM,50,Not Divided,Straight road,Level,Not Applicable,Sealed,Dry,Not Raining,Daylight,Hit Fixed Object,1,Driver Rider,1: PDO,No Control,,,1332842.94,1687771.61,1.33284E+13
2019-12178-8/07/2020,2 Metropolitan,HAWTHORN,5062,CC MITCHAM.                   ,3,0,0,0,0,2019,December,Friday,6:30 PM,40,Cross Road,Straight road,Level,Not Applicable,Sealed,Dry,Not Raining,Daylight,Right Angle,2,Driver Rider,1: PDO,Give Way Sign,,,1328737.88,1666035.65,1.32874E+13
2019-12179-8/07/2020,2 Metropolitan,ELIZABETH PARK,5113,CITY OF PLAYFORD.,2,0,0,0,0,2019,December,Friday,3:40 PM,80,Cross Road,Straight road,Level,Not Applicable,Sealed,Dry,Not Raining,Daylight,Side Swipe,2,Driver Rider,1: PDO,Traffic Signals,,,1335939.12,1693257.92,1.33594E+13
2019-12180-8/07/2020,2 Metropolitan,TORRENS PARK,5062,CC MITCHAM.                   ,2,0,0,0,0,2019,December,Friday,7:02 PM,40,Not Divided,Straight road,Level,Not Applicable,Sealed,Dry,Not Raining,Daylight,Hit Fixed Object,1,Driver Rider,1: PDO,No Control,,,1329389.04,1664652.36,1.32939E+13
2019-12181-8/07/2020,2 Metropolitan,KILBURN,5084,CITY OF PORT ADELAIDE ENFIELD,2,0,0,0,0,2019,December,Friday,7:26 PM,60,T-Junction,Straight road,Level,Not Applicable,Sealed,Dry,Not Raining,Daylight,Right Turn,1,Driver Rider,1: PDO,Traffic Signals,,,1327206.14,1677437.48,1.32721E+13
2019-12182-8/07/2020,1 City,ADELAIDE,5000,CITY OF ADELAIDE,2,1,0,0,1,2019,December,Friday,8:41 PM,50,Divided Road,Straight road,Level,Not Applicable,Sealed,Dry,Not Raining,Night,Hit Pedestrian,2,Pedestrian,2: MI,No Control,Y,,1328468.62,1671075.48,1.32847E+13
2019-12183-8/07/2020,2 Metropolitan,WINGFIELD,5013,CITY OF PORT ADELAIDE ENFIELD,2,1,0,0,1,2019,December,Friday,9:17 PM,60,Cross Road,Straight road,Level,Not Applicable,Sealed,Dry,Not Raining,Night,Right Angle,2,Driver Rider,2: MI,Traffic Signals,,,1325526.91,1679186.68,1.32553E+13
2019-12184-8/07/2020,2 Metropolitan,ELIZABETH PARK,5113,CITY OF PLAYFORD.,2,2,0,0,2,2019,December,Friday,7:45 PM,80,Cross Road,Straight road,Level,Not Applicable,Sealed,Dry,Not Raining,Daylight,Right Turn,1,Driver Rider,2: MI,Traffic Signals,,,1335960.32,1693276.69,1.33596E+13
2019-12185-8/07/2020,2 Metropolitan,ELIZABETH VALE,5112,CITY OF PLAYFORD.,2,0,0,0,0,2019,December,Friday,8:57 PM,60,T-Junction,Straight road,Level,Not Applicable,Sealed,Dry,Not Raining,Night,Right Turn,2,Driver Rider,1: PDO,No Control,,,1335254.54,1690056.88,1.33526E+13
2019-12186-8/07/2020,2 Metropolitan,EDINBURGH,5111,CITY OF SALISBURY,2,0,0,0,0,2019,December,Saturday,4:35 AM,80,Not Divided,Straight road,Level,Not Applicable,Sealed,Dry,Not Raining,Night,Hit Fixed Object,1,Driver Rider,1: PDO,No Control,,,1333608.41,1693883.63,1.33361E+13
2019-12187-8/07/2020,2 Metropolitan,MEDINDIE,5081,WALKERVILLE TOWN COUNCIL,2,0,0,0,0,2019,December,Friday,4:57 PM,60,Divided Road,Straight road,Level,Not Applicable,Sealed,Dry,Not Raining,Daylight,Side Swipe,2,Driver Rider,1: PDO,No Control,,,1328881,1674183.08,1.32888E+13
2019-12188-8/07/2020,2 Metropolitan,ST MORRIS,5068,"CC OF NORWOOD,PAYNEHAM & ST PETERS",2,1,0,1,0,2019,December,Saturday,9:10 AM,60,Not Divided,Straight road,Level,Driveway or Entrance,Sealed,Dry,Not Raining,Daylight,Side Swipe,2,Driver Rider,3: SI,No Control,,,1333748.62,1671801.93,1.33375E+13
2019-12189-8/07/2020,3 Country,AUBURN,5451,CLARE AND GILBERT VALLEYS DISTRICT COUNCIL,1,1,0,0,1,2019,December,Saturday,8:30 AM,50,Not Divided,Straight road,Slope,Not Applicable,Sealed,Dry,Not Raining,Daylight,Roll Over,9,Other,2: MI,No Control,,,1340311.95,1770406.68,1.34031E+13
2019-12190-8/07/2020,2 Metropolitan,BLAKEVIEW,5114,CITY OF PLAYFORD.,2,0,0,0,0,2019,December,Saturday,10:40 AM,40,Not Divided,"CURVED, VIEW OPEN",Level,Not Applicable,Sealed,Dry,Not Raining,Daylight,Hit Parked Vehicle,1,Driver Rider,1: PDO,No Control,,Y,1339065.21,1697597.88,1.33907E+13
2019-12191-8/07/2020,2 Metropolitan,LITTLEHAMPTON,5250,DC MT.BARKER.                 ,2,0,0,0,0,2019,December,Saturday,12:00 PM,50,Not Divided,"CURVED, VIEW OBSCURED",Slope,Not Applicable,Sealed,Dry,Not Raining,Daylight,Head On,2,Driver Rider,1: PDO,No Control,,,1352929.84,1656607.58,1.35293E+13
2019-12192-8/07/2020,2 Metropolitan,MEDINDIE,5081,WALKERVILLE TOWN COUNCIL,2,2,0,0,2,2019,December,Saturday,10:20 AM,60,Multiple,Straight road,Level,Not Applicable,Sealed,Dry,Not Raining,Daylight,Right Angle,1,Driver Rider,2: MI,Traffic Signals,,,1329427.23,1673281.86,1.32943E+13
2019-12193-8/07/2020,2 Metropolitan,WALKERVILLE,5081,CITY OF PROSPECT,2,0,0,0,0,2019,December,Saturday,11:00 AM,60,Divided Road,Straight road,Level,Not Applicable,Sealed,Dry,Not Raining,Daylight,Side Swipe,1,Driver Rider,1: PDO,No Control,,,1329703.91,1674527.58,1.3297E+13
2019-12194-8/07/2020,2 Metropolitan,MELROSE PARK,5039,CC MITCHAM.                   ,2,0,0,0,0,2019,December,Saturday,9:15 AM,60,T-Junction,Straight road,Level,Not Applicable,Sealed,Dry,Not Raining,Daylight,Right Angle,2,Driver Rider,1: PDO,No Control,,,1325944.3,1663677.82,1.32594E+13
2019-12195-8/07/2020,3 Country,TRURO,5356,MID MURRAY DISTRICT COUNCIL,3,0,0,0,0,2019,December,Saturday,10:30 AM,110,Not Divided,Straight road,Level,Not Applicable,Sealed,Dry,Not Raining,Daylight,Hit Fixed Object,1,Driver Rider,1: PDO,No Control,,,1393863.54,1726989.78,1.39386E+13
2019-12196-8/07/2020,3 Country,FREELING,5372,LIGHT REGIONAL COUNCIL,2,0,0,0,0,2019,December,Saturday,1:00 PM,60,T-Junction,Straight road,Level,Not Applicable,Sealed,Dry,Not Raining,Daylight,Hit Fixed Object,1,Driver Rider,1: PDO,No Control,,,1349315.83,1722322.02,1.34932E+13
2019-12197-8/07/2020,2 Metropolitan,DAVOREN PARK,5113,CITY OF PLAYFORD.,2,1,0,0,1,2019,December,Saturday,1:13 PM,60,Not Divided,"CURVED, VIEW OPEN",Level,Not Applicable,Sealed,Dry,Not Raining,Daylight,Hit Fixed Object,1,Driver Rider,2: MI,No Control,,Y,1335618.62,1695578.13,1.33562E+13
2019-12198-8/07/2020,2 Metropolitan,GLENELG NORTH,5045,CITY OF HOLDFAST BAY,2,0,0,0,0,2019,December,Saturday,2:50 PM,50,Divided Road,Straight road,Level,Not Applicable,Sealed,Dry,Not Raining,Daylight,Hit Parked Vehicle,1,Driver Rider,1: PDO,No Control,,,1320559.76,1665292.11,1.32056E+13
2019-12199-8/07/2020,2 Metropolitan,COROMANDEL EAST,5157,CITY OF ONKAPARINGA,2,0,0,0,0,2019,December,Saturday,12:25 PM,80,Not Divided,"CURVED, VIEW OPEN",Level,Driveway or Entrance,Sealed,Dry,Not Raining,Daylight,Right Angle,2,Driver Rider,1: PDO,No Control,,,1333274.44,1657648.12,1.33327E+13
2019-12200-8/07/2020,2 Metropolitan,SEACLIFF PARK,5049,CC MARION.                    ,2,1,0,0,1,2019,December,Saturday,4:46 PM,60,Divided Road,"CURVED, VIEW OPEN",Bottom of Hill,Not Applicable,Sealed,Dry,Not Raining,Daylight,Hit Fixed Object,1,Driver Rider,2: MI,No Control,,,1321701.58,1658065.23,1.3217E+13
2019-12201-8/07/2020,2 Metropolitan,RIDGEHAVEN,5097,CITY OF TEA TREE GULLY,2,0,0,0,0,2019,December,Saturday,5:00 PM,60,Cross Road,Straight road,Level,Not Applicable,Sealed,Dry,Not Raining,Daylight,Rear End,2,Driver Rider,1: PDO,Traffic Signals,,,1337423.89,1681217.95,1.33742E+13
2019-12202-8/07/2020,2 Metropolitan,NORWOOD,5067,"CC OF NORWOOD,PAYNEHAM & ST PETERS",3,1,0,0,1,2019,December,Saturday,5:45 PM,60,Cross Road,Straight road,Level,Not Applicable,Sealed,Dry,Not Raining,Daylight,Right Angle,1,Driver Rider,2: MI,Roundabout,,,1330623.32,1670361.88,1.33062E+13
2019-12203-8/07/2020,2 Metropolitan,HILLBANK,5112,CITY OF PLAYFORD.,2,1,0,1,0,2019,December,Saturday,11:15 PM,80,Cross Road,Straight road,Level,Not Applicable,Sealed,Dry,Not Raining,Night,Rear End,1,Driver Rider,3: SI,Traffic Signals,,,1336127.25,1690847.05,1.33613E+13
2019-12204-8/07/2020,2 Metropolitan,EVANSTON,5116,CT GAWLER.                    ,2,1,0,1,0,2019,December,Saturday,11:50 PM,80,Not Divided,"CURVED, VIEW OPEN",Level,Not Applicable,Sealed,Dry,Not Raining,Night,Hit Fixed Object,1,Driver Rider,3: SI,No Control,Y,Y,1341674.86,1705450.42,1.34168E+13
2019-12205-8/07/2020,2 Metropolitan,CRAFERS,5152,THE ADELAIDE HILLS COUNCIL,2,0,0,0,0,2019,December,Sunday,1:30 AM,60,Not Divided,Straight road,Slope,Not Applicable,Sealed,Dry,Not Raining,Night,Rear End,2,Driver Rider,1: PDO,No Control,,,1338161.22,1663866.89,1.33816E+13
2019-12206-8/07/2020,2 Metropolitan,CRAFERS WEST,5152,THE ADELAIDE HILLS COUNCIL,3,0,0,0,0,2019,December,Sunday,2:25 AM,90,Freeway,"CURVED, VIEW OPEN",Slope,Not Applicable,Sealed,Dry,Not Raining,Night,Hit Fixed Object,1,Driver Rider,1: PDO,No Control,,,1335667.54,1664721.33,1.33567E+13
2019-12207-8/07/2020,3 Country,PORT PIRIE,5540,PT.PIRIE CITY & DIST. COUNCIL ,2,1,0,0,1,2019,December,Sunday,7:25 AM,50,T-Junction,Straight road,Level,Not Applicable,Sealed,Dry,Not Raining,Daylight,Right Angle,1,Driver Rider,2: MI,No Control,,,1280244.99,1865519.54,1.28025E+13
2019-12208-8/07/2020,2 Metropolitan,WEST CROYDON,5008,CITY OF CHARLES STURT,2,0,0,0,0,2019,December,Sunday,12:30 AM,50,Not Divided,Straight road,Level,Not Applicable,Sealed,Dry,Not Raining,Night,Hit Parked Vehicle,2,Driver Rider,1: PDO,No Control,,,1324889.06,1675111.24,1.32489E+13
2019-12209-8/07/2020,2 Metropolitan,ELIZABETH SOUTH,5112,CITY OF PLAYFORD.,3,1,0,1,0,2019,December,Saturday,1:50 PM,60,Cross Road,Straight road,Level,Not Applicable,Sealed,Dry,Not Raining,Daylight,Hit Fixed Object,1,Driver Rider,3: SI,Traffic Signals,,,1334852.25,1691772.94,1.33485E+13
2019-12210-8/07/2020,2 Metropolitan,ANGLE VALE,5117,CITY OF PLAYFORD.,2,0,0,0,0,2019,December,Sunday,9:37 AM,80,T-Junction,Straight road,Level,Not Applicable,Sealed,Dry,Not Raining,Daylight,Rear End,2,Driver Rider,1: PDO,No Control,,,1335448.17,1702327.86,1.33545E+13
2019-12211-8/07/2020,3 Country,STRATHALBYN,5255,ALEXANDRINA COUNCIL,2,0,0,0,0,2019,December,Sunday,9:15 AM,80,T-Junction,"CURVED, VIEW OBSCURED",Slope,Not Applicable,Sealed,Dry,Not Raining,Daylight,Hit Fixed Object,1,Driver Rider,1: PDO,Give Way Sign,,,1349478.66,1637546.46,1.34948E+13
2019-12212-8/07/2020,2 Metropolitan,MEDINDIE GARDENS,5081,WALKERVILLE TOWN COUNCIL,2,0,0,0,0,2019,December,Saturday,10:50 PM,60,Not Divided,Straight road,Level,Not Applicable,Sealed,Dry,Not Raining,Night,Rear End,2,Driver Rider,1: PDO,No Control,,,1329115.28,1674227.87,1.32912E+13
2019-12213-8/07/2020,3 Country,WHYALLA NORRIE,5608,CC WHYALLA.                   ,3,1,0,0,1,2019,December,Sunday,2:30 PM,60,Divided Road,Straight road,Level,Not Applicable,Sealed,Dry,Not Raining,Daylight,Hit Parked Vehicle,1,Driver Rider,2: MI,No Control,,,1237102.63,1883469.19,1.2371E+13
2019-12214-8/07/2020,3 Country,OODLA WIRRA,5422,DC OF PETERBOROUGH,1,0,0,0,0,2019,December,Sunday,2:20 PM,110,Not Divided,"CURVED, VIEW OPEN",Level,Not Applicable,Sealed,Dry,Not Raining,Daylight,Roll Over,1,Driver Rider,1: PDO,No Control,,,1379960.54,1896347.58,1.37996E+13
2019-12215-8/07/2020,2 Metropolitan,MOUNT BARKER,5251,DC MT.BARKER.                 ,2,3,0,0,3,2019,December,Saturday,10:00 PM,80,T-Junction,Straight road,Level,Not Applicable,Sealed,Dry,Not Raining,Night,Right Turn,2,Driver Rider,2: MI,No Control,,,1353895.47,1653366.88,1.3539E+13
2019-12216-8/07/2020,3 Country,BAUDIN BEACH,5222,KANGAROO ISLAND COUNCIL,2,2,0,1,1,2019,December,Sunday,1:30 AM,50,Not Divided,Straight road,Level,Not Applicable,Sealed,Dry,Not Raining,Night,Right Turn,2,Driver Rider,3: SI,No Control,Y,,1259470.95,1578305.46,1.25947E+13
2019-12217-8/07/2020,2 Metropolitan,ABERFOYLE PARK,5159,CITY OF ONKAPARINGA,1,1,0,0,1,2019,December,Saturday,12:30 PM,50,Not Divided,Straight road,Level,Not Applicable,Sealed,Dry,Not Raining,Daylight,Other,1,Driver Rider,2: MI,No Control,,,1326874.67,1654343.84,1.32688E+13
2019-12218-8/07/2020,2 Metropolitan,PARK HOLME,5043,CC MARION.                    ,2,1,0,0,1,2019,December,Sunday,2:45 PM,50,T-Junction,"CURVED, VIEW OBSCURED",Level,Not Applicable,Sealed,Dry,Not Raining,Daylight,Right Angle,2,Driver Rider,2: MI,No Control,,,1323477.51,1663515.25,1.32348E+13
2019-12219-8/07/2020,3 Country,WILLAMULKA,5554,COPPER COAST DISTRICT COUNCIL,1,1,0,0,1,2019,December,Sunday,3:30 PM,100,Not Divided,Straight road,Level,Not Applicable,Sealed,Dry,Not Raining,Daylight,Roll Over,1,Driver Rider,2: MI,No Control,,Y,1263947.42,1787783.66,1.26395E+13
2019-12220-8/07/2020,2 Metropolitan,GOLDEN GROVE,5125,CITY OF TEA TREE GULLY,2,2,0,1,1,2019,December,Sunday,5:20 PM,60,T-Junction,Straight road,Level,Not Applicable,Sealed,Dry,Not Raining,Daylight,Right Angle,2,Driver Rider,3: SI,Traffic Signals,,Y,1337574.11,1685175.27,1.33757E+13
2019-12221-8/07/2020,2 Metropolitan,DRY CREEK,5094,CITY OF PORT ADELAIDE ENFIELD,2,1,0,0,1,2019,December,Sunday,6:57 PM,70,Divided Road,Straight road,Level,Driveway or Entrance,Sealed,Dry,Not Raining,Daylight,Side Swipe,2,Driver Rider,2: MI,No Control,Y,,1328285.54,1680296.89,1.32829E+13
2019-12222-8/07/2020,2 Metropolitan,HENLEY BEACH,5022,CITY OF CHARLES STURT,2,0,0,0,0,2019,December,Sunday,8:50 PM,60,Divided Road,Straight road,Level,Driveway or Entrance,Sealed,Dry,Not Raining,Night,Right Angle,1,Driver Rider,1: PDO,No Control,,,1319897.71,1673057.31,1.3199E+13
2019-12223-8/07/2020,2 Metropolitan,MARDEN,5070,"CC OF NORWOOD,PAYNEHAM & ST PETERS",2,0,0,0,0,2019,December,Sunday,8:53 PM,60,T-Junction,Straight road,Level,Not Applicable,Sealed,Dry,Not Raining,Night,Rear End,1,Driver Rider,1: PDO,No Control,,,1331719.87,1674250.47,1.33172E+13
2019-12224-8/07/2020,2 Metropolitan,SALISBURY,5108,CITY OF SALISBURY,2,0,0,0,0,2019,December,Sunday,11:10 PM,60,T-Junction,Straight road,Level,Not Applicable,Sealed,Dry,Not Raining,Night,Hit Fixed Object,9,Other,1: PDO,No Control,,,1332456.36,1688920.27,1.33246E+13
2019-12225-8/07/2020,2 Metropolitan,PAECHTOWN,5245,DC MT.BARKER.                 ,2,0,0,0,0,2019,December,Sunday,11:30 PM,110,Freeway,"CURVED, VIEW OPEN",Level,Not Applicable,Sealed,Dry,Not Raining,Night,Hit Animal,2,Animal,1: PDO,No Control,,,1347353.7,1657768.91,1.34735E+13
2019-12226-8/07/2020,3 Country,MOUNT GAMBIER,5290,CC MT.GAMBIER.                ,2,0,0,0,0,2019,December,Monday,12:09 AM,60,T-Junction,Straight road,Level,Not Applicable,Sealed,Dry,Not Raining,Night,Hit Fixed Object,1,Driver Rider,1: PDO,Traffic Signals,Y,,1511787.45,1339461.41,1.51179E+13
2019-12227-8/07/2020,2 Metropolitan,KLEMZIG,5087,CITY OF PORT ADELAIDE ENFIELD,2,0,0,0,0,2019,December,Friday,11:05 PM,60,Divided Road,Straight road,Level,Not Applicable,Sealed,Dry,Not Raining,Night,Hit Fixed Object,1,Driver Rider,1: PDO,No Control,,,1331904.61,1676436.02,1.33191E+13
2019-12228-8/07/2020,2 Metropolitan,DARLINGTON,5047,CC MARION.                    ,2,1,0,0,1,2019,December,Monday,6:55 AM,80,Divided Road,"CURVED, VIEW OPEN",Slope,Not Applicable,Sealed,Dry,Not Raining,Daylight,Hit Fixed Object,1,Driver Rider,2: MI,No Control,,,1324084.36,1659046.78,1.32408E+13
2019-12229-8/07/2020,2 Metropolitan,DARLINGTON,5047,CC MARION.                    ,2,0,0,0,0,2019,December,Monday,7:00 AM,80,Divided Road,"CURVED, VIEW OPEN",Slope,Not Applicable,Sealed,Dry,Not Raining,Daylight,Rear End,2,Driver Rider,1: PDO,No Control,,,1324105.1,1658983.99,1.32411E+13
2019-12230-8/07/2020,2 Metropolitan,ELIZABETH PARK,5113,CITY OF PLAYFORD.,4,3,0,1,2,2019,December,Monday,8:00 AM,80,Cross Road,Straight road,Level,Not Applicable,Sealed,Dry,Not Raining,Daylight,Rear End,1,Driver Rider,3: SI,Traffic Signals,,,1336500.9,1694621.89,1.3365E+13
2019-12231-8/07/2020,2 Metropolitan,ANDREWS FARM,5114,CITY OF PLAYFORD.,2,0,0,0,0,2019,December,Monday,2:15 AM,110,Freeway,Straight road,Level,Not Applicable,Sealed,Dry,Not Raining,Night,Hit Animal,2,Animal,1: PDO,No Control,,,1334157.64,1698668.69,1.33416E+13
2019-12232-8/07/2020,2 Metropolitan,SOUTH PLYMPTON,5038,CC MARION.                    ,2,0,0,0,0,2019,December,Monday,9:50 AM,60,Divided Road,Straight road,Level,Not Applicable,Sealed,Dry,Not Raining,Daylight,Other,9,Other,1: PDO,No Control,,,1324484.05,1666113.05,1.32448E+13
2019-12233-8/07/2020,2 Metropolitan,GAWLER,5118,CT GAWLER.                    ,2,0,0,0,0,2019,December,Monday,10:55 AM,50,Not Divided,Straight road,Level,Not Applicable,Sealed,Dry,Not Raining,Daylight,Hit Parked Vehicle,2,Driver Rider,1: PDO,No Control,,,1343360.84,1706418.28,1.34336E+13
2019-12234-8/07/2020,2 Metropolitan,INGLE FARM,5098,CITY OF SALISBURY,2,1,0,0,1,2019,December,Monday,11:45 AM,60,T-Junction,Straight road,Slope,Not Applicable,Sealed,Dry,Not Raining,Daylight,Right Angle,2,Driver Rider,2: MI,Give Way Sign,,,1333268.54,1681353.79,1.33327E+13
2019-12235-8/07/2020,2 Metropolitan,GREENWITH,5125,CITY OF TEA TREE GULLY,2,0,0,0,0,2019,December,Tuesday,10:10 AM,60,Cross Road,Straight road,Level,Not Applicable,Unsealed,Dry,Not Raining,Daylight,Right Angle,1,Driver Rider,1: PDO,Roundabout,,,1339701.4,1687043.21,1.3397E+13
2019-12236-8/07/2020,2 Metropolitan,MAGILL,5072,CC CAMPBELLTOWN.              ,2,0,0,0,0,2019,December,Monday,11:30 AM,60,T-Junction,"CURVED, VIEW OBSCURED",Slope,Not Applicable,Sealed,Dry,Not Raining,Daylight,Right Angle,1,Driver Rider,1: PDO,Stop Sign,,,1336296.35,1672154.98,1.3363E+13
2019-12237-8/07/2020,2 Metropolitan,WEST HINDMARSH,5007,CITY OF CHARLES STURT,2,1,0,0,1,2019,December,Monday,12:20 PM,60,Cross Road,Straight road,Level,Not Applicable,Sealed,Dry,Not Raining,Daylight,Rear End,2,Driver Rider,2: MI,Traffic Signals,,,1325421.27,1673141.18,1.32542E+13
2019-12238-8/07/2020,3 Country,COOMANDOOK,5261,COORONG DISTRICT COUNCIL,2,1,1,0,0,2019,December,Monday,5:30 AM,110,Not Divided,Straight road,Level,Not Applicable,Sealed,Dry,Not Raining,Night,Head On,1,Driver Rider,4: Fatal,No Control,,,1422785.66,1607942.5,1.42279E+13
2019-12239-8/07/2020,2 Metropolitan,MITCHAM,5062,CC MITCHAM.                   ,2,1,0,0,1,2019,December,Monday,12:40 PM,50,T-Junction,Straight road,Level,Not Applicable,Sealed,Dry,Not Raining,Daylight,Hit Fixed Object,1,Driver Rider,2: MI,Give Way Sign,,Y,1330173.42,1664689.92,1.33017E+13
2019-12240-8/07/2020,2 Metropolitan,SALISBURY DOWNS,5108,CITY OF SALISBURY,2,2,0,0,2,2019,December,Monday,1:54 PM,60,Divided Road,Straight road,Level,Not Applicable,Sealed,Dry,Not Raining,Daylight,Hit Parked Vehicle,1,Driver Rider,2: MI,No Control,,,1331602.38,1687024.97,1.3316E+13
2019-12241-8/07/2020,2 Metropolitan,NOARLUNGA DOWNS,5168,CITY OF ONKAPARINGA,3,0,0,0,0,2019,December,Monday,2:30 PM,60,Divided Road,"CURVED, VIEW OPEN",Level,Driveway or Entrance,Sealed,Dry,Not Raining,Daylight,Right Angle,2,Driver Rider,1: PDO,No Control,,,1318141.08,1646799.61,1.31814E+13
2019-12242-8/07/2020,2 Metropolitan,LITTLEHAMPTON,5250,DC MT.BARKER.                 ,2,1,0,1,0,2019,December,Monday,2:03 PM,80,Not Divided,Straight road,Slope,Not Applicable,Sealed,Dry,Not Raining,Daylight,Hit Fixed Object,1,Driver Rider,3: SI,No Control,,,1352983.73,1656512.55,1.35298E+13