REPORT_ID,Stats Area,Suburb,Postcode,LGA Name,Total Units,Total Cas,Total Fats,Total SI,Total MI,Year,Month,Day,Time,Area Speed,Position Type,Horizontal Align,Vertical Align,Other Feat,Road Surface,Moisture Cond,Weather Cond,DayNight,Crash Type,Unit Resp,Entity Code,CSEF Severity,Traffic Ctrls,DUI Involved,Drugs Involved,ACCLOC_X,ACCLOC_Y,UNIQUE_LOC
2019-12243-8/07/2020,3 Country,RIVERTON,5412,CLARE AND GILBERT VALLEYS DISTRICT COUNCIL,2,1,0,1,0,2019,December,Sunday,10:20 PM,80,Not Divided,Straight road,Level,Not Applicable,Sealed,Dry,Not Raining,Night,Hit Object on Road,1,Driver Rider,3: SI,No Control,,,1345018.79,1755838.69,1.34502E+13
2019-12244-8/07/2020,2 Metropolitan,DAVOREN PARK,5113,CITY OF PLAYFORD.,2,1,0,1,0,2019,December,Monday,3:48 PM,60,T-Junction,Straight road,Level,Not Applicable,Sealed,Dry,Not Raining,Daylight,Hit Fixed Object,1,Driver Rider,3: SI,No Control,,Y,1335334.78,1696624.53,1.33534E+13
2019-12245-8/07/2020,2 Metropolitan,GILLMAN,5013,CITY OF PORT ADELAIDE ENFIELD,2,0,0,0,0,2019,December,Monday,4:20 PM,60,Freeway,Straight road,Level,Not Applicable,Sealed,Dry,Not Raining,Daylight,Other,1,Driver Rider,1: PDO,No Control,,,1322034.82,1680729.51,1.32204E+13
2019-12246-8/07/2020,2 Metropolitan,REDWOOD PARK,5097,CITY OF TEA TREE GULLY,2,0,0,0,0,2019,December,Monday,4:45 PM,60,Divided Road,Straight road,Crest of Hill,Not Applicable,Sealed,Dry,Not Raining,Daylight,Rear End,2,Driver Rider,1: PDO,No Control,,,1339672.9,1683557.19,1.33967E+13
2019-12247-8/07/2020,2 Metropolitan,TWO WELLS,5501,DC MALLALA.                   ,2,0,0,0,0,2019,December,Monday,5:15 PM,50,Not Divided,Straight road,Level,Not Applicable,Sealed,Dry,Not Raining,Daylight,Head On,1,Driver Rider,1: PDO,No Control,,,1322506.23,1706952.01,1.32251E+13
2019-12248-8/07/2020,2 Metropolitan,WOODSIDE,5244,THE ADELAIDE HILLS COUNCIL,2,1,0,0,1,2019,December,Friday,1:35 PM,80,Cross Road,Straight road,Level,Not Applicable,Sealed,Dry,Not Raining,Daylight,Right Angle,2,Driver Rider,2: MI,Stop Sign,,,1354164.33,1665389.92,1.35416E+13
2019-12249-8/07/2020,2 Metropolitan,SMITHFIELD,5114,CITY OF PLAYFORD.,2,0,0,0,0,2019,December,Monday,5:36 PM,80,Divided Road,Straight road,Level,Not Applicable,Sealed,Dry,Not Raining,Daylight,Rear End,2,Driver Rider,1: PDO,No Control,,,1337733.95,1696870.2,1.33773E+13
2019-12250-8/07/2020,2 Metropolitan,BLAIR ATHOL,5084,CITY OF PORT ADELAIDE ENFIELD,2,1,0,0,1,2019,December,Monday,5:55 PM,60,T-Junction,Straight road,Slope,Not Applicable,Sealed,Dry,Not Raining,Daylight,Right Angle,1,Driver Rider,2: MI,No Control,,,1328832.68,1677755.14,1.32883E+13
2019-12251-8/07/2020,3 Country,LIGHT PASS,5355,THE BAROSSA COUNCIL.,3,0,0,0,0,2019,December,Monday,4:45 PM,80,Cross Road,Straight road,Level,Not Applicable,Sealed,Dry,Not Raining,Daylight,Right Angle,1,Driver Rider,1: PDO,Stop Sign,,,1369886.37,1718733.13,1.36989E+13
2019-12252-8/07/2020,2 Metropolitan,GLYNDE,5070,"CC OF NORWOOD,PAYNEHAM & ST PETERS",2,0,0,0,0,2019,December,Monday,2:45 PM,60,T-Junction,Straight road,Level,Not Applicable,Sealed,Dry,Not Raining,Daylight,Right Turn,2,Driver Rider,1: PDO,Stop Sign,,,1333191.27,1674250.06,1.33319E+13
2019-12253-8/07/2020,2 Metropolitan,MAWSON LAKES,5095,CITY OF SALISBURY,2,1,0,0,1,2019,December,Monday,5:15 PM,70,Cross Road,Straight road,Level,Not Applicable,Sealed,Dry,Not Raining,Daylight,Rear End,2,Driver Rider,2: MI,Traffic Signals,,,1329569.95,1684428.06,1.32957E+13
2019-12254-8/07/2020,2 Metropolitan,SMITHFIELD,5114,CITY OF PLAYFORD.,3,0,0,0,0,2019,December,Monday,9:34 PM,80,Divided Road,Straight road,Level,Median Opening (not at I/S),Sealed,Dry,Not Raining,Night,Rear End,2,Driver Rider,1: PDO,No Control,,,1337844.99,1697065.52,1.33785E+13
2019-12255-8/07/2020,2 Metropolitan,NOVAR GARDENS,5040,CITY OF WEST TORRENS,2,1,0,0,1,2019,December,Monday,11:00 PM,50,Not Divided,Straight road,Level,Not Applicable,Sealed,Dry,Not Raining,Night,Hit Pedestrian,1,Pedestrian,2: MI,No Control,,,1322486.76,1666453.15,1.32249E+13
2019-12256-8/07/2020,3 Country,NULLARBOR,5690,,1,0,0,0,0,2019,December,Wednesday,9:55 AM,110,Not Divided,Straight road,Level,Not Applicable,Sealed,Dry,Not Raining,Daylight,Roll Over,1,Driver Rider,1: PDO,No Control,,,582088.85,2040997.94,5.82089E+12
2019-12257-8/07/2020,2 Metropolitan,PARKSIDE,5063,CITY OF UNLEY,2,0,0,0,0,2019,December,Tuesday,7:20 AM,50,Not Divided,Straight road,Level,Not Applicable,Sealed,Dry,Not Raining,Daylight,Hit Object on Road,1,Driver Rider,1: PDO,No Control,Y,,1329604.87,1668938.66,1.32961E+13
2019-12258-8/07/2020,2 Metropolitan,WEST BEACH,5024,CITY OF WEST TORRENS,2,0,0,0,0,2019,December,Tuesday,7:20 AM,80,Cross Road,Straight road,Level,Not Applicable,Sealed,Dry,Not Raining,Daylight,Side Swipe,2,Driver Rider,1: PDO,Traffic Signals,,,1320917.14,1668827.15,1.32092E+13
2019-12259-8/07/2020,2 Metropolitan,CLEARVIEW,5085,CITY OF PORT ADELAIDE ENFIELD,2,0,0,0,0,2019,December,Tuesday,8:25 AM,60,T-Junction,Straight road,Level,Not Applicable,Sealed,Dry,Not Raining,Daylight,Right Turn,2,Driver Rider,1: PDO,No Control,,,1330418.02,1677332.98,1.33042E+13
2019-12260-8/07/2020,2 Metropolitan,MCLAREN VALE,5171,CITY OF ONKAPARINGA,3,2,0,0,2,2019,December,Tuesday,9:15 AM,90,Not Divided,"CURVED, VIEW OPEN",Slope,Not Applicable,Sealed,Dry,Not Raining,Daylight,Rear End,1,Driver Rider,2: MI,No Control,,,1317611.79,1638716.86,1.31761E+13
2019-12261-8/07/2020,2 Metropolitan,ALDGATE,5154,THE ADELAIDE HILLS COUNCIL,1,0,0,0,0,2019,December,Tuesday,9:00 AM,50,Cross Road,Straight road,Level,Not Applicable,Sealed,Dry,Not Raining,Daylight,Roll Over,9,Other,1: PDO,Roundabout,,,1340600.48,1660334.56,1.3406E+13
2019-12262-8/07/2020,2 Metropolitan,STEPNEY,5069,"CC OF NORWOOD,PAYNEHAM & ST PETERS",2,0,0,0,0,2019,December,Tuesday,7:30 AM,60,Not Divided,Straight road,Level,Not Applicable,Sealed,Dry,Not Raining,Daylight,Side Swipe,1,Driver Rider,1: PDO,No Control,,,1331032.58,1672293.3,1.33103E+13
2019-12263-8/07/2020,2 Metropolitan,HAMPSTEAD GARDENS,5086,CITY OF PORT ADELAIDE ENFIELD,2,0,0,0,0,2019,December,Monday,12:00 PM,50,Not Divided,Straight road,Level,Not Applicable,Sealed,Dry,Not Raining,Daylight,Side Swipe,2,Driver Rider,1: PDO,No Control,,,1331710.3,1676539.63,1.33171E+13
2019-12264-8/07/2020,2 Metropolitan,TRANMERE,5073,"CC OF NORWOOD,PAYNEHAM & ST PETERS",3,1,0,0,1,2019,December,Monday,12:50 PM,60,Divided Road,Straight road,Level,Driveway or Entrance,Sealed,Dry,Not Raining,Daylight,Hit Fixed Object,1,Driver Rider,2: MI,No Control,,,1333835.9,1672840.02,1.33384E+13
2019-12265-8/07/2020,2 Metropolitan,MAWSON LAKES,5095,CITY OF SALISBURY,2,0,0,0,0,2019,December,Tuesday,9:30 AM,50,Not Divided,Straight road,Level,Driveway or Entrance,Sealed,Dry,Not Raining,Daylight,Right Angle,2,Driver Rider,1: PDO,No Control,,,1330399.14,1683718.59,1.3304E+13
2019-12266-8/07/2020,2 Metropolitan,THEBARTON,5031,CITY OF WEST TORRENS,2,3,0,3,0,2019,December,Tuesday,10:40 AM,60,Divided Road,Straight road,Level,Not Applicable,Sealed,Dry,Not Raining,Daylight,Hit Fixed Object,1,Driver Rider,3: SI,No Control,,,1326513.75,1672081.89,1.32651E+13
2019-12267-8/07/2020,2 Metropolitan,PARKSIDE,5063,CITY OF UNLEY,3,1,0,0,1,2019,December,Tuesday,8:10 AM,60,Cross Road,Straight road,Level,Not Applicable,Sealed,Dry,Not Raining,Daylight,Right Turn,2,Driver Rider,2: MI,Traffic Signals,,,1329057.07,1668963.89,1.32906E+13
2019-12268-8/07/2020,2 Metropolitan,MARRYATVILLE,5068,"CC OF NORWOOD,PAYNEHAM & ST PETERS",2,0,0,0,0,2019,December,Tuesday,12:10 PM,60,Cross Road,Straight road,Level,Not Applicable,Sealed,Dry,Not Raining,Daylight,Side Swipe,2,Driver Rider,1: PDO,Traffic Signals,,,1332280.78,1670410.05,1.33228E+13
2019-12269-8/07/2020,2 Metropolitan,MITCHELL PARK,5043,CC MARION.                    ,3,0,0,0,0,2019,December,Tuesday,12:45 PM,60,Divided Road,Straight road,Level,Not Applicable,Sealed,Dry,Not Raining,Daylight,Rear End,1,Driver Rider,1: PDO,No Control,,,1324369.07,1661743.87,1.32437E+13
2019-12270-8/07/2020,2 Metropolitan,SEAFORD RISE,5169,CITY OF ONKAPARINGA,2,2,0,0,2,2019,December,Tuesday,11:40 AM,70,Cross Road,Straight road,Level,Not Applicable,Sealed,Dry,Not Raining,Daylight,Right Turn,1,Driver Rider,2: MI,Traffic Signals,,,1316420.5,1640461.94,1.31642E+13
2019-12271-8/07/2020,2 Metropolitan,SALISBURY,5108,CITY OF SALISBURY,2,0,0,0,0,2019,December,Tuesday,1:01 PM,60,Not Divided,Straight road,Level,Driveway or Entrance,Sealed,Dry,Not Raining,Daylight,Side Swipe,2,Driver Rider,1: PDO,No Control,,,1333251.82,1688366.13,1.33325E+13
2019-12272-8/07/2020,3 Country,RENMARK,5341,DC RENMARK PARINGA            ,2,0,0,0,0,2019,December,Tuesday,9:20 AM,50,Not Divided,Straight road,Level,Not Applicable,Sealed,Dry,Not Raining,Daylight,Right Angle,1,Driver Rider,1: PDO,No Control,,,1528730.38,1745898.38,1.52873E+13
2019-12273-8/07/2020,2 Metropolitan,PROSPECT,5082,CITY OF PROSPECT,2,0,0,0,0,2019,December,Tuesday,7:33 AM,60,Divided Road,Straight road,Level,Not Applicable,Sealed,Dry,Not Raining,Daylight,Rear End,2,Driver Rider,1: PDO,No Control,,,1328911.21,1674653.69,1.32891E+13
2019-12274-8/07/2020,1 City,ADELAIDE,5000,CITY OF ADELAIDE,2,1,0,0,1,2019,December,Tuesday,12:30 PM,50,Divided Road,Straight road,Level,Not Applicable,Sealed,Dry,Not Raining,Daylight,Side Swipe,1,Driver Rider,2: MI,No Control,,,1328371.98,1671130.3,1.32837E+13
2019-12275-8/07/2020,2 Metropolitan,GLENELG SOUTH,5045,CITY OF HOLDFAST BAY,2,1,0,1,0,2019,December,Tuesday,3:00 PM,60,Cross Road,Straight road,Level,Not Applicable,Sealed,Dry,Not Raining,Daylight,Hit Fixed Object,1,Driver Rider,3: SI,Traffic Signals,,,1321030.98,1664346.75,1.32103E+13
2019-12276-8/07/2020,2 Metropolitan,NOARLUNGA DOWNS,5168,CITY OF ONKAPARINGA,2,1,0,0,1,2019,December,Tuesday,3:30 PM,60,Cross Road,Straight road,Level,Not Applicable,Sealed,Dry,Not Raining,Daylight,Rear End,2,Driver Rider,2: MI,Roundabout,,,1317380.31,1646945.77,1.31738E+13
2019-12277-8/07/2020,2 Metropolitan,MUNNO PARA,5115,CITY OF PLAYFORD.,3,0,0,0,0,2019,December,Tuesday,12:00 PM,90,T-Junction,Straight road,Level,Not Applicable,Sealed,Dry,Not Raining,Daylight,Rear End,1,Driver Rider,1: PDO,No Control,,,1338424.28,1698094.39,1.33842E+13
2019-12278-8/07/2020,2 Metropolitan,ELIZABETH,5112,CITY OF PLAYFORD.,2,0,0,0,0,2019,December,Tuesday,3:02 PM,60,Not Divided,Straight road,Level,Driveway or Entrance,Sealed,Dry,Not Raining,Daylight,Right Angle,2,Driver Rider,1: PDO,No Control,,,1335350.81,1692651.78,1.33535E+13
2019-12279-8/07/2020,2 Metropolitan,SALISBURY EAST,5109,CITY OF SALISBURY,2,1,0,0,1,2019,December,Tuesday,3:30 PM,60,Cross Road,Straight road,Level,Not Applicable,Sealed,Dry,Not Raining,Daylight,Rear End,2,Driver Rider,2: MI,Traffic Signals,,,1334189.82,1684652.72,1.33419E+13
2019-12280-8/07/2020,2 Metropolitan,KIDMAN PARK,5025,CITY OF CHARLES STURT,4,0,0,0,0,2019,December,Tuesday,3:40 PM,60,Cross Road,Straight road,Level,Not Applicable,Sealed,Dry,Not Raining,Daylight,Hit Fixed Object,1,Driver Rider,1: PDO,Traffic Signals,,,1322420.13,1673116.28,1.32242E+13
2019-12281-8/07/2020,2 Metropolitan,BLACKWOOD,5051,CC MITCHAM.                   ,2,2,0,0,2,2019,December,Tuesday,4:00 PM,60,Not Divided,"CURVED, VIEW OPEN",Level,Not Applicable,Sealed,Dry,Not Raining,Daylight,Head On,2,Driver Rider,2: MI,No Control,,,1329879.82,1659858.62,1.32988E+13
2019-12282-8/07/2020,3 Country,STRATHALBYN,5255,ALEXANDRINA COUNCIL,2,0,0,0,0,2019,December,Tuesday,3:50 PM,50,Rail Xing,Straight road,Level,Not Applicable,Sealed,Dry,Not Raining,Daylight,Right Angle,2,Driver Rider,1: PDO,Give Way Sign,,,1353939.03,1632702.64,1.35394E+13
2019-12283-8/07/2020,2 Metropolitan,WOODVILLE GARDENS,5012,CITY OF PORT ADELAIDE ENFIELD,2,1,0,1,0,2019,December,Tuesday,5:14 PM,60,Divided Road,Straight road,Level,Not Applicable,Sealed,Dry,Not Raining,Daylight,Hit Pedestrian,2,Pedestrian,3: SI,No Control,,,1323967.91,1676886.14,1.32397E+13
2019-12284-8/07/2020,2 Metropolitan,ST MARYS,5042,CC MITCHAM.                   ,2,1,0,1,0,2019,December,Tuesday,4:31 PM,70,Cross Road,Straight road,Level,Roadworks,Sealed,Dry,Not Raining,Daylight,Rear End,2,Driver Rider,3: SI,Traffic Signals,,,1326011.15,1661281.91,1.32601E+13
2019-12285-8/07/2020,2 Metropolitan,MELROSE PARK,5039,CC MITCHAM.                   ,4,0,0,0,0,2019,December,Tuesday,5:45 PM,60,Cross Road,Straight road,Level,Not Applicable,Sealed,Dry,Not Raining,Daylight,Right Turn,1,Driver Rider,1: PDO,Traffic Signals,,,1325916.95,1664949.75,1.32592E+13
2019-12286-8/07/2020,2 Metropolitan,ROSEWATER,5013,CITY OF PORT ADELAIDE ENFIELD,2,0,0,0,0,2019,December,Tuesday,4:55 PM,60,Divided Road,Straight road,Level,Not Applicable,Sealed,Dry,Not Raining,Daylight,Side Swipe,2,Driver Rider,1: PDO,No Control,,,1321134.75,1679085.08,1.32114E+13
2019-12287-8/07/2020,2 Metropolitan,RICHMOND,5033,CITY OF WEST TORRENS,2,0,0,0,0,2019,December,Monday,5:00 PM,60,T-Junction,Straight road,Level,Not Applicable,Sealed,Dry,Not Raining,Daylight,Right Angle,2,Driver Rider,1: PDO,No Control,,,1325788.39,1669180.16,1.32579E+13
2019-12288-8/07/2020,1 City,ADELAIDE,5000,CITY OF ADELAIDE,2,0,0,0,0,2019,December,Tuesday,4:35 PM,50,Cross Road,Straight road,Level,Not Applicable,Sealed,Dry,Not Raining,Daylight,Rear End,1,Driver Rider,1: PDO,Traffic Signals,,,1327914.39,1670964.22,1.32791E+13
2019-12289-8/07/2020,2 Metropolitan,HAMPSTEAD GARDENS,5086,CITY OF PORT ADELAIDE ENFIELD,2,0,0,0,0,2019,December,Tuesday,7:05 PM,60,Cross Road,Straight road,Level,Not Applicable,Sealed,Dry,Not Raining,Daylight,Right Angle,1,Driver Rider,1: PDO,Give Way Sign,,,1331810.03,1676603.26,1.33181E+13
2019-12290-8/07/2020,2 Metropolitan,MILE END SOUTH,5031,CITY OF WEST TORRENS,2,0,0,0,0,2019,December,Tuesday,9:00 AM,50,T-Junction,Straight road,Level,Driveway or Entrance,Sealed,Dry,Not Raining,Daylight,Right Angle,2,Driver Rider,1: PDO,No Control,,,1326098.66,1669265.36,1.3261E+13
2019-12291-8/07/2020,2 Metropolitan,MARDEN,5070,"CC OF NORWOOD,PAYNEHAM & ST PETERS",2,0,0,0,0,2019,December,Tuesday,5:30 PM,50,Not Divided,Straight road,Level,Driveway or Entrance,Sealed,Dry,Not Raining,Daylight,Side Swipe,2,Driver Rider,1: PDO,No Control,,,1332358.29,1673940.49,1.33236E+13
2019-12292-8/07/2020,2 Metropolitan,VALLEY VIEW,5093,CITY OF SALISBURY,2,0,0,0,0,2019,December,Tuesday,3:35 PM,60,T-Junction,"CURVED, VIEW OPEN",Level,Not Applicable,Sealed,Dry,Not Raining,Daylight,Right Angle,2,Driver Rider,1: PDO,Roundabout,,,1333751.75,1680513,1.33375E+13
2019-12293-8/07/2020,2 Metropolitan,SOUTH BRIGHTON,5048,CITY OF HOLDFAST BAY,2,0,0,0,0,2019,December,Tuesday,7:10 PM,50,Cross Road,Straight road,Level,Not Applicable,Sealed,Dry,Not Raining,Daylight,Right Angle,2,Driver Rider,1: PDO,Stop Sign,,,1320804.73,1660161.41,1.32081E+13
2019-12294-8/07/2020,2 Metropolitan,PROSPECT,5082,CITY OF PROSPECT,3,0,0,0,0,2019,December,Tuesday,9:53 PM,40,Not Divided,Straight road,Slope,Not Applicable,Sealed,Dry,Not Raining,Night,Hit Parked Vehicle,1,Driver Rider,1: PDO,No Control,,,1327574.42,1674182.25,1.32757E+13
2019-12295-8/07/2020,3 Country,MOUNT GAMBIER,5290,CC MT.GAMBIER.                ,2,0,0,0,0,2019,December,Tuesday,8:10 PM,40,Not Divided,"CURVED, VIEW OPEN",Bottom of Hill,Not Applicable,Sealed,Dry,Not Raining,Daylight,Hit Fixed Object,1,Driver Rider,1: PDO,No Control,,,1508432,1338560.33,1.50843E+13
2019-12296-8/07/2020,2 Metropolitan,BALHANNAH,5242,THE ADELAIDE HILLS COUNCIL,2,0,0,0,0,2019,December,Tuesday,11:00 PM,60,Not Divided,"CURVED, VIEW OPEN",Level,Not Applicable,Sealed,Dry,Not Raining,Night,Hit Fixed Object,1,Driver Rider,1: PDO,No Control,,,1348757.18,1662756.56,1.34876E+13
2019-12297-8/07/2020,2 Metropolitan,ASHTON,5137,THE ADELAIDE HILLS COUNCIL,2,0,0,0,0,2019,December,Wednesday,12:20 AM,80,Not Divided,"CURVED, VIEW OPEN",Slope,Not Applicable,Sealed,Dry,Not Raining,Night,Hit Fixed Object,1,Driver Rider,1: PDO,No Control,,,1340829.94,1669292.69,1.34083E+13
2019-12298-8/07/2020,2 Metropolitan,CLELAND,5152,THE ADELAIDE HILLS COUNCIL,2,0,0,0,0,2019,December,Tuesday,10:30 PM,60,Not Divided,"CURVED, VIEW OBSCURED",Slope,Not Applicable,Sealed,Dry,Not Raining,Night,Hit Fixed Object,1,Driver Rider,1: PDO,No Control,,,1338293.12,1664692.08,1.33829E+13
2019-12299-8/07/2020,2 Metropolitan,CLARENCE GARDENS,5039,CC MITCHAM.                   ,3,1,0,1,0,2019,December,Wednesday,1:50 AM,60,T-Junction,Straight road,Level,Not Applicable,Sealed,Dry,Not Raining,Night,Right Angle,1,Driver Rider,3: SI,No Control,,Y,1325900.86,1665550.63,1.3259E+13
2019-12300-8/07/2020,2 Metropolitan,PANORAMA,5041,CC MITCHAM.                   ,2,0,0,0,0,2019,December,Wednesday,2:00 AM,50,Not Divided,Straight road,Slope,Not Applicable,Sealed,Dry,Not Raining,Night,Hit Parked Vehicle,1,Driver Rider,1: PDO,No Control,,,1328301.29,1662954.94,1.3283E+13
2019-12301-8/07/2020,2 Metropolitan,INGLE FARM,5098,CITY OF SALISBURY,2,0,0,0,0,2019,December,Saturday,6:00 AM,50,Not Divided,"CURVED, VIEW OBSCURED",Level,Not Applicable,Sealed,Dry,Not Raining,Daylight,Hit Fixed Object,1,Driver Rider,1: PDO,No Control,,,1333251.68,1682234.11,1.33325E+13
2019-12302-8/07/2020,2 Metropolitan,CUDLEE CREEK,5232,THE ADELAIDE HILLS COUNCIL,2,0,0,0,0,2019,December,Tuesday,11:00 PM,80,Not Divided,"CURVED, VIEW OPEN",Slope,Not Applicable,Sealed,Dry,Not Raining,Night,Hit Animal,2,Animal,1: PDO,No Control,,,1350330.12,1674021.93,1.35033E+13
2019-12303-8/07/2020,3 Country,NURIOOTPA,5355,LIGHT REGIONAL COUNCIL,2,2,0,0,2,2019,December,Wednesday,6:48 AM,80,Cross Road,Straight road,Level,Not Applicable,Sealed,Dry,Not Raining,Daylight,Right Turn,2,Driver Rider,2: MI,Give Way Sign,,Y,1362988.63,1720237.18,1.36299E+13
2019-12304-8/07/2020,2 Metropolitan,NORWOOD,5067,"CC OF NORWOOD,PAYNEHAM & ST PETERS",2,1,0,1,0,2019,December,Wednesday,7:37 AM,60,Cross Road,Straight road,Level,Not Applicable,Sealed,Dry,Not Raining,Daylight,Right Angle,1,Driver Rider,3: SI,Roundabout,,,1330623.32,1670361.88,1.33062E+13
2019-12305-8/07/2020,2 Metropolitan,COLLINSWOOD,5081,CITY OF PROSPECT,2,1,0,1,0,2019,December,Wednesday,8:30 AM,50,T-Junction,Straight road,Level,Not Applicable,Sealed,Dry,Not Raining,Daylight,Side Swipe,1,Driver Rider,3: SI,No Control,,Y,1330000.56,1675155.6,1.33E+13
2019-12306-8/07/2020,2 Metropolitan,TATACHILLA,5171,CITY OF ONKAPARINGA,2,1,0,0,1,2019,December,Wednesday,8:30 AM,90,Not Divided,Straight road,Slope,Not Applicable,Sealed,Dry,Not Raining,Daylight,Rear End,2,Driver Rider,2: MI,No Control,,,1317728.18,1635453.81,1.31773E+13
2019-12307-8/07/2020,2 Metropolitan,MODBURY NORTH,5092,CITY OF TEA TREE GULLY,2,0,0,0,0,2019,December,Wednesday,8:30 AM,80,Cross Road,Straight road,Level,Not Applicable,Sealed,Dry,Not Raining,Daylight,Rear End,2,Driver Rider,1: PDO,Traffic Signals,,,1335966.45,1682345.59,1.33597E+13
2019-12308-8/07/2020,2 Metropolitan,MITCHELL PARK,5043,CC MARION.                    ,2,1,0,1,0,2019,December,Wednesday,9:00 AM,50,Not Divided,Straight road,Level,Driveway or Entrance,Sealed,Dry,Not Raining,Daylight,Side Swipe,1,Driver Rider,3: SI,No Control,,,1325076.88,1661958.82,1.32508E+13
2019-12309-8/07/2020,2 Metropolitan,KESWICK TERMINAL,5035,CITY OF WEST TORRENS,2,0,0,0,0,2019,December,Tuesday,9:59 PM,60,T-Junction,"CURVED, VIEW OPEN",Level,Not Applicable,Sealed,Dry,Not Raining,Night,Right Angle,2,Driver Rider,1: PDO,No Control,,,1326346.84,1670090.46,1.32635E+13
2019-12310-8/07/2020,2 Metropolitan,SEAFORD RISE,5169,CITY OF ONKAPARINGA,2,1,0,0,1,2019,December,Wednesday,9:30 AM,50,T-Junction,"CURVED, VIEW OPEN",Slope,Road hump or Slow point,Sealed,Dry,Not Raining,Daylight,Hit Fixed Object,1,Driver Rider,2: MI,Roundabout,,,1317032.86,1639534.75,1.31703E+13
2019-12311-8/07/2020,2 Metropolitan,CLARENCE PARK,5034,CITY OF UNLEY,2,1,0,0,1,2019,December,Wednesday,8:50 AM,40,Not Divided,Straight road,Level,Not Applicable,Sealed,Dry,Not Raining,Daylight,Side Swipe,2,Driver Rider,2: MI,No Control,,,1327190.26,1666821.65,1.32719E+13
2019-12312-8/07/2020,2 Metropolitan,KENT TOWN,5067,"CC OF NORWOOD,PAYNEHAM & ST PETERS",2,0,0,0,0,2019,December,Tuesday,3:00 PM,60,T-Junction,Straight road,Level,Not Applicable,Sealed,Dry,Not Raining,Daylight,Side Swipe,2,Driver Rider,1: PDO,Roundabout,,,1330555.43,1670400.29,1.33056E+13
2019-12313-8/07/2020,2 Metropolitan,OVINGHAM,5082,CITY OF CHARLES STURT,2,0,0,0,0,2019,December,Wednesday,9:47 AM,60,Divided Road,Straight road,Slope,Not Applicable,Sealed,Dry,Not Raining,Daylight,Rear End,2,Driver Rider,1: PDO,No Control,,,1327296.89,1673456.09,1.3273E+13
2019-12314-8/07/2020,2 Metropolitan,HACKNEY,5069,"CC OF NORWOOD,PAYNEHAM & ST PETERS",2,0,0,0,0,2019,December,Tuesday,2:30 PM,60,Divided Road,Straight road,Level,Not Applicable,Sealed,Dry,Not Raining,Daylight,Side Swipe,2,Driver Rider,1: PDO,No Control,,,1329749.96,1672288.8,1.32975E+13
2019-12315-8/07/2020,2 Metropolitan,CAMDEN PARK,5038,CITY OF WEST TORRENS,2,0,0,0,0,2019,December,Tuesday,1:00 PM,50,Divided Road,Straight road,Level,Not Applicable,Sealed,Dry,Not Raining,Daylight,Side Swipe,1,Driver Rider,1: PDO,No Control,,,1323339.52,1666126.39,1.32334E+13
2019-12316-8/07/2020,2 Metropolitan,CHELTENHAM,5014,CITY OF CHARLES STURT,2,1,0,0,1,2019,December,Wednesday,12:20 PM,60,Divided Road,Straight road,Level,Not Applicable,Sealed,Dry,Not Raining,Daylight,Hit Parked Vehicle,2,Driver Rider,2: MI,No Control,,,1321287.47,1677219.69,1.32129E+13
2019-12317-8/07/2020,2 Metropolitan,EDWARDSTOWN,5039,CC MITCHAM.                   ,2,0,0,0,0,2019,December,Tuesday,4:15 PM,60,Divided Road,Straight road,Level,Not Applicable,Sealed,Dry,Not Raining,Daylight,Side Swipe,2,Driver Rider,1: PDO,No Control,,,1325911.8,1665152.78,1.32591E+13
2019-12318-8/07/2020,2 Metropolitan,CLARENCE GARDENS,5039,CC MITCHAM.                   ,2,0,0,0,0,2019,December,Wednesday,8:00 AM,50,T-Junction,Straight road,Level,Not Applicable,Sealed,Dry,Not Raining,Daylight,Side Swipe,1,Driver Rider,1: PDO,No Control,,,1326693.42,1665936.69,1.32669E+13
2019-12319-8/07/2020,1 City,NORTH ADELAIDE,5006,CITY OF ADELAIDE,2,0,0,0,0,2019,December,Wednesday,12:50 AM,50,Divided Road,Straight road,Level,Not Applicable,Sealed,Dry,Not Raining,Night,Hit Pedestrian,2,Pedestrian,1: PDO,No Control,,,1328192.45,1672902.56,1.32819E+13
2019-12320-8/07/2020,2 Metropolitan,STEPNEY,5069,"CC OF NORWOOD,PAYNEHAM & ST PETERS",2,0,0,0,0,2019,December,Wednesday,10:00 AM,60,T-Junction,Straight road,Level,Not Applicable,Sealed,Dry,Not Raining,Daylight,Rear End,1,Driver Rider,1: PDO,Stop Sign,,,1331289.69,1672633.28,1.33129E+13
2019-12321-8/07/2020,2 Metropolitan,MILE END,5031,CITY OF WEST TORRENS,2,1,0,0,1,2019,December,Wednesday,1:40 PM,50,T-Junction,Straight road,Level,Not Applicable,Sealed,Dry,Not Raining,Daylight,Right Angle,1,Driver Rider,2: MI,Stop Sign,,,1324934.42,1670959.64,1.32493E+13
2019-12322-8/07/2020,3 Country,PORT LINCOLN,5606,CC PT.LINCOLN.                ,3,0,0,0,0,2019,December,Wednesday,12:40 PM,50,Cross Road,Straight road,Level,Not Applicable,Sealed,Dry,Not Raining,Daylight,Right Angle,1,Driver Rider,1: PDO,Stop Sign,,,1078689.14,1697555.13,1.07869E+13