REPORT_ID,Stats Area,Suburb,Postcode,LGA Name,Total Units,Total Cas,Total Fats,Total SI,Total MI,Year,Month,Day,Time,Area Speed,Position Type,Horizontal Align,Vertical Align,Other Feat,Road Surface,Moisture Cond,Weather Cond,DayNight,Crash Type,Unit Resp,Entity Code,CSEF Severity,Traffic Ctrls,DUI Involved,Drugs Involved,ACCLOC_X,ACCLOC_Y,UNIQUE_LOC
2019-12323-8/07/2020,2 Metropolitan,KESWICK,5035,CITY OF WEST TORRENS,2,0,0,0,0,2019,December,Wednesday,1:47 PM,60,Cross Road,Straight road,Level,Not Applicable,Sealed,Dry,Not Raining,Daylight,Right Turn,2,Driver Rider,1: PDO,Traffic Signals,,,1325794.33,1668947.63,1.32579E+13
2019-12324-8/07/2020,2 Metropolitan,WOODVILLE,5011,CITY OF CHARLES STURT,2,0,0,0,0,2019,December,Wednesday,9:15 AM,60,Divided Road,Straight road,Level,Not Applicable,Sealed,Dry,Not Raining,Daylight,Side Swipe,2,Driver Rider,1: PDO,No Control,,,1322677.53,1675944.18,1.32268E+13
2019-12325-8/07/2020,1 City,NORTH ADELAIDE,5006,CITY OF ADELAIDE,2,0,0,0,0,2019,December,Wednesday,1:50 PM,50,T-Junction,Straight road,Level,Not Applicable,Sealed,Dry,Not Raining,Daylight,Hit Parked Vehicle,1,Driver Rider,1: PDO,No Control,,,1329179.06,1672687.21,1.32918E+13
2019-12326-8/07/2020,2 Metropolitan,PROSPECT,5082,CITY OF PROSPECT,2,1,0,0,1,2019,December,Thursday,6:40 PM,60,Cross Road,Straight road,Level,Not Applicable,Sealed,Dry,Not Raining,Daylight,Rear End,2,Driver Rider,2: MI,Traffic Signals,,,1327236.23,1676392.98,1.32724E+13
2019-12327-8/07/2020,2 Metropolitan,HENLEY BEACH,5022,CITY OF CHARLES STURT,2,0,0,0,0,2019,December,Wednesday,2:20 PM,50,Cross Road,Straight road,Level,Not Applicable,Sealed,Dry,Not Raining,Daylight,Right Angle,1,Driver Rider,1: PDO,Roundabout,,,1319462.08,1672008.58,1.31946E+13
2019-12328-8/07/2020,2 Metropolitan,MOUNT GEORGE,5155,THE ADELAIDE HILLS COUNCIL,3,1,0,0,1,2019,December,Wednesday,8:30 AM,80,Not Divided,"CURVED, VIEW OBSCURED",Slope,Not Applicable,Sealed,Dry,Not Raining,Daylight,Head On,2,Driver Rider,2: MI,No Control,,,1341883.69,1663923.84,1.34188E+13
2019-12329-8/07/2020,3 Country,UMUWA,872,,2,3,0,1,2,2019,December,Tuesday,7:15 PM,100,T-Junction,Straight road,Level,Not Applicable,Unsealed,Dry,Not Raining,Daylight,Rear End,2,Driver Rider,3: SI,No Control,,,705155.56,2608256.06,7.05156E+12
2019-12330-8/07/2020,1 City,ADELAIDE,5000,CITY OF ADELAIDE,2,0,0,0,0,2019,December,Wednesday,4:10 PM,50,Not Divided,Straight road,Level,Not Applicable,Sealed,Dry,Not Raining,Daylight,Hit Parked Vehicle,1,Driver Rider,1: PDO,No Control,,,1328401.56,1670977.92,1.3284E+13
2019-12331-8/07/2020,2 Metropolitan,BLACK FOREST,5035,CITY OF UNLEY,2,1,0,0,1,2019,December,Wednesday,3:05 PM,40,Cross Road,Straight road,Level,Not Applicable,Sealed,Dry,Not Raining,Daylight,Hit Pedestrian,2,Driver Rider,2: MI,No Control,,,1326666.62,1666878.84,1.32667E+13
2019-12332-8/07/2020,2 Metropolitan,MORPHETT VALE,5162,CITY OF ONKAPARINGA,2,0,0,0,0,2019,December,Wednesday,4:34 PM,60,T-Junction,Straight road,Level,Not Applicable,Sealed,Dry,Not Raining,Daylight,Rear End,2,Driver Rider,1: PDO,No Control,,,1321911.4,1650674.54,1.32191E+13
2019-12333-8/07/2020,2 Metropolitan,WHITES VALLEY,5172,CITY OF ONKAPARINGA,3,4,0,2,2,2019,December,Wednesday,4:00 PM,80,Cross Road,Straight road,Level,Not Applicable,Sealed,Dry,Not Raining,Daylight,Right Angle,2,Driver Rider,3: SI,Give Way Sign,,,1320139.7,1632399.02,1.32014E+13
2019-12334-8/07/2020,2 Metropolitan,HACKNEY,5069,"CC OF NORWOOD,PAYNEHAM & ST PETERS",2,1,0,1,0,2019,December,Wednesday,5:54 PM,60,Divided Road,Straight road,Level,Not Applicable,Sealed,Dry,Not Raining,Daylight,Right Angle,2,Driver Rider,3: SI,No Control,,,1329743.78,1672256.62,1.32974E+13
2019-12335-8/07/2020,2 Metropolitan,TUSMORE,5065,CITY OF BURNSIDE,2,1,0,0,1,2019,December,Wednesday,2:30 PM,60,Divided Road,Straight road,Level,Not Applicable,Sealed,Dry,Not Raining,Daylight,Rear End,2,Driver Rider,2: MI,No Control,,,1332319.92,1669111.7,1.33232E+13
2019-12336-8/07/2020,2 Metropolitan,ADELAIDE,5000,CITY OF UNLEY,3,0,0,0,0,2019,December,Wednesday,5:48 PM,60,Divided Road,Straight road,Level,Not Applicable,Sealed,Dry,Not Raining,Daylight,Rear End,1,Driver Rider,1: PDO,No Control,,,1327721.61,1668943.19,1.32772E+13
2019-12337-8/07/2020,2 Metropolitan,OTTOWAY,5013,CITY OF PORT ADELAIDE ENFIELD,2,0,0,0,0,2019,December,Wednesday,6:14 PM,60,Cross Road,Straight road,Level,Not Applicable,Sealed,Dry,Not Raining,Daylight,Right Angle,1,Driver Rider,1: PDO,Stop Sign,,,1322699.67,1679670.33,1.3227E+13
2019-12338-8/07/2020,2 Metropolitan,ADELAIDE AIRPORT,5950,CITY OF WEST TORRENS,2,1,0,0,1,2019,December,Wednesday,6:10 PM,50,Cross Road,"CURVED, VIEW OPEN",Level,Not Applicable,Sealed,Dry,Not Raining,Daylight,Rear End,1,Driver Rider,2: MI,Roundabout,,,1322960.83,1669785.8,1.32296E+13
2019-12339-8/07/2020,2 Metropolitan,HOLDEN HILL,5088,CITY OF TEA TREE GULLY,2,0,0,0,0,2019,December,Wednesday,6:20 PM,50,Not Divided,"CURVED, VIEW OPEN",Bottom of Hill,Not Applicable,Sealed,Dry,Not Raining,Daylight,Hit Fixed Object,1,Driver Rider,1: PDO,No Control,,,1335482.07,1678242.37,1.33548E+13
2019-12340-8/07/2020,2 Metropolitan,GLENELG NORTH,5045,CITY OF HOLDFAST BAY,2,0,0,0,0,2019,December,Wednesday,3:20 PM,60,Cross Road,Straight road,Level,Not Applicable,Sealed,Dry,Not Raining,Daylight,Rear End,2,Driver Rider,1: PDO,Traffic Signals,,,1321003.72,1665305.11,1.321E+13
2019-12341-8/07/2020,2 Metropolitan,PARACOMBE,5132,THE ADELAIDE HILLS COUNCIL,2,0,0,0,0,2019,December,Wednesday,3:00 PM,80,Not Divided,"CURVED, VIEW OBSCURED",Level,Not Applicable,Sealed,Dry,Not Raining,Daylight,Hit Fixed Object,1,Driver Rider,1: PDO,No Control,,,1343894.99,1676954.86,1.3439E+13
2019-12342-8/07/2020,2 Metropolitan,KESWICK,5035,CITY OF WEST TORRENS,2,0,0,0,0,2019,December,Wednesday,3:39 PM,60,Cross Road,Straight road,Level,Not Applicable,Sealed,Dry,Not Raining,Daylight,Right Angle,2,Driver Rider,1: PDO,Stop Sign,,,1326349.62,1668494.71,1.32635E+13
2019-12343-8/07/2020,2 Metropolitan,CROYDON PARK,5008,CITY OF PORT ADELAIDE ENFIELD,3,0,0,0,0,2019,December,Wednesday,5:00 PM,50,Not Divided,Straight road,Level,Not Applicable,Sealed,Dry,Not Raining,Daylight,Other,1,Driver Rider,1: PDO,No Control,,,1325629.1,1675406.05,1.32563E+13
2019-12344-8/07/2020,2 Metropolitan,HINDMARSH,5007,CITY OF CHARLES STURT,2,0,0,0,0,2019,December,Wednesday,5:35 PM,60,Cross Road,Straight road,Level,Not Applicable,Sealed,Dry,Not Raining,Daylight,Rear End,2,Driver Rider,1: PDO,Traffic Signals,,,1326432.45,1672642.16,1.32643E+13
2019-12345-8/07/2020,3 Country,CURRENCY CREEK,5214,ALEXANDRINA COUNCIL,1,1,0,0,1,2019,December,Wednesday,6:00 PM,100,Not Divided,Straight road,Level,Not Applicable,Sealed,Dry,Not Raining,Daylight,Roll Over,1,Driver Rider,2: MI,No Control,,,1342711.34,1616084,1.34271E+13
2019-12346-8/07/2020,1 City,NORTH ADELAIDE,5006,CITY OF ADELAIDE,2,1,0,0,1,2019,December,Wednesday,10:00 PM,50,Not Divided,Straight road,Level,Not Applicable,Sealed,Dry,Not Raining,Night,Hit Fixed Object,1,Driver Rider,2: MI,No Control,,,1328255.43,1673049,1.32826E+13
2019-12347-8/07/2020,2 Metropolitan,ELIZABETH,5112,CITY OF PLAYFORD.,2,1,0,0,1,2019,December,Wednesday,10:45 PM,80,Divided Road,Straight road,Level,Not Applicable,Sealed,Dry,Not Raining,Night,Side Swipe,1,Driver Rider,2: MI,No Control,,,1335972.44,1693016.84,1.33597E+13
2019-12348-8/07/2020,2 Metropolitan,BEDFORD PARK,5042,CC MITCHAM.                   ,2,2,0,0,2,2019,December,Wednesday,11:00 PM,70,Cross Road,Straight road,Level,Not Applicable,Sealed,Dry,Not Raining,Night,Right Angle,2,Driver Rider,2: MI,Traffic Signals,,,1325439.1,1660699.12,1.32544E+13
2019-12349-8/07/2020,3 Country,WHYALLA PLAYFORD,5600,CC WHYALLA.                   ,2,0,0,0,0,2019,December,Wednesday,11:45 PM,60,Cross Road,Straight road,Level,Not Applicable,Sealed,Dry,Not Raining,Night,Right Angle,2,Driver Rider,1: PDO,Stop Sign,,,1239659.67,1883594.45,1.23966E+13
2019-12350-8/07/2020,2 Metropolitan,WEST HINDMARSH,5007,CITY OF CHARLES STURT,2,1,0,0,1,2019,December,Thursday,12:00 AM,50,Cross Road,Straight road,Level,Not Applicable,Sealed,Dry,Not Raining,Night,Hit Fixed Object,1,Driver Rider,2: MI,Roundabout,,Y,1325297.99,1673393.47,1.3253E+13
2019-12351-8/07/2020,2 Metropolitan,WILLUNGA SOUTH,5172,CITY OF ONKAPARINGA,2,1,0,1,0,2019,December,Thursday,6:35 AM,100,Not Divided,Straight road,Slope,Not Applicable,Sealed,Dry,Not Raining,Daylight,Rear End,1,Driver Rider,3: SI,No Control,,Y,1323694.29,1631432.71,1.32369E+13
2019-12352-8/07/2020,2 Metropolitan,WILLUNGA SOUTH,5172,CITY OF ONKAPARINGA,2,0,0,0,0,2019,December,Thursday,6:32 AM,100,Not Divided,Straight road,Slope,Not Applicable,Sealed,Dry,Not Raining,Daylight,Rear End,2,Driver Rider,1: PDO,No Control,,,1323806.27,1631374.92,1.32381E+13
2019-12353-8/07/2020,2 Metropolitan,ELIZABETH GROVE,5112,CITY OF PLAYFORD.,3,0,0,0,0,2019,December,Thursday,7:10 AM,80,Cross Road,Straight road,Level,Not Applicable,Sealed,Dry,Not Raining,Daylight,Right Turn,1,Driver Rider,1: PDO,Traffic Signals,,,1336102.24,1692239.97,1.3361E+13
2019-12354-8/07/2020,2 Metropolitan,PENFIELD,5121,CITY OF PLAYFORD.,2,1,0,0,1,2019,December,Thursday,7:12 AM,100,Cross Road,Straight road,Level,Not Applicable,Sealed,Dry,Not Raining,Daylight,Right Turn,2,Driver Rider,2: MI,Stop Sign,,,1328822.38,1697635.36,1.32882E+13
2019-12355-8/07/2020,2 Metropolitan,PARA VISTA,5093,CITY OF SALISBURY,2,0,0,0,0,2019,December,Thursday,7:50 AM,60,T-Junction,Straight road,Slope,Not Applicable,Sealed,Dry,Not Raining,Daylight,Right Angle,2,Driver Rider,1: PDO,No Control,,,1334509.93,1680947.09,1.33451E+13
2019-12356-8/07/2020,1 City,ADELAIDE,5000,CITY OF ADELAIDE,2,0,0,0,0,2019,December,Wednesday,11:45 AM,50,Not Divided,Straight road,Level,Not Applicable,Sealed,Dry,Not Raining,Daylight,Side Swipe,1,Driver Rider,1: PDO,No Control,,,1329874.83,1669995.83,1.32988E+13
2019-12357-8/07/2020,2 Metropolitan,MALVERN,5061,CITY OF UNLEY,2,0,0,0,0,2019,December,Monday,12:45 PM,60,Not Divided,Straight road,Level,Not Applicable,Sealed,Dry,Not Raining,Daylight,Side Swipe,2,Driver Rider,1: PDO,No Control,,,1329099.43,1667555.56,1.3291E+13
2019-12358-8/07/2020,3 Country,MOONTA BAY,5558,COPPER COAST DISTRICT COUNCIL,2,0,0,0,0,2019,December,Wednesday,9:30 AM,60,Not Divided,Straight road,Level,Not Applicable,Sealed,Dry,Not Raining,Daylight,Rear End,1,Driver Rider,1: PDO,No Control,,,1236672.17,1769413.82,1.23667E+13
2019-12359-8/07/2020,3 Country,VINE VALE,5352,THE BAROSSA COUNCIL.,2,1,0,0,1,2019,December,Thursday,6:40 AM,80,Cross Road,Straight road,Slope,Not Applicable,Sealed,Dry,Not Raining,Daylight,Right Angle,2,Driver Rider,2: MI,Stop Sign,,,1367079.35,1714856.35,1.36708E+13
2019-12360-8/07/2020,2 Metropolitan,WOODVILLE GARDENS,5012,CITY OF PORT ADELAIDE ENFIELD,3,0,0,0,0,2019,December,Thursday,6:30 AM,60,Cross Road,Straight road,Level,Not Applicable,Sealed,Dry,Not Raining,Daylight,Hit Parked Vehicle,1,Driver Rider,1: PDO,Give Way Sign,,,1324300.58,1676948.44,1.3243E+13
2019-12361-8/07/2020,2 Metropolitan,BROOKLYN PARK,5032,CITY OF WEST TORRENS,3,0,0,0,0,2019,December,Thursday,9:00 AM,60,T-Junction,Straight road,Level,Not Applicable,Sealed,Dry,Not Raining,Daylight,Hit Fixed Object,1,Driver Rider,1: PDO,Traffic Signals,,,1323372.68,1670919.8,1.32337E+13
2019-12362-8/07/2020,1 City,ADELAIDE,5000,CITY OF ADELAIDE,2,1,0,1,0,2019,December,Thursday,7:30 AM,50,Cross Road,Straight road,Level,Not Applicable,Sealed,Dry,Not Raining,Daylight,Hit Pedestrian,2,Pedestrian,3: SI,Traffic Signals,,,1329056.26,1669586.88,1.32906E+13
2019-12363-8/07/2020,2 Metropolitan,ELIZABETH GROVE,5112,CITY OF PLAYFORD.,3,1,0,0,1,2019,December,Thursday,9:50 AM,80,Cross Road,Straight road,Level,Not Applicable,Sealed,Dry,Not Raining,Daylight,Right Turn,1,Driver Rider,2: MI,Traffic Signals,,Y,1336102.24,1692239.97,1.3361E+13
2019-12364-8/07/2020,2 Metropolitan,ST MARYS,5042,CC MITCHAM.                   ,2,0,0,0,0,2019,December,Thursday,7:00 AM,60,Cross Road,Straight road,Slope,Not Applicable,Sealed,Dry,Not Raining,Daylight,Rear End,2,Driver Rider,1: PDO,Traffic Signals,,,1325965.26,1663326.66,1.32597E+13
2019-12365-8/07/2020,2 Metropolitan,DRY CREEK,5094,CITY OF PORT ADELAIDE ENFIELD,2,0,0,0,0,2019,December,Thursday,10:15 AM,60,T-Junction,Straight road,Level,Not Applicable,Sealed,Dry,Not Raining,Daylight,Right Angle,2,Driver Rider,1: PDO,No Control,,,1327273.38,1679362.04,1.32727E+13
2019-12366-8/07/2020,2 Metropolitan,REGENCY PARK,5010,CITY OF PORT ADELAIDE ENFIELD,2,0,0,0,0,2019,December,Thursday,7:32 AM,60,Cross Road,Straight road,Level,Not Applicable,Sealed,Dry,Not Raining,Daylight,Rear End,1,Driver Rider,1: PDO,Roundabout,,,1326405.99,1677739.6,1.32641E+13
2019-12367-8/07/2020,3 Country,STREAKY BAY,5680,DC STREAKY BAY.               ,1,1,0,1,0,2019,December,Saturday,10:30 PM,100,Not Divided,Straight road,Level,Not Applicable,Unsealed,Dry,Not Raining,Night,Roll Over,1,Driver Rider,3: SI,No Control,,,921948.79,1911791.58,9.21949E+12
2019-12368-8/07/2020,3 Country,HALBURY,5461,WAKEFIELD REGIONAL COUNCIL,2,0,0,0,0,2019,December,Wednesday,3:45 AM,100,Not Divided,Straight road,Level,Not Applicable,Sealed,Dry,Not Raining,Night,Hit Fixed Object,1,Driver Rider,1: PDO,No Control,,,1322304.73,1764546.83,1.32231E+13
2019-12369-8/07/2020,1 City,ADELAIDE,5000,CITY OF ADELAIDE,2,0,0,0,0,2019,December,Monday,8:48 AM,50,Divided Road,Straight road,Level,Not Applicable,Sealed,Dry,Not Raining,Daylight,Side Swipe,2,Driver Rider,1: PDO,No Control,,,1328450.99,1671194.41,1.32845E+13
2019-12370-8/07/2020,2 Metropolitan,CAMPBELLTOWN,5074,CC CAMPBELLTOWN.              ,2,1,0,0,1,2019,December,Thursday,10:30 AM,60,Divided Road,Straight road,Level,Roadworks,Sealed,Dry,Not Raining,Daylight,Rear End,2,Driver Rider,2: MI,No Control,,,1334305.14,1675426.69,1.33431E+13
2019-12371-8/07/2020,2 Metropolitan,ERINDALE,5066,CITY OF BURNSIDE,3,2,0,0,2,2019,December,Thursday,11:41 AM,60,T-Junction,Straight road,Slope,Not Applicable,Sealed,Dry,Not Raining,Daylight,Right Angle,2,Driver Rider,2: MI,Stop Sign,,Y,1334320.69,1670472.95,1.33432E+13
2019-12372-8/07/2020,2 Metropolitan,SALISBURY EAST,5109,CITY OF SALISBURY,2,0,0,0,0,2019,December,Thursday,12:00 PM,80,Cross Road,"CURVED, VIEW OPEN",Level,Not Applicable,Sealed,Dry,Not Raining,Daylight,Side Swipe,2,Driver Rider,1: PDO,Traffic Signals,,,1333993.29,1686288.21,1.33399E+13
2019-12373-8/07/2020,2 Metropolitan,HILLBANK,5112,CITY OF PLAYFORD.,2,0,0,0,0,2019,December,Thursday,12:50 PM,60,Cross Road,Straight road,Slope,Not Applicable,Sealed,Dry,Not Raining,Daylight,Right Angle,2,Driver Rider,1: PDO,Give Way Sign,,,1336658.82,1689990.8,1.33666E+13
2019-12374-8/07/2020,3 Country,MURRAY BRIDGE,5253,RC MURRAY BRIDGE.             ,2,0,0,0,0,2019,December,Thursday,10:10 AM,50,Not Divided,Straight road,Level,Driveway or Entrance,Sealed,Dry,Not Raining,Daylight,Hit Pedestrian,1,Driver Rider,1: PDO,No Control,,,1389457.4,1645656.96,1.38946E+13
2019-12375-8/07/2020,2 Metropolitan,PROSPECT,5082,CITY OF PROSPECT,2,0,0,0,0,2019,December,Thursday,12:50 PM,60,T-Junction,Straight road,Level,Not Applicable,Sealed,Dry,Not Raining,Daylight,Right Angle,1,Driver Rider,1: PDO,No Control,,,1328726.42,1676429.12,1.32873E+13
2019-12376-8/07/2020,1 City,ADELAIDE,5000,CITY OF ADELAIDE,2,1,0,0,1,2019,December,Thursday,2:48 PM,50,Cross Road,Straight road,Level,Not Applicable,Sealed,Dry,Not Raining,Daylight,Right Turn,1,Driver Rider,2: MI,Traffic Signals,,,1327930.12,1670340.86,1.32793E+13
2019-12377-8/07/2020,2 Metropolitan,MYRTLE BANK,5064,CITY OF UNLEY,3,1,0,0,1,2019,December,Thursday,2:00 PM,60,Cross Road,Straight road,Level,Not Applicable,Sealed,Dry,Not Raining,Daylight,Rear End,1,Driver Rider,2: MI,Traffic Signals,,,1330740.33,1667146.25,1.33074E+13
2019-12378-8/07/2020,2 Metropolitan,WINDSOR GARDENS,5087,CITY OF PORT ADELAIDE ENFIELD,2,0,0,0,0,2019,December,Thursday,1:50 PM,60,Divided Road,Straight road,Level,Not Applicable,Sealed,Dry,Not Raining,Daylight,Rear End,2,Driver Rider,1: PDO,No Control,,,1333055.76,1677428.98,1.33306E+13
2019-12379-8/07/2020,2 Metropolitan,PARA HILLS,5096,CITY OF SALISBURY,2,0,0,0,0,2019,December,Thursday,3:05 PM,60,Not Divided,"CURVED, VIEW OPEN",Slope,Not Applicable,Sealed,Dry,Not Raining,Daylight,Side Swipe,1,Driver Rider,1: PDO,No Control,,,1334439.74,1682839.87,1.33444E+13
2019-12380-8/07/2020,2 Metropolitan,NORTH HAVEN,5018,CITY OF PORT ADELAIDE ENFIELD,2,1,0,0,1,2019,December,Thursday,2:15 PM,60,T-Junction,Straight road,Level,Not Applicable,Sealed,Dry,Not Raining,Daylight,Right Angle,2,Driver Rider,2: MI,No Control,,,1319053.24,1685755.11,1.31905E+13
2019-12381-8/07/2020,2 Metropolitan,PROSPECT,5082,CITY OF PROSPECT,2,0,0,0,0,2019,December,Thursday,2:56 PM,50,T-Junction,Straight road,Level,Not Applicable,Sealed,Dry,Not Raining,Daylight,Right Angle,2,Driver Rider,1: PDO,No Control,,,1328076.92,1675612.61,1.32808E+13
2019-12382-8/07/2020,2 Metropolitan,OAKLANDS PARK,5046,CC MARION.                    ,3,0,0,0,0,2019,December,Thursday,3:30 PM,60,Divided Road,Straight road,Level,Not Applicable,Sealed,Dry,Not Raining,Daylight,Rear End,1,Driver Rider,1: PDO,No Control,,,1323179.97,1661041.33,1.32318E+13
2019-12383-8/07/2020,3 Country,LAMEROO,5302,SOUTHERN MALLEE DISTRICT COUNCIL,2,1,0,1,0,2019,December,Thursday,2:00 PM,110,Not Divided,Straight road,Level,Not Applicable,Sealed,Dry,Not Raining,Daylight,Hit Fixed Object,1,Driver Rider,3: SI,No Control,,,1504241.86,1619279.09,1.50424E+13
2019-12384-8/07/2020,1 City,ADELAIDE,5000,CITY OF ADELAIDE,2,0,0,0,0,2019,December,Thursday,4:50 PM,50,Cross Road,Straight road,Level,Not Applicable,Sealed,Dry,Not Raining,Daylight,Right Turn,1,Driver Rider,1: PDO,Give Way Sign,,,1328189.59,1669715.33,1.32819E+13
2019-12385-8/07/2020,2 Metropolitan,LEAWOOD GARDENS,5150,CC MITCHAM.                   ,2,1,0,1,0,2019,December,Thursday,5:18 PM,60,Divided Road,"CURVED, VIEW OPEN",Slope,Not Applicable,Sealed,Dry,Not Raining,Daylight,Head On,2,Driver Rider,3: SI,No Control,,Y,1335009.66,1665092.94,1.33501E+13
2019-12386-8/07/2020,2 Metropolitan,WINGFIELD,5013,CITY OF PORT ADELAIDE ENFIELD,3,0,0,0,0,2019,December,Thursday,2:15 PM,50,Not Divided,Straight road,Level,Not Applicable,Sealed,Dry,Not Raining,Daylight,Hit Parked Vehicle,2,Driver Rider,1: PDO,No Control,,,1323901.14,1679646.23,1.3239E+13
2019-12387-8/07/2020,2 Metropolitan,FITZROY,5082,CITY OF PROSPECT,2,1,0,0,1,2019,December,Tuesday,6:15 PM,60,Cross Road,"CURVED, VIEW OPEN",Slope,Not Applicable,Sealed,Dry,Not Raining,Daylight,Rear End,2,Driver Rider,2: MI,Traffic Signals,,,1327517.06,1673637.64,1.32752E+13
2019-12388-8/07/2020,3 Country,DELAMERE,5204,DC YANKALILLA.                ,2,0,0,0,0,2019,December,Thursday,5:35 PM,100,Not Divided,"CURVED, VIEW OBSCURED",Slope,Not Applicable,Sealed,Dry,Not Raining,Daylight,Hit Fixed Object,1,Driver Rider,1: PDO,No Control,,,1290584.2,1601203.4,1.29058E+13
2019-12389-8/07/2020,2 Metropolitan,CLARENCE PARK,5034,CITY OF UNLEY,4,1,0,0,1,2019,December,Thursday,6:00 PM,60,T-Junction,Straight road,Level,Not Applicable,Sealed,Dry,Not Raining,Daylight,Rear End,1,Driver Rider,2: MI,No Control,,,1326374.8,1666175.66,1.32638E+13
2019-12390-8/07/2020,2 Metropolitan,TORRENSVILLE,5031,CITY OF WEST TORRENS,2,0,0,0,0,2019,December,Thursday,9:20 AM,50,Not Divided,Straight road,Level,Not Applicable,Sealed,Dry,Not Raining,Daylight,Hit Fixed Object,1,Driver Rider,1: PDO,No Control,,,1324755.91,1671019.68,1.32476E+13
2019-12391-8/07/2020,2 Metropolitan,COLLINSWOOD,5081,CITY OF PROSPECT,2,1,0,0,1,2019,December,Thursday,8:35 PM,60,Divided Road,Straight road,Level,Not Applicable,Sealed,Dry,Not Raining,Night,Side Swipe,2,Driver Rider,2: MI,No Control,,,1330144.27,1674927.41,1.33014E+13
2019-12392-8/07/2020,3 Country,LOXTON,5333,LOXTON WAIKERIE DISTRICT COUNCIL,2,0,0,0,0,2019,December,Thursday,9:30 PM,50,T-Junction,Straight road,Level,Not Applicable,Sealed,Dry,Not Raining,Night,Hit Fixed Object,1,Driver Rider,1: PDO,No Control,,,1510846.29,1715061.91,1.51085E+13
2019-12393-8/07/2020,2 Metropolitan,FORESTVILLE,5035,CITY OF UNLEY,2,0,0,0,0,2019,December,Thursday,10:05 AM,50,Not Divided,Straight road,Level,Not Applicable,Sealed,Dry,Not Raining,Daylight,Rear End,1,Driver Rider,1: PDO,No Control,,,1326973.83,1668063.16,1.32697E+13
2019-12394-8/07/2020,2 Metropolitan,WYNN VALE,5127,CITY OF TEA TREE GULLY,2,1,0,0,1,2019,December,Friday,8:15 AM,60,Cross Road,Straight road,Level,Not Applicable,Sealed,Dry,Not Raining,Daylight,Rear End,2,Driver Rider,2: MI,Traffic Signals,,,1338912.98,1684761.61,1.33891E+13
2019-12395-8/07/2020,2 Metropolitan,RENOWN PARK,5008,CITY OF CHARLES STURT,2,1,0,0,1,2019,December,Friday,8:25 AM,60,Not Divided,Straight road,Level,Not Applicable,Sealed,Dry,Not Raining,Daylight,Side Swipe,2,Driver Rider,2: MI,No Control,,,1326475.84,1674452.5,1.32648E+13
2019-12396-8/07/2020,2 Metropolitan,ST MARYS,5042,CC MITCHAM.                   ,2,0,0,0,0,2019,December,Friday,8:50 AM,60,Divided Road,Straight road,Level,Median Opening (not at I/S),Sealed,Dry,Not Raining,Daylight,Rear End,2,Driver Rider,1: PDO,No Control,,,1326065.94,1663330.4,1.32607E+13
2019-12397-8/07/2020,2 Metropolitan,NORWOOD,5067,"CC OF NORWOOD,PAYNEHAM & ST PETERS",2,0,0,0,0,2019,December,Friday,8:37 AM,60,Cross Road,Straight road,Level,Not Applicable,Sealed,Dry,Not Raining,Daylight,Right Turn,1,Driver Rider,1: PDO,Stop Sign,,,1331050.76,1670373.67,1.33105E+13
2019-12398-8/07/2020,2 Metropolitan,FORESTVILLE,5035,CITY OF UNLEY,3,0,0,0,0,2019,June,Sunday,11:40 AM,60,Not Divided,Straight road,Level,Not Applicable,Sealed,Dry,Not Raining,Daylight,Hit Parked Vehicle,1,Driver Rider,1: PDO,No Control,,,1326715.13,1668263.96,1.32672E+13
2019-12399-8/07/2020,2 Metropolitan,REDWOOD PARK,5097,CITY OF TEA TREE GULLY,2,0,0,0,0,2019,December,Monday,3:15 PM,25,Not Divided,Straight road,Level,Not Applicable,Sealed,Dry,Not Raining,Daylight,Hit Pedestrian,2,Driver Rider,1: PDO,No Control,,,1338066.09,1682746.15,1.33807E+13
2019-12400-8/07/2020,3 Country,LOCHIEL,5510,WAKEFIELD REGIONAL COUNCIL,2,1,0,0,1,2019,December,Friday,7:20 AM,100,Not Divided,"CURVED, VIEW OPEN",Bottom of Hill,Not Applicable,Sealed,Dry,Not Raining,Daylight,Hit Fixed Object,1,Driver Rider,2: MI,No Control,,,1289267.72,1782189.42,1.28927E+13
2019-12401-8/07/2020,2 Metropolitan,PARKSIDE,5063,CITY OF UNLEY,2,0,0,0,0,2019,December,Friday,10:10 AM,60,Cross Road,Straight road,Level,Not Applicable,Sealed,Dry,Not Raining,Daylight,Right Angle,1,Driver Rider,1: PDO,Traffic Signals,,,1330707.08,1668319.59,1.33071E+13
2019-12402-8/07/2020,2 Metropolitan,KINGSWOOD,5062,CC MITCHAM.                   ,3,0,0,0,0,2019,December,Thursday,3:50 PM,60,Cross Road,Straight road,Level,Not Applicable,Sealed,Dry,Not Raining,Daylight,Rear End,1,Driver Rider,1: PDO,Traffic Signals,,,1329136.22,1666247.3,1.32914E+13
2019-12403-8/07/2020,2 Metropolitan,NETLEY,5037,CITY OF WEST TORRENS,2,1,0,0,1,2019,December,Friday,10:22 AM,60,T-Junction,Straight road,Level,Not Applicable,Sealed,Dry,Not Raining,Daylight,Right Angle,2,Driver Rider,2: MI,No Control,,,1324190.24,1667987.7,1.32419E+13