REPORT_ID,Stats Area,Suburb,Postcode,LGA Name,Total Units,Total Cas,Total Fats,Total SI,Total MI,Year,Month,Day,Time,Area Speed,Position Type,Horizontal Align,Vertical Align,Other Feat,Road Surface,Moisture Cond,Weather Cond,DayNight,Crash Type,Unit Resp,Entity Code,CSEF Severity,Traffic Ctrls,DUI Involved,Drugs Involved,ACCLOC_X,ACCLOC_Y,UNIQUE_LOC
2019-12404-8/07/2020,2 Metropolitan,BUGLE RANGES,5251,DC MT.BARKER.                 ,2,0,0,0,0,2019,December,Friday,8:10 AM,80,Not Divided,Straight road,Level,Not Applicable,Unsealed,Dry,Not Raining,Daylight,Hit Fixed Object,1,Driver Rider,1: PDO,No Control,,,1353882.22,1643954.01,1.35388E+13
2019-12405-8/07/2020,2 Metropolitan,VIRGINIA,5120,CITY OF PLAYFORD.,2,0,0,0,0,2019,December,Friday,11:45 AM,90,T-Junction,"CURVED, VIEW OPEN",Level,Not Applicable,Sealed,Dry,Not Raining,Daylight,Right Angle,2,Driver Rider,1: PDO,Give Way Sign,,,1326421.71,1696569.21,1.32642E+13
2019-12406-8/07/2020,2 Metropolitan,ST MARYS,5042,CC MITCHAM.                   ,2,1,0,0,1,2019,December,Friday,1:30 PM,60,Divided Road,Straight road,Slope,Not Applicable,Sealed,Dry,Not Raining,Daylight,Side Swipe,2,Driver Rider,2: MI,No Control,,,1326009.17,1661220.51,1.32601E+13
2019-12407-8/07/2020,2 Metropolitan,MARRYATVILLE,5068,"CC OF NORWOOD,PAYNEHAM & ST PETERS",2,1,0,0,1,2019,December,Friday,12:10 PM,60,T-Junction,Straight road,Level,Not Applicable,Sealed,Dry,Not Raining,Daylight,Rear End,2,Driver Rider,2: MI,Give Way Sign,,,1332777.42,1670429.19,1.33278E+13
2019-12408-8/07/2020,2 Metropolitan,GAWLER SOUTH,5118,CT GAWLER.                    ,2,0,0,0,0,2019,December,Friday,8:40 AM,50,T-Junction,Straight road,Level,Not Applicable,Sealed,Dry,Not Raining,Daylight,Rear End,2,Driver Rider,1: PDO,No Control,,,1343088.4,1705805.71,1.34309E+13
2019-12409-8/07/2020,1 City,ADELAIDE,5000,CITY OF ADELAIDE,2,2,0,0,2,2019,December,Friday,1:55 PM,50,Cross Road,Straight road,Level,Not Applicable,Sealed,Dry,Not Raining,Daylight,Right Turn,2,Driver Rider,2: MI,Traffic Signals,,,1329583.38,1670702.93,1.32958E+13
2019-12410-8/07/2020,2 Metropolitan,PARAFIELD,5106,CITY OF SALISBURY,2,1,0,0,1,2019,December,Friday,1:55 PM,80,Cross Road,Straight road,Level,Not Applicable,Sealed,Dry,Not Raining,Daylight,Right Turn,1,Driver Rider,2: MI,Traffic Signals,,Y,1331785.25,1683489.99,1.33179E+13
2019-12411-8/07/2020,3 Country,VINE VALE,5352,THE BAROSSA COUNCIL.,2,0,0,0,0,2019,December,Friday,2:33 PM,80,Y-Junction,Straight road,Slope,Not Applicable,Sealed,Dry,Not Raining,Daylight,Side Swipe,2,Driver Rider,1: PDO,Give Way Sign,,,1366258.06,1712825.77,1.36626E+13
2019-12412-8/07/2020,2 Metropolitan,MEDINDIE,5081,WALKERVILLE TOWN COUNCIL,2,0,0,0,0,2019,December,Friday,2:50 PM,60,T-Junction,Straight road,Level,Not Applicable,Sealed,Dry,Not Raining,Daylight,Rear End,2,Driver Rider,1: PDO,Traffic Signals,,,1328925.08,1674235.07,1.32893E+13
2019-12413-8/07/2020,2 Metropolitan,HILTON,5033,CITY OF WEST TORRENS,2,0,0,0,0,2019,December,Friday,9:40 AM,60,Cross Road,Straight road,Level,Not Applicable,Sealed,Dry,Not Raining,Daylight,Rear End,1,Driver Rider,1: PDO,Traffic Signals,,,1325777.47,1670088.72,1.32578E+13
2019-12414-8/07/2020,2 Metropolitan,GAWLER,5118,CT GAWLER.                    ,2,0,0,0,0,2019,December,Friday,2:45 PM,50,Cross Road,"CURVED, VIEW OPEN",Level,Not Applicable,Sealed,Dry,Not Raining,Daylight,Right Angle,1,Driver Rider,1: PDO,Roundabout,,,1343197.11,1706368.53,1.3432E+13
2019-12415-8/07/2020,2 Metropolitan,CAMDEN PARK,5038,CITY OF WEST TORRENS,2,0,0,0,0,2019,December,Thursday,5:00 PM,60,Divided Road,Straight road,Level,Driveway or Entrance,Sealed,Dry,Not Raining,Daylight,Right Angle,1,Driver Rider,1: PDO,No Control,,,1323091.67,1665742.81,1.32309E+13
2019-12416-8/07/2020,2 Metropolitan,TUSMORE,5065,CITY OF BURNSIDE,1,1,0,0,1,2019,December,Friday,2:00 PM,60,Divided Road,Straight road,Level,Not Applicable,Sealed,Dry,Not Raining,Daylight,Roll Over,9,Other,2: MI,No Control,,Y,1332307.11,1669146.37,1.33231E+13
2019-12417-8/07/2020,2 Metropolitan,ELIZABETH GROVE,5112,CITY OF PLAYFORD.,2,0,0,0,0,2019,December,Friday,4:35 PM,80,Cross Road,Straight road,Level,Not Applicable,Sealed,Dry,Not Raining,Daylight,Rear End,2,Driver Rider,1: PDO,Traffic Signals,,,1336102.24,1692239.97,1.3361E+13
2019-12418-8/07/2020,2 Metropolitan,BROOKLYN PARK,5032,CITY OF WEST TORRENS,2,0,0,0,0,2019,December,Friday,3:50 PM,60,T-Junction,"CURVED, VIEW OPEN",Level,Not Applicable,Sealed,Dry,Not Raining,Daylight,Rear End,2,Driver Rider,1: PDO,Traffic Signals,,,1324123.03,1670938.82,1.32412E+13
2019-12419-8/07/2020,2 Metropolitan,FULHAM,5024,CITY OF WEST TORRENS,2,0,0,0,0,2019,December,Friday,3:48 PM,60,Divided Road,Straight road,Level,Not Applicable,Sealed,Dry,Not Raining,Daylight,Rear End,2,Driver Rider,1: PDO,No Control,,,1320965.93,1670379.9,1.32097E+13
2019-12420-8/07/2020,2 Metropolitan,SALISBURY,5108,CITY OF SALISBURY,2,0,0,0,0,2019,December,Friday,4:35 PM,60,Not Divided,Straight road,Level,Not Applicable,Sealed,Dry,Not Raining,Daylight,Rear End,1,Driver Rider,1: PDO,No Control,,,1333601.5,1688152.81,1.3336E+13
2019-12421-8/07/2020,1 City,ADELAIDE,5000,CITY OF ADELAIDE,2,1,0,0,1,2019,December,Friday,5:15 PM,50,Cross Road,Straight road,Level,Not Applicable,Sealed,Dry,Not Raining,Daylight,Rear End,2,Driver Rider,2: MI,Traffic Signals,,,1327860.32,1670813.48,1.32786E+13
2019-12422-8/07/2020,2 Metropolitan,OVINGHAM,5082,CITY OF CHARLES STURT,2,1,0,0,1,2019,December,Friday,4:05 PM,60,Divided Road,Straight road,Slope,Median Opening (not at I/S),Sealed,Dry,Not Raining,Daylight,Rear End,2,Driver Rider,2: MI,No Control,,,1327312.61,1673471.68,1.32731E+13
2019-12423-8/07/2020,2 Metropolitan,VIRGINIA,5120,CITY OF PLAYFORD.,2,1,0,0,1,2019,December,Friday,5:50 PM,90,Divided Road,Straight road,Level,Not Applicable,Sealed,Dry,Not Raining,Daylight,Rear End,1,Driver Rider,2: MI,No Control,,,1326667.81,1695959.91,1.32667E+13
2019-12424-8/07/2020,2 Metropolitan,NORTH PLYMPTON,5037,CITY OF WEST TORRENS,2,1,0,0,1,2019,December,Friday,5:56 PM,50,Cross Road,Straight road,Level,Not Applicable,Sealed,Dry,Not Raining,Daylight,Right Angle,1,Driver Rider,2: MI,Give Way Sign,,,1324335.84,1668011.04,1.32434E+13
2019-12425-8/07/2020,2 Metropolitan,REGENCY PARK,5010,CITY OF PORT ADELAIDE ENFIELD,2,0,0,0,0,2019,December,Friday,4:45 PM,60,T-Junction,Straight road,Level,Not Applicable,Sealed,Dry,Not Raining,Daylight,Side Swipe,1,Driver Rider,1: PDO,Traffic Signals,,,1326449.52,1676375.13,1.32645E+13
2019-12426-8/07/2020,1 City,ADELAIDE,5000,CITY OF ADELAIDE,2,1,0,0,1,2019,December,Friday,6:00 PM,50,Cross Road,Straight road,Level,Not Applicable,Sealed,Dry,Not Raining,Daylight,Rear End,2,Driver Rider,2: MI,Traffic Signals,,,1328452.6,1671147.69,1.32845E+13
2019-12427-8/07/2020,2 Metropolitan,TUSMORE,5065,CITY OF BURNSIDE,2,0,0,0,0,2019,December,Friday,6:35 PM,60,T-Junction,Straight road,Level,Not Applicable,Sealed,Dry,Not Raining,Daylight,Right Angle,2,Driver Rider,1: PDO,Stop Sign,,,1333197.69,1669076.37,1.3332E+13
2019-12428-8/07/2020,2 Metropolitan,GEPPS CROSS,5094,CITY OF PORT ADELAIDE ENFIELD,2,1,0,0,1,2019,December,Friday,6:10 PM,60,Cross Road,Straight road,Level,Not Applicable,Sealed,Dry,Not Raining,Daylight,Side Swipe,1,Driver Rider,2: MI,Traffic Signals,,,1327996.81,1679245.21,1.328E+13
2019-12429-8/07/2020,2 Metropolitan,SALISBURY HEIGHTS,5109,CITY OF SALISBURY,3,1,0,1,0,2019,December,Friday,7:00 PM,60,Cross Road,Straight road,Slope,Not Applicable,Sealed,Dry,Not Raining,Daylight,Right Turn,1,Driver Rider,3: SI,Traffic Signals,,,1336144.67,1687778.05,1.33615E+13
2019-12430-8/07/2020,2 Metropolitan,FINDON,5023,CITY OF CHARLES STURT,2,0,0,0,0,2019,December,Friday,9:00 PM,60,T-Junction,Straight road,Level,Not Applicable,Sealed,Dry,Not Raining,Night,Hit Fixed Object,1,Driver Rider,1: PDO,No Control,Y,,1321765.6,1673106.35,1.32177E+13
2019-12431-8/07/2020,2 Metropolitan,PENFIELD,5121,CITY OF PLAYFORD.,2,0,0,0,0,2019,December,Friday,9:25 PM,90,Not Divided,"CURVED, VIEW OPEN",Level,Not Applicable,Sealed,Dry,Not Raining,Night,Head On,1,Driver Rider,1: PDO,No Control,,,1330829.79,1696499.63,1.33083E+13
2019-12432-8/07/2020,3 Country,NULLARBOR,5690,,2,0,0,0,0,2019,December,Friday,4:50 PM,110,Not Divided,Straight road,Level,Not Applicable,Sealed,Dry,Not Raining,Daylight,Head On,2,Driver Rider,1: PDO,No Control,,,593187.72,2043813.91,5.93188E+12
2019-12433-8/07/2020,1 City,ADELAIDE,5000,CITY OF ADELAIDE,2,0,0,0,0,2019,December,Friday,6:09 PM,50,Not Divided,Straight road,Level,Not Applicable,Sealed,Dry,Not Raining,Daylight,Hit Parked Vehicle,2,Driver Rider,1: PDO,No Control,,,1328113.54,1669561.74,1.32811E+13
2019-12434-8/07/2020,2 Metropolitan,ATHELSTONE,5076,CC CAMPBELLTOWN.              ,2,0,0,0,0,2019,December,Friday,10:40 PM,60,T-Junction,"CURVED, VIEW OBSCURED",Slope,Not Applicable,Sealed,Dry,Not Raining,Night,Right Angle,1,Driver Rider,1: PDO,No Control,,,1339472,1677189.25,1.33947E+13
2019-12435-8/07/2020,2 Metropolitan,GLENELG,5045,CITY OF HOLDFAST BAY,2,0,0,0,0,2019,December,Friday,11:30 PM,50,Not Divided,Straight road,Level,Not Applicable,Sealed,Dry,Not Raining,Night,Hit Fixed Object,1,Driver Rider,1: PDO,No Control,Y,,1320303.25,1665241.4,1.3203E+13
2019-12436-8/07/2020,1 City,ADELAIDE,5000,CITY OF ADELAIDE,2,0,0,0,0,2019,December,Friday,11:50 PM,50,Divided Road,Straight road,Level,Not Applicable,Sealed,Dry,Not Raining,Night,Hit Pedestrian,1,Pedestrian,1: PDO,No Control,,,1329197.82,1670378.13,1.3292E+13
2019-12437-8/07/2020,2 Metropolitan,NAILSWORTH,5083,CITY OF PROSPECT,4,0,0,0,0,2019,December,Saturday,12:00 AM,60,Divided Road,Straight road,Level,Not Applicable,Sealed,Dry,Not Raining,Night,Hit Fixed Object,1,Driver Rider,1: PDO,No Control,,,1328908.28,1675128.77,1.32891E+13
2019-12438-8/07/2020,2 Metropolitan,BROOKLYN PARK,5032,CITY OF WEST TORRENS,3,0,0,0,0,2019,December,Saturday,12:45 AM,50,Not Divided,Straight road,Level,Not Applicable,Sealed,Dry,Not Raining,Night,Hit Parked Vehicle,1,Driver Rider,1: PDO,No Control,,,1322861.68,1670293.43,1.32286E+13
2019-12439-8/07/2020,1 City,ADELAIDE,5000,CITY OF ADELAIDE,2,0,0,0,0,2019,December,Friday,3:30 PM,50,Not Divided,Straight road,Level,Not Applicable,Sealed,Dry,Not Raining,Daylight,Hit Parked Vehicle,2,Driver Rider,1: PDO,No Control,,,1329105.94,1670947.68,1.32911E+13
2019-12440-8/07/2020,1 City,NORTH ADELAIDE,5006,CITY OF ADELAIDE,2,0,0,0,0,2019,December,Friday,1:30 PM,50,Cross Road,"CURVED, VIEW OPEN",Level,Not Applicable,Sealed,Dry,Not Raining,Daylight,Rear End,2,Driver Rider,1: PDO,Traffic Signals,,,1328087.06,1673327.96,1.32809E+13
2019-12441-8/07/2020,3 Country,SALT CREEK,5264,COORONG DISTRICT COUNCIL,2,1,0,1,0,2019,December,Sunday,8:00 AM,100,Not Divided,Straight road,Crest of Hill,Not Applicable,Sealed,Dry,Not Raining,Daylight,Hit Animal,2,Animal,3: SI,No Control,,,1417502.87,1535375.78,1.4175E+13
2019-12442-8/07/2020,2 Metropolitan,MORPHETT VALE,5162,CITY OF ONKAPARINGA,2,0,0,0,0,2019,December,Saturday,9:30 AM,50,Not Divided,Straight road,Level,Driveway or Entrance,Sealed,Dry,Not Raining,Daylight,Right Angle,1,Driver Rider,1: PDO,No Control,,,1320743.78,1650893.31,1.32074E+13
2019-12443-8/07/2020,2 Metropolitan,HOPE VALLEY,5090,CITY OF TEA TREE GULLY,2,0,0,0,0,2019,December,Saturday,9:00 AM,60,T-Junction,"CURVED, VIEW OPEN",Level,Not Applicable,Sealed,Dry,Not Raining,Daylight,Hit Pedestrian,2,Pedestrian,1: PDO,Traffic Signals,,,1337389.22,1678140.96,1.33739E+13
2019-12444-8/07/2020,2 Metropolitan,ELIZABETH VALE,5112,CITY OF PLAYFORD.,2,0,0,0,0,2019,December,Friday,12:30 PM,60,T-Junction,Straight road,Level,Not Applicable,Sealed,Dry,Not Raining,Daylight,Right Angle,2,Driver Rider,1: PDO,No Control,,,1335092.33,1690006.61,1.33509E+13
2019-12445-8/07/2020,2 Metropolitan,O'HALLORAN HILL,5158,CC MARION.                    ,2,1,0,0,1,2019,December,Friday,7:30 PM,80,T-Junction,Straight road,Level,Not Applicable,Sealed,Dry,Not Raining,Daylight,Rear End,1,Driver Rider,2: MI,Traffic Signals,,,1324349.88,1656621.26,1.32435E+13
2019-12446-8/07/2020,3 Country,COOMOOROO,5431,DC OF ORROROO/CARRIETON,2,0,0,0,0,2019,December,Saturday,9:30 AM,110,Not Divided,Straight road,Level,Not Applicable,Unsealed,Dry,Not Raining,Daylight,Hit Animal,2,Animal,1: PDO,No Control,,,1329069.76,1922628.82,1.32907E+13
2019-12447-8/07/2020,2 Metropolitan,VALLEY VIEW,5092,CITY OF TEA TREE GULLY,2,0,0,0,0,2019,December,Saturday,6:15 AM,60,T-Junction,Straight road,Level,Not Applicable,Sealed,Dry,Not Raining,Daylight,Right Angle,2,Driver Rider,1: PDO,Stop Sign,,,1335747.46,1679979.88,1.33575E+13
2019-12448-8/07/2020,2 Metropolitan,ELIZABETH,5112,CITY OF PLAYFORD.,2,0,0,0,0,2019,December,Saturday,11:21 AM,60,Divided Road,Straight road,Level,Driveway or Entrance,Sealed,Dry,Not Raining,Daylight,Right Angle,1,Driver Rider,1: PDO,No Control,,,1335676.68,1693191.01,1.33568E+13
2019-12449-8/07/2020,1 City,ADELAIDE,5000,CITY OF ADELAIDE,2,0,0,0,0,2019,December,Friday,4:10 PM,50,Cross Road,Straight road,Level,Not Applicable,Sealed,Dry,Not Raining,Daylight,Right Angle,2,Driver Rider,1: PDO,Stop Sign,,,1328374.16,1670030.02,1.32837E+13
2019-12450-8/07/2020,2 Metropolitan,CHRISTIES BEACH,5165,CITY OF ONKAPARINGA,2,0,0,0,0,2019,December,Saturday,10:40 AM,50,Not Divided,Straight road,Level,Not Applicable,Sealed,Dry,Not Raining,Daylight,Hit Fixed Object,1,Driver Rider,1: PDO,No Control,,,1316138.68,1647295.72,1.31614E+13
2019-12451-8/07/2020,3 Country,PORT AUGUSTA,5700,CC PT.AUGUSTA.                ,2,0,0,0,0,2019,December,Saturday,11:05 AM,50,Cross Road,Straight road,Level,Not Applicable,Sealed,Dry,Not Raining,Daylight,Right Angle,1,Driver Rider,1: PDO,Give Way Sign,,,1259085.32,1942394.01,1.25909E+13
2019-12452-8/07/2020,3 Country,PORT LINCOLN,5606,CC PT.LINCOLN.                ,2,1,0,0,1,2019,December,Saturday,11:20 AM,60,Multiple,"CURVED, VIEW OPEN",Level,Not Applicable,Sealed,Dry,Not Raining,Daylight,Right Angle,2,Driver Rider,2: MI,Roundabout,,,1078453.97,1697795.07,1.07845E+13
2019-12453-8/07/2020,2 Metropolitan,LOCKLEYS,5032,CITY OF WEST TORRENS,2,1,0,0,1,2019,December,Saturday,12:05 PM,60,Cross Road,Straight road,Level,Not Applicable,Sealed,Dry,Not Raining,Daylight,Side Swipe,1,Driver Rider,2: MI,Traffic Signals,,,1320911.17,1669960.22,1.32091E+13
2019-12454-8/07/2020,2 Metropolitan,O'HALLORAN HILL,5158,CITY OF ONKAPARINGA,2,2,0,0,2,2019,December,Saturday,12:20 PM,80,T-Junction,Straight road,Level,Not Applicable,Sealed,Dry,Not Raining,Daylight,Right Angle,1,Driver Rider,2: MI,No Control,,,1323883.94,1655220.56,1.32388E+13
2019-12455-8/07/2020,2 Metropolitan,HOPE VALLEY,5090,CITY OF TEA TREE GULLY,2,0,0,0,0,2019,December,Saturday,12:39 PM,60,T-Junction,Straight road,Level,Not Applicable,Sealed,Dry,Not Raining,Daylight,Right Angle,2,Driver Rider,1: PDO,No Control,,,1337020.96,1677952.45,1.33702E+13
2019-12456-8/07/2020,1 City,NORTH ADELAIDE,5006,CITY OF ADELAIDE,2,1,0,0,1,2019,December,Friday,6:45 PM,50,One Way,Straight road,Level,Not Applicable,Sealed,Dry,Not Raining,Daylight,Side Swipe,1,Driver Rider,2: MI,No Control,,,1327859.98,1672770.37,1.32786E+13
2019-12457-8/07/2020,3 Country,STANSBURY,5582,YORKE PENINSULA COUNCIL,2,5,0,2,3,2019,December,Saturday,12:04 PM,100,Not Divided,Straight road,Level,Driveway or Entrance,Sealed,Dry,Not Raining,Daylight,Right Angle,1,Driver Rider,3: SI,No Control,,,1254582.48,1675701.21,1.25458E+13
2019-12458-8/07/2020,2 Metropolitan,WINDSOR GARDENS,5087,CITY OF PORT ADELAIDE ENFIELD,3,0,0,0,0,2019,December,Saturday,2:23 PM,60,Divided Road,"CURVED, VIEW OPEN",Level,Not Applicable,Sealed,Dry,Not Raining,Daylight,Rear End,1,Driver Rider,1: PDO,No Control,,,1334332.08,1677251.16,1.33433E+13
2019-12459-8/07/2020,2 Metropolitan,OAKLANDS PARK,5046,CC MARION.                    ,2,0,0,0,0,2019,December,Saturday,5:04 PM,60,T-Junction,Straight road,Level,Not Applicable,Sealed,Dry,Not Raining,Daylight,Right Angle,1,Driver Rider,1: PDO,Give Way Sign,,,1322761.73,1661110.22,1.32276E+13
2019-12460-8/07/2020,2 Metropolitan,KILKENNY,5009,CITY OF CHARLES STURT,2,0,0,0,0,2019,December,Saturday,6:20 PM,50,Not Divided,Straight road,Unknown,Not Applicable,Sealed,Dry,Not Raining,Daylight,Side Swipe,1,Driver Rider,1: PDO,No Control,,,1324273.14,1676430.77,1.32427E+13
2019-12461-8/07/2020,2 Metropolitan,MOUNT OSMOND,5064,CITY OF BURNSIDE,2,0,0,0,0,2019,December,Saturday,6:40 PM,60,Not Divided,"CURVED, VIEW OBSCURED",Slope,Not Applicable,Sealed,Dry,Not Raining,Daylight,Hit Fixed Object,1,Driver Rider,1: PDO,No Control,,,1334202.33,1667028.21,1.3342E+13
2019-12462-8/07/2020,3 Country,MOUNT GAMBIER,5290,CC MT.GAMBIER.                ,2,1,0,0,1,2019,December,Saturday,6:55 PM,60,Cross Road,"CURVED, VIEW OBSCURED",Slope,Not Applicable,Sealed,Dry,Not Raining,Daylight,Right Angle,1,Driver Rider,2: MI,Stop Sign,,,1509598.27,1339140.53,1.5096E+13
2019-12463-8/07/2020,2 Metropolitan,NORWOOD,5067,"CC OF NORWOOD,PAYNEHAM & ST PETERS",3,2,0,1,1,2019,December,Saturday,8:35 PM,60,Cross Road,Straight road,Level,Not Applicable,Sealed,Dry,Not Raining,Night,Hit Pedestrian,1,Driver Rider,3: SI,Traffic Signals,,,1331433.13,1671069.06,1.33143E+13
2019-12464-8/07/2020,2 Metropolitan,PARALOWIE,5108,CITY OF SALISBURY,2,0,0,0,0,2019,December,Saturday,5:45 AM,90,Divided Road,Straight road,Level,Not Applicable,Sealed,Dry,Not Raining,Night,Rear End,1,Driver Rider,1: PDO,No Control,,,1328431.79,1688799.66,1.32843E+13
2019-12465-8/07/2020,2 Metropolitan,MOUNT BARKER,5251,DC MT.BARKER.                 ,2,0,0,0,0,2019,December,Saturday,7:00 PM,60,Cross Road,Straight road,Level,Not Applicable,Sealed,Dry,Not Raining,Daylight,Right Angle,2,Driver Rider,1: PDO,Roundabout,,,1351901.57,1653063.6,1.3519E+13
2019-12466-8/07/2020,2 Metropolitan,LARGS BAY,5016,CITY OF PORT ADELAIDE ENFIELD,2,1,0,0,1,2019,December,Sunday,8:00 AM,60,Not Divided,Straight road,Level,Not Applicable,Sealed,Dry,Not Raining,Daylight,Rear End,1,Driver Rider,2: MI,No Control,,,1318659.83,1682444.98,1.31866E+13
2019-12467-8/07/2020,2 Metropolitan,PARA HILLS WEST,5096,CITY OF SALISBURY,2,0,0,0,0,2019,December,Sunday,9:17 AM,60,Cross Road,Straight road,Level,Not Applicable,Sealed,Dry,Not Raining,Daylight,Right Turn,1,Driver Rider,1: PDO,Traffic Signals,,,1333442.68,1683696.42,1.33344E+13
2019-12468-8/07/2020,2 Metropolitan,PORT WILLUNGA,5173,CITY OF ONKAPARINGA,3,0,0,0,0,2019,December,Saturday,6:30 PM,60,Not Divided,Straight road,Level,Not Applicable,Sealed,Dry,Not Raining,Daylight,Hit Fixed Object,1,Driver Rider,1: PDO,No Control,,,1314777.07,1633128.73,1.31478E+13
2019-12469-8/07/2020,3 Country,MOUNT GAMBIER,5290,CC MT.GAMBIER.                ,3,2,0,0,2,2019,December,Sunday,9:50 AM,60,Cross Road,"CURVED, VIEW OBSCURED",Slope,Not Applicable,Sealed,Dry,Not Raining,Daylight,Right Angle,1,Driver Rider,2: MI,Stop Sign,,,1509598.27,1339140.53,1.5096E+13
2019-12470-8/07/2020,2 Metropolitan,LENSWOOD,5240,THE ADELAIDE HILLS COUNCIL,1,1,0,0,1,2019,December,Sunday,8:45 AM,80,Not Divided,"CURVED, VIEW OBSCURED",Slope,Not Applicable,Sealed,Dry,Not Raining,Daylight,Roll Over,1,Driver Rider,2: MI,No Control,,,1349116.91,1671789.04,1.34912E+13
2019-12471-8/07/2020,2 Metropolitan,MODBURY,5092,CITY OF TEA TREE GULLY,2,1,0,0,1,2019,December,Saturday,10:36 AM,80,Divided Road,Straight road,Level,Not Applicable,Sealed,Dry,Not Raining,Daylight,Rear End,2,Driver Rider,2: MI,No Control,,,1336160.46,1680984.01,1.33616E+13
2019-12472-8/07/2020,2 Metropolitan,WAYVILLE,5034,CITY OF UNLEY,3,0,0,0,0,2019,December,Sunday,10:05 AM,60,Cross Road,Straight road,Level,Not Applicable,Sealed,Dry,Not Raining,Daylight,Right Angle,1,Driver Rider,1: PDO,Traffic Signals,,,1327426.25,1668913.54,1.32743E+13
2019-12473-8/07/2020,2 Metropolitan,REYNELLA,5161,CITY OF ONKAPARINGA,2,0,0,0,0,2019,December,Sunday,10:30 AM,100,Freeway,Straight road,Level,Not Applicable,Sealed,Dry,Not Raining,Daylight,Rear End,1,Driver Rider,1: PDO,No Control,,,1320557.25,1652110.22,1.32056E+13
2019-12474-8/07/2020,2 Metropolitan,REYNELLA,5161,CITY OF ONKAPARINGA,3,0,0,0,0,2019,December,Sunday,10:30 AM,100,Freeway,Straight road,Level,Not Applicable,Sealed,Dry,Not Raining,Daylight,Hit Fixed Object,1,Driver Rider,1: PDO,No Control,,,1321474.02,1652726.09,1.32147E+13
2019-12475-8/07/2020,2 Metropolitan,CLEARVIEW,5085,CITY OF PORT ADELAIDE ENFIELD,2,1,0,0,1,2019,December,Sunday,11:25 AM,60,Not Divided,Straight road,Level,Not Applicable,Sealed,Dry,Not Raining,Daylight,Head On,2,Driver Rider,2: MI,No Control,,,1330038.47,1679283.28,1.33004E+13
2019-12476-8/07/2020,2 Metropolitan,HAWTHORNDENE,5051,CC MITCHAM.                   ,2,0,0,0,0,2019,December,Saturday,10:00 PM,50,Not Divided,"CURVED, VIEW OBSCURED",Slope,Not Applicable,Sealed,Dry,Not Raining,Night,Hit Parked Vehicle,2,Driver Rider,1: PDO,No Control,,,1330787.84,1659664.4,1.33079E+13
2019-12477-8/07/2020,2 Metropolitan,MONTACUTE,5134,THE ADELAIDE HILLS COUNCIL,2,1,0,1,0,2019,December,Sunday,12:45 PM,80,Not Divided,"CURVED, VIEW OBSCURED",Slope,Not Applicable,Sealed,Dry,Not Raining,Daylight,Hit Fixed Object,1,Driver Rider,3: SI,No Control,,,1342427.14,1673863.21,1.34243E+13
2019-12478-8/07/2020,2 Metropolitan,STEPNEY,5069,"CC OF NORWOOD,PAYNEHAM & ST PETERS",2,0,0,0,0,2019,December,Saturday,11:15 PM,60,Cross Road,Straight road,Level,Not Applicable,Sealed,Dry,Not Raining,Night,Right Turn,2,Driver Rider,1: PDO,Traffic Signals,,,1331113.37,1672400.35,1.33111E+13
2019-12479-8/07/2020,2 Metropolitan,HOLDEN HILL,5088,CITY OF PORT ADELAIDE ENFIELD,3,0,0,0,0,2019,December,Sunday,1:52 PM,60,Divided Road,Straight road,Level,Not Applicable,Sealed,Dry,Not Raining,Daylight,Rear End,1,Driver Rider,1: PDO,No Control,,,1333902.44,1678158.48,1.3339E+13
2019-12480-8/07/2020,3 Country,WISANGER,5223,KANGAROO ISLAND COUNCIL,2,1,0,0,1,2019,December,Sunday,2:50 PM,100,Not Divided,"CURVED, VIEW OBSCURED",Level,Driveway or Entrance,Sealed,Dry,Not Raining,Daylight,Hit Fixed Object,1,Driver Rider,2: MI,No Control,,,1228408.67,1598044.46,1.22841E+13
2019-12481-8/07/2020,3 Country,YORKETOWN,5576,YORKE PENINSULA COUNCIL,2,1,0,0,1,2019,December,Sunday,4:15 PM,100,Not Divided,"CURVED, VIEW OBSCURED",Level,Not Applicable,Sealed,Dry,Not Raining,Daylight,Hit Fixed Object,1,Driver Rider,2: MI,No Control,,,1235208.54,1668432.08,1.23521E+13
2019-12482-8/07/2020,2 Metropolitan,ENFIELD,5085,CITY OF PROSPECT,2,1,0,0,1,2019,December,Sunday,5:30 PM,60,Divided Road,Straight road,Slope,Not Applicable,Sealed,Dry,Not Raining,Daylight,Hit Parked Vehicle,1,Driver Rider,2: MI,No Control,,,1328866.27,1676746.39,1.32887E+13
2019-12483-8/07/2020,2 Metropolitan,CHRISTIE DOWNS,5164,CITY OF ONKAPARINGA,2,0,0,0,0,2019,December,Sunday,5:46 PM,60,Cross Road,Straight road,Slope,Not Applicable,Sealed,Dry,Not Raining,Daylight,Right Angle,1,Driver Rider,1: PDO,Give Way Sign,,,1318484.22,1648627.93,1.31848E+13