REPORT_ID,Stats Area,Suburb,Postcode,LGA Name,Total Units,Total Cas,Total Fats,Total SI,Total MI,Year,Month,Day,Time,Area Speed,Position Type,Horizontal Align,Vertical Align,Other Feat,Road Surface,Moisture Cond,Weather Cond,DayNight,Crash Type,Unit Resp,Entity Code,CSEF Severity,Traffic Ctrls,DUI Involved,Drugs Involved,ACCLOC_X,ACCLOC_Y,UNIQUE_LOC
2019-12484-8/07/2020,2 Metropolitan,UNLEY,5061,CITY OF UNLEY,2,0,0,0,0,2019,December,Sunday,5:50 PM,40,T-Junction,Straight road,Level,Not Applicable,Sealed,Dry,Not Raining,Daylight,Right Turn,2,Driver Rider,1: PDO,No Control,,,1329492.63,1667788.35,1.32949E+13
2019-12485-8/07/2020,2 Metropolitan,SALISBURY NORTH,5108,CITY OF SALISBURY,2,1,0,1,0,2019,December,Sunday,5:54 PM,50,Divided Road,"CURVED, VIEW OPEN",Level,Not Applicable,Sealed,Dry,Not Raining,Daylight,Hit Fixed Object,1,Driver Rider,3: SI,No Control,,,1332391.54,1690324.04,1.33239E+13
2019-12486-8/07/2020,2 Metropolitan,BRIGHTON,5048,CITY OF HOLDFAST BAY,2,1,0,1,0,2019,December,Sunday,9:45 AM,60,T-Junction,Straight road,Level,Driveway or Entrance,Sealed,Dry,Not Raining,Daylight,Side Swipe,1,Driver Rider,3: SI,Traffic Signals,,,1321144.14,1660807.55,1.32114E+13
2019-12487-8/07/2020,2 Metropolitan,HALLETT COVE,5158,CC MARION.                    ,2,0,0,0,0,2019,December,Sunday,6:30 PM,50,Not Divided,"CURVED, VIEW OBSCURED",Level,Not Applicable,Sealed,Dry,Not Raining,Daylight,Head On,2,Driver Rider,1: PDO,No Control,,,1319520.62,1653259.79,1.31952E+13
2019-12488-8/07/2020,3 Country,PENWORTHAM,5453,CLARE AND GILBERT VALLEYS DISTRICT COUNCIL,2,1,1,0,0,2019,December,Sunday,4:55 PM,100,Not Divided,Straight road,Slope,Not Applicable,Sealed,Dry,Not Raining,Daylight,Hit Fixed Object,1,Driver Rider,4: Fatal,No Control,,,1335641.33,1783088.24,1.33564E+13
2019-12489-8/07/2020,2 Metropolitan,THEBARTON,5031,CITY OF WEST TORRENS,2,0,0,0,0,2019,December,Wednesday,3:50 PM,60,T-Junction,Straight road,Level,Not Applicable,Sealed,Dry,Not Raining,Daylight,Side Swipe,2,Driver Rider,1: PDO,No Control,,,1326579.97,1671452.91,1.32658E+13
2019-12490-8/07/2020,2 Metropolitan,LYNTON,5062,CC MITCHAM.                   ,2,0,0,0,0,2019,December,Sunday,6:50 PM,60,Not Divided,"CURVED, VIEW OBSCURED",Slope,Not Applicable,Sealed,Dry,Not Raining,Daylight,Hit Fixed Object,1,Driver Rider,1: PDO,No Control,,,1329095.37,1662884.62,1.3291E+13
2019-12491-8/07/2020,3 Country,RENMARK,5341,DC RENMARK PARINGA            ,2,0,0,0,0,2019,December,Sunday,4:30 PM,50,Cross Road,Straight road,Level,Not Applicable,Sealed,Dry,Not Raining,Daylight,Right Angle,1,Driver Rider,1: PDO,Give Way Sign,Y,,1528837.66,1745423.1,1.52884E+13
2019-12492-8/07/2020,2 Metropolitan,RIDGEHAVEN,5097,CITY OF TEA TREE GULLY,2,1,0,0,1,2019,December,Sunday,10:10 PM,70,T-Junction,Straight road,Bottom of Hill,Not Applicable,Sealed,Dry,Not Raining,Night,Hit Pedestrian,1,Driver Rider,2: MI,Traffic Signals,,,1337566.14,1682375.29,1.33757E+13
2019-12493-8/07/2020,2 Metropolitan,LOBETHAL,5241,THE ADELAIDE HILLS COUNCIL,2,0,0,0,0,2019,December,Sunday,10:40 PM,80,Not Divided,"CURVED, VIEW OPEN",Slope,Not Applicable,Sealed,Dry,Not Raining,Night,Hit Fixed Object,1,Driver Rider,1: PDO,No Control,,,1353147.41,1671451.46,1.35315E+13
2019-12494-8/07/2020,2 Metropolitan,SAMPSON FLAT,5114,CITY OF PLAYFORD.,2,1,0,1,0,2019,December,Sunday,10:23 PM,80,Not Divided,Straight road,Level,Not Applicable,Sealed,Dry,Not Raining,Night,Hit Fixed Object,1,Driver Rider,3: SI,No Control,,,1345258.63,1691207.55,1.34526E+13
2019-12495-8/07/2020,3 Country,TRURO,5356,MID MURRAY DISTRICT COUNCIL,1,0,0,0,0,2019,December,Sunday,7:25 AM,110,Not Divided,Straight road,Level,Not Applicable,Sealed,Dry,Not Raining,Daylight,Roll Over,1,Driver Rider,1: PDO,No Control,,,1389342.14,1726477.94,1.38934E+13
2019-12496-8/07/2020,3 Country,WALLAROO,5556,COPPER COAST DISTRICT COUNCIL,2,0,0,0,0,2019,December,Monday,5:35 AM,50,Cross Road,Straight road,Level,Not Applicable,Sealed,Dry,Not Raining,Night,Right Turn,1,Driver Rider,1: PDO,Give Way Sign,,,1243436.57,1782931.04,1.24344E+13
2019-12497-8/07/2020,2 Metropolitan,WESTBOURNE PARK,5041,CC MITCHAM.                   ,2,0,0,0,0,2019,December,Monday,8:50 AM,60,Cross Road,Straight road,Level,Not Applicable,Sealed,Dry,Not Raining,Daylight,Rear End,1,Driver Rider,1: PDO,Traffic Signals,,,1327507.74,1666207.56,1.32751E+13
2019-12498-8/07/2020,1 City,NORTH ADELAIDE,5006,CITY OF ADELAIDE,2,0,0,0,0,2019,December,Sunday,4:10 PM,50,Not Divided,Straight road,Level,Median Opening (not at I/S),Sealed,Dry,Not Raining,Daylight,Hit Parked Vehicle,1,Driver Rider,1: PDO,No Control,,,1327135.61,1672308.49,1.32714E+13
2019-12499-8/07/2020,2 Metropolitan,STURT,5047,CC MARION.                    ,2,0,0,0,0,2019,December,Monday,9:10 AM,60,T-Junction,Straight road,Level,Not Applicable,Sealed,Dry,Not Raining,Daylight,Right Turn,1,Driver Rider,1: PDO,No Control,,,1323836.78,1660653.43,1.32384E+13
2019-12500-8/07/2020,2 Metropolitan,MAWSON LAKES,5095,CITY OF SALISBURY,2,1,0,0,1,2019,December,Friday,1:50 PM,80,T-Junction,Straight road,Level,Not Applicable,Sealed,Dry,Not Raining,Daylight,Rear End,2,Driver Rider,2: MI,Traffic Signals,,,1331190.78,1682739.34,1.33119E+13
2019-12501-8/07/2020,3 Country,WHYALLA,5600,CC WHYALLA.                   ,2,0,0,0,0,2019,December,Sunday,10:30 PM,60,Cross Road,Straight road,Slope,Not Applicable,Sealed,Dry,Not Raining,Night,Right Angle,1,Driver Rider,1: PDO,Roundabout,,,1240648.25,1882157.89,1.24065E+13
2019-12502-8/07/2020,2 Metropolitan,PARA HILLS,5096,CITY OF SALISBURY,2,2,0,0,2,2019,December,Monday,10:10 AM,50,T-Junction,Straight road,Slope,Not Applicable,Sealed,Dry,Not Raining,Daylight,Right Angle,2,Driver Rider,2: MI,No Control,,,1333792,1682766.66,1.33379E+13
2019-12503-8/07/2020,2 Metropolitan,ELIZABETH,5112,CITY OF PLAYFORD.,2,2,0,0,2,2019,December,Monday,11:32 AM,60,Divided Road,"CURVED, VIEW OPEN",Level,Driveway or Entrance,Sealed,Dry,Not Raining,Daylight,Right Angle,1,Driver Rider,2: MI,No Control,,,1335676.68,1693191.01,1.33568E+13
2019-12504-8/07/2020,2 Metropolitan,PROSPECT,5082,CITY OF PROSPECT,2,0,0,0,0,2019,December,Monday,8:45 AM,60,Not Divided,Straight road,Level,Not Applicable,Sealed,Dry,Not Raining,Daylight,Hit Parked Vehicle,2,Driver Rider,1: PDO,No Control,,,1328222.28,1675074.73,1.32822E+13
2019-12505-8/07/2020,2 Metropolitan,FULLARTON,5063,CITY OF UNLEY,3,1,0,0,1,2019,December,Monday,12:15 PM,60,Not Divided,Straight road,Slope,Not Applicable,Sealed,Dry,Not Raining,Daylight,Rear End,1,Driver Rider,2: MI,No Control,,,1331132.25,1667994.97,1.33113E+13
2019-12506-8/07/2020,3 Country,MILLICENT,5280,WATTLE RANGE COUNCIL,2,0,0,0,0,2019,December,Monday,10:30 AM,80,Cross Road,Straight road,Level,Not Applicable,Sealed,Dry,Not Raining,Daylight,Right Angle,1,Driver Rider,1: PDO,Give Way Sign,,,1470422.31,1368937.38,1.47042E+13
2019-12507-8/07/2020,1 City,ADELAIDE,5000,CITY OF ADELAIDE,2,0,0,0,0,2019,December,Monday,12:20 PM,50,T-Junction,Straight road,Level,Not Applicable,Sealed,Dry,Not Raining,Daylight,Right Angle,1,Driver Rider,1: PDO,Give Way Sign,,,1329122.76,1669582.56,1.32912E+13
2019-12508-8/07/2020,2 Metropolitan,PARKSIDE,5063,CITY OF UNLEY,2,1,0,0,1,2019,December,Thursday,7:50 AM,60,Divided Road,Straight road,Level,Not Applicable,Sealed,Dry,Not Raining,Daylight,Rear End,2,Driver Rider,2: MI,No Control,,,1329439.55,1668974.27,1.32944E+13
2019-12509-8/07/2020,2 Metropolitan,CLOVELLY PARK,5042,CC MARION.                    ,2,0,0,0,0,2019,December,Monday,11:00 AM,60,Divided Road,Straight road,Level,Driveway or Entrance,Sealed,Dry,Not Raining,Daylight,Rear End,1,Driver Rider,1: PDO,No Control,,,1325697.08,1663318.37,1.3257E+13
2019-12510-8/07/2020,2 Metropolitan,PARKSIDE,5063,CITY OF UNLEY,3,0,0,0,0,2019,December,Monday,10:00 AM,60,Cross Road,Straight road,Level,Not Applicable,Sealed,Dry,Not Raining,Daylight,Rear End,1,Driver Rider,1: PDO,Traffic Signals,,,1330707.08,1668319.59,1.33071E+13
2019-12511-8/07/2020,3 Country,MIDDLETON,5213,ALEXANDRINA COUNCIL,2,0,0,0,0,2019,December,Monday,11:45 AM,50,Not Divided,Straight road,Level,Not Applicable,Sealed,Dry,Not Raining,Daylight,Hit Pedestrian,2,Pedestrian,1: PDO,No Control,,,1335923.61,1605599.43,1.33592E+13
2019-12512-8/07/2020,3 Country,ASHVILLE,5259,COORONG DISTRICT COUNCIL,3,2,0,1,1,2019,December,Monday,12:45 PM,110,Not Divided,Straight road,Level,Not Applicable,Sealed,Dry,Not Raining,Daylight,Head On,1,Driver Rider,3: SI,No Control,,,1396008.98,1594977.69,1.39601E+13
2019-12513-8/07/2020,2 Metropolitan,MILE END SOUTH,5031,CITY OF WEST TORRENS,2,0,0,0,0,2019,December,Monday,1:00 PM,60,T-Junction,Straight road,Level,Not Applicable,Sealed,Dry,Not Raining,Daylight,Right Angle,2,Driver Rider,1: PDO,Give Way Sign,,,1325795.41,1669257.26,1.3258E+13
2019-12514-8/07/2020,3 Country,COOMANDOOK,5261,COORONG DISTRICT COUNCIL,3,1,0,0,1,2019,December,Monday,11:52 AM,110,Not Divided,"CURVED, VIEW OPEN",Level,Not Applicable,Sealed,Dry,Not Raining,Daylight,Head On,2,Driver Rider,2: MI,No Control,,,1420978.04,1609537.72,1.42098E+13
2019-12515-8/07/2020,1 City,NORTH ADELAIDE,5006,CITY OF ADELAIDE,2,1,0,0,1,2019,December,Sunday,12:14 AM,60,Cross Road,Straight road,Level,Not Applicable,Sealed,Dry,Not Raining,Night,Rear End,2,Driver Rider,2: MI,Traffic Signals,,,1327899.7,1671597.52,1.3279E+13
2019-12516-8/07/2020,2 Metropolitan,CHELTENHAM,5014,CITY OF CHARLES STURT,2,1,0,1,0,2019,December,Monday,2:47 PM,60,Cross Road,Straight road,Level,Not Applicable,Sealed,Dry,Not Raining,Daylight,Right Angle,1,Driver Rider,3: SI,Traffic Signals,,,1322118.29,1676363.89,1.32212E+13
2019-12517-8/07/2020,3 Country,MUNDOORA,5555,BARUNGA WEST DISTRICT COUNCIL,1,1,0,1,0,2019,November,Saturday,12:30 PM,100,Not Divided,"CURVED, VIEW OPEN",Crest of Hill,Not Applicable,Unsealed,Dry,Not Raining,Daylight,Roll Over,1,Driver Rider,3: SI,No Control,,,1285791.8,1822428.36,1.28579E+13
2019-12518-8/07/2020,3 Country,LOCHIEL,5510,WAKEFIELD REGIONAL COUNCIL,2,2,0,2,0,2019,December,Monday,12:20 PM,110,Not Divided,Straight road,Level,Driveway or Entrance,Sealed,Dry,Not Raining,Daylight,Rear End,2,Driver Rider,3: SI,No Control,,,1291901.73,1784089.09,1.2919E+13
2019-12519-8/07/2020,2 Metropolitan,OSBORNE,5017,CITY OF PORT ADELAIDE ENFIELD,2,1,0,0,1,2019,December,Monday,4:11 PM,60,Divided Road,Straight road,Level,Not Applicable,Sealed,Dry,Not Raining,Daylight,Rear End,2,Driver Rider,2: MI,No Control,,,1319984.44,1685381.1,1.31998E+13
2019-12520-8/07/2020,2 Metropolitan,SEAFORD RISE,5169,CITY OF ONKAPARINGA,3,1,0,1,0,2019,December,Monday,4:00 PM,90,Not Divided,Straight road,Level,Not Applicable,Sealed,Dry,Not Raining,Daylight,Hit Fixed Object,1,Driver Rider,3: SI,No Control,,,1317561.98,1640923.88,1.31756E+13
2019-12521-8/07/2020,2 Metropolitan,STURT,5047,CC MARION.                    ,2,0,0,0,0,2019,December,Monday,9:00 AM,60,Divided Road,Straight road,Level,Not Applicable,Sealed,Dry,Not Raining,Daylight,Rear End,1,Driver Rider,1: PDO,No Control,,,1323666.3,1660647.95,1.32367E+13
2019-12522-8/07/2020,3 Country,CONMURRA,5272,DC NARACOORTE & LUCINDALE.,1,1,0,1,0,2019,December,Monday,2:45 PM,110,Cross Road,"CURVED, VIEW OPEN",Level,Not Applicable,Sealed,Dry,Not Raining,Daylight,Roll Over,1,Driver Rider,3: SI,Give Way Sign,,Y,1470534.91,1422775.33,1.47054E+13
2019-12523-8/07/2020,3 Country,WHYALLA,5600,CC WHYALLA.                   ,2,0,0,0,0,2019,December,Monday,4:40 PM,60,T-Junction,Straight road,Level,Driveway or Entrance,Sealed,Dry,Not Raining,Daylight,Rear End,2,Driver Rider,1: PDO,No Control,,,1239288.99,1882014.57,1.23929E+13
2019-12524-8/07/2020,2 Metropolitan,ELIZABETH,5112,CITY OF PLAYFORD.,3,2,0,0,2,2019,December,Monday,4:00 PM,80,Divided Road,"CURVED, VIEW OPEN",Level,Not Applicable,Sealed,Dry,Not Raining,Daylight,Rear End,1,Driver Rider,2: MI,No Control,,,1335916.17,1693443.79,1.33592E+13
2019-12525-8/07/2020,2 Metropolitan,GLOBE DERBY PARK,5110,CITY OF SALISBURY,5,2,0,0,2,2019,December,Monday,5:40 PM,80,Divided Road,Straight road,Crest of Hill,Not Applicable,Sealed,Dry,Not Raining,Daylight,Rear End,1,Driver Rider,2: MI,No Control,,,1328649.82,1685083.37,1.32865E+13
2019-12526-8/07/2020,2 Metropolitan,WOODVILLE PARK,5011,CITY OF CHARLES STURT,2,0,0,0,0,2019,December,Monday,5:25 PM,60,Divided Road,Straight road,Level,Not Applicable,Sealed,Dry,Not Raining,Daylight,Hit Pedestrian,2,Pedestrian,1: PDO,No Control,,,1323997.5,1676398.4,1.324E+13
2019-12527-8/07/2020,2 Metropolitan,SEATON,5023,CITY OF CHARLES STURT,2,1,0,0,1,2019,December,Monday,5:45 PM,60,T-Junction,Straight road,Level,Not Applicable,Sealed,Dry,Not Raining,Daylight,Rear End,2,Driver Rider,2: MI,Give Way Sign,,,1321556.74,1674705.24,1.32156E+13
2019-12528-8/07/2020,3 Country,PINNAROO,5304,SOUTHERN MALLEE DISTRICT COUNCIL,1,1,0,1,0,2019,December,Monday,12:00 PM,110,Not Divided,"CURVED, VIEW OPEN",Level,Not Applicable,Sealed,Dry,Not Raining,Daylight,Roll Over,1,Driver Rider,3: SI,No Control,,,1536301.1,1622454.99,1.5363E+13
2019-12529-8/07/2020,2 Metropolitan,TUSMORE,5065,CITY OF BURNSIDE,2,0,0,0,0,2019,December,Monday,6:15 PM,50,Not Divided,Straight road,Level,Not Applicable,Sealed,Dry,Not Raining,Daylight,Hit Fixed Object,1,Driver Rider,1: PDO,No Control,,,1332790.75,1669693.51,1.33279E+13
2019-12530-8/07/2020,2 Metropolitan,MITCHELL PARK,5043,CC MARION.                    ,2,1,0,0,1,2019,December,Monday,5:00 PM,60,T-Junction,Straight road,Level,Not Applicable,Sealed,Dry,Not Raining,Daylight,Right Angle,1,Driver Rider,2: MI,No Control,,,1324908.37,1660680.69,1.32491E+13
2019-12531-8/07/2020,2 Metropolitan,MAYLANDS,5069,"CC OF NORWOOD,PAYNEHAM & ST PETERS",2,0,0,0,0,2019,December,Monday,8:39 PM,60,Cross Road,Straight road,Level,Not Applicable,Sealed,Dry,Not Raining,Night,Right Turn,2,Driver Rider,1: PDO,Traffic Signals,,,1332227.63,1671761.35,1.33223E+13
2019-12532-8/07/2020,2 Metropolitan,INGLE FARM,5098,CITY OF SALISBURY,2,0,0,0,0,2019,December,Monday,6:50 PM,50,Not Divided,Straight road,Level,Not Applicable,Sealed,Dry,Not Raining,Daylight,Hit Parked Vehicle,1,Driver Rider,1: PDO,No Control,Y,,1332283.83,1681257.72,1.33228E+13
2019-12533-8/07/2020,2 Metropolitan,EDWARDSTOWN,5039,CC MITCHAM.                   ,2,0,0,0,0,2019,December,Monday,8:30 PM,60,Not Divided,Straight road,Level,Not Applicable,Sealed,Dry,Not Raining,Night,Side Swipe,2,Driver Rider,1: PDO,No Control,,,1325905.63,1665354.41,1.32591E+13
2019-12534-8/07/2020,3 Country,MOUNT COMPASS,5210,ALEXANDRINA COUNCIL,2,1,0,0,1,2019,December,Monday,4:20 PM,80,Not Divided,"CURVED, VIEW OPEN",Level,Not Applicable,Sealed,Dry,Not Raining,Daylight,Hit Fixed Object,1,Driver Rider,2: MI,No Control,,,1328203.55,1624324.74,1.3282E+13
2019-12535-8/07/2020,2 Metropolitan,BURTON,5110,CITY OF SALISBURY,2,1,1,0,0,2019,December,Tuesday,4:20 AM,70,Not Divided,Straight road,Level,Not Applicable,Sealed,Dry,Not Raining,Night,Head On,1,Driver Rider,4: Fatal,No Control,,,1329326.7,1691480.23,1.32933E+13
2019-12536-8/07/2020,2 Metropolitan,MODBURY NORTH,5092,CITY OF TEA TREE GULLY,2,0,0,0,0,2019,December,Tuesday,5:25 AM,80,Cross Road,Straight road,Slope,Not Applicable,Sealed,Dry,Not Raining,Night,Right Turn,1,Driver Rider,1: PDO,Traffic Signals,,,1335966.45,1682345.59,1.33597E+13
2019-12537-8/07/2020,3 Country,MAITLAND,5573,YORKE PENINSULA COUNCIL,2,2,0,2,0,2019,December,Monday,5:00 PM,50,Cross Road,Straight road,Level,Not Applicable,Sealed,Dry,Not Raining,Daylight,Right Angle,1,Driver Rider,3: SI,Give Way Sign,,,1245572.23,1734518.65,1.24557E+13
2019-12538-8/07/2020,3 Country,HINDMARSH VALLEY,5211,DC VICTOR HARBOR.             ,2,0,0,0,0,2019,December,Tuesday,7:30 AM,80,Cross Road,"CURVED, VIEW OPEN",Level,Not Applicable,Sealed,Dry,Not Raining,Daylight,Right Angle,2,Driver Rider,1: PDO,Roundabout,,,1329376.05,1604814.92,1.32938E+13
2019-12539-8/07/2020,2 Metropolitan,GEPPS CROSS,5094,CITY OF PORT ADELAIDE ENFIELD,2,0,0,0,0,2019,December,Tuesday,7:35 AM,60,Multiple,Straight road,Level,Not Applicable,Sealed,Dry,Not Raining,Daylight,Rear End,2,Driver Rider,1: PDO,Traffic Signals,,,1328791.33,1679280.13,1.32879E+13
2019-12540-8/07/2020,2 Metropolitan,NORTHFIELD,5085,CITY OF PORT ADELAIDE ENFIELD,3,1,0,0,1,2019,December,Tuesday,8:30 AM,60,T-Junction,Straight road,Level,Not Applicable,Sealed,Dry,Not Raining,Daylight,Side Swipe,1,Driver Rider,2: MI,Traffic Signals,,Y,1330398.9,1678041.81,1.3304E+13
2019-12541-8/07/2020,2 Metropolitan,VALLEY VIEW,5093,CITY OF TEA TREE GULLY,2,0,0,0,0,2019,December,Tuesday,8:25 AM,60,Cross Road,Straight road,Slope,Not Applicable,Sealed,Dry,Not Raining,Daylight,Right Turn,2,Driver Rider,1: PDO,Traffic Signals,,,1335297.49,1679399.6,1.3353E+13
2019-12542-8/07/2020,2 Metropolitan,THEBARTON,5031,CITY OF WEST TORRENS,2,0,0,0,0,2019,December,Monday,4:10 PM,60,T-Junction,Straight road,Level,Not Applicable,Sealed,Dry,Not Raining,Daylight,Rear End,1,Driver Rider,1: PDO,Traffic Signals,,,1326511.33,1672105.66,1.32651E+13
2019-12543-8/07/2020,2 Metropolitan,EDWARDSTOWN,5039,CC MARION.                    ,2,0,0,0,0,2019,December,Tuesday,8:30 AM,60,Divided Road,Straight road,Level,Not Applicable,Sealed,Dry,Not Raining,Daylight,Side Swipe,2,Driver Rider,1: PDO,No Control,,,1325836.33,1666160.71,1.32584E+13
2019-12544-8/07/2020,3 Country,MENINGIE,5264,COORONG DISTRICT COUNCIL,2,0,0,0,0,2019,December,Monday,2:00 PM,80,Not Divided,Straight road,Level,Not Applicable,Sealed,Dry,Not Raining,Daylight,Hit Parked Vehicle,2,Driver Rider,1: PDO,No Control,,,1392948.61,1585003.39,1.39295E+13
2019-12545-8/07/2020,1 City,ADELAIDE,5000,CITY OF ADELAIDE,2,1,0,0,1,2019,December,Tuesday,8:10 AM,50,Not Divided,Straight road,Level,Not Applicable,Sealed,Dry,Not Raining,Daylight,Side Swipe,1,Driver Rider,2: MI,No Control,,,1328858.96,1670043.83,1.32886E+13
2019-12546-8/07/2020,2 Metropolitan,CRAFERS,5152,THE ADELAIDE HILLS COUNCIL,2,0,0,0,0,2019,December,Tuesday,8:00 AM,100,Interchange,Straight road,Slope,Not Applicable,Sealed,Dry,Not Raining,Daylight,Rear End,1,Driver Rider,1: PDO,No Control,,,1338083.44,1662299.48,1.33808E+13
2019-12547-8/07/2020,2 Metropolitan,ST MARYS,5042,CC MITCHAM.                   ,3,2,0,0,2,2019,December,Tuesday,6:50 AM,60,Divided Road,Straight road,Level,Not Applicable,Sealed,Dry,Not Raining,Daylight,Rear End,1,Driver Rider,2: MI,No Control,,,1325963.32,1663004.52,1.32596E+13
2019-12548-8/07/2020,3 Country,WHYALLA STUART,5608,CC WHYALLA.                   ,3,0,0,0,0,2019,December,Tuesday,9:45 AM,60,T-Junction,Straight road,Level,Not Applicable,Sealed,Dry,Not Raining,Daylight,Right Angle,1,Driver Rider,1: PDO,No Control,,,1235496.12,1882817.1,1.2355E+13
2019-12549-8/07/2020,2 Metropolitan,NEWTON,5074,CC CAMPBELLTOWN.              ,2,2,0,0,2,2019,December,Tuesday,9:45 AM,50,T-Junction,Straight road,Level,Not Applicable,Sealed,Dry,Not Raining,Daylight,Hit Fixed Object,1,Driver Rider,2: MI,No Control,,,1336860.05,1675182.82,1.33686E+13
2019-12550-8/07/2020,3 Country,VIVONNE BAY,5223,KANGAROO ISLAND COUNCIL,2,1,0,0,1,2019,December,Monday,5:23 PM,80,T-Junction,Straight road,Level,Not Applicable,Unsealed,Dry,Not Raining,Daylight,Right Angle,2,Driver Rider,2: MI,No Control,,,1196053.7,1556627.09,1.19605E+13
2019-12551-8/07/2020,3 Country,DAVEYSTON,5355,LIGHT REGIONAL COUNCIL,2,0,0,0,0,2019,December,Thursday,6:40 AM,110,Divided Road,Straight road,Slope,Not Applicable,Sealed,Dry,Not Raining,Daylight,Hit Fixed Object,1,Driver Rider,1: PDO,No Control,,,1357336.37,1720479.56,1.35734E+13
2019-12552-8/07/2020,1 City,NORTH ADELAIDE,5006,CITY OF ADELAIDE,3,1,0,0,1,2019,December,Friday,9:00 PM,50,Divided Road,Straight road,Level,Not Applicable,Sealed,Dry,Not Raining,Night,Rear End,2,Driver Rider,2: MI,No Control,,,1328186.16,1672885.66,1.32819E+13
2019-12553-8/07/2020,2 Metropolitan,ALDINGA,5173,CITY OF ONKAPARINGA,2,0,0,0,0,2019,December,Tuesday,10:00 AM,70,Not Divided,Straight road,Level,Roadworks,Sealed,Dry,Not Raining,Daylight,Hit Fixed Object,1,Driver Rider,1: PDO,No Control,,,1316342.28,1632428.41,1.31634E+13
2019-12554-8/07/2020,3 Country,ENCOUNTER BAY,5211,DC VICTOR HARBOR.             ,2,0,0,0,0,2019,December,Tuesday,11:55 AM,50,T-Junction,Straight road,Crest of Hill,Not Applicable,Sealed,Dry,Not Raining,Daylight,Right Turn,2,Driver Rider,1: PDO,No Control,,,1325402.94,1599041.34,1.3254E+13
2019-12555-8/07/2020,2 Metropolitan,EDWARDSTOWN,5039,CC MITCHAM.                   ,2,0,0,0,0,2019,December,Tuesday,12:25 PM,60,Divided Road,Straight road,Level,Not Applicable,Sealed,Dry,Not Raining,Daylight,Side Swipe,2,Driver Rider,1: PDO,No Control,,,1325894,1665753.99,1.32589E+13
2019-12556-8/07/2020,2 Metropolitan,CHRISTIES BEACH,5165,CITY OF ONKAPARINGA,2,0,0,0,0,2019,December,Tuesday,12:30 PM,50,Not Divided,Straight road,Level,Driveway or Entrance,Sealed,Dry,Not Raining,Daylight,Right Angle,2,Driver Rider,1: PDO,No Control,,,1316988.89,1647354.29,1.31699E+13
2019-12557-8/07/2020,2 Metropolitan,SEATON,5023,CITY OF CHARLES STURT,2,0,0,0,0,2019,December,Monday,1:30 PM,60,Rail Xing,Straight road,Level,Not Applicable,Sealed,Dry,Not Raining,Daylight,Hit Parked Vehicle,1,Driver Rider,1: PDO,Traffic Signals,,,1320741.51,1674699.24,1.32074E+13
2019-12558-8/07/2020,2 Metropolitan,VALE PARK,5081,WALKERVILLE TOWN COUNCIL,2,0,0,0,0,2019,December,Tuesday,1:15 PM,60,Cross Road,Straight road,Level,Not Applicable,Sealed,Dry,Not Raining,Daylight,Right Angle,1,Driver Rider,1: PDO,Traffic Signals,,,1331192.88,1674745.74,1.33119E+13
2019-12559-8/07/2020,2 Metropolitan,PARKSIDE,5063,CITY OF UNLEY,2,1,0,0,1,2019,December,Tuesday,1:10 PM,60,Divided Road,Straight road,Level,Not Applicable,Sealed,Dry,Not Raining,Daylight,Hit Fixed Object,1,Driver Rider,2: MI,No Control,,,1330707.14,1668313.09,1.33071E+13
2019-12560-8/07/2020,1 City,ADELAIDE,5000,CITY OF ADELAIDE,2,0,0,0,0,2019,December,Tuesday,9:15 AM,50,Divided Road,Straight road,Level,Not Applicable,Sealed,Dry,Not Raining,Daylight,Side Swipe,1,Driver Rider,1: PDO,No Control,,,1327539.18,1670330.33,1.32754E+13
2019-12561-8/07/2020,2 Metropolitan,LARGS NORTH,5016,CITY OF PORT ADELAIDE ENFIELD,2,0,0,0,0,2019,December,Tuesday,1:33 PM,60,Not Divided,Straight road,Level,Not Applicable,Sealed,Dry,Not Raining,Daylight,Hit Parked Vehicle,1,Driver Rider,1: PDO,No Control,,,1319256.01,1682584.65,1.31926E+13
2019-12562-8/07/2020,2 Metropolitan,OAKLANDS PARK,5046,CC MARION.                    ,2,0,0,0,0,2019,December,Tuesday,1:15 PM,60,T-Junction,Straight road,Level,Driveway or Entrance,Sealed,Dry,Not Raining,Daylight,Hit Pedestrian,2,Driver Rider,1: PDO,Traffic Signals,,,1323166.81,1661054.13,1.32317E+13
2019-12563-8/07/2020,2 Metropolitan,WAYVILLE,5034,CITY OF UNLEY,2,0,0,0,0,2019,December,Tuesday,1:55 PM,60,Not Divided,Straight road,Level,Not Applicable,Sealed,Dry,Not Raining,Daylight,Side Swipe,1,Driver Rider,1: PDO,No Control,,,1327449.42,1668233.31,1.32745E+13
2019-12564-8/07/2020,2 Metropolitan,REGENCY PARK,5010,CITY OF PORT ADELAIDE ENFIELD,2,0,0,0,0,2019,December,Tuesday,2:45 PM,50,Not Divided,Straight road,Level,Driveway or Entrance,Sealed,Dry,Not Raining,Daylight,Rear End,2,Driver Rider,1: PDO,No Control,,,1325580.78,1677477.02,1.32558E+13