REPORT_ID,Stats Area,Suburb,Postcode,LGA Name,Total Units,Total Cas,Total Fats,Total SI,Total MI,Year,Month,Day,Time,Area Speed,Position Type,Horizontal Align,Vertical Align,Other Feat,Road Surface,Moisture Cond,Weather Cond,DayNight,Crash Type,Unit Resp,Entity Code,CSEF Severity,Traffic Ctrls,DUI Involved,Drugs Involved,ACCLOC_X,ACCLOC_Y,UNIQUE_LOC
2019-12805-8/07/2020,2 Metropolitan,GOLDEN GROVE,5125,CITY OF TEA TREE GULLY,2,2,0,0,2,2019,December,Wednesday,6:33 PM,60,Not Divided,Straight road,Level,Not Applicable,Sealed,Dry,Not Raining,Daylight,Hit Fixed Object,1,Driver Rider,2: MI,No Control,,,1340916.49,1686921.64,1.34092E+13
2019-12806-8/07/2020,2 Metropolitan,MYLOR,5153,THE ADELAIDE HILLS COUNCIL,2,1,0,0,1,2019,December,Wednesday,4:55 PM,80,Not Divided,"CURVED, VIEW OPEN",Slope,Not Applicable,Sealed,Dry,Not Raining,Daylight,Hit Fixed Object,1,Driver Rider,2: MI,No Control,,,1340239.3,1657076.8,1.34024E+13
2019-12807-8/07/2020,2 Metropolitan,CROYDON PARK,5008,CITY OF PORT ADELAIDE ENFIELD,2,1,0,0,1,2019,December,Wednesday,6:50 PM,60,Cross Road,Straight road,Level,Not Applicable,Sealed,Dry,Not Raining,Daylight,Rear End,1,Driver Rider,2: MI,Traffic Signals,,,1326082.02,1675556.39,1.32608E+13
2019-12808-8/07/2020,3 Country,CEDUNA,5690,DC CEDUNA                     ,2,0,0,0,0,2019,December,Wednesday,5:35 PM,100,Not Divided,"CURVED, VIEW OPEN",Slope,Not Applicable,Sealed,Dry,Not Raining,Daylight,Head On,1,Driver Rider,1: PDO,No Control,,,869915.99,1989556.75,8.69916E+12
2019-12809-8/07/2020,2 Metropolitan,CRAIGMORE,5114,CITY OF PLAYFORD.,3,0,0,0,0,2019,December,Wednesday,6:30 PM,50,Not Divided,Straight road,Level,Not Applicable,Sealed,Dry,Not Raining,Daylight,Hit Parked Vehicle,2,Driver Rider,1: PDO,No Control,,,1339544.12,1695094,1.33954E+13
2019-12810-8/07/2020,3 Country,KORUNYE,5502,DC MALLALA.                   ,2,0,0,0,0,2019,December,Wednesday,5:50 PM,80,Not Divided,"CURVED, VIEW OPEN",Level,Not Applicable,Unsealed,Dry,Not Raining,Daylight,Hit Fixed Object,1,Driver Rider,1: PDO,No Control,,,1326746.73,1712553.62,1.32675E+13
2019-12811-8/07/2020,2 Metropolitan,ROSSLYN PARK,5072,CITY OF BURNSIDE,1,1,0,0,1,2019,December,Wednesday,10:53 PM,60,Cross Road,Straight road,Slope,Road hump or Slow point,Sealed,Dry,Not Raining,Night,Roll Over,1,Driver Rider,2: MI,Roundabout,,Y,1335514.58,1670588.35,1.33552E+13
2019-12812-8/07/2020,2 Metropolitan,ELIZABETH VALE,5112,CITY OF PLAYFORD.,3,1,1,0,0,2019,December,Wednesday,7:30 PM,60,T-Junction,Straight road,Level,Not Applicable,Sealed,Dry,Not Raining,Daylight,Hit Pedestrian,2,Pedestrian,4: Fatal,No Control,Y,,1335385.48,1690095.44,1.33539E+13
2019-12813-8/07/2020,2 Metropolitan,REGENCY PARK,5010,CITY OF PORT ADELAIDE ENFIELD,2,0,0,0,0,2019,December,Tuesday,11:10 PM,60,T-Junction,Straight road,Level,Not Applicable,Sealed,Dry,Not Raining,Night,Right Turn,2,Driver Rider,1: PDO,Traffic Signals,,,1325605.74,1678215.46,1.32561E+13
2019-12814-8/07/2020,2 Metropolitan,GEPPS CROSS,5094,CITY OF PORT ADELAIDE ENFIELD,2,1,0,0,1,2019,December,Thursday,1:00 AM,60,Divided Road,Straight road,Level,Not Applicable,Sealed,Dry,Not Raining,Night,Other,9,Other,2: MI,No Control,,,1329511.64,1679299.33,1.32951E+13
2019-12815-8/07/2020,2 Metropolitan,STURT,5047,CC MARION.                    ,7,0,0,0,0,2019,December,Thursday,8:55 AM,60,Divided Road,Straight road,Level,Not Applicable,Sealed,Dry,Not Raining,Daylight,Rear End,1,Driver Rider,1: PDO,No Control,,,1324063.44,1660659.89,1.32406E+13
2019-12816-8/07/2020,2 Metropolitan,MANNINGHAM,5086,CITY OF PORT ADELAIDE ENFIELD,2,0,0,0,0,2019,December,Thursday,9:30 AM,60,T-Junction,Straight road,Level,Not Applicable,Sealed,Dry,Not Raining,Daylight,Right Angle,1,Driver Rider,1: PDO,Traffic Signals,,,1330468.73,1675456.59,1.33047E+13
2019-12817-8/07/2020,2 Metropolitan,PLYMPTON,5038,CITY OF WEST TORRENS,2,0,0,0,0,2019,December,Tuesday,9:00 PM,50,Not Divided,Straight road,Level,Not Applicable,Sealed,Dry,Not Raining,Night,Hit Parked Vehicle,2,Driver Rider,1: PDO,No Control,,,1323729.96,1665943.22,1.32373E+13
2019-12818-8/07/2020,2 Metropolitan,WEST CROYDON,5008,CITY OF CHARLES STURT,2,0,0,0,0,2019,December,Wednesday,9:45 PM,50,Not Divided,Straight road,Level,Not Applicable,Sealed,Dry,Not Raining,Night,Hit Parked Vehicle,2,Driver Rider,1: PDO,No Control,,,1325205.76,1674903.8,1.32521E+13
2019-12819-8/07/2020,2 Metropolitan,ADELAIDE AIRPORT,5950,CITY OF WEST TORRENS,3,0,0,0,0,2019,December,Thursday,10:15 AM,80,Divided Road,Straight road,Level,Not Applicable,Sealed,Dry,Not Raining,Daylight,Rear End,1,Driver Rider,1: PDO,No Control,,,1320907.21,1669613.23,1.32091E+13
2019-12820-8/07/2020,3 Country,KAPUNDA,5373,LIGHT REGIONAL COUNCIL,2,1,0,0,1,2019,December,Thursday,8:00 AM,50,Not Divided,Straight road,Level,Not Applicable,Sealed,Dry,Not Raining,Daylight,Hit Fixed Object,1,Driver Rider,2: MI,No Control,,Y,1359062.65,1735071.6,1.35906E+13
2019-12821-8/07/2020,2 Metropolitan,MANSFIELD PARK,5012,CITY OF PORT ADELAIDE ENFIELD,2,0,0,0,0,2019,December,Thursday,12:30 PM,60,Divided Road,Straight road,Level,Not Applicable,Sealed,Dry,Not Raining,Daylight,Hit Pedestrian,2,Pedestrian,1: PDO,No Control,,,1323923.25,1678376.12,1.32392E+13
2019-12822-8/07/2020,1 City,NORTH ADELAIDE,5006,CITY OF ADELAIDE,2,1,0,1,0,2019,December,Sunday,12:30 PM,50,Not Divided,Straight road,Level,Not Applicable,Sealed,Dry,Not Raining,Daylight,Hit Parked Vehicle,2,Driver Rider,3: SI,No Control,,,1328087.11,1673529.65,1.32809E+13
2019-12823-8/07/2020,3 Country,MOUNT MARY,5374,MID MURRAY DISTRICT COUNCIL,1,0,0,0,0,2019,December,Thursday,1:45 PM,110,Not Divided,"CURVED, VIEW OPEN",Bottom of Hill,Not Applicable,Sealed,Dry,Not Raining,Daylight,Roll Over,1,Driver Rider,1: PDO,No Control,,,1408332.13,1758775.19,1.40833E+13
2019-12824-8/07/2020,2 Metropolitan,SELLICKS BEACH,5174,CITY OF ONKAPARINGA,1,1,0,1,0,2019,December,Thursday,2:00 PM,50,Not Divided,Straight road,Slope,Not Applicable,Sealed,Dry,Not Raining,Daylight,Roll Over,1,Driver Rider,3: SI,No Control,,,1313909.87,1626413.18,1.31391E+13
2019-12825-8/07/2020,2 Metropolitan,O'HALLORAN HILL,5158,CITY OF ONKAPARINGA,2,0,0,0,0,2019,December,Thursday,2:05 PM,80,Divided Road,Straight road,Slope,Not Applicable,Sealed,Dry,Not Raining,Daylight,Hit Fixed Object,1,Driver Rider,1: PDO,No Control,,,1324416.95,1657992.38,1.32442E+13
2019-12826-8/07/2020,2 Metropolitan,ELIZABETH,5112,CITY OF PLAYFORD.,2,2,0,0,2,2019,December,Thursday,1:40 PM,50,Divided Road,Straight road,Level,Driveway or Entrance,Sealed,Dry,Not Raining,Daylight,Right Angle,1,Driver Rider,2: MI,No Control,,,1335248.86,1693293.37,1.33525E+13
2019-12827-8/07/2020,2 Metropolitan,SEATON,5023,CITY OF CHARLES STURT,2,0,0,0,0,2019,December,Thursday,5:40 PM,40,T-Junction,Straight road,Level,Not Applicable,Sealed,Dry,Not Raining,Daylight,Side Swipe,1,Driver Rider,1: PDO,No Control,,,1321124.73,1673202.89,1.32113E+13
2019-12828-8/07/2020,3 Country,WARNERTOWN,5540,PT.PIRIE CITY & DIST. COUNCIL ,1,2,0,0,2,2019,December,Thursday,6:00 PM,100,Not Divided,Straight road,Level,Not Applicable,Sealed,Dry,Not Raining,Daylight,Roll Over,1,Driver Rider,2: MI,No Control,,,1287252.16,1862838.31,1.28725E+13
2019-12829-8/07/2020,2 Metropolitan,SALISBURY PARK,5109,CITY OF SALISBURY,2,1,0,1,0,2019,December,Thursday,6:45 PM,80,Divided Road,Straight road,Slope,Not Applicable,Sealed,Dry,Not Raining,Daylight,Rear End,1,Driver Rider,3: SI,No Control,,,1336228.35,1689251.06,1.33623E+13
2019-12830-8/07/2020,2 Metropolitan,PARALOWIE,5108,CITY OF SALISBURY,2,1,0,0,1,2019,December,Thursday,7:38 PM,50,Not Divided,"CURVED, VIEW OPEN",Level,Not Applicable,Sealed,Dry,Not Raining,Daylight,Hit Fixed Object,1,Driver Rider,2: MI,No Control,,,1329385.92,1688160.01,1.32939E+13
2019-12831-8/07/2020,3 Country,MOUNT GAMBIER,5290,CC MT.GAMBIER.                ,3,1,0,0,1,2019,December,Thursday,9:05 PM,60,Divided Road,Straight road,Level,Not Applicable,Sealed,Dry,Not Raining,Night,Hit Parked Vehicle,1,Driver Rider,2: MI,No Control,Y,,1508364.67,1341658.67,1.50837E+13
2019-12832-8/07/2020,1 City,ADELAIDE,5000,CITY OF ADELAIDE,2,1,0,0,1,2019,December,Thursday,6:07 PM,50,Cross Road,Straight road,Level,Not Applicable,Sealed,Dry,Not Raining,Daylight,Right Turn,1,Driver Rider,2: MI,Traffic Signals,,,1328456.65,1670979.49,1.32846E+13
2019-12833-8/07/2020,3 Country,SALTIA,5433,THE FLINDERS RANGES COUNCIL.,1,1,0,0,1,2019,December,Thursday,4:45 PM,110,Not Divided,"CURVED, VIEW OPEN",Crest of Hill,Not Applicable,Sealed,Dry,Not Raining,Daylight,Roll Over,1,Driver Rider,2: MI,No Control,Y,,1274708.84,1943452.21,1.27471E+13
2019-12834-8/07/2020,2 Metropolitan,ANDREWS FARM,5114,CITY OF PLAYFORD.,2,1,0,0,1,2019,December,Friday,11:45 PM,50,Not Divided,"CURVED, VIEW OPEN",Level,Not Applicable,Sealed,Dry,Not Raining,Night,Hit Pedestrian,1,Driver Rider,2: MI,No Control,,,1335845.34,1698831.59,1.33585E+13
2019-12835-8/07/2020,2 Metropolitan,ALDINGA BEACH,5173,CITY OF ONKAPARINGA,2,0,0,0,0,2019,December,Friday,7:30 AM,50,Not Divided,Straight road,Level,Not Applicable,Sealed,Dry,Not Raining,Daylight,Hit Parked Vehicle,1,Driver Rider,1: PDO,No Control,,,1315021.17,1631885.3,1.31502E+13
2019-12836-8/07/2020,3 Country,BEACHPORT,5280,WATTLE RANGE COUNCIL,2,0,0,0,0,2019,December,Friday,2:00 AM,50,Not Divided,Straight road,Level,Not Applicable,Unsealed,Dry,Not Raining,Night,Hit Pedestrian,2,Pedestrian,1: PDO,No Control,,,1444128.84,1382273.95,1.44413E+13
2019-12837-8/07/2020,2 Metropolitan,WOODVILLE NORTH,5012,CITY OF CHARLES STURT,2,1,0,0,1,2019,December,Friday,8:15 AM,60,T-Junction,Straight road,Level,Not Applicable,Sealed,Dry,Not Raining,Daylight,Right Angle,1,Driver Rider,2: MI,No Control,,,1323432.81,1676858.1,1.32343E+13
2019-12838-8/07/2020,2 Metropolitan,VALLEY VIEW,5093,CITY OF TEA TREE GULLY,2,0,0,0,0,2019,December,Thursday,1:55 PM,60,T-Junction,Straight road,Level,Not Applicable,Sealed,Dry,Not Raining,Daylight,Right Turn,2,Driver Rider,1: PDO,Stop Sign,,,1335747.46,1679979.88,1.33575E+13
2019-12839-8/07/2020,2 Metropolitan,CHRISTIE DOWNS,5164,CITY OF ONKAPARINGA,2,0,0,0,0,2019,December,Friday,9:00 AM,70,T-Junction,"CURVED, VIEW OPEN",Crest of Hill,Not Applicable,Sealed,Dry,Not Raining,Daylight,Right Angle,2,Driver Rider,1: PDO,No Control,,,1317497.61,1648350.78,1.3175E+13
2019-12840-8/07/2020,2 Metropolitan,HORSNELL GULLY,5141,THE ADELAIDE HILLS COUNCIL,2,1,0,0,1,2019,December,Thursday,11:45 AM,60,Not Divided,"CURVED, VIEW OPEN",Slope,Not Applicable,Sealed,Dry,Not Raining,Daylight,Hit Fixed Object,1,Driver Rider,2: MI,No Control,,,1339177.15,1670766.86,1.33918E+13
2019-12841-8/07/2020,3 Country,CHITON,5211,ALEXANDRINA COUNCIL,2,0,0,0,0,2019,December,Thursday,6:40 PM,60,T-Junction,Straight road,Slope,Not Applicable,Sealed,Dry,Not Raining,Daylight,Rear End,2,Driver Rider,1: PDO,Give Way Sign,,,1331475.44,1603136.46,1.33148E+13
2019-12842-8/07/2020,2 Metropolitan,WARRADALE,5046,CC MARION.                    ,2,3,0,0,3,2019,December,Friday,10:05 AM,60,Not Divided,Straight road,Level,Driveway or Entrance,Sealed,Dry,Not Raining,Daylight,Right Angle,2,Driver Rider,2: MI,No Control,,,1322743.04,1661738.73,1.32274E+13
2019-12843-8/07/2020,3 Country,VICTOR HARBOR,5211,DC VICTOR HARBOR.             ,1,0,0,0,0,2019,December,Friday,10:10 AM,50,T-Junction,Straight road,Level,Not Applicable,Sealed,Dry,Not Raining,Daylight,Roll Over,1,Driver Rider,1: PDO,Roundabout,,,1326915.63,1599497.87,1.32692E+13
2019-12844-8/07/2020,2 Metropolitan,PLYMPTON,5038,CITY OF WEST TORRENS,3,1,0,0,1,2019,December,Friday,12:29 PM,60,Divided Road,Straight road,Level,Not Applicable,Sealed,Dry,Not Raining,Daylight,Side Swipe,1,Driver Rider,2: MI,No Control,,,1324814.09,1667009.52,1.32481E+13
2019-12845-8/07/2020,2 Metropolitan,MOUNT BARKER,5251,DC MT.BARKER.                 ,2,2,0,0,2,2019,December,Thursday,4:20 PM,80,Not Divided,Straight road,Level,Not Applicable,Sealed,Dry,Not Raining,Daylight,Side Swipe,2,Driver Rider,2: MI,No Control,,,1354237.6,1653629.35,1.35424E+13
2019-12846-8/07/2020,1 City,ADELAIDE,5000,CITY OF ADELAIDE,2,0,0,0,0,2019,December,Friday,12:40 PM,50,Cross Road,Straight road,Level,Not Applicable,Sealed,Dry,Not Raining,Daylight,Side Swipe,2,Driver Rider,1: PDO,Traffic Signals,,,1329056.26,1669586.88,1.32906E+13
2019-12847-8/07/2020,2 Metropolitan,KIDMAN PARK,5025,CITY OF CHARLES STURT,2,1,0,0,1,2019,December,Friday,12:55 PM,50,Not Divided,Straight road,Level,Not Applicable,Sealed,Dry,Not Raining,Daylight,Rear End,2,Driver Rider,2: MI,No Control,,,1322146.19,1672217.62,1.32215E+13
2019-12848-8/07/2020,2 Metropolitan,CAREY GULLY,5144,THE ADELAIDE HILLS COUNCIL,2,0,0,0,0,2019,December,Friday,10:45 AM,50,Not Divided,"CURVED, VIEW OBSCURED",Slope,Not Applicable,Sealed,Dry,Not Raining,Daylight,Head On,2,Driver Rider,1: PDO,No Control,,,1344620.08,1666201.05,1.34462E+13
2019-12849-8/07/2020,2 Metropolitan,PASADENA,5042,CC MITCHAM.                   ,2,0,0,0,0,2019,December,Thursday,11:45 AM,60,Divided Road,Straight road,Unknown,Not Applicable,Sealed,Dry,Not Raining,Daylight,Side Swipe,2,Driver Rider,1: PDO,No Control,,,1327599.3,1663141.91,1.3276E+13
2019-12850-8/07/2020,2 Metropolitan,MODBURY,5092,CITY OF TEA TREE GULLY,2,1,1,0,0,2019,December,Friday,8:00 PM,50,T-Junction,Straight road,Slope,Not Applicable,Sealed,Dry,Not Raining,Daylight,Hit Fixed Object,1,Driver Rider,4: Fatal,No Control,Y,,1335887.7,1679814.68,1.33589E+13
2019-12851-8/07/2020,2 Metropolitan,FITZROY,5082,CITY OF PROSPECT,2,1,0,0,1,2019,December,Friday,1:17 PM,60,Cross Road,Straight road,Slope,Not Applicable,Sealed,Dry,Not Raining,Daylight,Side Swipe,2,Driver Rider,2: MI,Traffic Signals,,,1327506.44,1673633.6,1.32751E+13
2019-12852-8/07/2020,3 Country,CLAY WELLS,5280,DC ROBE.                      ,2,2,0,0,2,2019,December,Friday,1:10 PM,100,T-Junction,"CURVED, VIEW OPEN",Level,Not Applicable,Sealed,Dry,Not Raining,Daylight,Right Angle,2,Driver Rider,2: MI,No Control,,,1457636.97,1400018.96,1.45764E+13
2019-12853-8/07/2020,2 Metropolitan,PORT NOARLUNGA,5167,CITY OF ONKAPARINGA,3,0,0,0,0,2019,December,Friday,2:47 PM,50,Not Divided,Straight road,Level,Not Applicable,Sealed,Dry,Not Raining,Daylight,Hit Parked Vehicle,1,Driver Rider,1: PDO,No Control,,,1316422.36,1646830.13,1.31642E+13
2019-12854-8/07/2020,2 Metropolitan,PARACOMBE,5132,THE ADELAIDE HILLS COUNCIL,2,1,0,1,0,2019,December,Friday,12:25 PM,80,Not Divided,"CURVED, VIEW OBSCURED",Level,Not Applicable,Sealed,Dry,Not Raining,Daylight,Rear End,1,Driver Rider,3: SI,No Control,,,1344723.37,1676886.94,1.34472E+13
2019-12855-8/07/2020,2 Metropolitan,MODBURY,5092,CITY OF TEA TREE GULLY,2,0,0,0,0,2019,December,Friday,3:44 PM,60,Cross Road,"CURVED, VIEW OPEN",Level,Not Applicable,Sealed,Dry,Not Raining,Daylight,Right Turn,1,Driver Rider,1: PDO,Traffic Signals,,,1336876.15,1680848.77,1.33688E+13
2019-12856-8/07/2020,2 Metropolitan,SURREY DOWNS,5126,CITY OF TEA TREE GULLY,2,0,0,0,0,2019,December,Friday,4:00 PM,60,Divided Road,Straight road,Slope,Not Applicable,Sealed,Dry,Not Raining,Daylight,Hit Fixed Object,1,Driver Rider,1: PDO,No Control,,,1339086.24,1683595.25,1.33909E+13
2019-12857-8/07/2020,2 Metropolitan,MOANA,5169,CITY OF ONKAPARINGA,2,1,0,1,0,2019,December,Friday,4:34 PM,5,Other,Straight road,Level,Not Applicable,Unsealed,Unknown,Not Raining,Daylight,Hit Pedestrian,1,Driver Rider,3: SI,No Control,,,1315721.86,1640786.12,1.31572E+13
2019-12858-8/07/2020,2 Metropolitan,MAWSON LAKES,5095,CITY OF SALISBURY,2,0,0,0,0,2019,December,Friday,4:30 PM,60,Cross Road,"CURVED, VIEW OPEN",Level,Not Applicable,Sealed,Dry,Not Raining,Daylight,Rear End,1,Driver Rider,1: PDO,Traffic Signals,,,1329549.75,1684430.78,1.32955E+13
2019-12859-8/07/2020,2 Metropolitan,BIRDWOOD,5234,THE ADELAIDE HILLS COUNCIL,4,1,1,0,0,2019,December,Friday,10:50 AM,100,Not Divided,Straight road,Level,Not Applicable,Sealed,Dry,Not Raining,Daylight,Hit Fixed Object,1,Driver Rider,4: Fatal,No Control,,,1363592.74,1682371.55,1.36359E+13
2019-12860-8/07/2020,2 Metropolitan,MODBURY NORTH,5092,CITY OF TEA TREE GULLY,2,0,0,0,0,2019,December,Friday,7:00 PM,60,Not Divided,Straight road,Level,Not Applicable,Sealed,Dry,Not Raining,Daylight,Hit Pedestrian,1,Pedestrian,1: PDO,No Control,,,1335661.15,1681791.67,1.33566E+13
2019-12861-8/07/2020,2 Metropolitan,ELIZABETH NORTH,5113,CITY OF PLAYFORD.,2,0,0,0,0,2019,December,Friday,4:30 PM,50,Not Divided,Straight road,Level,Not Applicable,Sealed,Dry,Not Raining,Daylight,Hit Parked Vehicle,2,Driver Rider,1: PDO,No Control,,,1336591.43,1695744.85,1.33659E+13
2019-12862-8/07/2020,3 Country,LIPSON,5607,DC TUMBY BAY.                 ,1,1,0,1,0,2019,December,Friday,5:30 PM,50,Other,Straight road,Unknown,Not Applicable,Unsealed,Unknown,Not Raining,Daylight,Other,1,Driver Rider,3: SI,No Control,,,1111612.88,1743397.67,1.11161E+13
2019-12863-8/07/2020,3 Country,INMAN VALLEY,5211,DC YANKALILLA.                ,2,1,0,1,0,2019,December,Friday,6:55 PM,100,Not Divided,"CURVED, VIEW OBSCURED",Level,Not Applicable,Sealed,Dry,Not Raining,Daylight,Hit Fixed Object,1,Driver Rider,3: SI,No Control,,,1311645.14,1607602.35,1.31165E+13
2019-12864-8/07/2020,2 Metropolitan,OAKDEN,5086,CITY OF PORT ADELAIDE ENFIELD,2,0,0,0,0,2019,December,Friday,10:24 PM,50,Not Divided,"CURVED, VIEW OBSCURED",Level,Not Applicable,Sealed,Dry,Not Raining,Night,Hit Fixed Object,1,Driver Rider,1: PDO,No Control,,,1332900.06,1678286.83,1.3329E+13
2019-12865-8/07/2020,3 Country,MOUNT PLEASANT,5235,MID MURRAY DISTRICT COUNCIL,1,0,0,0,0,2019,December,Saturday,1:45 AM,100,Not Divided,Straight road,Crest of Hill,Not Applicable,Sealed,Dry,Not Raining,Night,Roll Over,1,Driver Rider,1: PDO,No Control,,,1377288.76,1685696.98,1.37729E+13
2019-12866-8/07/2020,3 Country,KULPARA,5552,BARUNGA WEST DISTRICT COUNCIL,2,1,0,0,1,2019,December,Saturday,6:25 AM,100,Not Divided,"CURVED, VIEW OBSCURED",Bottom of Hill,Not Applicable,Sealed,Wet,Not Raining,Daylight,Roll Over,1,Driver Rider,2: MI,No Control,,,1282127.68,1767198.7,1.28213E+13
2019-12867-8/07/2020,2 Metropolitan,MORPHETT VALE,5162,CITY OF ONKAPARINGA,2,0,0,0,0,2019,December,Saturday,6:30 AM,50,Not Divided,Straight road,Level,Not Applicable,Sealed,Dry,Not Raining,Daylight,Hit Parked Vehicle,1,Driver Rider,1: PDO,No Control,,,1319664.29,1650530.58,1.31966E+13
2019-12868-8/07/2020,2 Metropolitan,SMITHFIELD PLAINS,5114,CITY OF PLAYFORD.,2,0,0,0,0,2019,December,Saturday,8:20 AM,60,Not Divided,Straight road,Level,Not Applicable,Sealed,Dry,Not Raining,Daylight,Hit Parked Vehicle,2,Driver Rider,1: PDO,No Control,,,1336807.57,1697587.07,1.33681E+13
2019-12869-8/07/2020,2 Metropolitan,NORTH BRIGHTON,5048,CITY OF HOLDFAST BAY,2,0,0,0,0,2019,December,Saturday,10:00 AM,50,Cross Road,Straight road,Level,Not Applicable,Sealed,Dry,Not Raining,Daylight,Right Angle,1,Driver Rider,1: PDO,Give Way Sign,,,1321341.22,1662454.04,1.32134E+13
2019-12870-8/07/2020,3 Country,MOUNT COMPASS,5210,DC YANKALILLA.                ,1,1,0,0,1,2019,December,Friday,1:30 PM,80,Not Divided,Straight road,Level,Not Applicable,Unsealed,Dry,Not Raining,Daylight,Roll Over,1,Driver Rider,2: MI,No Control,,,1322340.47,1622939.86,1.32234E+13
2019-12871-8/07/2020,3 Country,MOUNT GAMBIER,5290,CC MT.GAMBIER.                ,2,0,0,0,0,2019,December,Tuesday,9:15 AM,50,T-Junction,Straight road,Bottom of Hill,Not Applicable,Sealed,Dry,Not Raining,Daylight,Hit Fixed Object,1,Driver Rider,1: PDO,No Control,,,1510127.57,1340516.01,1.51013E+13
2019-12872-8/07/2020,3 Country,KINGSTON ON MURRAY,5331,LOXTON WAIKERIE DISTRICT COUNCIL,2,1,0,0,1,2019,December,Saturday,10:37 AM,110,Not Divided,Straight road,Level,Not Applicable,Sealed,Dry,Not Raining,Daylight,Rear End,1,Driver Rider,2: MI,No Control,,Y,1490529.17,1741160.98,1.49053E+13
2019-12873-8/07/2020,2 Metropolitan,VALE PARK,5081,WALKERVILLE TOWN COUNCIL,2,0,0,0,0,2019,December,Saturday,12:29 PM,60,Cross Road,Straight road,Slope,Not Applicable,Sealed,Dry,Not Raining,Daylight,Side Swipe,1,Driver Rider,1: PDO,Traffic Signals,,,1330635.32,1675352.25,1.33064E+13
2019-12874-8/07/2020,3 Country,FREELING,5372,LIGHT REGIONAL COUNCIL,2,0,0,0,0,2019,December,Saturday,11:20 AM,100,T-Junction,Straight road,Slope,Not Applicable,Sealed,Dry,Not Raining,Daylight,Rear End,2,Driver Rider,1: PDO,Stop Sign,,,1350814.01,1722259.61,1.35081E+13
2019-12875-8/07/2020,2 Metropolitan,DOVER GARDENS,5048,CC MARION.                    ,5,1,0,0,1,2019,December,Saturday,12:52 PM,60,Cross Road,Straight road,Level,Not Applicable,Sealed,Dry,Not Raining,Daylight,Right Turn,1,Driver Rider,2: MI,Traffic Signals,,,1322776.93,1660610.37,1.32278E+13
2019-12876-8/07/2020,2 Metropolitan,BRIGHTON,5048,CITY OF HOLDFAST BAY,2,1,0,0,1,2019,December,Saturday,11:40 AM,50,Not Divided,Straight road,Level,Not Applicable,Sealed,Dry,Not Raining,Daylight,Side Swipe,2,Driver Rider,2: MI,No Control,,,1320452.83,1660475.92,1.32045E+13
2019-12877-8/07/2020,2 Metropolitan,ALDINGA,5173,CITY OF ONKAPARINGA,2,0,0,0,0,2019,December,Friday,9:20 PM,80,Not Divided,Straight road,Level,Not Applicable,Sealed,Dry,Not Raining,Night,Hit Animal,2,Animal,1: PDO,No Control,,,1316645.98,1632165.12,1.31665E+13
2019-12878-8/07/2020,3 Country,COOKE PLAINS,5261,COORONG DISTRICT COUNCIL,3,2,0,0,2,2019,December,Saturday,3:40 PM,110,Not Divided,Straight road,Level,Not Applicable,Sealed,Dry,Not Raining,Daylight,Head On,1,Driver Rider,2: MI,No Control,,,1399176.34,1613825.43,1.39918E+13
2019-12879-8/07/2020,2 Metropolitan,WOODVILLE NORTH,5012,CITY OF CHARLES STURT,2,0,0,0,0,2019,December,Saturday,6:00 PM,60,Divided Road,Straight road,Level,Not Applicable,Sealed,Dry,Not Raining,Daylight,Side Swipe,2,Driver Rider,1: PDO,No Control,,,1323204.39,1677027,1.3232E+13
2019-12880-8/07/2020,2 Metropolitan,OAKLANDS PARK,5046,CC MARION.                    ,2,0,0,0,0,2019,December,Saturday,5:15 PM,60,Divided Road,Straight road,Level,Not Applicable,Sealed,Dry,Not Raining,Daylight,Rear End,1,Driver Rider,1: PDO,No Control,,,1322837.07,1661289.03,1.32284E+13
2019-12881-8/07/2020,2 Metropolitan,YATTALUNGA,5114,CITY OF PLAYFORD.,3,1,0,1,0,2019,December,Saturday,5:14 PM,80,Not Divided,Straight road,Level,Not Applicable,Sealed,Dry,Not Raining,Daylight,Hit Fixed Object,1,Driver Rider,3: SI,No Control,,Y,1344775.73,1696991.63,1.34478E+13
2019-12882-8/07/2020,2 Metropolitan,HENLEY BEACH,5022,CITY OF CHARLES STURT,3,1,0,0,1,2019,December,Saturday,8:10 PM,50,T-Junction,Straight road,Level,Not Applicable,Sealed,Dry,Not Raining,Daylight,Rear End,2,Driver Rider,2: MI,No Control,,,1318761.49,1671991.14,1.31876E+13
2019-12883-8/07/2020,3 Country,CURRAMULKA,5580,YORKE PENINSULA COUNCIL,2,1,1,0,0,2019,December,Saturday,8:30 PM,100,Not Divided,Straight road,Level,Not Applicable,Sealed,Dry,Not Raining,Daylight,Roll Over,1,Driver Rider,4: Fatal,No Control,Y,Y,1246825.02,1698854.83,1.24683E+13
2019-12884-8/07/2020,3 Country,BALAKLAVA,5461,WAKEFIELD REGIONAL COUNCIL,3,0,0,0,0,2019,December,Saturday,11:30 PM,50,Not Divided,Straight road,Level,Not Applicable,Sealed,Dry,Not Raining,Night,Hit Parked Vehicle,1,Driver Rider,1: PDO,No Control,Y,,1314279.57,1757059.81,1.31428E+13