REPORT_ID,Stats Area,Suburb,Postcode,LGA Name,Total Units,Total Cas,Total Fats,Total SI,Total MI,Year,Month,Day,Time,Area Speed,Position Type,Horizontal Align,Vertical Align,Other Feat,Road Surface,Moisture Cond,Weather Cond,DayNight,Crash Type,Unit Resp,Entity Code,CSEF Severity,Traffic Ctrls,DUI Involved,Drugs Involved,ACCLOC_X,ACCLOC_Y,UNIQUE_LOC
2019-12885-8/07/2020,2 Metropolitan,CHANDLERS HILL,5159,CITY OF ONKAPARINGA,1,0,0,0,0,2019,December,Sunday,12:34 AM,70,Not Divided,"CURVED, VIEW OBSCURED",Slope,Not Applicable,Sealed,Dry,Not Raining,Night,Roll Over,1,Driver Rider,1: PDO,No Control,,,1329470.84,1652916.33,1.32947E+13
2019-12886-8/07/2020,2 Metropolitan,GLOBE DERBY PARK,5110,CITY OF SALISBURY,2,0,0,0,0,2019,December,Sunday,1:00 AM,90,Divided Road,Straight road,Level,Not Applicable,Sealed,Dry,Not Raining,Night,Side Swipe,2,Driver Rider,1: PDO,No Control,,,1328562.75,1687744.42,1.32856E+13
2019-12887-8/07/2020,1 City,ADELAIDE,5000,CITY OF ADELAIDE,2,0,0,0,0,2019,December,Sunday,9:19 AM,50,Cross Road,Straight road,Level,Not Applicable,Sealed,Dry,Not Raining,Daylight,Right Turn,2,Driver Rider,1: PDO,Traffic Signals,,,1327364.13,1670312.87,1.32736E+13
2019-12888-8/07/2020,3 Country,YORKETOWN,5576,YORKE PENINSULA COUNCIL,2,0,0,0,0,2019,December,Monday,12:00 PM,50,Not Divided,Straight road,Level,Driveway or Entrance,Sealed,Dry,Not Raining,Daylight,Hit Fixed Object,1,Driver Rider,1: PDO,No Control,,,1237818.12,1662996.44,1.23782E+13
2019-12889-8/07/2020,2 Metropolitan,PORT NOARLUNGA SOUTH,5167,CITY OF ONKAPARINGA,2,0,0,0,0,2019,December,Sunday,3:00 AM,50,T-Junction,"CURVED, VIEW OPEN",Level,Not Applicable,Sealed,Dry,Not Raining,Night,Hit Parked Vehicle,1,Driver Rider,1: PDO,No Control,,,1315921.8,1644295.11,1.31592E+13
2019-12890-8/07/2020,2 Metropolitan,ENFIELD,5085,CITY OF PROSPECT,1,0,0,0,0,2019,December,Sunday,1:40 PM,60,Divided Road,Straight road,Level,Not Applicable,Sealed,Dry,Not Raining,Daylight,Left Road - Out of Control,1,Driver Rider,1: PDO,No Control,,,1328868.77,1676590.64,1.32887E+13
2019-12891-8/07/2020,3 Country,KALBEEBA,5118,THE BAROSSA COUNCIL.,1,0,0,0,0,2019,December,Saturday,4:15 PM,80,T-Junction,Straight road,Level,Not Applicable,Sealed,Dry,Not Raining,Daylight,Roll Over,1,Driver Rider,1: PDO,Give Way Sign,,,1346392.41,1705738.39,1.34639E+13
2019-12892-8/07/2020,2 Metropolitan,HAZELWOOD PARK,5066,CITY OF BURNSIDE,2,0,0,0,0,2019,December,Sunday,3:39 PM,60,Cross Road,"CURVED, VIEW OPEN",Slope,Not Applicable,Sealed,Dry,Not Raining,Daylight,Side Swipe,1,Driver Rider,1: PDO,Roundabout,,,1333935.99,1669099.19,1.33394E+13
2019-12893-8/07/2020,3 Country,WOOMERA,5720,,1,1,0,0,1,2019,December,Sunday,1:00 PM,110,Not Divided,Straight road,Level,Not Applicable,Sealed,Dry,Not Raining,Daylight,Roll Over,1,Driver Rider,2: MI,No Control,,,1174623.89,2089325.15,1.17462E+13
2019-12894-8/07/2020,2 Metropolitan,BRIGHTON,5048,CITY OF HOLDFAST BAY,2,1,0,1,0,2019,December,Sunday,5:47 PM,60,Divided Road,Straight road,Level,Not Applicable,Sealed,Dry,Not Raining,Daylight,Hit Fixed Object,1,Driver Rider,3: SI,No Control,,,1321148.98,1660571.98,1.32115E+13
2019-12895-8/07/2020,2 Metropolitan,GOLDEN GROVE,5125,CITY OF TEA TREE GULLY,2,1,0,0,1,2019,December,Sunday,6:37 PM,60,Cross Road,Straight road,Level,Not Applicable,Sealed,Dry,Not Raining,Daylight,Right Turn,1,Driver Rider,2: MI,Traffic Signals,,,1337859.71,1685518.84,1.33786E+13
2019-12896-8/07/2020,2 Metropolitan,ETHELTON,5015,CITY OF PORT ADELAIDE ENFIELD,2,0,0,0,0,2019,December,Sunday,7:10 PM,60,T-Junction,Straight road,Level,Not Applicable,Sealed,Dry,Not Raining,Daylight,Right Angle,1,Driver Rider,1: PDO,Stop Sign,,,1318649.44,1679241.55,1.31865E+13
2019-12897-8/07/2020,2 Metropolitan,ANGLE VALE,5117,CITY OF PLAYFORD.,2,0,0,0,0,2019,December,Sunday,7:45 PM,60,Not Divided,Straight road,Level,Road hump or Slow point,Sealed,Dry,Not Raining,Daylight,Hit Fixed Object,1,Driver Rider,1: PDO,No Control,,,1333927.41,1702100.24,1.33393E+13
2019-12898-8/07/2020,2 Metropolitan,KENSINGTON PARK,5068,CITY OF BURNSIDE,2,0,0,0,0,2019,December,Sunday,9:25 PM,60,Cross Road,Straight road,Level,Control Not Operational,Sealed,Dry,Not Raining,Night,Right Angle,1,Driver Rider,1: PDO,Traffic Signals,,,1333879.5,1671121.63,1.33388E+13
2019-12899-8/07/2020,2 Metropolitan,HAPPY VALLEY,5159,CITY OF ONKAPARINGA,3,0,0,0,0,2019,December,Monday,12:52 AM,80,Not Divided,"CURVED, VIEW OPEN",Level,Not Applicable,Sealed,Dry,Not Raining,Night,Hit Fixed Object,1,Driver Rider,1: PDO,No Control,,,1326430.07,1654868.44,1.32643E+13
2019-12900-8/07/2020,2 Metropolitan,TROTT PARK,5158,CC MARION.                    ,2,0,0,0,0,2019,December,Monday,6:10 AM,70,T-Junction,"CURVED, VIEW OPEN",Level,Driveway or Entrance,Sealed,Dry,Not Raining,Daylight,Right Angle,2,Driver Rider,1: PDO,Give Way Sign,,,1322900.83,1656577.1,1.3229E+13
2019-12901-8/07/2020,2 Metropolitan,NAILSWORTH,5083,CITY OF PROSPECT,2,0,0,0,0,2019,December,Sunday,1:00 PM,50,Not Divided,Straight road,Level,Not Applicable,Sealed,Dry,Not Raining,Daylight,Hit Parked Vehicle,1,Driver Rider,1: PDO,No Control,,,1329409.97,1675143.6,1.32941E+13
2019-12902-8/07/2020,2 Metropolitan,WYNN VALE,5127,CITY OF TEA TREE GULLY,2,3,0,0,3,2019,December,Monday,9:30 AM,60,Cross Road,Straight road,Slope,Not Applicable,Sealed,Dry,Not Raining,Daylight,Right Turn,2,Driver Rider,2: MI,Traffic Signals,,,1338912.98,1684761.61,1.33891E+13
2019-12903-8/07/2020,2 Metropolitan,KIDMAN PARK,5025,CITY OF CHARLES STURT,2,1,0,0,1,2019,December,Monday,10:00 AM,50,T-Junction,Straight road,Level,Not Applicable,Sealed,Dry,Not Raining,Daylight,Hit Fixed Object,1,Driver Rider,2: MI,No Control,,,1321515.01,1672966.41,1.32152E+13
2019-12904-8/07/2020,2 Metropolitan,MYRTLE BANK,5064,CITY OF UNLEY,2,0,0,0,0,2019,December,Monday,10:00 AM,60,T-Junction,Straight road,Level,Not Applicable,Sealed,Dry,Not Raining,Daylight,Right Angle,1,Driver Rider,1: PDO,Give Way Sign,,,1331863.19,1667177.87,1.33186E+13
2019-12905-8/07/2020,2 Metropolitan,WOODVILLE WEST,5011,CITY OF CHARLES STURT,2,0,0,0,0,2019,December,Monday,11:34 AM,60,T-Junction,Straight road,Level,Not Applicable,Sealed,Dry,Not Raining,Daylight,Rear End,2,Driver Rider,1: PDO,Give Way Sign,,,1321773.05,1674710.95,1.32177E+13
2019-12906-8/07/2020,2 Metropolitan,WOODVILLE GARDENS,5012,CITY OF PORT ADELAIDE ENFIELD,2,1,0,0,1,2019,December,Tuesday,2:25 PM,50,Not Divided,Straight road,Level,Not Applicable,Sealed,Dry,Not Raining,Daylight,Rear End,2,Driver Rider,2: MI,No Control,,,1324297.09,1677087.34,1.3243E+13
2019-12907-8/07/2020,2 Metropolitan,GILLES PLAINS,5086,CITY OF PORT ADELAIDE ENFIELD,2,0,0,0,0,2019,December,Monday,12:15 PM,60,T-Junction,Straight road,Level,Not Applicable,Sealed,Dry,Not Raining,Daylight,Right Angle,1,Driver Rider,1: PDO,Traffic Signals,,,1334568.6,1678474.49,1.33457E+13
2019-12908-8/07/2020,3 Country,MOUNT GAMBIER,5290,CC MT.GAMBIER.                ,2,0,0,0,0,2019,December,Monday,1:20 PM,60,T-Junction,Straight road,Slope,Not Applicable,Sealed,Dry,Not Raining,Daylight,Rear End,1,Driver Rider,1: PDO,No Control,,,1507799.22,1340461.95,1.5078E+13
2019-12909-8/07/2020,2 Metropolitan,OAKBANK,5243,THE ADELAIDE HILLS COUNCIL,1,1,0,0,1,2019,December,Monday,12:25 PM,80,Not Divided,"CURVED, VIEW OPEN",Level,Not Applicable,Sealed,Dry,Not Raining,Daylight,Roll Over,1,Driver Rider,2: MI,No Control,,,1351251.22,1662024.72,1.35125E+13
2019-12910-8/07/2020,2 Metropolitan,ELIZABETH,5112,CITY OF PLAYFORD.,2,0,0,0,0,2019,December,Sunday,5:20 PM,60,T-Junction,Straight road,Level,Not Applicable,Sealed,Dry,Not Raining,Daylight,Right Angle,2,Driver Rider,1: PDO,Give Way Sign,,,1335781.39,1693254.44,1.33578E+13
2019-12911-8/07/2020,3 Country,PORT WAKEFIELD,5550,WAKEFIELD REGIONAL COUNCIL,2,0,0,0,0,2019,December,Monday,2:42 PM,110,Not Divided,Straight road,Level,Not Applicable,Sealed,Dry,Not Raining,Daylight,Rear End,2,Driver Rider,1: PDO,No Control,,,1292454.67,1759378.13,1.29246E+13
2019-12912-8/07/2020,2 Metropolitan,KILKENNY,5009,CITY OF CHARLES STURT,3,0,0,0,0,2019,December,Monday,2:35 PM,50,Not Divided,Straight road,Level,Not Applicable,Sealed,Dry,Not Raining,Daylight,Hit Parked Vehicle,1,Driver Rider,1: PDO,No Control,,,1324308.07,1675306.45,1.32431E+13
2019-12913-8/07/2020,3 Country,YACKA,5470,NORTHERN AREAS DISTRICT COUNCIL,2,2,0,0,2,2019,December,Monday,2:25 PM,110,Not Divided,"CURVED, VIEW OPEN",Level,Not Applicable,Sealed,Dry,Not Raining,Daylight,Hit Fixed Object,1,Driver Rider,2: MI,No Control,,,1319667.62,1824095.07,1.31967E+13
2019-12914-8/07/2020,2 Metropolitan,TORRENSVILLE,5031,CITY OF WEST TORRENS,2,0,0,0,0,2019,December,Monday,9:09 AM,60,Divided Road,Straight road,Level,Not Applicable,Sealed,Dry,Not Raining,Daylight,Side Swipe,2,Driver Rider,1: PDO,No Control,,,1325469.94,1671923.73,1.32547E+13
2019-12915-8/07/2020,2 Metropolitan,LOWER HERMITAGE,5131,THE ADELAIDE HILLS COUNCIL,2,1,0,0,1,2019,December,Monday,4:30 PM,60,Not Divided,"CURVED, VIEW OBSCURED",Bottom of Hill,Not Applicable,Sealed,Dry,Not Raining,Daylight,Hit Fixed Object,1,Driver Rider,2: MI,No Control,,,1342758.96,1682286.2,1.34276E+13
2019-12916-8/07/2020,2 Metropolitan,EYRE,5121,CITY OF PLAYFORD.,2,0,0,0,0,2019,December,Monday,2:30 PM,60,Cross Road,Straight road,Level,Not Applicable,Sealed,Dry,Not Raining,Daylight,Right Angle,1,Driver Rider,1: PDO,Stop Sign,,,1334450.71,1695787.2,1.33445E+13
2019-12917-8/07/2020,2 Metropolitan,MODBURY NORTH,5092,CITY OF TEA TREE GULLY,2,0,0,0,0,2019,December,Monday,9:16 PM,80,Cross Road,Straight road,Level,Not Applicable,Sealed,Dry,Not Raining,Night,Right Turn,2,Driver Rider,1: PDO,Traffic Signals,,,1336150.87,1681195.09,1.33615E+13
2019-12918-8/07/2020,3 Country,LOWER LIGHT,5501,DC MALLALA.                   ,1,2,0,0,2,2019,December,Monday,9:05 PM,100,Cross Road,Straight road,Level,Not Applicable,Unsealed,Dry,Not Raining,Night,Roll Over,1,Driver Rider,2: MI,Give Way Sign,,,1314294.15,1717871.56,1.31429E+13
2019-12919-8/07/2020,2 Metropolitan,GILLES PLAINS,5086,CITY OF PORT ADELAIDE ENFIELD,2,0,0,0,0,2019,December,Tuesday,12:15 AM,50,Not Divided,Straight road,Level,Driveway or Entrance,Sealed,Dry,Not Raining,Night,Hit Pedestrian,1,Driver Rider,1: PDO,No Control,,,1333892.41,1678674.94,1.33389E+13
2019-12920-8/07/2020,2 Metropolitan,MUNNO PARA,5115,CITY OF PLAYFORD.,2,1,0,0,1,2019,December,Tuesday,6:57 AM,60,T-Junction,Straight road,Level,Not Applicable,Sealed,Dry,Not Raining,Daylight,Right Turn,1,Driver Rider,2: MI,No Control,,,1336823.39,1698472.8,1.33682E+13
2019-12921-8/07/2020,2 Metropolitan,PROSPECT,5082,CITY OF PROSPECT,2,1,0,0,1,2019,December,Tuesday,7:30 AM,50,Cross Road,Straight road,Level,Not Applicable,Sealed,Dry,Not Raining,Daylight,Right Angle,2,Driver Rider,2: MI,Stop Sign,,,1327698.13,1674264.73,1.3277E+13
2019-12922-8/07/2020,2 Metropolitan,BELLEVUE HEIGHTS,5050,CC MITCHAM.                   ,2,0,0,0,0,2019,December,Tuesday,3:00 AM,50,Not Divided,Straight road,Level,Not Applicable,Sealed,Dry,Not Raining,Night,Hit Parked Vehicle,1,Driver Rider,1: PDO,No Control,,,1326942.39,1659096.23,1.32694E+13
2019-12923-8/07/2020,2 Metropolitan,ROSEWATER,5013,CITY OF PORT ADELAIDE ENFIELD,2,1,0,0,1,2019,December,Tuesday,8:50 AM,50,Not Divided,Straight road,Level,Not Applicable,Sealed,Dry,Not Raining,Daylight,Hit Pedestrian,1,Pedestrian,2: MI,No Control,,,1321834.82,1679206.04,1.32184E+13
2019-12924-8/07/2020,1 City,NORTH ADELAIDE,5006,CITY OF ADELAIDE,2,2,0,0,2,2019,December,Tuesday,10:18 AM,50,Cross Road,Straight road,Level,Not Applicable,Sealed,Dry,Not Raining,Daylight,Right Angle,2,Driver Rider,2: MI,Traffic Signals,,,1328238.86,1672728.63,1.32824E+13
2019-12925-8/07/2020,2 Metropolitan,ALBERT PARK,5014,CITY OF CHARLES STURT,2,1,0,0,1,2019,December,Tuesday,10:58 AM,50,Cross Road,Straight road,Level,Not Applicable,Sealed,Dry,Not Raining,Daylight,Hit Fixed Object,1,Driver Rider,2: MI,Stop Sign,,,1321600.23,1676660.76,1.3216E+13
2019-12926-8/07/2020,2 Metropolitan,SALISBURY,5108,CITY OF SALISBURY,2,0,0,0,0,2019,December,Monday,1:10 PM,60,Not Divided,Straight road,Crest of Hill,Not Applicable,Sealed,Dry,Not Raining,Daylight,Side Swipe,2,Driver Rider,1: PDO,No Control,,,1333535.6,1688135.38,1.33354E+13
2019-12927-8/07/2020,2 Metropolitan,NOARLUNGA CENTRE,5168,CITY OF ONKAPARINGA,3,0,0,0,0,2019,December,Tuesday,11:40 AM,60,Divided Road,Straight road,Crest of Hill,Not Applicable,Sealed,Dry,Not Raining,Daylight,Rear End,1,Driver Rider,1: PDO,No Control,,,1317371.3,1647204.9,1.31737E+13
2019-12928-8/07/2020,2 Metropolitan,MUNNO PARA,5115,CITY OF PLAYFORD.,2,0,0,0,0,2019,December,Tuesday,1:05 PM,50,T-Junction,Straight road,Level,Not Applicable,Sealed,Dry,Not Raining,Daylight,Right Turn,1,Driver Rider,1: PDO,Give Way Sign,,,1336568.71,1698694.81,1.33657E+13
2019-12929-8/07/2020,2 Metropolitan,INGLE FARM,5098,CITY OF SALISBURY,2,1,0,0,1,2019,December,Tuesday,1:15 PM,60,Cross Road,Straight road,Level,Not Applicable,Sealed,Dry,Not Raining,Daylight,Rear End,2,Driver Rider,2: MI,Traffic Signals,,,1332135.16,1681789.77,1.33214E+13
2019-12930-8/07/2020,2 Metropolitan,PROSPECT,5082,CITY OF PROSPECT,2,0,0,0,0,2019,December,Tuesday,7:30 AM,60,T-Junction,Straight road,Level,Not Applicable,Sealed,Dry,Not Raining,Daylight,Right Angle,2,Driver Rider,1: PDO,No Control,,,1328893.45,1675353.37,1.32889E+13
2019-12931-8/07/2020,2 Metropolitan,SEMAPHORE,5019,CITY OF PORT ADELAIDE ENFIELD,2,0,0,0,0,2019,December,Tuesday,2:50 PM,40,T-Junction,Straight road,Level,Not Applicable,Sealed,Dry,Not Raining,Daylight,Rear End,2,Driver Rider,1: PDO,Traffic Signals,,,1317891.69,1680724.19,1.31789E+13
2019-12932-8/07/2020,2 Metropolitan,MASLIN BEACH,5170,CITY OF ONKAPARINGA,2,0,0,0,0,2019,December,Tuesday,2:10 PM,80,Cross Road,Straight road,Level,Not Applicable,Sealed,Dry,Not Raining,Daylight,Right Angle,1,Driver Rider,1: PDO,Stop Sign,,,1316480.48,1638128.35,1.31648E+13
2019-12933-8/07/2020,3 Country,MOUNT COMPASS,5210,ALEXANDRINA COUNCIL,2,0,0,0,0,2019,December,Monday,10:30 PM,100,Not Divided,Straight road,Level,Not Applicable,Sealed,Dry,Not Raining,Night,Hit Animal,2,Animal,1: PDO,No Control,,,1329267.75,1621483.95,1.32927E+13
2019-12934-8/07/2020,2 Metropolitan,O'HALLORAN HILL,5158,CC MARION.                    ,2,0,0,0,0,2019,December,Tuesday,3:30 PM,100,Freeway,Straight road,Crest of Hill,Not Applicable,Sealed,Dry,Not Raining,Daylight,Rear End,1,Driver Rider,1: PDO,No Control,,,1323628.55,1657580.71,1.32363E+13
2019-12935-8/07/2020,2 Metropolitan,BOLIVAR,5110,CITY OF SALISBURY,3,0,0,0,0,2019,December,Tuesday,2:00 PM,90,Divided Road,Straight road,Level,Not Applicable,Sealed,Dry,Not Raining,Daylight,Rear End,1,Driver Rider,1: PDO,No Control,,,1328353.99,1689118.73,1.32835E+13
2019-12936-8/07/2020,2 Metropolitan,NOARLUNGA DOWNS,5168,CITY OF ONKAPARINGA,2,0,0,0,0,2019,December,Tuesday,3:00 PM,60,Divided Road,Straight road,Level,Driveway or Entrance,Sealed,Dry,Not Raining,Daylight,Right Angle,2,Driver Rider,1: PDO,No Control,,,1318141.08,1646799.61,1.31814E+13
2019-12937-8/07/2020,1 City,ADELAIDE,5000,CITY OF ADELAIDE,2,0,0,0,0,2019,December,Tuesday,3:40 PM,50,Not Divided,Straight road,Level,Not Applicable,Sealed,Dry,Not Raining,Daylight,Side Swipe,2,Driver Rider,1: PDO,No Control,,,1328754.76,1670678.66,1.32876E+13
2019-12938-8/07/2020,3 Country,WELBOURN HILL,5724,,1,2,0,0,2,2019,December,Tuesday,4:20 PM,110,Not Divided,Straight road,Level,Not Applicable,Sealed,Dry,Not Raining,Daylight,Roll Over,1,Driver Rider,2: MI,No Control,,,860239.11,2522683.56,8.60239E+12
2019-12939-8/07/2020,2 Metropolitan,ELIZABETH SOUTH,5112,CITY OF PLAYFORD.,2,1,0,0,1,2019,December,Tuesday,5:05 PM,50,Not Divided,Straight road,Level,Not Applicable,Sealed,Dry,Not Raining,Daylight,Rear End,2,Driver Rider,2: MI,No Control,,,1334796.7,1692273.2,1.3348E+13
2019-12940-8/07/2020,2 Metropolitan,WYNN VALE,5127,CITY OF TEA TREE GULLY,3,0,0,0,0,2019,December,Tuesday,5:30 PM,50,Not Divided,"CURVED, VIEW OPEN",Slope,Driveway or Entrance,Sealed,Dry,Not Raining,Daylight,Hit Fixed Object,1,Driver Rider,1: PDO,No Control,,,1337462.85,1684122.65,1.33746E+13
2019-12941-8/07/2020,2 Metropolitan,ROSEWATER,5013,CITY OF PORT ADELAIDE ENFIELD,2,1,0,0,1,2019,December,Tuesday,6:05 PM,60,Divided Road,Straight road,Level,Not Applicable,Sealed,Dry,Not Raining,Daylight,Hit Fixed Object,1,Driver Rider,2: MI,No Control,,,1321906.59,1679105.76,1.32191E+13
2019-12942-8/07/2020,2 Metropolitan,BLAKEVIEW,5114,CITY OF PLAYFORD.,2,2,0,0,2,2019,December,Tuesday,9:15 PM,50,Divided Road,Straight road,Level,Driveway or Entrance,Sealed,Dry,Not Raining,Night,Roll Over,1,Driver Rider,2: MI,No Control,,,1339596.71,1697833.92,1.3396E+13
2019-12943-8/07/2020,3 Country,OODNADATTA,5734,,1,0,0,0,0,2019,December,Monday,9:00 PM,100,Not Divided,Straight road,Level,Not Applicable,Unsealed,Wet,Raining,Night,Roll Over,1,Driver Rider,1: PDO,No Control,,,1042407.4,2494957.32,1.04241E+13
2019-12944-8/07/2020,2 Metropolitan,STEPNEY,5069,"CC OF NORWOOD,PAYNEHAM & ST PETERS",2,1,0,0,1,2019,December,Tuesday,11:15 PM,60,Cross Road,Straight road,Level,Not Applicable,Sealed,Dry,Not Raining,Night,Right Angle,2,Passenger,2: MI,Traffic Signals,,,1331410.34,1671738.59,1.33141E+13
2019-12945-8/07/2020,2 Metropolitan,ANGLE PARK,5010,CITY OF PORT ADELAIDE ENFIELD,2,0,0,0,0,2019,December,Tuesday,12:30 PM,50,T-Junction,Straight road,Level,Not Applicable,Sealed,Dry,Not Raining,Daylight,Hit Fixed Object,1,Driver Rider,1: PDO,No Control,,,1324950.19,1678726.42,1.32495E+13
2019-12946-8/07/2020,2 Metropolitan,MOUNT BARKER,5251,DC MT.BARKER.                 ,2,1,0,0,1,2019,December,Tuesday,6:15 PM,60,Not Divided,Straight road,Level,Driveway or Entrance,Sealed,Dry,Not Raining,Daylight,Rear End,2,Driver Rider,2: MI,No Control,,,1351297.66,1653438.9,1.3513E+13
2019-12947-8/07/2020,2 Metropolitan,INGLE FARM,5098,CITY OF SALISBURY,3,0,0,0,0,2019,December,Tuesday,3:20 PM,60,Divided Road,Straight road,Level,Not Applicable,Sealed,Dry,Not Raining,Daylight,Other,2,Driver Rider,1: PDO,No Control,,,1332682.64,1682677.03,1.33268E+13
2019-12948-8/07/2020,2 Metropolitan,BURTON,5110,CITY OF SALISBURY,2,0,0,0,0,2019,December,Tuesday,3:30 PM,90,Divided Road,Straight road,Level,Not Applicable,Sealed,Dry,Not Raining,Daylight,Rear End,1,Driver Rider,1: PDO,No Control,,,1327940.81,1690768.82,1.32794E+13
2019-12949-8/07/2020,3 Country,BLANCHETOWN,5357,MID MURRAY DISTRICT COUNCIL,2,0,0,0,0,2019,December,Saturday,10:30 PM,100,Not Divided,Straight road,Level,Not Applicable,Sealed,Dry,Not Raining,Night,Hit Animal,2,Animal,1: PDO,No Control,,,1421759.32,1722663.8,1.42176E+13
2019-12950-8/07/2020,2 Metropolitan,DAW PARK,5041,CC MITCHAM.                   ,2,0,0,0,0,2019,December,Tuesday,6:50 AM,50,Not Divided,Straight road,Level,Not Applicable,Sealed,Dry,Not Raining,Daylight,Hit Parked Vehicle,2,Driver Rider,1: PDO,No Control,,,1327158.47,1664118.88,1.32716E+13
2019-12951-8/07/2020,3 Country,LOWER LIGHT,5501,DC MALLALA.                   ,2,0,0,0,0,2019,December,Monday,10:30 PM,110,T-Junction,Straight road,Level,Not Applicable,Sealed,Dry,Not Raining,Night,Hit Fixed Object,1,Driver Rider,1: PDO,No Control,,,1315639.38,1714076.13,1.31564E+13
2019-12952-8/07/2020,2 Metropolitan,WELLAND,5007,CITY OF CHARLES STURT,3,0,0,0,0,2019,December,Tuesday,4:30 PM,60,Divided Road,Straight road,Level,Not Applicable,Sealed,Dry,Not Raining,Daylight,Rear End,1,Driver Rider,1: PDO,No Control,,,1324809.95,1673195.89,1.32481E+13
2019-12953-8/07/2020,2 Metropolitan,LONSDALE,5160,CITY OF ONKAPARINGA,2,0,0,0,0,2019,December,Saturday,12:29 PM,100,Divided Road,Straight road,Level,Not Applicable,Sealed,Dry,Not Raining,Daylight,Rear End,2,Driver Rider,1: PDO,No Control,,,1319548.04,1650337.9,1.31955E+13
2019-12954-8/07/2020,2 Metropolitan,HACKNEY,5069,"CC OF NORWOOD,PAYNEHAM & ST PETERS",2,0,0,0,0,2019,December,Thursday,6:10 PM,60,Divided Road,Straight road,Level,Not Applicable,Sealed,Dry,Not Raining,Daylight,Side Swipe,2,Driver Rider,1: PDO,No Control,,,1329883.72,1671335.05,1.32988E+13
2019-12955-8/07/2020,2 Metropolitan,MOUNT BARKER,5251,DC MT.BARKER.                 ,2,0,0,0,0,2019,November,Sunday,12:15 AM,50,Not Divided,Straight road,Slope,Not Applicable,Sealed,Dry,Not Raining,Night,Hit Fixed Object,1,Driver Rider,1: PDO,No Control,Y,,1352020.11,1654910.47,1.35202E+13
2019-12956-8/07/2020,1 City,ADELAIDE,5000,CITY OF ADELAIDE,2,0,0,0,0,2019,December,Tuesday,3:00 PM,50,Cross Road,Straight road,Level,Not Applicable,Sealed,Dry,Not Raining,Daylight,Right Angle,2,Driver Rider,1: PDO,Traffic Signals,,,1327859.83,1670803.63,1.32786E+13
2019-12957-8/07/2020,2 Metropolitan,HAMPSTEAD GARDENS,5086,CITY OF PORT ADELAIDE ENFIELD,2,0,0,0,0,2019,December,Friday,3:30 PM,60,Not Divided,Straight road,Slope,Not Applicable,Sealed,Dry,Not Raining,Daylight,Side Swipe,2,Driver Rider,1: PDO,No Control,,,1331660.63,1676288.53,1.33166E+13
2019-12958-8/07/2020,2 Metropolitan,SALISBURY,5108,CITY OF SALISBURY,2,0,0,0,0,2019,December,Thursday,8:30 AM,60,Rail Crossing,Straight road,Level,Not Applicable,Sealed,Dry,Not Raining,Daylight,Rear End,2,Driver Rider,1: PDO,Rail Xing-Traffic Signals,,,1332970.73,1688475.93,1.33297E+13
2019-12959-8/07/2020,2 Metropolitan,STURT,5047,CC MARION.                    ,2,1,0,0,1,2019,November,Friday,3:00 PM,60,Divided Road,Straight road,Level,Not Applicable,Sealed,Dry,Not Raining,Daylight,Rear End,2,Driver Rider,2: MI,No Control,,,1323865.46,1660654.28,1.32387E+13
2019-12960-8/07/2020,2 Metropolitan,REGENCY PARK,5010,CITY OF PORT ADELAIDE ENFIELD,2,1,0,0,1,2019,November,Thursday,12:30 PM,60,Cross Road,Straight road,Level,Not Applicable,Sealed,Dry,Not Raining,Daylight,Rear End,2,Driver Rider,2: MI,Traffic Signals,,,1326053.17,1676365.57,1.32605E+13
2019-12961-8/07/2020,2 Metropolitan,ALBERTON,5014,CITY OF PORT ADELAIDE ENFIELD,2,0,0,0,0,2019,December,Tuesday,11:45 PM,50,Not Divided,Straight road,Level,Not Applicable,Sealed,Dry,Not Raining,Night,Hit Parked Vehicle,1,Driver Rider,1: PDO,No Control,,,1320976.21,1678869.06,1.32098E+13
2019-12962-8/07/2020,3 Country,MOUNT GAMBIER,5290,CC MT.GAMBIER.                ,2,1,0,0,1,2019,December,Friday,3:30 PM,50,Not Divided,Straight road,Slope,Driveway or Entrance,Sealed,Dry,Not Raining,Daylight,Side Swipe,2,Driver Rider,2: MI,No Control,,,1510085.19,1341596.93,1.51009E+13
2019-12963-8/07/2020,2 Metropolitan,LOBETHAL,5241,THE ADELAIDE HILLS COUNCIL,2,0,0,0,0,2019,December,Saturday,6:05 AM,50,Not Divided,Straight road,Level,Not Applicable,Sealed,Dry,Not Raining,Daylight,Other,1,Driver Rider,1: PDO,No Control,,,1352064.89,1673448.83,1.35207E+13
2019-12964-8/07/2020,2 Metropolitan,PORT NOARLUNGA SOUTH,5167,CITY OF ONKAPARINGA,1,1,0,1,0,2019,December,Monday,3:30 PM,50,Not Divided,Straight road,Level,Not Applicable,Sealed,Dry,Not Raining,Daylight,Roll Over,1,Driver Rider,3: SI,No Control,Y,,1316070.28,1645107.43,1.31607E+13